이벤트키,-20,-19,-18,-17,-16,-15,-14,-13,-12,-11,-10,-9,-8,-7,-6,-5,-4,-3,-2,-1,0,1,2,3,4,5,6,7,8,9,10,11,12,13,14,15,16,17,18,19,20
018290_2022Q3,-0.01774184469209345,0.00016773024805866632,0.006089800495584358,0.0569422139516688,0.00573329440212689,-0.012930035492467018,-0.007228380769338497,-0.0008234893972775504,-0.0010031114900310167,-0.014755587139222877,-0.01326225014354264,0.009214359805713761,-0.00015600157559349497,0.012276453984166647,0.0035717067118585253,-0.0014023237819542102,0.011991597714282261,-0.012882228756411556,-0.008598986408161239,0.018690180147648942,-0.020245873111939695,-0.0015362128911366704,0.005318747355157846,0.0049824571354525485,-0.00833051381027383,0.005984413910137506,0.007519466737390885,-0.009391204289598509,0.004583220893642326,0.027331992321867855,-0.003941704967954794,0.0051084254686106535,-0.014311415255068209,-0.0042293643854239,-0.012776395501580861,8.134649453963097e-05,0.0028715733350536954,0.0029455915543389923,-0.00988391169766999,0.008459093108453143,-0.012235644394431365
018290_2022Q4,0.003218762984115403,-0.00806337541893737,0.015302483758770972,0.0067178816171683566,-0.010899284518637385,-0.014399148576212356,-0.0038737610738711183,-0.002860674876979559,0.015457781924916088,-0.00553353837753095,-0.00927126644563547,-0.021043159137219613,-0.003493314467122999,0.006589534206187335,0.0030539847715789267,-0.01191514041657705,-0.0077202825116461146,0.00903827546961088,-0.012924617422899187,-0.013528818748085107,0.002563748047391139,0.023132226400873312,-0.009332937548341715,-0.006552028334852055,0.014578592300347831,-0.003918515811739384,-0.0022581646731309225,0.0003237841981792444,-0.024215468434425704,-0.01314992620684352,0.040344915595925,-0.01565418320564685,-0.007978023167636532,0.04142739239781958,-0.008049934947555815,-0.015091227758124631,0.0008961244272739324,0.02312259192195687,0.009642757602196812,0.07671270986667297,0.00462647162877897
018290_2023Q1,-0.015831817433109668,-0.017198305187527813,-0.009642531153096162,-0.0009480237382550379,-0.026269807303470703,-0.010463760759925549,0.004560617272280406,0.012092002579164396,-0.017101852990726446,-0.006221302813580149,-0.026829856357100508,-0.00279486962637728,0.03911883741792836,0.023368661539331988,-0.02851721034324562,-0.004653281587609317,0.010916048132921106,-0.0030174142544238183,-0.005923264937470881,0.0011405161241061859,-0.003340281902956016,0.014770764555263508,-0.017449560143867997,0.010391281248962565,-0.0038031648631807226,0.002738324554001633,-0.023564586869481603,0.0020262781895199885,0.01748392803094965,0.006363112438606867,0.0026986535717554152,-0.0067484348362798156,0.08741463943250806,0.030423681062662966,-0.04506717539647749,0.05554013677302528,-0.005269537081752432,-0.009370750134782854,-0.059732264115219244,0.09042565942276141,-0.03567636450617197
018290_2023Q2,-0.05231645360588739,-0.005985720993458509,0.0024114375201430838,-0.005423450879148689,-0.002818136391924041,-0.0005099727463968959,-0.000639353983367718,-0.024508125993008088,-0.024811511121768378,0.002539398852943414,0.030820007573222095,-0.027941083833293447,0.10980050241512972,0.007373253877185978,-0.020059491770627817,0.03861579699001595,0.028179738891240494,-0.010463567354940665,-0.0379264103680162,0.04950649092132052,0.02060949701351974,0.05335957172498685,-0.01767624079028335,-0.03815651580316622,0.027347346799971813,-0.020107327143910742,0.05845987926851089,0.032550540495047346,0.01756006945019375,-0.017189237602524676,-0.018687190596774306,0.0455526665645137,-0.02239205127316654,0.06183638764779027,0.09284763649802809,0.011107209718788633,0.04313829952048047,-0.00827914815628516,-0.03231108698119972,0.05230617608927121,0.08562663053057794
018290_2023Q3,0.042318521093607855,-0.02258681011312403,0.0060517047168768216,0.04194033441219816,0.007862990243677715,-0.04556613739656915,-0.020485302466359535,-0.0013080595491840024,0.032166168790753215,-0.012766934748499253,0.003269645812767511,-0.061775918848678946,0.006679192203927549,0.006850484236554577,-0.03250678680248569,0.07358861935158478,0.07716355318599671,-0.04405229809650135,-0.014295450891920702,-0.013561881560286959,-0.02740137036767037,0.0405742527106856,-0.03758351646531131,0.02851739193912197,0.04321162985769428,0.04220440134933531,-0.018611130870099413,-0.0014533136937382018,-0.04377928755481088,-0.06346932631692634,-0.04273464557899778,-0.013296121247108779,-0.010612985046758169,-0.004739206137857023,0.03213753769686151,-0.015857827000320943,-0.12190978559147303,0.03443497402279341,-0.04518567470976698,0.04530103847743905,-0.039055070204269626
018290_2023Q4,-0.026601644971209253,-0.023366866220668175,-0.010566704325516194,0.07114064911869318,-0.009778408042932597,-0.05533506030717975,-0.02182226592367241,-0.005376225415361036,0.03139947299548165,-0.02371381956570924,-0.03398140635978186,0.007715348107813373,0.1637660160294488,-0.05747701212819586,-0.025605963714452156,0.0029249085670517627,-0.037077694452384756,0.030592987635949385,0.019031580206338057,-0.02732537603049546,-0.000995159937323204,-0.06510450935405912,0.007120061604221652,-0.004110144681049524,-0.07029981645611223,-0.006277090736964077,0.008462107702575014,0.012089081115447837,-0.019572955508561654,0.007084546839918086,-0.02388381985676372,0.05449636006355125,0.050845925331278026,-0.04952881439970389,0.00887228697005751,0.02528444599989254,-0.006797626443545636,-0.05796185827063342,-0.02795316906543226,0.01985108732942728,-0.007901090574073299
018290_2024Q1,0.014568612887747346,-0.004657265696833217,-0.035616438348402876,-0.02371371746562418,0.018077034479017633,0.02255021069541366,0.024520423775980696,-0.002584971790282733,0.06613487502842448,-0.03094032901976356,-0.039058972030345626,0.005247944836324143,-0.04421129655163568,-0.003038422717300218,-0.0322536190261203,-0.012741272894768528,-0.03067255993553777,-0.006520541437100105,-0.005553310756327819,0.09629248722998962,-0.048140970460871776,0.049557789425065724,-0.010715119399332269,0.04941182199924212,-0.009172903562573336,-0.0004979950960339458,-0.02040225898309687,0.009794390319208729,-0.025343096948541293,0.000391453795949067,0.07622919498763181,0.030572849851971985,-0.0006161431813792861,-0.019433849905256824,0.05435344934053454,-0.007560540413129008,0.05027715718399628,-0.02850756154018003,-0.00677996442288675,-0.035191387619833134,-0.022303172963808716
018290_2024Q2,-0.029895356154332677,0.020124234597701712,0.1142821920937453,-0.039612361108805616,0.14096546228269766,-0.0044723594880441316,-0.028811207402683132,-0.04166352329807217,-0.0013730110080984112,0.012105520258978719,0.02462261234077609,-0.011101113955140483,-0.03146375898382264,0.005446818398838153,-0.022630955458947166,0.06184619867299408,0.005280133386979982,0.04567665893031858,0.030178381847758583,0.020460788217151624,-0.06719391687991147,-0.058295062016447574,-0.05506212968950223,0.019797395467464812,-0.010972631772769572,-0.0016678282686934148,-0.03117674935121956,-0.027743009698661572,-0.005602817717397934,0.008605547213450304,0.03089685386747245,0.012724889763474821,-0.033660494347549794,0.00255116920530166,0.02054052580904834,-0.0153589908192699,0.016100468833059697,-0.02697076791136882,0.06622609500184116,0.026231560253472286,0.003949202322495349
018290_2024Q3,0.011667492590156696,-0.024291318005659056,0.0070367421287521395,-0.009392270694002176,-0.006394268916214894,0.03347051900360438,-0.0016263439088738327,-0.0009993900073911356,0.02442360192773706,-0.004086844017400632,0.06970901110390623,-0.010950941517788124,-0.04418459313476622,0.0039793698826565745,-0.0034905623274294464,0.013399985957558393,0.05903942214846031,0.06007521320369628,0.010479134437939422,-0.03819076992611342,-0.0005188985989755604,0.046508798801865765,-0.052435478092182845,0.010299500394718917,0.026084890111615675,0.025929656748000778,-0.055289158425494145,-0.0033222522130497006,0.029859783822720126,-0.008992627010991626,0.004792636670538473,0.010483551640315114,-0.029782250969750984,0.16962385523525159,0.07877953541082988,0.022046265801880637,0.010795309449634145,0.003902157095978076,0.11660426759746029,-0.03991340557570801,-0.020701410261567434
018290_2024Q4,-0.0495940722398813,-0.03797836491421179,-0.0363102011138601,0.044379703694222894,0.00983944380602024,-0.006477584682523411,0.00031847163543059775,0.0021483611991375672,-0.012149333075712842,0.06811910955413311,-0.035963372309291315,-0.04255621405832304,-0.04021891869451612,0.0006896964271387019,0.03236350194721459,-0.01484869259272797,-0.0017059819215654755,0.036423889283577766,0.03579798881462117,-0.0013079174993269448,-0.049655872084475985,-0.002790397470772178,-0.021703897855142117,0.016013502144004016,-0.05840247284853752,-0.00322427924287038,-0.0025146053137162297,0.008850013138846737,-0.022339454965886393,0.01948074247306196,-0.023865871743678456,-0.005723755304934012,0.00048136101962669483,0.008244393769567709,0.009906308542192674,-0.05789404669381763,-0.013043591945880369,-0.021844606924183177,-0.0064753634833621745,0.01434081274376674,-0.009882182520049384
018290_2025Q1,-0.017035107762803314,-0.03899492811754981,-0.019535867274907606,-0.005010209463579531,0.045416703874373084,0.013732439593429166,0.005118331292224066,0.034026426137386614,0.012578817076814635,-0.022063482669705717,-0.00018741562403528159,-0.0031345346322123723,0.02223003108636057,-0.024023370093639324,0.0038278798974242375,-0.024337083150096,-0.009942603710672165,-0.00785432426174748,-0.013803669563148036,-0.038427552290047906,0.0074116981724342765,0.011082753055605452,0.05244281481099469,-0.013581443798267045,0.023064606421462536,0.007891713649979377,-0.02492619380641485,-0.04156913292118275,-0.004415540544605176,-0.05119203412826714,-0.009113287458131588,-0.004125417737071448,-0.014123427022851753,-0.00023185385593784032,0.04006679038674468,-0.013845498328597047,-0.011531556556212316,-0.04027760465318565,-0.018247336185278983,-0.036358997432745024,-0.026004363333360696
018290_2025Q2,0.0319404604694027,0.03771864340277027,0.019116181736695534,0.025259895029865392,-0.02395425570503422,-0.003868093652187703,-0.02901386319439673,0.019719693699683242,0.0034107686542735995,0.0009619903359904987,0.0542664432498713,0.007509775935229266,-0.05528438558489085,0.04809701195941547,-0.009103424558702118,-0.052602470195660125,-0.013954278727313096,-0.011114547116344103,-0.011550838920190286,0.07602441857327291,0.03826600566658332,0.019708618299989468,0.02215052295718978,-0.01215371572671143,-0.01345340210738324,-0.005312657062674517,0.02346665571384693,-0.026452405310077823,-0.015568376780266204,-0.02537545026656103,0.03342525070551913,-0.02755896701288582,-0.013422221492297121,-0.06604947853818034,0.005313110988928175,0.012982432433186948,0.024969130459836356,-0.062264188271319555,-0.011343964181767894,-0.05253397522049156,0.007154052779576427
018290_2025Q3,0.0027142185785485502,-0.03295879399691713,0.001590349691819734,-0.01564975254160801,-0.017197124448469145,0.003746135959243113,0.011452519475754673,-0.007697824477507757,-0.007123553498083603,0.0035419819643311545,-0.01566157498357771,0.016588896336390588,-0.013825641890629542,-0.005247194778187428,0.010264613285475038,-0.012291015496981738,0.017016678399637043,0.02443185031604687,-0.01505835706360986,-0.003577096333915053,-0.022855563778477167,-0.04140813252096025,-0.013494305301678288,-0.04835750572183494,-0.018739820958794423,-0.009981706796589995,0.016223029545029403,-0.003396808841716892,0.018545913642979764,-0.02236399104144681,-0.010200961822209285,-0.0013988880726628489,0.019013217709350657,0.005579784056621968,-0.01951773038328067,-0.0002714275498247481,-0.015296456255933628,-0.010522949269979587,-0.0065147707291184995,-0.00841125371333205,-0.0039941690866380246
018290_2025Q4,0.04521512467157662,0.0056367782201980675,0.02450426096871576,-0.02591759160748081,0.0596044224953203,-0.015147603799402293,-0.005792464406845295,0.01677050403188939,-0.009154417019405742,0.0005351217605649335,0.0637436897039289,0.0012119735374960016,-0.006969063209228457,-0.008754219754408134,-0.0022393759057022233,-0.038008087647972116,-0.0038121762492523865,0.011601703243710055,-0.02686097892192991,-0.03148612374598723,-0.025037298149161336,-0.00736807635584848,0.00872088335592909,-0.005272329762246078,-0.012637433779769738,-0.02258362895046282,0.0029730740072888215,0.022018029246983324,1.3664755049679067e-06,-0.02167451898256701,0.006727381851679743,-0.008229184182535064,0.007947051366919054,-0.003825971827248081,-0.012570549419575243,0.04960742424894826,-0.023777473083954698,0.012531610497693677,-0.012142245515720466,0.00541339124537224,0.03995167706740897
018290_2026Q1,-0.009861137976548006,-0.006611796101497975,-0.004829040183682002,-0.00971840746677215,-0.0071081623073841575,-0.005630794466057307,-0.016818234800702957,0.06784334678082245,0.01112245108819506,-0.01773269031222755,0.05369679038935143,0.012672924901404335,-0.017150196830020257,0.003971119403671789,-0.0036011097920378224,-0.009902780036439646,-0.034459740796486935,0.03658129467635965,0.012617742096268716,-0.0353120004958146,0.006836543652882027,0.03350030799084729,0.01003338970177599,-0.008656195337197664,-0.022443300267056373,0.04254900649195454,-0.024313700914355914,-0.008001191183617327,-0.02099461893296664,0.00737992439123035,-0.005875285618896376,0.010051052098119708,-0.016670544822224388,0.00875237224583042,-0.0021337507226452807,0.042779460489838106,0.004694220200529753,-0.028143134153844167,0.04403822451976558,-0.016412177522716363,0.013177297973901613
018290_2026Q2,0.004966313171885221,-0.008742105671549882,0.005674410841547781,-0.013057623246081987,0.013293423061218466,0.0024094377108976398,0.033219609228011676,-0.006650122353499259,0.015689653246071127,-0.020976691140104774,0.047268570541492444,0.024118697511620026,-0.00040493015034192767,0.02343414787410423,0.020032588678372272,-0.00836848634365285,0.0105243145289775,-0.012149477829855669,0.04955304272016628,-0.06238524888027732,-0.0697911964660856,-0.04052746140489041,0.004459490015223173,-0.01915764183106787,0.006888643485053192,-0.0013317065272167791,,,,,,,,,,,,,,,
090430_2022Q3,-0.009816502143921822,-0.025054626526012883,-0.010621725892348314,0.023716159303532644,0.008880600440561486,0.003097925236881906,-0.023763436289324827,0.022053157863193597,-0.01830354097786476,-0.00581997733038285,-0.007878930248788437,-0.0021409110479875763,-0.0007744640047492859,0.009352283321793161,0.01121844940298254,-0.01674247358505069,-0.03262042242768018,-0.0679616743516839,0.02855328715129498,-0.000911503058083938,0.010465153772801505,0.03310191223473351,0.058352155343422814,-0.04487940528646059,0.10915828210744523,-0.03652211022162176,0.04028229424555664,0.010103426071574235,-0.01876127803709908,0.06095289432113804,-0.008162414631070161,0.03571771718452328,-0.03056593858908111,-0.004860887421283339,-0.014200182239925155,-0.01094840692269813,0.012954612490982632,0.00444770592381475,0.011253860806713228,0.02186414982499513,0.037971978370472545
090430_2022Q4,-0.0067360792218250955,-0.01263422999374288,-0.025724290584695754,0.04005734778372553,0.003406375162221892,0.021059109175530055,-0.023855034636581146,0.016247466921290407,-0.027416152261218196,-0.004226828156826299,0.009302842842109558,0.022202026957615507,-0.013660716436606,-0.0003862156963501569,0.006204288959472224,-0.016385470697953562,-0.01673167573639092,0.016624489760810202,0.0014570536055565561,0.009019457757996292,-0.035373671168096,0.05597914519763603,-0.009904355090399965,-0.014828612638255627,0.006664086774701706,-0.003964839521518048,0.0209223796172958,0.001671000918634731,-0.009580964900432243,0.016979855073085616,-0.008316927097849147,-0.002058947646853157,-0.0027548182601463064,0.014181100872793777,-0.02021023800341823,0.0024522407886917556,0.0010396522531622345,-0.01246587447978749,-0.016314017189727744,-0.036166503729637124,0.024010742647193342
090430_2023Q1,-0.0060583662542227044,-0.0019999403079786846,-0.0248174132822307,-0.0007165391021004847,0.01287818664846434,-0.003827360052654289,-0.003953667210558037,-0.015935609667402196,-0.005959013869700376,0.006409427519309012,-0.01959266185094165,0.012041633430111484,0.004032264557612941,-0.010057487423522929,-0.05799888681332096,0.002653712872381893,-0.014913929337386013,0.0004106572642334649,-0.013638925998795272,0.02275638968362262,-0.017922590348283814,-0.05560467213265999,0.012915768973846905,-0.0051261620168363276,-0.030990017151431647,-0.04367947518544045,-0.02492409941860603,-0.0033475089149073807,-0.004627986714587475,-0.004490562581177078,-0.01980072861712326,0.007274646838079964,0.014955504812791409,0.01334261567678822,-0.022305137548149372,-0.019713997577079968,-0.016393957859968382,0.005106160657698988,-0.0274439138704919,-0.05298237629481272,-0.010867876232270151
090430_2023Q2,-0.025540876283914625,-0.01559462232255123,-0.01439147093856578,-0.008581332986271405,-0.0019288063918441421,-0.00855562938720249,0.004357464552271853,0.0019744023307568083,0.01724780204764157,0.03304183201051175,0.052087435037856025,0.001830865649937707,0.02658714003243992,0.01960915820353837,-0.03120555543079699,0.021110643491662202,-0.03353517943277587,0.018226360136153502,-0.009934455431790494,-0.012386531824252662,0.01620220625897946,0.1076969400973847,-0.013103798133717228,0.005753452493867666,-0.011817392636571989,0.07357396846214057,-0.006543767318772209,-0.01532181430415399,-0.0029098713639070586,-0.03509205084604444,0.04421234092710337,0.023777700885298556,0.004360604877239932,0.0051920282138060644,-0.006155478440881698,-0.016393123328394835,-0.015499536117420274,-0.013679374086147356,-0.02270702462086898,0.033445405324238696,0.01043119666245411
090430_2023Q3,0.0006616860543768345,-0.017348926143686404,0.05274456623749999,0.004191802060003824,-0.04371076800250212,0.022915416779319638,-0.05152277448019849,-0.03770354021919087,0.013719050880415251,-0.016618586076279675,-0.013654995581583514,-0.000310642845712998,0.009800351211662534,0.013453411246866045,0.016862978218499896,0.002050081121013037,0.04852761129337092,0.03799969935850402,-0.0031262980690960496,-0.03282755263609641,0.12103788454245011,0.06074088783356138,-0.04674651773943318,0.01936754684957568,0.04296859818109379,-0.010734294823465761,-0.019391369515089414,0.018091497210473394,-0.02031382903700935,0.014613653215034036,-0.02622292349601994,-0.00744187348494179,-0.02901223691182192,0.03583225188974762,-0.007585962703184391,-0.014280391067991633,-0.0019097896291720515,-0.0005167213965336622,-0.0005502065571384405,0.05018781926269067,-0.012889241401748904
090430_2023Q4,-0.02690361215439406,-0.03088762452934275,-0.025592623399879,0.010665586800826686,-0.013013329784701813,0.01189623868787508,-0.022169936812633413,-0.027983650331271412,0.0065414967181448,-0.027027724811211837,0.007894691554059795,0.006728128461086691,0.06518588884274024,0.0069447265188848474,0.011752467682745925,0.040485279570093236,-0.009352448241529887,0.00682565649043762,0.02100809154569309,-0.015759902149540563,-0.006649650581448889,-0.11791138154540307,0.012873485188035952,0.02136913946278892,-0.019301126725700946,0.036865376016037045,0.014126710399526198,0.021869107274070036,-0.03361102938860191,-0.03071634886019052,0.01730614451122159,0.0017733314592332612,0.020335835181147607,0.005606911270454484,-0.023582074546837972,-0.0017970664705293095,-0.015488612121339408,0.0021720143328405363,0.015331180477252432,-0.0008539082062133559,-0.02478869655351187
090430_2024Q1,0.00568706277846766,0.03578788983244281,0.047769962977490046,0.011696631216285834,-0.024690376424258316,0.020985494001475757,0.014954134252277583,-0.03427039086128946,-0.01707721593740197,0.04913813494709823,0.011703808706794046,0.04325175658853992,0.028975868557558335,0.01148095103067339,-0.011075116711024145,-0.010564338994806025,0.005111605808451854,0.0058933773810374394,0.02065492888787073,0.022010268475796402,0.022698607917530048,0.07380118685445139,0.02710400100894873,-0.02824524926882158,-0.021334464099509922,-0.013698314434656071,0.0018880835153317795,-0.02907863125871215,-0.006953524923163547,-0.0017242474896884117,0.04163451303808888,-0.009841733038181942,0.028180149351485086,0.01528387545604324,0.03733588562829129,-0.01587893645600168,-0.018507289425154623,-0.014513653841033328,-0.0272182923164722,0.039278035465806,0.009493619598779496
090430_2024Q2,0.023939001751886586,-0.004217016572193405,-0.0009760399034026311,0.02034894746415595,-0.03449384622829381,0.0077345810172790245,0.0686527541803614,0.0396315858397992,-0.019787589624266952,0.0887751214702984,-0.028069216933811092,0.017310304205460154,0.016078841122794757,-0.02293735588890614,0.03853561275194612,-0.011559100210369403,0.024815418716129117,-0.0331399528396051,0.041574115504918616,-0.03217701391225462,-0.005133679739725991,-0.2612726982122901,-0.03435113866048922,-0.03213733598680705,0.008578578564875376,-0.005427230858792303,0.0012463148250007813,0.019396268085581952,0.0017018421715104648,-0.012348298158636034,0.0012366359995813732,0.0031209230812711637,0.0014306524774024333,0.010597713634846215,0.007641401321000572,0.027331831011597783,-0.0033423976352018707,-0.0019332592917602805,-0.006399008926656196,0.013383812035898519,0.00396083801425685
090430_2024Q3,-0.03073772600531474,-0.04436624483919995,-0.041280680777195246,-0.023270841225540566,-0.02167966163349761,0.02088188890354214,-0.024044960622439576,-0.007228742131020016,-0.006491247071588881,-0.0012422500188587413,9.963078720178192e-05,0.0222536031801938,0.00300537014488716,-0.003623443273454676,-0.0016955911264341043,-0.004362307657820607,-0.03714955809869416,0.01865968151848901,0.0034907844456024528,-0.010008082970384621,-0.030381173751196547,0.04810498806796561,0.019270494620395255,0.014473041904305376,-0.042145148750871025,0.023460644413839174,-0.009912661279072735,-0.01619420781215604,-0.01033444073885257,0.001999920087389131,-0.02225807655412076,0.0009548781922815684,0.013357567103613601,0.006095957234128559,0.0017168482527475373,-0.004433357023852514,-0.002015339193378079,-0.01659082234257608,0.015476758188836552,-0.009868971537707234,0.0039902633820817655
090430_2024Q4,0.043330198699022764,0.07766061811150501,0.0023272829956378304,-0.014234044552030468,-0.00412339431200057,0.016884353717655134,0.017490637004227146,-0.014708391613435004,-0.003504403379517091,0.04895714205701237,0.01260081820010271,0.0018242087884456654,-0.008457528730271053,0.02485258918609745,0.009801079314466665,0.01835486618294125,0.029444703419627873,-0.032114385206545276,0.01362386036417016,-0.03324938736252944,0.01215659979829472,-0.05223965444578109,-0.006687905116557213,-0.003207864567572255,0.004596420595410832,0.0016637816686231074,0.006677909602206874,-0.002732736838584596,-0.028499490616912124,0.02389427412534418,0.056483336364047156,-0.052918549163487184,0.013494238937382542,0.0014509330228136066,0.0142764614205442,0.008042006569677943,-0.016916190329321203,-0.012613396749953657,-0.004526172801835398,0.004430660603035139,-0.0060464140255580175
090430_2025Q1,0.02225687795208657,0.0014134052089590787,0.024719581941733775,-0.011876612026920141,-0.0015085468015224581,-0.009600859977944545,0.027908937946429256,-0.013122979801187843,0.006720000734143601,-0.0005943507805586871,0.008641627796653568,0.018539385640443308,0.004317414933427571,0.005458287760580069,-0.005834135377663658,0.006083931464491814,0.01678647168389645,0.020663531825334508,0.0027908512070109835,0.01569137557105564,0.01799122831161374,0.001059418730364147,-0.01449486136540451,-0.027368675779665577,-0.005160975730507986,-0.0027963094028546093,-0.004615566533347148,-0.003323672525824035,-0.0015090803433429334,0.021293134710443376,-0.006672423816107692,-0.010555959102422127,0.029365654510652157,-0.011403742663924023,0.0709279427668776,-0.01116183893352284,0.005775345230237789,0.003780537412381934,-0.015458824757308134,-0.007695965253217585,-0.01942619703324657
090430_2025Q2,-0.0022417010436637796,-0.007694355028955989,-0.04011340001824516,-0.005519921690718398,0.014173562437435939,-0.023875043385923344,0.04010417010747444,-0.0057945736777186155,-0.018930007589942968,0.01573767700035924,0.003925049212937284,0.0010860637332786491,-0.00763229629598205,-0.004304058134421231,0.01421081201821011,-0.004105839979811395,-0.007956350880828559,-0.01794203784787778,0.02059403562340504,0.005951407395027929,0.011076973211057696,-0.026737439245269775,-0.02976175232225574,-0.003149831962849396,-0.012598819395361706,-0.010752557231819258,0.021599389598737362,-0.011697238648425437,0.008047800762840122,-0.011125883432466345,-0.00392476681972646,0.005492004575667968,0.011708355432361553,-0.028998406995454362,-0.010877373053332263,0.0037356776479539264,0.0016236469004810338,-0.009922666787387551,-0.005901549977542719,0.004698067080118967,-0.001640945792521161
090430_2025Q3,-0.021142639199050843,-0.01571091654873247,0.015185172341111927,-0.002712205374701654,-0.026042430454356235,0.003908886808545306,0.0039542784967430905,-0.003992293387305428,-0.0037470062089900212,-0.0004002760489377685,-0.00959347728982485,-0.010412062247019807,-0.002850538141400778,0.035448430456971214,-0.02442360780940894,0.0022433849902346436,-0.006090450102164363,-0.024305287997772117,0.01944899805480433,0.02187160427143059,0.0077561992185297655,0.0753526997728009,-0.02077408275971934,0.0007753385486685832,0.0068940850663694805,0.009194689490279757,0.022104793121962334,-0.010461829055796802,0.0004269319443409268,0.03188994772838939,0.03364607271942884,0.023169286565603374,-0.018529571643400855,-0.025652444091113315,-0.008906706555193336,-0.026556975246376013,-0.009631818940169564,0.026967285436592672,-0.019152595578545317,0.0023392512902488533,-0.0050271452645837085
090430_2025Q4,-0.02016765466319112,0.0036930987953949597,0.0037855942113699994,0.003819121967165345,-0.0003843956117587441,0.013680620086171004,-0.011741173244142832,0.00038601001268597467,-0.019619771931004143,0.03657479623968066,0.048423743706913776,-0.021536145875184994,0.01292996252458461,-0.010548256316370215,0.0318089132451894,-0.0015844622424538409,0.01462095578313238,-0.009112973179714719,0.001651362833516384,0.021732023492847124,-0.0021860426388168198,0.17269587878104506,-0.003780214833324357,-0.007841527767791045,-0.02927565484947657,0.016590443654825218,-0.008216597233798507,-0.03270395315392421,0.009570138615962483,0.003405586971660382,-0.0020557569005913903,-0.009784938479969306,-0.029267709304962163,-0.036600987771048976,-0.016054665146888802,-0.01488287888146815,0.0023613535493066436,0.015203457265631607,-0.021901256257123983,0.013591391094383776,-0.002599100157249701
090430_2026Q1,3.023206444124904e-05,-0.028601949668921,-0.02429709531591643,0.0016868886295065269,-0.025847403471579405,-0.013894015801450586,-0.025002222216399,0.015291862484755201,-0.022879800541998126,-0.01377947774645336,-0.0041012827629188005,0.007786682724365069,-0.013911657547063153,-0.010349648099957177,-0.00476896210812174,-0.004256544425620945,0.0015800876937482698,0.06361732626191134,0.046926918710400146,-0.027967947514741666,-0.03997337929906923,-0.017950985352779957,-0.020464527184168736,-0.03379007883896584,-0.0007344337465227025,-0.013735132509999535,-0.02830889054070087,-0.029961574454272475,-0.010028829224009739,0.06119382701217854,-0.024284892139496812,-0.0025989047733536615,0.013036228491900406,-0.013130200182174749,-0.014109838394380443,0.0053763082488583365,-0.01190537591763408,-0.005414634598441612,-0.005254349090477444,-0.008740525395205605,-0.03786401911544928
090430_2026Q2,0.03455364852569179,0.06136049691920027,0.012864260804085164,0.005716589976677658,0.014586247977958908,0.006381362445449328,-0.040392885807787035,0.039977397681096566,-0.011819337467232436,0.012365403845417065,-0.014632205483299078,0.03263944322434396,-0.01789860954253457,0.0008815898506413303,-0.004408652026236633,-0.02549183322589612,0.012618174656825585,0.013231015024870472,0.0009856308105764197,0.04534562470855452,0.121625821425456,-0.06022754490815659,-0.011455335782576568,-0.02297448735682945,-0.007640912619980992,0.020560151333507568,0.03033333819241102,-0.05742419240416878,-0.01959606085767717,-0.06674028926796731,0.0106173416528637,-0.004433527955478737,-0.002138566562266849,0.012844691905840228,-0.0024226208987032857,0.01410561557957454,,,,,
092730_2022Q3,0.00017851251212144988,0.005373457409798846,-0.004967016056654221,-0.007457251974494352,-0.003600427107204575,0.023392397924699562,-0.0019127941996470008,0.000699328868176273,-0.0016858034344206328,0.007181684382399836,0.0293399687346163,-0.018931976321083177,-0.024893305218940863,0.021620097370338064,-0.010789842498620215,0.013938085149397645,-0.004149989793169617,-0.014792554374216081,0.009183800821669216,0.01814633642422128,-0.006191952732343339,0.012085577748462601,0.005801261916447111,0.0015633195312255346,-0.001773856896295121,-0.023531851254426243,0.0006357603189496614,-0.011832337132149137,-0.005479582350200145,0.017723202262493673,0.013157948264671742,-0.0018445805782689676,0.002015604662612535,-0.011290133720254815,-0.005968554356015303,-0.018208189057226883,-0.0022580468115464287,0.009208078832167087,0.013844559575982405,-0.006876757373447927,0.004067897008276607
092730_2022Q4,-0.004890166331368074,0.002928404188196905,0.048831930430706744,-0.026951377037042444,0.017743509994054083,0.006414346278215714,-0.009517879569568361,-0.026767659078208564,0.0028541029785778627,0.01810655592615261,0.0014304490467209408,-0.015330440065872846,0.0027517499541880115,-0.01051288756974657,0.010264184958630697,3.543483574740443e-05,0.005226984079943828,-0.022305192629679838,-0.02014052104704584,-0.013604126948203935,-0.011461880250257902,6.900617043614776e-06,-0.004815285731446175,-0.002231510910691236,0.008560197288333125,0.012757356896741382,-0.01754909023110855,-0.015376341224025501,0.004382405157210256,-0.029477271557901336,-0.009262732527098857,6.024031678352956e-06,-0.005863218735012542,-0.000685008479688865,0.008121071982548711,0.0037372748050250124,-0.012916943581909255,-0.004470043500265475,0.00707346135218141,-0.009639995737508927,-0.01689685486440175
092730_2023Q1,-0.008853320375108751,0.00016736029594824516,0.0077170958824853385,0.0037895766772835055,-0.020435319012603936,-0.0002543341185390433,-0.0014121419610422393,-0.0016438475190663844,0.0011879317509891527,-0.012124367401790799,0.0005283563261635187,0.004418497788698281,0.029549279154069456,-0.008429000177537683,0.02300878093501895,0.002256485380390268,-0.022976214394279104,-0.00999042691331687,-0.006804445664830045,0.02744128978343453,-0.0018213466694386067,0.14079540784474115,0.04645665512957116,-0.04063573204500114,0.043170917970216355,-0.014272731170537074,0.003293054657366689,-0.006008801666682771,0.003026279432577243,-0.008178219252038557,0.005520522815747285,-0.03605254595968546,0.021065243821052015,-0.006676897958712586,-0.008045538799760159,-0.023061872506959707,-0.012943834428956753,-0.012504339677525579,-0.011003888692851576,-0.03199865391372548,0.030540662684941083
092730_2023Q2,0.008168933276820669,-0.011721660076782789,-0.022817589251931947,0.016312491703089363,-0.004526315280368533,-0.03370884951157191,-0.013430661492108966,0.00029101187910198466,0.0010741750770798374,-0.017086955545934986,0.002251217120071883,-0.008463069509587482,0.005955809360549445,0.010080089498868582,-0.008279990683997483,0.025009555788074712,0.027456064045339304,0.012841597395503774,-0.01577676012187957,0.005264569153411114,0.07823677252147748,-0.032310970020614935,0.004353714514693465,-0.02062741355973433,0.013902825727103107,-0.005635107198142609,-0.014176763471197597,-0.029140021622045716,0.0019487466081720252,-0.006311916988031079,-0.005489497952493777,-0.027698488576533526,0.0013680361342948708,0.00427737227718089,0.027249535115390737,0.03113386115901875,-0.007240742029286144,-0.006700838548869791,0.050274128353071386,-0.01989014104983134,0.011330850354606976
092730_2023Q3,0.008943296364156594,0.006737814267748011,0.014317222543170192,-0.024478453620492207,-0.007471355527545281,0.032861451382981605,-0.014354521529367639,0.006646415836788332,0.009066299072440517,-0.0296863920810805,-0.006475658441776496,-0.0319556209218255,0.006105595059352776,0.01036022489992949,-0.005096109727601668,0.0001605179963096639,-0.02731946789149966,0.04425593455760381,0.034970608771041065,-0.014006605998312223,-0.006242401854200112,-0.03716790783726519,-0.03037983149728839,-0.010750764204783747,-0.012037583132756949,0.009031850392456884,0.018224399698215585,0.002309539440187938,-0.014506858940796341,-0.012706415225935583,0.009302010415995097,-0.022390954872194377,-0.02138088595857386,0.015263732271441496,-0.02197488711040442,0.009950568244981216,0.02625816937131888,0.028559595587679135,0.0034577436093203803,-0.03092450502324022,0.03733017966073355
092730_2023Q4,0.04775375893769686,-0.0021156636237741836,-0.01293484598868027,0.07125126117254711,-0.021103703614280926,0.01824705152124581,0.005225478572881152,-0.011252491305963123,-0.024435415279893447,0.004964987967293685,-0.02228670463216046,0.003038849733705844,-0.016709226837773934,-0.014466332274973567,0.05323147191684294,-0.026578751642107483,-0.008475173139725144,0.0011044635956516656,-0.00126704830417982,0.0029859760769004604,-0.017486888938819754,0.051095969535657856,0.01764348612174748,-0.026207246181528157,-0.014193103376072144,0.017925465286851017,-0.018026663129459008,-0.003919975648279704,-0.017496540393518056,0.02084352491284158,0.0009846539273279747,-0.015672085491152926,0.03720774284803759,-0.012263491993826828,-0.016751383867171184,0.024255816433265263,-0.0318558650808353,-0.010395268102540154,-0.021799996599801016,0.010336251530009345,0.001344604172235149
092730_2024Q1,-0.030318842009675148,-0.00024100942217381537,0.014766966963132287,-0.030792032085719016,-0.021895475150696432,0.0017981934119401383,-0.006853409833605188,-0.015937263674572995,-0.007399120985267376,0.007160332407737162,0.0100703454067703,-0.011855355837490734,0.017262359139486837,0.026367166327355484,0.06029196212567185,0.0034095188511039263,-0.009159222036564631,-0.022471014128865957,0.002084088436990851,0.004895983953105489,-0.020301438191643033,-0.01382903674681296,-0.000824695570174978,-0.03113154189597846,-0.013540262822980768,-0.011180772888815334,-0.04522049657680301,0.05084748889064317,-0.008074409474898934,0.0017915416601613924,0.003442653286853916,0.039990033591851284,-0.009235884463519063,-0.0020675429506721594,-0.012013371168237124,0.02317836816284637,-0.025849952861751735,-0.020619038433566404,-0.015616556830128647,0.014925361906718209,0.045941547186003046
092730_2024Q2,-0.01993140670733398,-0.03177247558775033,0.002122065055880232,-0.0004522027613896389,-0.035171192780416624,0.024518971177804792,-0.0024622252520538996,-0.007705675560232465,0.002020487481203613,0.004516469663728519,-0.014918640273801884,-0.014124952659305818,-0.010632194701886583,-0.00399382308844779,-0.0025499278095005087,0.007090032500654031,0.01177085327427142,-0.002572434230203412,-0.0027823057105453228,-0.00952679538754371,0.005718440838081779,-0.026090300050404164,-0.06333339873197807,-0.0018489423361213418,-0.021873666408448254,-0.020377785659703905,0.016751732720691793,0.00208291815937545,-0.02218096954740797,-0.02243376310639273,-0.021287725627754595,0.021145451517052112,0.035311154018760844,0.008050485889270851,-0.007531807440033157,0.011689694321565396,-0.005704804948987827,0.0007918731761449542,-0.0047607355788116985,0.007185527125292581,0.0005019788905700397
092730_2024Q3,-0.029587603685110403,0.006551257426757821,0.006906109249342363,-0.03447266896658085,0.0249919216471838,-0.0026830966539817206,0.004064570402780514,0.02419546643251972,0.034540922592925495,-0.018286758993553073,-0.02526031638015283,0.008269647183890678,0.01869520211603539,0.041914166306418005,0.02239892561237871,-0.005269829143589987,-0.007394538055088616,-0.008897745473516003,-0.017143128744868678,-0.036833659771982274,0.03161806998242213,0.0604827192136877,0.007935396574409653,0.024899152031530064,-0.03028618977946803,-0.0024120695840796173,-0.012030047430607555,-0.03275287749910004,0.009606810817428845,0.014313312565954157,-0.0002921000633672212,-0.01426574924558211,-0.03688228556104554,-0.041750488416971515,0.005018256763435421,-0.023733598820673187,0.03339297101400706,0.038168445705895906,-0.002158788120225701,-0.00896705043708583,-0.0027827544424016658
092730_2024Q4,-0.004551851189425587,-0.032868468469374724,-0.0008536022051195856,0.004197812874453751,-0.01845467196775853,0.01538041440573098,-0.004566546185505729,-0.0010838633516332512,-0.030535679450479518,0.00013666328234434048,0.006155146006630799,-0.007915047923594114,0.0062966349271588755,-0.013363127460652647,0.010838258491557133,-0.007854326467306983,-0.015924023533168616,-0.005627711739305688,0.024084389985997812,0.0029936350399545585,0.014497768659355027,0.042426767360023154,-0.0042742856646446606,0.011047645791659016,-0.02539065633203703,-0.0003347293788769977,0.005586628855701485,-0.0050327635892140656,-0.002597288492893592,0.0038602324369376596,0.0011316944697583775,0.007020842575622913,0.017611312290816243,-0.0018568827948529515,8.656036377136661e-05,-0.0027329454938245555,0.009070226559637358,-0.005268194676888017,-0.004975787694550961,-0.0012703990314106238,0.004769595476134994
092730_2025Q1,-0.001341540459708186,-0.008711166084902782,-0.013233716383475872,-0.005288605829565019,0.014626584745936377,-0.015425657620094561,0.009637468920940803,0.002834279980174031,-0.03131871212835337,0.0019998790037620206,0.0018464134120456002,-0.006629903937228765,0.015820700467207148,-0.0030917120924345864,-0.009872761998901412,0.009181107806397474,0.040869931997957444,-0.010781797719599952,-0.0009719358312044262,0.0310740829207579,0.007172755382215644,-0.017871280196337644,-0.013972166451981453,-0.024050364954618632,-0.0019850375122772972,-0.0104258633049989,-0.004624658557091179,0.04858763775199396,-0.015914660168251937,0.048351199259556416,0.0017290161169096555,0.005358258293538453,-0.015451686905607971,-0.01683179763146991,-0.01187027147958479,-0.006202651181866862,0.033552766176612916,-0.01606163592952574,-0.009915865943382353,0.03135765606607415,-0.017373428799527222
092730_2025Q2,-0.00354253649654351,0.0181392528999392,0.004694932911304871,0.02411718355708939,0.009350174341484302,-0.009669826630179242,0.0065597010062631265,0.0023368517023499265,0.09387205667113148,-0.017830002807541382,-0.032985406072102944,0.03702619014041495,0.08059771528823928,0.09379006200809409,-0.008662732531556918,-0.025977304574032516,-0.045319211811597065,0.060980156813338696,-0.015670655975841705,-0.0174231972975008,-0.04100650324194091,0.0271979125475572,-0.018084732794028613,0.0017878939982188848,0.03031027560375971,-0.004962308006256249,-0.02733889245632776,0.009872748900680708,-0.017491460127592846,0.07072465902217624,-0.024610334891137425,0.021208921535936773,0.047682706226413296,-0.028038151354885348,0.02293671583354874,-0.027161778000359627,-0.022157351961108445,-0.009541015484434983,0.0007369245596654185,0.02294935236541255,-0.006755960277364914
092730_2025Q3,0.0028104520192739043,0.004403825566141872,-0.017078778508491287,0.004780752101368432,-0.003035394071381232,-0.011227783093487147,-0.0029681436314934213,0.0016698229371751839,0.04531369840540313,0.012651845265776791,0.0026423926713208977,-0.012076459959409902,-0.0191325694540124,0.0012740407946638128,0.005153470095477284,-0.011376737595915171,-0.0216735944564255,0.0012996949530345702,0.006628348615890935,0.013016788679029072,0.013285579826189357,0.056980043477456,0.00990313767260941,0.03949351071897159,-0.0007287951676764643,0.009717566560427944,-0.013879190004727097,-0.007037950183902604,0.01997553638742567,0.02671048936137396,-0.020043625303104308,0.002509852878581963,-0.01985045051815085,0.008196192946481254,0.029462315600083607,0.004008365839542238,-0.014167440929465702,0.006914727967987887,-0.015019831686140985,0.04741383620489959,-0.012724075716455924
092730_2025Q4,0.0015319686041592173,-0.048415624816770864,-0.006162897084076231,-0.004369778908387939,-0.03152515958796722,-0.009343771065252445,-0.011704729652228258,-0.02937210130513969,-0.014107533102747228,0.02007861221239058,-0.005117300543110673,-0.010905094406702127,-0.001649021658625943,-0.012294726529954562,0.0008463295793803296,-0.004773327911312651,-0.00037900069342314876,0.060799360979035294,-0.028897920607943165,0.0039336610065587065,-0.017608186421830437,-0.013712301804571265,-0.02769421011936303,-0.0015344228602932439,0.0909119305005127,-0.023138961277708668,0.05530381258936628,0.004154391319074618,-0.0448206916572436,-0.004770830077851833,-0.01655187750968042,0.010262160867673426,-0.0022475975383350324,-0.014071491760671608,0.02411501877040546,-0.008689565201975601,-0.005450709654719669,-0.023692887025030987,-0.00728287104335979,-0.013634335429032016,-0.013539814196866241
092730_2026Q1,-0.005721885590283075,-0.030996912125005164,-0.006666870784471193,-0.018197936080685744,0.026369446967725675,0.0004696952571343477,0.002071511083454665,0.04190386107952661,0.001958324985376151,0.03023240280033334,0.0030355956499500524,0.0012731248830167132,-0.01256314010166714,-0.01022859849307407,0.062431732173498275,0.041470802661678415,-0.05630098446238181,0.025730306803572578,-0.048098973564471945,0.024475474645577033,-0.01017958225520129,-0.04444321806353327,0.005854243710069717,0.002128722442982116,-0.011483512138404388,-0.008946359107217566,0.02229293662469052,-0.017084229939910073,0.00520951334997922,-0.014448751584850098,0.010804143815426142,-0.0032472674096443244,0.021373742717509237,-0.011306668130210465,-0.020789211221623836,-0.02343969777214203,0.0068702582416260306,-0.01677680212439661,0.0012399773766313404,0.012829614195346499,0.011202107504599372
092730_2026Q2,-0.008610544880125352,0.018828585217144925,-0.03604769461033443,0.02634386996072958,0.008744662268370756,-0.02868458410272125,0.009961538346353629,0.015285805944511118,-0.015052204225040524,-0.006653184478686305,-0.017121859477654475,0.004530543523854631,0.008432132579449171,-0.005948512580225593,0.010902179713480275,0.01831326524181138,0.021487503822220363,-0.028734591881227775,0.0070518871091012885,0.03579060629995599,-0.01912945078409138,0.13206710573808828,0.03038950485919058,-0.05677507670860988,-0.012821298396232046,-0.01775572603146445,-0.047583511494228396,0.024228430734315,-0.030189438844696246,-0.01153048158098431,,,,,,,,,,,
114840_2022Q3,0.004762382737755495,-0.03024138420959814,0.00824269621214165,-0.015584921135733194,-0.004820461664471096,-0.011097498767027581,-0.03092724599645586,0.008582971445908232,-0.014117743037380089,-0.012894019537408584,-0.01104503710020654,0.011537625477667023,-0.01705943871839198,0.002079634802473508,-0.011127005440535378,-0.02592886161338933,-0.01925167889234151,-0.029161370758800976,-0.015934687585239377,-0.030246163821301457,0.023733546158239624,-0.012957191710602806,-0.029764517556998323,0.013018403914315453,-0.024173133606480227,0.0026959920174549346,-0.009507340154779418,-0.008834640015299933,-0.005143213562383415,0.00651954673012226,0.008284217323696545,0.05266720506032005,-0.0136319301597588,0.04271362523997996,0.02098732439432359,0.00298899813205198,-0.027081527716606976,0.029392520438392248,0.005301632358456345,-0.01580725721289925,-0.014747286894453614
114840_2022Q4,0.00793853810898327,-0.03262568294247728,-0.00868309898407445,-0.04185574215952616,-0.007717118403919134,-0.012946645724597182,0.004115682301157341,0.002538826760800812,-0.051271490416611026,0.028427289432294875,-0.03150938930290056,0.04362105101285995,0.0415041119500891,-0.030084126873101632,-0.02099643812091021,0.007878299253689148,0.0663304272562665,-0.043194707391463236,-0.03838237963539908,0.018571415393831617,-0.08762673671894125,-0.04203956139598236,0.017542460426842196,0.01090315963075302,0.03876374983179082,-0.010873851871710555,0.0007810385298972072,-0.027302619367139312,0.020589713017914964,-0.002329774886612398,-0.014650418454757848,0.0062511399867320626,0.009003947890936698,-0.009050132182781981,0.01346627622387079,0.014239625548793388,-0.03321813170096047,0.007964235341039037,-0.020532038492537208,0.06625641801482125,-0.029473305390565602
114840_2023Q1,-0.035892150504870546,-0.023360356478616805,-0.008300722840147639,0.0355558096506828,-0.041231441578147815,0.007892637278766355,-0.007298545975059641,0.05126310079622884,-0.029599673868530844,-0.008099538351236687,0.09720691324954185,0.02531808809372295,0.03969170532950064,0.017721221133585655,-0.04750127409259755,-0.0761220213769387,0.031005360594802404,0.05412889764283493,-0.02602072725453229,0.008897505226742477,-0.02102191760788432,-0.01794269140732703,0.003993920594053207,-0.031406748943614726,-0.06640402879756695,0.0015163361934299267,0.07475726210783054,0.04681338372099972,0.014980966475963108,0.05878938357537866,-0.014131059051775167,0.022323406923034552,-0.030283375929107726,0.029459313342708716,-0.015919860731827565,-0.0289607330607589,-0.009441784766916268,0.006863192937733853,-0.037196311467597803,-0.026805889262227954,0.018842072057430877
114840_2023Q2,-0.009235603054295046,0.039123593922311684,-0.03193951775095627,-0.01003323733123683,-0.006772394304939716,-0.04835317186800509,-0.029658080300606453,-0.014340208035202306,-0.01729441955795618,-0.03345894351666466,-0.05203471028197128,0.03239342164869833,-0.039565072429729856,-0.017563300203948924,0.04695672584568904,0.04440008116384665,-0.009646061695444305,-0.016809143686199284,0.016990630273448645,-0.000294159041859708,-0.023734895201284106,0.06671347945245024,0.059167947741675594,0.07558882918875227,-0.017523276508667508,-0.013484994567932578,0.015454874875382989,-0.006151295540020987,-0.004014144770967882,-0.03962007204170906,-0.016186264779654118,-0.027611184964646353,-0.006869583863554921,0.035299556990414996,-0.027795709232360986,-0.023333721433753084,0.048347569365577645,0.0032878842553217998,0.040542766740350414,-0.04057926189221979,-0.024929053806140154
114840_2023Q3,-0.022290049238993345,-0.02036613239599125,0.005795671188151165,-0.0006019757609878086,-0.049116049338886504,0.0016854293141618792,0.04101394091771077,0.03897563906717525,-0.010285495517571568,-0.02840723261830174,0.023014178741391035,-0.026610920380633854,-0.040984455420411604,-0.002089210062534606,-0.00852301324684917,-0.021605203658909826,0.008261663118635167,0.04410957394345983,-0.02455398057310775,0.00890996564170143,0.008751729989445269,-0.02329336083009689,-0.01722581315849242,0.03336337665183202,-0.02678111282091286,0.024797323574764184,0.014060361130877958,0.04368663804664534,-0.012882584562774165,-0.017592932193520185,-0.0478628869157276,-0.016949190900986615,-0.021315714087610335,0.005861029133790064,-0.016297328742432424,0.008213445003402552,-0.022831292462707188,-0.017738057030479776,0.04281567219741832,-0.020013490693265724,0.0636682874519347
114840_2023Q4,0.01629326607319891,0.013852814650998852,0.024935866885182126,-0.04218358019353627,-0.0017415569921513715,0.018736655042576458,0.0009313423137435259,0.0540529913459775,0.050162967440357836,0.00866873109485643,-0.0020816377096071065,-0.02649333648466383,0.05804308789090375,-0.06630581606266453,0.012503760707551471,-0.02060452340293217,0.0209386257633021,0.032950172816543,-0.027888694405422184,0.0012889449068591331,0.05497525215338589,-0.0007337385390254105,0.040587009006262886,-0.02163391558607098,-0.013898928492723566,-0.03275433439402341,0.014807720561386822,0.0173750674253998,0.047438576432327406,0.009177223669554566,-0.027992728420470542,0.04566735229703167,-0.03602569113669671,0.016052122926419617,-0.012011417864646653,0.04019391741001704,0.03207848487368456,0.059900946581902696,-0.0037690857598594585,-0.03809314720985272,-0.018592362500055415
114840_2024Q1,-0.054196246357587415,-0.00990363136783697,-0.02504932320799477,0.006839548486806813,0.001164015822867329,-0.01915510631518831,0.01806705403758725,0.007202674960446114,-0.002374990186893529,0.0524670424608307,0.036641067807128974,-0.015574958061105983,-0.030405155270325116,-0.04137731680610679,-0.001020430086173571,-0.006629070125052685,-0.02894944991878689,-0.031097507911476238,-0.004517100083022966,0.04574788740270698,0.1034817568584802,-0.0030699130926256793,-0.006660236370521964,-0.03565810772503809,0.016727682755947347,-0.025235563813080224,0.09712733596554593,-0.07538165308199972,0.024562898884112526,0.010280442426272862,-0.03306668040484238,0.02213429651726227,0.09199718372774192,0.01658191250650403,-0.01758739897206412,0.026623480981794383,-0.028721397401775473,-0.032066686877070746,0.02177342096792648,-0.032277857003051774,-0.016044710055935437
114840_2024Q2,-0.03205846333838303,0.016770918814962697,0.0010200007792087566,0.021377424008646305,0.009351668887403068,0.06189529671710311,-0.015168284143735462,-0.007676944215890196,-0.0128529783768984,-0.06313856435805207,-0.0031247477825897887,0.0310039653662028,-0.03098770940833523,0.019749607433116025,-0.0072664580689169814,-0.07074188286307156,0.0070905243452054345,0.03302306630865394,0.018886322851386292,0.015239908087044167,-0.0166984919224099,-0.11223663922627003,-0.019562626835094507,-0.03639306035553011,-0.0417355321061963,0.02541206550910815,-0.03709478042780005,-0.008740182287258499,0.0057294082775325075,0.004585032806016572,-0.022827351846706187,0.015637020034879916,-0.033945848023267014,-0.00665903714225409,-0.01839907056881454,-0.024803897158192586,-0.037833666038781404,-0.06062581615677097,-0.03484324347264351,-0.03740152792905075,0.00921296280016149
114840_2024Q3,-0.02539873914675161,-0.03244429548615011,-0.02785979483603985,-0.013542001108557918,-0.007477730428975596,0.012047500086808719,-0.028607803063461043,0.01349913300713365,-0.023548521475909835,0.0010382393873109297,-0.03714512552688567,-0.04247915722789284,-0.017827188483417068,0.017224132099338978,-0.017990786609877133,0.03230704707782965,-0.01751971143183298,-0.03132557051747244,0.012718932074835395,0.009613414218029864,0.003151165663981187,-0.005894903298285917,0.040017670721799,0.06928380633973996,-0.013241346718573594,-0.0018182105218722306,0.05598140148094821,-0.015366464773571425,-0.016464753688238624,0.07307882278963514,-0.016387572140006763,-0.05638740941172974,0.0003578746833247208,0.013321672577396467,-0.008538466202117588,-0.0040112304878291115,0.04363218738374375,-0.016979170231292685,-0.04999824804046342,0.02733058654649219,-0.020663412725782773
114840_2024Q4,-0.010699905660553177,0.05436567295212204,0.09061325159218574,0.08649155223520302,0.01765099744776352,0.017156658620219686,-0.018316833793805873,-0.02216136894084339,0.051913107386151465,-0.03606976221589865,-0.0643449232597367,-0.013145643053479015,0.04636376163404741,-0.02849516795755757,0.045540511586068755,0.029867375832416974,0.009464076709360135,0.031181939137633757,0.036924356579216173,-0.021292186488860346,0.014787062640956132,-0.16401976215929673,-0.03850456609607294,0.009925223203376148,0.12554850518463065,-0.046460345688919095,-0.049143580276220976,0.0031136037325902276,0.005656655466053555,-0.03076726756872791,-0.020825276340148205,-0.016898618024592554,-0.012606815606945564,-0.001063015266362495,-0.0014998791645732291,-0.00043253260887152634,0.019045109346618117,-0.03886022838494473,0.02282316434257048,-0.03490625242806204,-0.013747146019763224
114840_2025Q1,0.027921880480045902,-0.016606092300413256,0.005364023704881919,-0.002711572869163556,-0.025196451573128123,-0.012523988329269141,0.054821649456555176,-0.004828376749145255,0.037037979275872976,-0.026472824584885202,0.018542712356772514,0.03545211847246704,-0.02139426410964488,-0.03660458392481568,-0.00669768214937421,-0.013217302360193996,-0.010398908079724628,0.012391364495788296,0.032674272137990415,0.010085903872251969,-0.1931422154062589,4.040795429310906e-05,0.022796687845792106,-0.012211630420010364,-0.03862113184390252,0.008783747031760505,-0.014035607464365708,-0.022721619897432876,-0.030660905843979614,0.03607962615866188,-0.023605098091408754,-0.042518899423062397,0.022128178318532015,-0.029349932973701996,0.033775091557759665,0.014586749171639555,-0.0513681204620337,-0.04156193608196334,0.005668355476228673,-0.014934729586479954,-0.014145075412440627
114840_2025Q2,-0.011311563336224082,0.02046821834715018,0.005133680315394147,-0.015369548931994046,-0.007185531709507977,-0.009027911877273767,0.017821931638212715,-0.00825351421191841,-0.01702459790542863,0.0012298797677491031,0.0010123042775263408,0.008453391884260197,0.0066057406943075565,-0.025845006932198638,-0.0027150876751031033,0.06632924479783289,0.02120696828601137,0.03084453574693414,0.00971075752990928,0.042335733341079304,-0.031035272455313765,0.10537416003832548,0.007887156608997286,0.04714471132924508,0.08057946734105167,0.06591295322683903,0.020055916027814414,0.011718558678288967,0.01222881192809333,0.038988821028073245,0.06441635354332047,0.06865159557998594,-0.057807004704240314,-0.0013387324611170738,-0.022735060046949827,0.004463125050036673,-0.045668101166224974,0.011160494213048516,-0.021691652204136394,-0.015150506848956325,0.012220273287429738
114840_2025Q3,-0.06478487424394126,0.006594890690454828,0.04061755191335347,-0.029592713064925925,0.041463382507142266,-0.02682671327494588,-0.013088941456310423,-0.008216247372019802,0.005701981255151211,-0.007149922015699395,-0.013890944495671085,-0.02837868773569448,-0.009701978006055711,0.009050388114660224,0.009404212561669179,-0.008641973626008556,0.009061788971116657,0.013159966943214422,-0.01209522571143851,-0.04411667029364442,0.002720628810156226,-0.04533571303219093,-0.011198956653853828,-0.028912179038548945,-0.0022873474707281287,-0.00853868675430158,0.012886540035868987,-0.031788608088230454,0.005942373867786515,0.02210005906189112,0.0011643007920629188,0.002539077133708245,-0.0013947915907642052,0.011208786020038945,-6.586032816196337e-05,0.006754816283226092,-0.008062800110677965,-0.020514464819985173,-0.0069386147553937355,0.018729983905490404,-0.006789007512468128
114840_2025Q4,0.004684858278795138,-0.019487305260366433,-0.02579991770822531,0.009955865236304939,-0.014720407049864355,-0.018683414856335113,-0.019151736286931176,-0.0020562343567834115,-0.017786071702574166,-0.029407035634972323,-0.0012261319504524443,-0.016280785140424792,-0.04019818252006593,0.011318840601400912,-0.022815121358764887,0.046989823725143993,-0.021101014864436517,0.030700992803277136,0.0038488332347563214,-0.024348452593710948,-0.002320351994865074,0.04218418202008807,-0.023661462130709784,0.009404154306007368,0.007841436274527921,-0.008031265210206452,0.00024032092380470507,-0.020517483652138877,2.5040998050254032e-05,0.04301590552479531,-0.02027823405546008,0.009500129939416613,-0.01489815030427057,-0.004100108991262829,0.009657331830408088,0.026971138219122365,-0.016521071387158758,-0.02323952812154157,0.01807027545514819,-0.010378005483106618,0.031156154570440624
114840_2026Q1,-0.009686836973794211,0.031971678647452165,0.0017704006991317387,-0.0447351188523814,-0.050324811074148906,-0.030318450851236425,0.00022833441401057687,0.049858706015184606,0.022058937846213475,-0.022899440518151914,0.013319085683217513,-0.006883701143972697,-0.011081576682328875,-0.02827682652023434,-0.0035109134481442067,-0.008625870606784151,-0.024650539209503334,-0.03267364349603727,0.013547000889180203,-0.017532695352423112,0.024684071294281566,0.01241536715130878,0.006060908419258226,-0.015297955033928674,0.09681866009352574,0.01687039589699275,0.02084099610894447,0.01990719463205933,0.007827292131214358,0.05802377824952626,-0.04365963883843345,0.016928524557092043,-0.0005997149918948817,0.033105517354774225,-0.04309611050378528,-0.04813991865827991,-0.01553633826754901,0.01536682574041781,0.0067591550787920625,0.03257033920531513,-0.018353751085171344
114840_2026Q2,0.017464186520842286,0.031178375184527922,-0.029344998271743757,-0.0051892149074694634,0.04200987441251541,-0.007709369373881017,0.0039666601463291505,-0.01588299965430349,-0.026806458915319707,-0.036559961668263766,0.008892388516999949,0.013151070908847776,-0.013997247711444052,0.022201947743059475,0.004017755439488454,-0.014405911649842167,0.027437129430636965,0.018958266238722855,0.020838682161412034,0.006505795316236858,-0.043202207762460254,0.010557229575598256,-0.03551956822471279,0.08474967261551428,-0.06358654149839316,-0.011319918456516288,,,,,,,,,,,,,,,
161890_2022Q3,0.001247750569248779,-0.021353934164810334,0.012382756032662763,-0.02057666463417822,0.016563225763029453,0.0022177521089511705,-0.0020164569968119713,-0.025217786031381202,0.0038785726868686508,-0.001250785534841677,0.011945431229540459,-0.0031859620495345593,-0.0004528075518464292,-0.007924577038614029,-0.0003970842327157432,0.013152857275721852,5.25592401449948e-06,-0.019217085205086346,0.01484689031520532,-0.0190461994737332,0.03604248913060839,-0.010706395021456525,-0.0022765253733051972,0.00018888380779662813,0.013151335488916182,-0.023834440014461458,0.007584947617260867,-0.003631460957664928,-0.00022394371074315259,-0.010087269549754944,-0.008801475286241228,0.0098420186760233,0.01087878125582202,-0.034245439563745844,0.014902226593776758,0.031958317398993547,-0.01269064902019056,-0.012865195643618002,0.015286495516405638,-0.027789176300745486,-0.0014488061747239649
161890_2022Q4,0.00628098389076235,0.0168239517480004,-0.024095894573957603,-0.002705410228578963,-0.013036959944622355,-0.01458942924100254,0.00837081353134337,-0.020798274980622408,0.006837345663167918,0.012140418310352757,-0.0023999097390059905,0.0015686966781141946,-0.01603593903439529,0.007839595889582924,0.006329270384216294,-0.0008952127950753036,-0.012131170611524826,-0.005584293009453449,-0.002252049921127411,-0.0058395407555459295,-0.010484331539140274,-0.026313602675287567,0.00024131768683532603,0.009862383005639134,-0.010073345278285505,0.000154489458128175,-0.01832562672165508,0.01645324065592301,-0.0026215481327402645,-0.007718785532469229,0.004010799761368634,-0.010762254175936554,-0.022335329963722977,0.0024828952369623097,-0.001999601330895582,0.006711912142148199,-0.0038445797033568804,0.001631293927939397,-0.009029079916863372,-3.07973167153891e-06,0.06298625307245416
161890_2023Q1,-0.0037890937864888475,0.03384120244709396,-0.01322966475125218,-0.012958858556683633,-0.00520701933675332,-0.0035234876555752474,-0.013867568857227484,-0.005339908761054717,-0.008834430222201988,-0.008763182100808687,0.01071332484364488,-0.016907725739768734,0.010662856104522108,-0.018744983239716333,-0.013195591365704413,0.011382254703875576,-0.013418338887619567,-0.04222924755728796,-0.02391486067866181,0.007673699045887265,-0.036281400387421725,-0.06909439137392602,-0.013556024099255413,-0.017965548569466853,0.010176476261902958,0.012832596635494348,0.009431549693888947,0.002360765784050596,0.002577419702973086,-0.005074944300977072,-0.012353087856905864,-0.0002708937826852789,-0.014374293445127632,0.0021008929166857655,-0.013313878833494382,0.05539587342408002,0.00091940544319934,-0.005005539676825993,-0.01700120343111751,0.008691779198804735,-0.010401142848257421
161890_2023Q2,0.014064894544946275,-0.005990925835982559,-0.01855591733719565,-0.003147148851402524,0.019764434674942436,0.01641565142784315,-0.01532286092377056,0.025847862517088562,-0.010477131401864993,0.019335193286486224,-0.0026929471183764356,0.00545413895527413,-0.005725897753656711,-0.011044389253673575,0.01901101339564445,-0.0410294667912813,0.038119503180640994,0.012947254567383677,0.003878669870594346,0.013620481675799566,0.04238145210625772,0.016987183928862195,0.02446412356349977,-0.018562084947484625,0.011538959157219147,-0.008490433644955959,-0.0331161707584319,0.012006018602545592,-0.010346911803337458,0.01689180795678325,-0.008983848211633118,-0.0028368121636259186,-0.0001332830834577367,-0.010747781641202216,-0.06971249359724913,-0.012547478591241588,-0.011220292672816542,0.005698540917132288,0.01963601397589422,-0.005634101757076529,-0.000828944266389534
161890_2023Q3,0.01421652590394823,0.018447250653248502,0.03964873228006112,0.009815767245357354,0.007982564850334857,0.011292936888272338,0.0026420637151256116,-0.028412256587393957,0.04113797083358987,0.005819188941001061,0.006897061619869273,0.011796576203414682,-0.020177863932662257,0.013333847568641474,-0.01425027156484512,-0.03548643499736853,-0.017300242226792783,0.02731574163790448,-0.0014699638031582078,0.01391894991603981,-0.09576123459382384,-0.028866204512147903,0.010013080206497663,-0.016321637552465497,-0.026202375158576176,-0.00761374048276188,0.026065988312319373,0.04828140568882786,0.01691245433539885,-0.0012376183130587302,0.0021337826963953328,0.0031988849807638668,-0.014912910061021106,-0.0002345115180306767,0.012409809549821306,0.015681819343737018,0.01478013639328877,0.031463217195135125,0.00849068689133441,0.029810544787082213,-0.017162803302278505
161890_2023Q4,-0.011997709366800894,0.0002577578173565153,-0.021296987984069985,0.00033076764097135416,0.0011728515881155917,-0.022696880445254974,0.004324120099287509,0.02202061075729284,-0.002510432405368926,-0.006900760428242004,-0.008452212391184643,0.0013956620207961588,-0.016644900469338423,-0.01443437416014472,-5.080345309611822e-05,0.015492667177542196,-0.0016201465403246707,-0.008954198679280686,0.001631046632843705,-0.011467663996862953,0.008036903322052605,-0.006191219398224683,-0.03304298565098669,0.012964151168586228,0.012156545683347834,0.005995133521255948,0.016218639625775185,-0.03896809324693264,-0.0103196295047178,-0.017696262639390992,-0.016497259253079037,0.018420489398230638,0.043643510579718915,-0.008741061181814495,-0.01841361723436906,0.010569933078205373,0.019574919248876263,-0.009996101041097591,-0.00898225777865446,-0.010738729956264188,-0.013714697740767216
161890_2024Q1,-0.0269074194241952,-0.03309076180993968,0.00280478648026777,-0.009430051793453534,-0.010126930701718969,-0.000695504519428923,0.023799119003091642,-0.017001785076000583,-0.0021491176973339084,-0.01351085045480764,-0.003921509134861591,-0.003221110795522111,-0.0036133617875486967,0.007349247191121348,-0.0040498555794009385,-0.01677699605851378,0.01130932991248726,0.010572175077820536,0.003170999968141331,-0.03386355552834064,0.03287224892983735,0.0014767477455281189,-0.03162766737221825,-0.0024665473834813503,-0.015003564728975096,0.02055994675934186,0.03834152141415117,-0.013588520843664777,-0.022796961931835627,-0.029401137133545883,-0.005754489816206887,-0.021895268049590404,0.046234759500653574,0.02812188169115603,0.07936217125855921,0.018731646604938115,-0.008894612679724537,-0.018317123398213512,0.0047898209251677985,-0.006701626637186441,-0.019211714933359353
161890_2024Q2,-0.0036185177568105013,-0.02447208041946841,0.0003084478275246841,-0.002664457683503811,0.001382674149140643,-0.022094278095382742,0.037814620745583845,0.01939811895018707,0.01953756931648727,0.016464192045326686,-0.0037802339060542187,0.00366348685663518,0.002593907107029527,0.032781975111617574,0.009090934568481195,0.012781191669608234,-0.038502995379632185,0.0007130328759276175,-0.01884034064943213,0.025719343716302762,0.0935760842142845,-0.0021848760031555558,-0.033079288955294245,0.017545910341649665,0.022456312630046507,-0.024075381596585118,0.009176977677808127,0.029023662300718685,0.06949011663238022,-0.0022197512798891005,-0.03810563078252633,0.009001404960991638,-0.009908638393710797,0.003113276878171251,-0.011797553209945862,0.02363791351938176,0.015221746196408578,-0.013691134541856373,0.04222348299646044,0.009284456064800698,-0.016414593180215625
161890_2024Q3,-0.012378747776895665,0.012244167229924078,0.008299822232214586,0.014354228470535562,0.004053238757300557,0.024076172611499747,-0.03171672367980041,0.013468414142604242,-0.011245721977828343,0.011021232596264936,-0.02934213760503457,0.008915953792370066,-0.0011520654926379364,0.015948185630038088,0.03112823832933908,-0.023729189976336534,-0.006022991941982015,-0.0044008196243683646,-0.005007359338087611,-0.033210587010265094,-0.08347800910640835,0.01344993623518067,0.009077442206821565,-0.008482473975102971,-0.008442566511220287,0.0037825883345304,0.028682291235982253,-0.012569752800833226,-0.017652479566800806,-0.0002104147102960155,0.014379873100380225,-0.013185908617281594,0.017464477448099765,-0.011939871426462082,0.005210513352895037,0.0019218702322897248,0.0019150733039336033,-0.022774508204861023,-0.012675077758991946,-0.017374054734476174,-0.002481880678808654
161890_2024Q4,0.001818839343517906,-0.008208588793267992,0.00464639636618519,0.01748878163217947,-0.0010481608477585242,-0.004350441912964015,0.019567713335260722,0.007289021436905429,0.021345944748519394,0.022617602932522463,-0.006077118414025529,0.002431650072477483,-0.007729693215091963,0.008524601666549173,0.003163090260597398,0.0016139013934635127,-0.010396536255169496,-0.01048191445720688,-0.002985675596944541,-0.0011232566758443653,-0.01708858370671314,0.006283457657013242,0.005794685190697428,-0.033933353631251176,-0.01397074742644358,-0.016187909371391553,0.0008876104499612458,-0.0017405249483492492,0.023120680191308918,0.002771119440215252,0.0024760980504402734,0.061286465644153076,-0.0022532503515467588,0.03307112216793877,-0.022411978251871016,0.019065379367368133,0.0015434998133167094,0.007950792592484648,-0.01287730686715121,-0.00796038243176607,0.02895069971763788
161890_2025Q1,0.01412987260463169,0.005231646303384262,-0.02231670589122134,0.037160925894597865,0.021819768132043928,-0.01044359833993988,-0.009653908681675033,-0.01917024502054891,0.008778492605667512,0.01225135827142762,-0.0035731150765333478,-0.008155945875206641,0.02516837057669305,-0.016177335013530553,0.00941176915120926,-0.012750580757421113,0.009279528751141713,-0.019284927829592756,0.0029067692227450373,-0.0034737485547595287,0.04097449542779209,0.001356958407758721,0.015314424069544601,-0.004158739705357312,0.008993717683297837,-0.003911333140911953,0.008746009017441447,-0.0032605127455227374,0.002393447644699018,-0.012833751453732441,-0.029200342137656786,-0.0264774410266033,-0.004484805199983881,-0.014404982061692386,0.005078848540146447,-0.007279879729885159,-0.011015609743344347,0.010349210509064484,-0.005227667741962375,0.0008293736230248726,0.03039623636214274
161890_2025Q2,-0.028232328492337633,0.0016501884112140458,-0.0007701234149222131,-0.001998861116634054,0.0025149417012624176,-0.07365527261108167,-0.014854446064781424,-0.00751611194298141,-0.01652816454568897,-0.017272004070645396,0.013850971186258804,0.003315935605543923,-0.014028601924436343,0.010923333811905352,0.02232277476802385,-0.011065022669468141,-0.014583567325064935,0.02718484170906587,0.004961473074362059,-0.004353860241716891,-0.14107355236701918,-0.04906537756903252,0.017332739746898,-0.006988482023572891,-0.004130243212847488,-0.00445947426686783,-0.007126090768989795,-0.005132613344750587,-0.0199728717702856,-0.020085853089980257,-0.0018304916132499364,-0.0008888172666995445,-0.0026748339505188136,-0.009869903612296976,-0.0005589893620304859,-0.006566917743476772,0.006117183564949456,-0.003928023022476121,0.00406643572753803,0.010177460524930177,0.0018813354780387974
161890_2025Q3,-0.009163731064849839,0.013144104255179912,0.008831595334367656,0.005694520885358607,-0.007289700434428729,0.005056991368791773,0.006861619015370628,0.016656584042109485,-0.014339467546934635,-0.020736079808125293,-0.004309389152918152,-0.007443123926173349,0.03586027507548007,-0.005577541059859376,-0.009673639104293561,0.011890159549850812,-0.024787366526664904,-0.0027245562455198383,0.0073204351150325826,0.01236631490611317,-0.016260679540590905,-0.09648301992603885,-0.0029618753696991074,0.00519255825155544,0.006868358455565462,-0.009932145189741962,0.019104407708846725,-0.0067663933619030656,0.00760040608571496,-0.003069765415995386,0.027392225856277715,0.002904850391576501,-0.005094311492188648,-0.00176504047512398,-0.007930365725406695,-0.004023061412071991,0.005413446335870473,-0.004957826264336986,0.008137065879812461,-0.004829109808054141,0.0021579174174310403
161890_2025Q4,-0.0029681150048096877,-0.016614284947976923,0.0073024527208976385,0.0028812979778589463,0.0011213244332437533,0.015216777726845935,-0.029246051851792264,0.021774330131788876,-0.005114185330878249,0.019819784742167227,0.025648313423904924,0.00921416357401171,0.003276892705965042,0.011895267446266226,-0.016363651270318476,0.007112180888031305,0.011596865293475294,-0.009077510030978127,-0.0024421239790869773,-0.006210781982027398,0.014964667028592199,0.050596767260369664,0.02196725416671478,0.004398300473777816,-0.04019504666304034,0.03002580510915176,-0.0024687256838763147,-0.011919368181634492,0.02879970654192288,-0.005982152832314038,0.03449418425470661,-0.008346343908914347,-0.016542417139805463,-0.013696972657179582,-0.008675626478368018,0.003060902014205064,0.07112319498006064,0.03316742716625701,0.0064629254647974015,0.011017452802448936,0.0014834923111798695
161890_2026Q1,-0.007746648830089211,0.0009099623548516518,-0.0009803813284098815,0.02369098734989701,-0.02455096031101247,0.020957513211321582,0.006635364792587089,0.01686375065200589,0.009415873538234728,-0.010299540970734293,-0.0022424879749573193,0.005296615344866621,0.005907469651540459,-0.008666029835431561,-0.006781527040241685,-0.010637109483313523,0.024794853834905834,-0.01037384789405317,-0.014251554101487606,0.0020642947586961297,0.07007497170146271,0.05599796909520464,0.011156364566392954,-0.008587749297982457,0.009228655402938934,0.008728413109415724,-0.03855916006789903,0.014681646023450892,-0.004624056657406426,-0.022605386988908006,0.0003465452420491136,-0.013821017303687249,-0.01919304171646674,0.008222339459894736,-0.0169849758765045,0.00035801980947651815,-0.006984252172830257,0.004719125509636688,0.02136410661918589,-0.018065407957196418,0.0073258480312903
161890_2026Q2,-0.05855307851771547,-0.013307643210520435,-0.0006329920369106683,-0.03580806813970267,0.0005163212251346264,-0.013211552485292662,-0.005295818451730126,-0.003461750377905401,-0.018160556452027927,0.0014634878301465967,-0.0014170829318283697,-0.02996017384794779,0.0006305086885866965,0.0017752304720774423,0.003069825893798367,0.008396826038986487,0.006649290397958495,-0.004490568391635627,-0.023457411017886547,-0.016934604870557115,0.18279893742255504,0.04590340548110009,-0.004034699047759899,-0.028243824835254182,-0.014603341506896102,0.05132658879442135,0.004743055996060137,,,,,,,,,,,,,,
192820_2022Q3,0.003125752594297058,0.0199042882988993,0.0029884624204403573,-0.011496432650408887,0.022618479809978043,-0.00592005504895529,-0.032831471561873625,0.013810512884772818,0.001497819748202605,0.01237929901339787,-0.011713219460961459,0.03204176644968868,0.025889462852674454,-0.03230941548858401,0.04096019828187351,-0.0012751538309589885,-0.007163035688472364,0.017700749412455575,-0.01683480031270383,0.005548413241868451,0.028304647787990123,0.056271592355827356,0.003917283278752432,0.010041471938401474,0.011710716961609033,0.022799531415614943,-0.019027146841063294,0.004877759373249295,-0.011411589391061478,0.012569299485101219,0.001382144389339323,0.0598498861109336,-0.04276161025316037,0.02870495771570798,-0.0007470271247930864,0.010567792763275949,-0.008025699783358431,-0.024956872295212137,-0.01857095922310483,0.08707572403616419,-0.01397565310389512
192820_2022Q4,-0.016127820479763216,-0.0007967647794348311,0.003695250778109121,-0.008095229169784142,-0.02283703274236799,-0.03533406963408461,0.09036457816261444,-0.007542122423636374,-0.016747711608054612,-0.0078123950912356785,0.0035690129487252944,0.013446110705536156,0.010816570426417933,-0.008798240880902121,0.035327131984585765,-0.040293896638286336,-0.03552770499173878,-0.0028386569042704295,0.016021877707644502,0.005141413248939216,-0.0009800965562543965,-0.01933799220379748,-0.021911479052416548,0.021021825139725975,-0.011486149593358941,-0.0036856894460527458,-0.006730868435315214,-0.00431278895203536,-0.016925771071319377,-0.01657089247078757,-0.017113512018735042,0.006192543689579319,0.013697833496015664,0.01492835858125173,-0.03601876346448466,-0.037110427757868145,0.007231128286042152,0.0007044291992208719,-0.011483072931587946,-0.009887123777711185,0.051504820006793586
192820_2023Q1,-0.03728164862745511,0.007363399529195742,0.0007326390273008528,-0.011551054481134458,-0.010444928243179899,0.05139206841427351,-0.0006021302848773606,-0.04623556404854117,-0.029485281260157828,-0.016380925935888926,0.03306159322784489,-0.003963899587225705,0.03810437286089213,-0.02390078271389347,-0.020493489103309392,0.020786465399699673,-0.009105733390373922,-0.05874627872519625,0.00642762723685697,0.02200916269255542,-0.0028834917398167167,0.01591769646908407,0.010935893336558797,-0.02569283625191124,0.0186455249341057,0.0060641055170322505,0.01074571498737057,-0.003950061706985815,-0.0560568270025592,-0.00867634612079269,0.004560275331749066,-0.031134815386752144,-0.011381757434171713,-0.0021309635263386598,0.012799045668675485,0.045037730884446105,-0.022774772025515963,-0.000989577385811854,-0.024240065570109832,0.02641189378610414,-0.005798478218057016
192820_2023Q2,-0.015580872324150294,0.03754461100065859,0.056718077648314304,-0.0044637916104697944,-0.009051172482048127,0.021060532857965303,0.021138150155077588,0.009687607484230334,0.014287512559760393,0.019374107398706132,0.01929021996227092,-0.020380924774780325,-0.01615662274657042,-0.027109925773935305,0.013377275166370694,-0.014242557073300625,-0.025790868355455077,-0.00593541334702093,-0.003079533508720168,0.008296688997318051,0.12728121489123936,0.08493970230997722,0.06160974143634497,-0.0012041925142068435,0.015704262355861656,0.004331815174543084,0.003292109122473415,-0.023941455804902968,0.004888386655370148,-0.0044670130790984905,0.01944173248978387,0.012773984131967432,0.00753808546482361,0.002356961112068824,0.0030492474182125563,-0.0009477695198252811,-0.02235387333183962,-0.014174925501494906,0.003234324169459582,0.004008601850069123,-0.0273618876858107
192820_2023Q3,0.019220253614124723,0.0625872898208641,0.01361175279915151,0.008836182611006722,-0.00016477453766748987,0.008981558036911273,0.011912780582236342,-0.0018642277506153784,0.00189404969198902,-0.011997574680810346,0.026800339954722054,-0.026999086993415966,-0.022514863139677176,-0.0015376844403543147,-0.0331898669602277,0.008783353657976282,0.01612464440874583,-0.033229231667291304,0.006855168348784196,-0.009405356631786654,-0.022099325747783255,-0.041103974710549815,-0.02273072198157306,-0.035885884097350274,0.002569949778980875,0.01109497960870253,0.007316585091461044,-0.030814355007617325,0.009433532671154378,0.007521647189946606,0.002267299143141426,0.00879032290647635,-0.01495671493359221,-0.010753700841637442,0.03323265271005937,0.042555717789573934,0.021758278005546295,0.006968802225088991,-0.0024517838475120258,-0.009398379937955533,-0.0171355749308151
192820_2023Q4,-0.017691488051303196,-0.011927315630918561,-0.011875128992984063,-0.013235807391485048,-0.009980931423379191,0.006172021071035143,0.031123861622712426,-0.02612434946537518,0.010667775223531826,-0.008450812945653802,0.00243444416537408,-0.007049637161423743,0.03450169797753497,-0.02932015334228741,-0.0026126715464575394,-0.00458529503045276,0.006756815352052461,-0.01789733599633169,0.03071394922374148,0.015235485375434479,0.04948651976371167,0.0014338858048474797,0.017539929224527927,0.00901277275537287,-0.01882885451992438,-0.012828082065100178,0.04247226457635357,-0.006773344074004648,0.029833118311990293,-0.005599896421277346,-0.015999554490082734,0.012956378379131196,0.0021094227647701683,0.002566744081880753,-0.013663041978056952,-0.004308404817451341,0.005849144580434333,0.01982182644695261,0.0036752012823130596,-0.016097860445487604,0.012779600001871925
192820_2024Q1,-0.004824003727082245,0.007933671183063852,0.019616170990204403,0.007272567274658272,-0.014138024961836786,0.008858792676251438,-6.987047522859311e-05,-0.008048534912293027,-0.03207430628809642,0.00012045769603996614,0.02281763363934497,0.008442632658560933,-0.016048271902066306,0.007801276628324895,-0.014371814767582407,-0.005587039943653695,0.01046233627645965,-0.0068393300136729875,-0.024569856395167435,-0.022780177682939794,0.062029180417429955,0.011516729080273458,0.004414016787663865,-0.012613099774759702,0.02049826262342944,0.013508714116000908,0.01959200506879199,-0.04407413601478567,-0.013884565134328019,-0.00791305463545509,-0.03323644898622745,-0.015800070714780744,-0.025825208529495502,0.006150674801679724,-0.012458488290946326,-0.01567980483310062,-0.007178493885984579,-0.0030834795702105035,-0.029316075449965825,-0.018351492333623334,0.045145521093704205
192820_2024Q2,-0.015558569449941807,0.003972755509078959,-0.02072304252306307,-0.05083565273039993,-0.12737549825845748,0.025206050536293916,-0.02667517441593385,0.020133107898385908,0.01974859910805742,-0.00921061576504444,-0.00855809920538822,0.00858604762748807,0.027832907988583774,-0.022796186256339876,-0.008708628626609538,-0.03446256958766755,-0.02239852370463541,-0.0491724061846164,-0.027114056669067278,0.04024225024903831,0.045235887222553534,-0.11105984484090484,0.05225228824186922,-0.0203398792488501,0.01760720870816383,-0.029826045530917635,-0.01702143950059945,0.016537862973405006,-0.012738235195460888,0.007894898743371067,0.013314549393558618,0.013667763106525604,0.004699372303017476,-0.013887982293349515,-0.030095763988767968,0.015427542286792911,-0.010199650945992865,-0.0039007453840123833,-0.010781026330374328,0.028723952181091757,-0.004518316497133244
192820_2024Q3,-0.0025757914707692092,-0.0058167506357216,-0.010960372350066035,0.047572903209865514,0.03320577931671712,0.024674661151423118,0.024687023961583277,-0.014083184484463995,0.009291660001643496,-0.048238449949889406,0.033166393202276295,0.004506563618224255,0.06310378664558708,0.029005488037407455,0.040624771957936685,-0.021052874869691575,0.01947032338565857,-0.015958222238197987,0.012635554750370662,-0.005553397595735022,-0.03953692979523183,-0.022818735580993843,0.023614408563341054,0.0036056409820977436,0.04384978338372676,0.0014031144672550428,-0.02447107760471233,-0.009847172085466302,0.020640971973306294,0.014415177734267188,0.0015743440549902277,0.003513855910722205,0.03538192146337593,-0.004852106971608627,0.0022524922424762527,-0.01918540233795975,0.023156336116338244,0.009144455273823134,0.015097401234538883,-0.0173324486233233,-0.0001881940680670824
192820_2024Q4,0.03031785656482492,-0.0035472605428931263,0.010344597143920043,-0.007674918211765549,-0.02681371192825533,0.08058996307442058,0.02684023341181638,0.016030085863336242,0.013242300116849905,-0.03449671248548712,0.015813274000290492,0.06241453198029584,0.0025194286070796884,-0.05920979905185561,0.01030249731481981,-0.004490049601925172,0.027480996730075497,-0.02386294127191156,-0.0062282307526533,0.013770788931332932,-0.004877821791824395,-0.009298437153040875,-0.008085957719906549,0.008856080112855373,-0.0007080094402612709,-0.01896685764100258,-0.016949040222338858,0.00603283006278813,-0.025357479926108675,-0.004523574105248097,0.005039585882023736,-0.009752729459843488,-0.0024797105890484025,0.009390972918268542,-0.007914579331507934,-0.04940873390865182,-0.0024710671255950695,0.006980931293734904,-0.01304968820902665,0.006243902167557134,0.004556455390254271
192820_2025Q1,0.001830048813714083,0.00701779927396989,-0.012235810463068904,0.006964440804209132,0.004145058412193554,-0.021880354242418708,-0.013991505078682114,-0.01575083763540911,-0.0049118851544163785,0.032084840114633854,0.004488426673644526,0.0004646041017473774,0.026157428754749565,-0.010004003747099473,-0.013332956542949423,-0.0039012448119656144,0.005060810214683024,0.06679508692381954,-0.018157183548295194,0.008777451161141417,-0.003959571778418343,0.10593391842321347,-0.006569353617360368,0.013787023666952019,-0.017809162460376834,-0.03360403386260023,-0.008703304719992535,-7.447061947639128e-05,-0.008616666429155647,-0.008336624176327079,-0.023403053203911527,-0.014385703819250407,0.006507444569604809,0.019393905286531066,-0.005959337831705443,0.02558404623575375,0.025135082413341624,-0.011556620898334966,0.04050418785971391,-0.02401603239149081,0.018528731331519985
192820_2025Q2,0.006618098972297048,0.017757339056179863,-0.00704673339422582,0.00021087845857595267,-0.02855896789421165,-0.016323858104864836,0.010517452770306069,-0.01986152277162024,0.0001446465354076748,-0.0018869563640086968,0.004923428890175219,-0.013893913250100906,0.02891333039755817,0.023251780821484318,-0.014671119430899542,-0.009246097306707406,0.04082960665303763,-0.01695424152163464,-0.003358635846128742,-0.028052429063837536,-0.03835354997433008,-0.15551064323068245,-0.0128859110284469,-0.0303648218462658,0.019280627037449774,0.0012433742568274545,0.04437858641605644,0.011752576595241503,-0.019166928192426255,0.011832784749120607,0.008274504626572306,0.014252107693859012,-0.004547083292595276,-0.01458986545884318,-0.0061781087860179155,-0.0041765855976372,0.029462099651559166,0.004615994208301305,0.005868264195547586,-0.025801584759134816,-0.0053258505540031455
192820_2025Q3,0.0036238981339338063,0.016600757585587815,-0.0006728244216004445,-0.005317160471357736,0.005883780024530338,0.02671792149947992,-0.010002025673277284,-0.00984251765563849,-0.03184215284250681,0.005082314314281864,0.001512043811831852,-0.0061912715591161595,0.011991923673161332,-0.03048210658931004,0.0164326081975056,-0.027282300801587056,-0.00832942688024749,0.0018949591620830986,0.024276593824102747,0.001644445813859469,-0.03279169546438615,-0.148265909519044,-0.00509499445772167,0.013682806885565703,-0.02037558432170776,0.01549130958454652,0.005033756973874242,0.028029195254715006,0.001767180523519457,0.054312636654980324,-0.040455641956028396,-0.007837198343941889,-0.001686465616011509,-0.022659220266308584,0.0040912626230295256,0.015653673738422427,-0.0170892666288248,0.008163378712947984,0.0020553179560661747,0.010992964741985736,-0.026418306280721317
192820_2025Q4,0.02774815646208708,-0.0205889338380682,-0.029540098096660715,-0.01808185537100318,-0.015207214762369425,0.03339161093940429,-0.008480903185229495,-0.02644078833307766,0.012655912290626079,0.007368263934254465,0.029882706904220485,-0.0391633421391222,-0.006762767373927966,0.0360733809880988,0.005932401961113269,-0.006552819108173497,0.024698092345441867,0.010553963992549965,-0.019557234509238432,-0.0016384097275694148,-0.018636217199144333,0.03911327949179947,0.058143742897179725,0.0642198683680305,-0.04656890169370894,0.0037159023750745705,0.004506187731291418,0.04275975167008301,-0.02367077085217968,0.03979692551496486,-0.03507225721096373,0.018267638952585458,-0.027559220814953555,-0.006022501239459837,-0.03130144285887806,-0.014948560198327836,-0.025123747434852954,-0.004074363000831784,0.0505192875626428,-0.010746997257265852,-0.014197547174306862
192820_2026Q1,-0.003178392400409601,0.04758395056581838,-0.0076441908180268775,-0.011987167507260293,0.01372485412761626,0.03544810747128127,-0.00671271555150159,0.019896481536948746,0.003492855267963271,-0.0033626294820397378,-0.00719328073524457,-0.0063432632795521506,-0.014302397346652725,-0.002391168215990792,-0.01622890812464526,-0.01219499558435697,0.02077349796657666,-0.0009915403728696119,-0.00601680504886575,0.002626331956812068,0.03888561940127969,-0.13031354906963316,0.005865376596466479,0.0020809809372351745,-0.012145781548272994,-0.003353674854750178,0.005222148578550016,0.008255703263655469,0.009416054895467159,-0.0024990578200436743,-0.0024122101700179525,-0.00010039951852818061,-0.007365004738324448,-0.004187765278178804,0.010954715074284839,-0.008307011734417297,-0.0030640406391203856,0.010572939580899055,-0.0033284961574944066,-0.01732867692719922,-0.003276096285980518
192820_2026Q2,0.05219808455712891,-0.01702956650744615,0.015120324094691634,-0.006997952963848768,0.004654133174788841,-0.030309275803891977,0.011740660644254691,-0.0031534795633327978,0.02486801452700106,0.03609905460878383,-0.01269359311681438,0.010531664816095992,0.02668485185228629,-0.003801374184708448,-0.02252458343150233,0.0030209130798988584,0.0037860152302290856,-0.018637261297874907,0.016226582487218866,-0.027257359945634108,-0.008723515179168556,0.13589575696227452,0.03494076707498918,-0.020949891122375455,-0.005481712360786071,0.02512437588138067,0.034939587174413256,0.043732617553244445,,,,,,,,,,,,,
214450_2022Q3,-0.01778857624010794,-0.0033983172230809475,-0.012826061134838392,0.010014773387862483,0.01607215656212567,0.03804314680970852,-0.012683026858719089,0.002222103353966257,-0.006606917782595049,-0.00736064869619258,0.01913390964859992,-0.009263226665150026,-0.000623213963383781,0.006756143705676352,-0.005885481094479028,0.005062737761305844,0.011432722108950612,-0.005360606379473417,0.0084798724641478,-0.019007094836512695,-0.03592154342214459,0.008145693581572338,0.02007931421277622,0.010021871789630803,0.020763090464344353,0.009497244347923584,-0.010445720505787905,0.021352025581196067,-0.025551999063705498,-0.0007241010651462074,-0.007335870006532533,0.013194869421426891,0.01660794575524711,-0.008019320617534057,-0.010625741607907895,0.02826403595576852,0.00021200911404691686,0.013614031458554925,-0.02701049450571187,0.018940269665107888,-0.008565636785721963
214450_2022Q4,0.00929675649236922,-0.010707744342351335,0.061762969914316304,0.003528918494575292,0.059890060178116336,-0.017163606318318866,-0.021910851682366953,-0.009288452594362492,-0.013398542173904196,0.03403748790049153,-0.007531389315873786,-0.011820348436113143,-0.009296859625170205,-0.0041571014926935265,-0.008929247922966807,-0.02041891504120502,0.01114767835681979,-0.030140456201718756,0.007409011835172121,0.00228221591619201,0.0024814922760827574,0.006754916937062417,-0.0028069250672559526,-0.004570897679665287,-0.022080392891590896,0.0009265659046258437,-0.0014997869535252123,-0.014475441433596348,0.009693216679783073,-0.008904656060479852,-0.001315404542743655,0.015173671136124542,-0.033545659498635236,-0.005093211225499966,-0.01833823614910328,0.019428775229957965,-0.006726696139368757,-0.0013813416887855693,0.010946693867704433,-0.02752701405721558,0.025266719119067544
214450_2023Q1,-0.001908426752390433,0.05336844421981984,0.02186544930153887,0.04093344725122968,-0.005373725347466686,-0.015981569203692498,0.02760521971652495,0.02219018348718478,0.011350770182568692,0.0078702887502917,-0.01119257996874581,0.018642778146409415,0.014007104642586133,0.011208159473008496,-0.025286105217176346,0.01152642168989243,-0.011950452178984366,0.00025157669834944586,0.012213688997109694,-0.031595957256311626,0.062681530762456,0.09905588385632996,0.02998786907980629,0.006419762277056665,-0.01962748849908951,-0.035825342525124725,0.008374089079219117,-0.00031653547478174403,-0.012515028428815907,0.01692995000733003,-0.016418909708362364,0.004770268129324961,0.0386541564959632,0.014877629454184976,-0.003100288121401855,-0.0006639389225230746,0.008153423824811717,0.040651694088283875,0.03147403411839055,0.004999516773743315,0.012708044617786398
214450_2023Q2,-0.01791760596329436,-0.04812362535307921,-0.023022995476618978,-0.009932738954954926,0.010245530128142846,-0.022888322487736684,0.05820165896713779,-0.03346042651226833,-0.045214151490483925,0.055330406129588186,-0.009649777419733906,0.026014041263323563,-0.0030912144016269896,0.016449063397681294,-0.004001168631354752,0.03291613974225482,-0.002107969798686285,0.02965061346659703,-0.02542502255011617,0.08166219276150291,-0.039147372015557576,-0.010682560076786453,-0.006551092595705365,-0.0354721416189417,-0.011475180684211713,0.01336019208508308,-0.013402950538118187,0.0007136669727884678,0.010836791952028791,-0.02297543567207791,-0.008238477234453135,0.0005409044478441299,-0.026869437203093136,0.020531106666912647,-0.07804506260065881,-0.03183449557917051,-0.029665500973971515,0.012697520908535763,-0.00925645699770817,0.021025525974312755,-0.005789468905456761
214450_2023Q3,-0.0022261852831727044,-0.016545601714087265,-0.003676175735295318,-0.010362018085197947,0.015822666955856372,0.01540575533582728,0.0033061276100407226,-0.0054155312268452695,0.06128432209377706,0.014724069125558398,-0.015683760624154296,0.022670954588657984,-0.02154884536375853,-0.02291868008064237,-0.032755718165175,-0.055463160702309944,0.05243083649700337,0.040435308448560504,-0.001054469121045315,-0.019629897425279444,0.0017963649057354987,-0.04268125614959574,0.03129133130745419,-0.028351346936565512,-0.010178752308440255,-0.036845913626292255,-0.0021831535411725774,0.015026968765019081,0.004126331694689364,-0.018744138259522643,0.011537393262407072,-0.01775550162549944,-0.024739827780381654,-0.011067091335407262,-0.01739883423357802,0.013366845342465067,-0.0274440488141954,-0.011652013059071955,0.00909325203111332,0.011645876254225467,-0.007174224923670518
214450_2023Q4,-0.004057767582015259,0.0066331717516809495,0.008239513814972677,-0.01855504336852928,-0.012440728933700837,0.010044270347888812,0.0028610685497664707,-0.03905024383090194,0.0026636144744025883,-0.013137887514747332,0.0025539530563539457,0.0023417316685899405,-0.023010716130171267,0.005705962272029161,-0.0010273225224148308,-0.010949877307955139,-0.03619675711952221,-0.025257963689299685,0.022364271854924067,-0.021006573344605345,0.030064138778729772,-0.074140121005635,-0.04147298270569081,0.003786131495255978,0.01068890765107303,-0.0483989054657605,-0.0070004498797181045,0.013754696302539553,-0.030236672309938553,0.02850644934910757,0.017294059663444848,-0.014674938678228614,0.02350194915861111,-0.011631297374835925,-0.008461863598841182,-0.004390686545254891,-0.002596343127141419,-0.01524226151324468,-0.015253378684954754,-0.005521494896876338,0.014837213324978536
214450_2024Q1,0.07699683660181471,0.04456809089395777,0.0071102960535867135,0.006837869929945249,0.01037063190259435,0.015131237858066948,-0.042417825914915185,0.04341730670796583,-0.03428125054287378,-0.060734566976280796,-0.038411771841185355,-0.008388240178693924,0.04317321741086305,0.06813973688369676,-0.025473688684003015,0.009981101893889326,0.08854546462123093,-0.038900582431765765,0.009417416726453604,0.00449485700784924,-0.02214873571966068,-0.007647881753409703,0.036438694820449785,-0.07045064754202748,0.011337661259596177,0.003538775789643906,-0.03618511347301468,-0.00966034182371885,0.007387122618049509,0.019729099726393286,-0.011045746434640884,-0.03507428080118391,0.000431884205988586,0.04386670694050981,0.019476196033216098,-0.1156149505605261,0.010897965595697268,-0.02118461474790873,0.012528541317353127,0.008846747821874047,-0.03693290352373327
214450_2024Q2,0.004303114446681975,-0.0019666856798444526,0.0033756084843432465,0.014183993077730168,-0.012646567393123212,-0.03393774995655601,0.017430363053603334,-0.019318662740863683,-0.002229612839201603,0.015494384894302004,-0.0005887947365317524,-0.007245020036199711,-0.03378984347299309,0.010904770005862173,-0.0025664075503561675,-0.009652569217006987,0.09340048082942855,0.01424579178132955,0.004594754247267074,0.061793187040284234,0.1509538823072772,0.030871105055583003,-0.024167328788045114,0.009450120994536106,0.017352969564842828,0.06180056720263902,-0.002071059859820635,-0.030688943543892823,0.012118218644120642,-0.0028000668386052707,-0.01771627664627972,0.004785150006638889,-0.01995214044527189,0.010355263788770703,-0.004265692234800381,-0.007384050627375929,0.01731051767350382,-0.007277049783357148,0.0002639480461544552,-0.017082058473724356,0.06574899300243534
214450_2024Q3,0.008345598104397313,-0.0008336158824517092,0.01722745372191741,-0.0141857078932456,0.04018802731942239,-0.020231451051610835,0.014561661253110075,0.03264241050477802,-0.01578891364781936,0.004893823925269648,-0.006321631551088272,-0.04343084373976656,-0.03938677400836353,0.029442811488564466,-0.00769457971630424,0.04945074805522243,-0.04339383265046291,-0.026154628002705866,0.04777226926044851,0.0018813254729167853,0.030668888794357606,-0.020622846181964236,0.032760578591727,-0.06013027345787119,-0.05238178025193142,0.02961941866464185,9.464454083299174e-05,-0.009761831091770057,-0.013860711443503471,-0.014474636135583807,0.05256063753232313,-0.0155733454003017,-0.008897227140788486,0.08380256103629025,-0.024453955832967857,0.003560480758868712,0.02166681961368529,-0.016040747222824437,0.03385577218203039,0.06756492802420713,-0.05696283555522091
214450_2024Q4,0.015943817404261932,-0.033506230919636594,-0.011831147328524545,0.004964302040385884,-0.011871894079123169,0.009049606611864386,-0.0019520333949796468,-0.0015953828409711913,0.01546696962567462,-0.0728941455564796,0.0019306519520659402,-0.01246925613411015,-0.010444078617985953,0.005654348914636924,-0.014236555538390504,0.036502093548454795,-0.0030267089472294333,-0.0015465536363526745,0.05005659727782989,-0.01820061845020842,0.020958046002457938,0.03937362210693028,-0.004818301380146564,-0.045347241940500584,0.03451364695627772,-0.0103845303281622,0.019257946117027316,-0.047967968464311346,-0.02414672067847697,0.02859268723077025,-0.01237998834528798,0.00933650164927348,0.031185685781115628,0.014447052141498481,-0.013685051703679039,0.07810126618880985,-0.006097337485061898,0.025751417473275313,-0.06091409070355366,0.041167179297499294,0.003926380127588152
214450_2025Q1,0.02316781800996072,0.024885657658108122,-0.021255520999304355,-0.0070685286842313375,-0.018368456382393605,-0.01926231261736077,0.005871480534914278,-0.017029896783912722,-0.01636084553652177,-0.012662384509342244,0.038880768011037715,-0.009590888040537846,0.003755905186861048,0.02109990667178826,-0.03074241965533399,0.020504939093172216,-0.029741466133747944,0.0031969366399089844,0.016976411952647923,-0.009404578500798308,-0.012430788328825148,0.04883777669184202,-0.026289677301744346,0.018592263975780766,0.02336626609919039,0.026430837235145985,-0.017786966334730887,-0.00019459992878218153,0.009586631511951544,-0.028497464071746442,-0.0019943486207505525,-0.033247141581102424,0.0026006524892161677,0.01178217339672652,0.027876913813456066,-0.0004088289233866865,-0.009806817275530667,0.02847751042510365,0.023493197410072875,-0.027691630903694045,-0.0027037322047909072
214450_2025Q2,-0.006529792856970781,-0.0037582483182121325,0.02673604012599999,-0.030545569808302912,-0.007716121943799727,-0.017106461669439823,0.0046133557616386805,-0.0034561321704629265,0.01082432378037725,-0.004655815617048154,-0.03852870352025263,-0.015484388369239828,0.020056784138252792,-0.03588209753289866,0.0028846022718390513,0.02571879510016188,-0.01276842921203842,-0.009331355068138383,0.04135278031806681,-0.004559997585369412,0.08449590337342686,0.03854559386794792,-0.007819160304364458,-0.012943635816821394,0.015033924308251964,-0.01671942229815672,0.013177110443198749,-0.03452952274673083,0.026890383708126565,0.014392615340606423,-0.029074420644316836,0.01786245368925703,-0.014113616116184785,-0.03341085827630408,-0.010864032352729173,-0.019440735323492678,-0.013881497952228402,-0.056727571987765485,-0.019256326383645262,0.007389582732811834,0.056543813583397606
214450_2025Q3,-0.02062945390006661,0.005921723626115743,0.024857410077523096,-0.010248204959926512,0.0687709517067745,-0.058960250626731436,-0.02338984056825988,-0.005955865970657169,-0.031009191880191786,-0.04126912414818576,-0.004649402444191542,-0.029935362817292987,0.04978329277447128,-0.012657569652138753,-0.018075282489136292,-0.020633888806654656,-0.031191268884569676,-0.006411397732864962,-0.008685915390571612,0.0023569001009695334,-0.09455264356912627,-0.03889864015944924,0.0200112102884177,0.01997789923162946,0.012679093871882898,-0.0009109818899913948,-0.015279885465717456,0.03826915126340143,-0.01845535641829648,-0.0898800739568568,-0.018539475640039268,0.010753218708188617,0.045550961805233166,0.028272981835206816,-0.15124907798611037,0.04654540398589433,-0.02308519139272836,-0.0036221086968310848,-0.02459515555248684,-0.03416214209834813,-0.0088042680196826
214450_2025Q4,0.003930456109913613,0.07307067827262193,0.03411263343970177,-0.06746639204104152,-0.040317408592483346,0.019572943135591568,-0.039172503342928655,-0.014618324718274438,-0.005942879341486151,-0.013473245634368136,0.01992845167120579,0.01744467535445824,0.019297114579717334,0.006954853236529675,-0.029941511157527606,0.014159598515790336,0.008794958888333052,-0.1109761722029098,-0.08545941846893362,0.04341224086341014,-0.02447242902605481,-0.21778866476188316,0.037749010140380825,-0.07382901370225296,0.00400145157880271,0.022248499633833307,0.009301902707881643,0.0031047411811828216,-0.008726674714226453,-0.0010421576974134622,0.027455440498745314,-0.004126001404302444,-0.019755361990914384,-0.004460350176989333,-0.0011939778566121967,0.0035962151183924554,0.013097176250379927,-0.012905686782081385,0.02021823851407189,0.0037180431262338887,-0.027205050787367558
214450_2026Q1,-0.007678355916960755,-0.0012558288982667844,0.004031920124239866,-0.038286769921413735,0.00120397332699442,-0.026629272236050293,0.026696289332682664,-0.004904413008610055,-0.017163159336723525,-0.01063991607206475,-0.004653372100965516,0.023102010122240536,-0.0013910315068478632,0.020253920377814157,-0.009989728768864637,-0.014743486910590355,0.013821524228476743,0.07426454572157641,0.009056145094319894,-0.0002259694621804028,0.013852613208874601,-0.04520043426112563,-0.03929547149441969,0.03782971972146157,0.0973884900736911,-0.004912510024190034,-0.02840280178234773,0.0055530761804200995,0.002838570354517532,-0.04074254654423984,-0.008238923323026538,0.02471225293179321,-0.001647054262652943,0.015361219552695362,0.013710080493335015,0.032370697622058284,0.005102940373137875,0.0018678616108372924,0.010037316264085772,-0.005066488043557887,-0.0008257392152991455
214450_2026Q2,-0.04234841529834747,-0.011471768569571834,0.059274429552097704,-0.004544833931542765,-0.01601243123488827,0.05399511878730934,0.03289432421666826,0.03253522895878699,-0.039296181622276743,0.06144825614028378,0.03708977098948703,-0.00013770298317870855,0.08657681513239661,0.09088205948335656,-0.08587292297974944,-0.10581101756373823,0.07804682768931541,-0.02836890416967558,-0.030276661625913814,0.018158940352763532,-0.03961721810035712,0.036119478891800116,-0.005424501937979824,-0.05844253750349307,0.062178603941953056,-0.07664488176218073,0.027619770589812576,0.002619530194501474,0.03196308746916922,0.0076306848482218595,,,,,,,,,,,
237880_2022Q3,-0.010525484903591717,0.0016070764162227887,-0.005058011834590719,0.017349897059223927,-0.010602731030149165,-0.01737606984347273,-0.03319389968055758,-0.0536791501353727,0.0007233833424204247,0.004897154082194431,0.016440072319249065,0.004554554292750109,0.005115406510694066,-0.01500888129347202,-0.006076555382311343,-0.00661488682818951,-0.011047015633228735,0.017584366426041866,-0.015767350548197254,-0.013338593297771187,-0.009476565012867234,0.06231621976940094,-0.02081954164979386,-0.021016110498543163,0.0025678299362364727,-0.01147508258831893,-0.02346652051735731,0.017079344095350682,-0.001171372768599705,0.009037645931515705,0.003233387936606255,-0.004086416507011397,-0.009807752044247858,-0.002840195113674478,-0.0008324207486778146,0.035565917490916095,0.01488748165547673,0.00977800607440095,-0.018235081500653987,-0.008115561959045593,0.007299846809080329
237880_2022Q4,0.00654637989417904,-0.0016707931949518934,-0.011131772430434263,-0.008452270938242364,-0.010229976490793088,0.020554426647421183,0.0015598665850332883,0.018807070442811047,-0.010490347845394522,0.001668730457658374,0.01016975536707097,-0.020709395952350697,0.024763984610573275,-0.007624520972930132,-0.022852394111400897,-0.008323004450445502,0.007374138380427105,0.012012145189838598,-0.003204005777196201,0.01074080894264369,-0.006497695069427703,0.036023025969706565,0.01653729644309401,0.005982844550572623,-0.000320442895582182,0.02179869331309915,0.012888894974544011,0.016679529587635425,-0.00934072061796344,0.0098990031670989,0.02569258788006456,-0.013613928326915858,-0.006654462807723312,0.020575556830146332,0.009515473966803897,0.029968125122226207,-0.0025337110267932075,0.02092001348897515,0.013708817370673976,0.0365183990261031,0.006242045939813831
237880_2023Q1,-0.02842756112964523,-0.054435002420070024,-0.0032193602497411593,-0.01040062023435649,0.0029054910542721194,-0.044165065497474766,0.021458597028094294,0.004701189381897071,0.003403137706057999,0.0010787738533525396,-0.01572355448209589,-0.01270787269521074,0.015700420058599535,0.008496085503387957,0.012817436963144429,-0.022636409290820607,-0.01562076458276598,0.009308614847305989,0.0021421812922338213,0.008881100662149508,-0.02362900675725002,-0.022850357463988273,-0.02560335217719,0.02856389053650594,-0.047265421597704096,-0.024461154250618667,0.010966362197728494,-0.03113603918449419,0.0038006660207667697,-0.008631718775025242,0.004689485119236298,-0.028793617138903174,-0.017962480884304213,-0.005199414461478188,-0.014267705550510245,-0.013898562083529437,0.023850499757097302,-0.02726852841802442,-0.001797526090033183,-0.0026610624604714132,0.01124972260762622
237880_2023Q2,-0.0320548003765778,-0.0018245922268569047,0.025469377774894497,-0.0031495390449917454,-0.0097480461075135,-0.01742150739606018,-0.025935522747263302,0.011916447455124142,-0.02016402091107706,-0.030245700115741823,-0.028578617261072956,-0.011384782986969152,-0.014412926689108777,0.047557737288116686,-0.05631147391420733,-0.001000746876019188,-0.015580851096694562,0.0015256471062938225,0.007955947399538246,0.0034868838157290916,0.031046327589380186,-0.009497243523194022,-0.016803280932250288,0.18347171904605747,-0.07795900630059324,0.006249756117663971,-0.018973396868288635,-0.0217199274860043,-0.014239594237861024,-0.005884986789244305,-0.014329229613667472,-0.015383402645004087,-0.018601413888255005,0.02628847756244013,0.03837135360090536,-0.026214482817998347,0.000720396344786294,0.008161063064394944,0.011835639471670972,0.07846195013462709,0.07394108867465765
237880_2023Q3,-0.041523606622531406,0.012182265203689424,-0.009833229537937496,0.07662072155883938,-0.02544259019058106,0.018979541292619653,0.026611748868321072,0.010728210809697915,0.025811055696642417,-0.04788420816524708,-0.003605903532890968,-0.020882116224022543,-0.00883241728854002,0.031587177852446344,-0.01535931446476128,-0.006117022764563686,-0.02427085821486502,-0.016842227601702765,-0.012517995971857683,0.06399133403916313,0.03615493674443764,0.046315750874408194,-0.011225273847422113,0.0028608524357723562,-0.008991218171622569,0.010960664275714441,-0.005891718039988968,-0.015737723438150327,-0.008439144998845361,-0.018565578254555744,0.019523801803830034,0.031737080371415705,-0.03205127438741967,0.011866380307769459,-0.003199006698249585,0.01809293809185125,-0.003307685558146242,0.02154059296288214,-0.024162466713243427,-0.012423392029006998,0.005842622574041389
237880_2023Q4,0.011461992661929913,-0.008920354893582363,9.034948760505701e-06,0.007267278681947316,0.020676257931990766,0.0036008350098086957,-0.026492250408864458,-0.03814826147175807,-0.05106542627600322,0.01920587761718986,-0.006980333568544075,0.0112497261667454,0.0051465656099371985,-0.01214266497808562,0.011840523609293923,-0.01700176248897236,0.027842077412620465,-0.006078490011273176,0.01671681303144891,0.04288982153986025,-0.025086858831266157,-0.0045996399199255,0.01977949551746242,-0.013064725800374875,-0.04465732608951814,0.04060435506531606,-0.02578791540851583,0.0007290160937697583,0.007941801663515838,-0.009160219006749295,0.03397357254304001,0.02437918858527565,0.04048783753541714,0.010326742874878779,0.008839602412077789,-0.05436371455207598,-0.01058855193559601,-0.015109040583084321,-0.042963420625716536,0.007781893984694616,-0.011123151194155759
237880_2024Q1,-0.005225296720132706,-0.012053251867115328,0.04667868605163191,-0.015804411244091637,-0.025783708398965672,0.02415622830275451,-0.0008729572371565589,0.06602961101522596,0.006348393570907615,-0.010015984299122066,0.01801151502729258,-0.02795097142565974,-0.00455759566760641,-0.0025728925298242784,0.054796554794810964,-0.01624085386434043,-0.025779947204746207,0.005905365413267869,0.006111747996498376,-0.05070244910522257,-0.08408124236444273,0.048005516556035674,0.01316340185922571,-0.026681864083347575,-0.022191666237686404,-0.0007565908699623813,0.011183542774774166,0.0014683270959200724,0.03928820151720401,0.014105356335666112,-0.0395330985005729,-0.013486908660695067,0.007138602592234408,0.006560869493758122,-0.01583758571777106,-0.016643493518977752,0.009830152855309925,0.006368049928787169,-0.02934403362244948,-0.004758608867002919,-0.0007471133662885097
237880_2024Q2,-0.012532208205863992,0.01568009202970191,0.009620390360246778,-0.002231513359709048,-0.02115639996246857,-6.830013192908428e-05,-0.02311222638949796,-0.00799132794952864,0.028433662107844013,-0.000790624469971371,0.0008677366161598463,-0.019624583383100892,-0.02402174446082766,0.00875560704394041,-0.014083665706490289,0.010100844791500356,0.010264344917079088,-0.005146380421788013,0.030418478907437284,-0.01705781181248959,-0.02610558513723753,-0.01944465763671257,0.023085708868405254,-0.008447542338884166,-0.0007795444824686432,-0.016728638077174764,0.0056377395712052004,-0.013504199662281589,0.009920739517274535,-0.024360357132304174,-0.02578842571303959,0.03504329619198904,-0.00937515763198792,-0.003475199777335363,0.022690218059821472,-0.01254580187319691,-0.005313096085354657,0.009313741478365778,-0.009456276687256467,-0.00637485844642531,-0.03831378129234067
237880_2024Q3,-0.0037241583776306125,0.014381785942887445,-0.017375554453574273,-0.003980632146739743,-0.032266252900298685,-0.025673437208302414,0.014813978392161614,-0.08760407566258714,0.012668708137058246,-0.027204310092010627,0.002446921510651158,-0.02667251976022691,-0.0131615516610973,7.708292477114423e-05,0.024743039833636828,-0.0028739406451025566,-0.006376244363612775,-0.01929767905634183,-0.03255887232807227,0.021196399996974494,0.005859800021403739,-0.10875590081621185,0.04243689142245628,-0.03287658970474894,0.017784527230195458,-0.008442826733499992,0.012610237174769195,0.023065153540216935,-0.009089192873801735,-0.0014102162702728776,0.017570361565233866,0.01582741449845388,0.013846685031895548,-0.026453993556709958,0.009613421015256623,-0.005214475361956957,-0.02023681105754888,0.014616681222649086,-0.033319227896674526,-0.008641737388482904,-0.0053413972656059325
237880_2024Q4,0.022132067020794212,-0.008812389095637274,0.014891189002561443,-0.003913410523797827,0.04239353384346126,0.022281610820963926,-0.013497587944033489,-0.0034097202150688045,-0.016457367054188397,0.009035729763272372,0.008058595974675772,0.012736863178883211,0.004113283515208158,-0.0042379286576684615,-0.012412803464848795,0.004205785513954095,-0.0035408486827539585,0.024516202771660747,0.03906340242762338,0.01202079103747324,-0.024024914525234687,-0.06251162111202124,-0.009662493074790921,0.018157903165255507,-0.0030281812099501515,0.03990087524688965,-0.016560285636999832,0.003759173514062665,-0.003781812608873678,0.0680048696361342,0.0529518574808262,0.06826372332292219,-0.009537480383665184,0.018318426892416625,0.016668485820211656,-0.04105556379366617,-0.02860482344495127,0.005536201551912543,-0.026211946763518585,0.03178718616995764,0.03462939828001722
237880_2025Q1,0.004517552418752652,-0.008497865200824906,0.0008018716875329721,-0.0071896293709490695,-0.001284624312319342,-0.0006414115979884996,-0.018522235502016524,-0.02473278264158358,0.013071318524193049,-0.016055474554755575,-0.013503910259340909,-0.008807776304518481,0.00688467578041457,-0.001395960091507352,0.020753536821196086,0.001044160141867958,0.010702879209527026,-0.029712713704711548,-0.004617395930854518,0.006456348127851284,-0.010503698676825334,-0.1351741819992751,-0.030755933047713548,0.024568346628038057,-0.0088731255255717,0.005189265168442049,0.007576100883051968,-0.010647000827586246,-0.010775239188948,-0.00482633132285324,-0.0012643163476123587,-0.009055236397297616,-0.006769122811734097,-0.018928882145207698,0.015133360856305967,0.007252484754830792,-0.005321702935183772,0.021773899462459913,-0.023691488617836303,0.0010890632277074748,0.011670322804039186
237880_2025Q2,0.01210527018809082,-0.006087126457696155,0.016243642086122754,0.000482815583344072,-0.009255528178663142,-0.005487014540308307,-0.0046283487683603745,0.00275308504538801,0.0001823791722897379,-0.0175313059148135,0.008284125860561577,-0.00562557425633904,-0.0034254786850578325,0.0009851838914697719,-0.017955447711244302,0.003560904274916843,0.02081056360352661,0.016131645481764528,0.009943460118143201,0.023009315289421656,-0.004071185105484213,-0.022826023279854182,-0.0014007672290580007,0.01019164656357143,0.0022680893152274206,-0.010955850485950765,-0.013551404596150654,0.0314449316725737,-0.0034181741281777804,-0.0017836633938683646,0.018921595980801845,-0.009847790322178425,-0.01854524791382221,0.011525195124149241,0.0018382674727005595,0.008356188999122048,0.008519826557528663,-0.00724593534484659,-0.010921332134375954,0.005441566659422111,0.0034757374916899618
237880_2025Q3,0.017172160218064267,0.005379617410305073,-0.005553115767177902,0.01913819256097612,-0.003008869743187167,0.0516700765765916,-0.013576833118111219,-0.01913123933064306,0.0018378478599606213,0.0037116420677050944,0.009495642472874244,-0.015107490805943279,-0.012453797866391393,-0.02639256556354248,0.016790750444105433,0.017287077307358435,0.0005080982051805672,0.005035575303847172,0.028502879101848334,-0.009101338958600248,-0.004063807102215948,-0.00903962886098755,-0.002356758090429878,0.00884653646676625,-0.005378210200465241,0.00799208885631622,0.016757084676832054,0.013905740593415051,-0.013528011233709954,-0.010293665517694874,-0.000449175208434305,-0.004939367321467252,0.026602434927059215,-0.004330389599065378,0.004549668362986993,-0.005819466225723026,0.007431551357802867,-0.014962891420319847,0.0008462733438373993,-0.008161609458278003,0.01704680381174444
237880_2025Q4,0.0023009788367921516,-0.0181058126182701,-0.006000322229712994,-0.010550274501241597,-0.008654585312087723,0.015987222626696326,-0.017862409170999367,-0.007104473649514586,-0.030878922598367033,-0.01335051173063061,0.004610955245946122,0.0035444513600382498,0.015067434594053235,0.008262029749045852,0.01620163058302165,0.002686428322898074,0.003131300842820435,0.009327805001820816,-0.0019162583403317343,-0.004626479469583322,0.011178214691457505,-0.022360299229895388,-0.003343473084445237,0.015050580366690856,0.008470967841575293,-0.012472767146238427,-0.02169025194309291,-0.00742875182011103,0.00967844598076615,-0.003359618777955403,-0.008521911213497074,-0.02405240330777004,-0.012319138672839729,0.004326324313474898,0.0018295498741666603,-0.0001509729881881577,-0.00012020528419260431,0.01570429960458552,0.0013783703706610612,-0.011552938307678649,-0.004428680262923349
237880_2026Q1,0.018518970509005236,-0.01655826668446736,-0.019837373938584972,0.011861479515981665,-0.009967590962150406,0.02129102768006668,-0.011807027611721754,0.01272123924601435,0.0012648074307988412,0.008064288314063008,0.002556323562545528,0.039497990987031426,-0.012357110743414312,0.011682178915142841,0.023515753257792087,0.0015136762062410332,-0.010120761474287816,-0.007292877066106353,0.005934624342585327,0.00549995009591423,0.0522065136496,-0.05487831435108219,-0.02685048730826562,-0.009412742858639614,0.020286563743765848,0.029044265506259787,0.0025218979949676278,0.0009982266475926892,-0.017909048332754297,-0.007872662994232737,0.004492816284952253,-0.011753319858403437,-0.023362040299254178,0.04914076208854599,-0.04181142306579634,0.014735256762117975,-0.04058081742992806,0.0361215939014441,0.008129020442177823,-0.025496351659159765,0.024089168359867193
237880_2026Q2,0.010611092596935441,-0.01021882063620393,-0.033247288397876884,-0.013608071116100635,0.0007949312044309934,0.0028335662545669327,0.0007248253645009868,0.028323758902711275,-0.004744419194260538,0.0040969871074439945,0.0713751521106772,0.014885037322165277,-0.025276247192429296,-0.026140040390107498,-0.0057573337588055174,0.008012357071602687,0.0034746619225615423,-0.015280357113004467,0.013425085548488501,0.014500192484698901,-0.04093005777967644,0.24000110518038975,-0.027073565797669737,-0.04061660400877922,-0.009442756307254843,0.011444354102960894,,,,,,,,,,,,,,,
241710_2022Q3,-0.015346941380503642,0.002749037590548205,-0.011789611255023938,-0.01576395001310643,-0.02057363450004778,0.0018918646547868637,0.006432499381450094,0.009212222136543376,-0.008673976896963516,-0.0016328388888324748,-0.016894697180960015,-0.002625614941717907,-0.03382415777177632,-0.017002643604679048,-0.007904055663482509,0.01260551353752853,-0.010364842676227603,-0.013715401543559384,-0.005441068183029024,0.019904473262966082,-0.033793819817110736,0.018372832245342002,0.005282260803240971,0.0008049847471491445,0.18603427787533086,0.022229486273289037,-0.048986556635937484,-0.027342927637334175,0.017744822585164143,-0.04484261626110586,0.0016019667375183765,-0.0032838713903822966,0.022065601518107672,0.009571975302207106,0.0060030484171615835,-0.013448205595455972,-0.009141697538700061,0.015349031530778136,0.029682243100953715,-0.023000632813641633,0.008284561215469914
241710_2022Q4,0.004543696694393108,0.007256061056804179,0.0037996823516858735,-0.02996357884461709,-0.00946663705729429,-0.0036123109284140684,-0.008031960748824648,-0.02227440688042537,0.013741107240021939,-0.004074794223710263,0.022459588480911237,-0.008734117218031079,-0.02176423357862103,0.007394445201368339,-0.005340686753474995,0.011721821514745726,0.007919404349559818,-0.01580532582902905,-0.0020811826699285545,-0.005423798970137589,0.005312913245794172,-0.029918849354027888,-0.005794159192978328,0.02941152277910682,0.017085952769186084,-0.006355693434023098,-0.01784844863010219,1.2852630639362608e-05,-0.02305417269130809,0.0077933621895811996,-0.0012870052308316879,-0.004079705383247612,-0.008413781949520686,0.03692642051401403,-0.026285772201629604,0.022878999423587083,0.0025075456736253984,-0.024439221021810762,-0.0017066767041669598,-0.003314466679180632,-0.010343690341487332
241710_2023Q1,0.004599133748582753,-0.014214235058968974,0.04066370301978097,0.00406421513368632,-0.02296419037113854,0.02586713820783233,-0.0006529237286112114,0.03884004757993073,0.009638707763078763,0.002278117281835912,-0.039004933422584424,-0.01265814654247311,0.008935165490262414,0.014944617403112127,-0.01848035338382663,-0.00433988559737156,0.008269982219890708,0.017607736490242828,0.01180489089963696,0.0031514395024589605,0.0008528253989539443,0.2640125965429879,0.13521423148523676,0.007160386128002658,0.12233803182861798,-0.047907490027200156,0.0014492197019492087,0.003357088520510825,0.010114700490515436,-0.021673192011788682,0.028762964682614404,0.012738107463200957,-0.011816026531311868,-0.003636485403478929,-0.033280384019487776,0.012330323732577671,-0.08159478757360768,0.14059933146219353,-0.020462706491773126,0.005286518154702241,0.039747266219250135
241710_2023Q2,-0.038669211056406264,0.005552593380830603,0.011165521877140375,0.018318731922231435,0.04614456046453265,0.011049673128196331,0.022108225634926582,0.0007052493818065966,0.040941030111826315,0.029258303845579675,0.03168764744309205,-0.06399871647883734,0.03227933722318396,-0.03925867744452936,-0.06834533990177175,-0.04269736950466426,-0.009395844930701412,-0.025012161104450065,0.08415111646648915,-0.0012877616912794184,-0.047550892720998925,-0.18870468693939338,0.01556233742212762,-0.07285540332237055,0.03261140552821542,-0.016854543035165814,-0.02905065865638476,0.010400283401517212,0.061494605566001365,-0.02890366089728614,-0.033764954752641865,0.00790248725253408,0.017758329869050078,-0.0025359415633421593,-0.003199727652670098,-0.016800055949728637,-0.018399177491550962,-0.029561976724599835,-0.03737164117663261,-0.030481163147786528,0.00602682416791946
241710_2023Q3,0.006722281110611377,0.001739163867098159,0.147197523215669,0.08144643297356818,0.055727741628709734,0.016147231205411033,-0.004687620007417414,-0.03244845909352929,0.04826970846552914,0.026590771184381246,0.01428531631934788,-0.029917185381017678,0.02397987001547796,0.0035089296833450585,-0.031772378171664784,-0.03050974678466021,-0.0102621281829361,0.02324823875016816,-0.07490120386033638,-0.02563380453413434,-0.004675610389125215,0.11051545539324575,0.018092344766825037,-0.033598679520727204,-0.018523195767690424,0.0447192253475847,-0.0448700331261897,0.031161265780924617,-0.00014307874062117684,-0.007273042597573345,0.018459969434773307,0.006000459901199944,-0.025064746565697016,0.02124013168056707,0.01215152925892182,-0.03358525812069681,-0.018008220418347747,-0.015154705187761474,0.0011670989799030772,0.01976543815151765,0.01421688068777486
241710_2023Q4,-0.009012799605267127,0.017305958128834995,0.012616756962231492,0.0017820609058940423,-0.00877390884755172,-0.024306756744483394,0.021207191645672665,-0.014283854937615546,0.019496817281755112,-0.019407526729091823,-0.015384339591527428,-0.0004945633939727953,0.004149486605942642,-0.017916213266972895,0.014556053903451514,-0.0038678708885442168,-0.013235363968660117,0.02213187283152429,0.019761313500437305,0.010912617913186939,0.021103688931475004,-0.06924598476815386,-0.03393516449228516,0.03763767274355023,-0.01780487367479966,-0.019837431567804847,0.02637370563434125,-0.016941001024432988,0.007676273504433329,-0.0006083598814427948,-0.006814383710724372,-0.029726235636230287,-0.0781145355173735,-0.03576583134207256,0.03797031014294499,-0.02115463839350192,-0.011292785736050871,-0.03151569609466739,0.011931495047241013,0.02005939555824675,-0.11885557772767294
241710_2024Q1,-0.008761482068072689,-0.02087548435175617,0.004859371005881012,0.02076019309483496,-0.008413550078351815,-0.016233915881188384,0.01749843964682745,-0.05372478498670147,-0.013835731708999419,-0.007315060555577861,-0.014598574096292578,-0.03496852769907141,-0.02668319915875004,-0.03962950914492214,-0.01864521095616081,0.026401482307041327,0.0063397090101699645,0.05909933386809427,0.025445314801516787,0.0170109448823655,-0.051324027792691955,-0.05083794497664489,-0.00826952156726011,-0.030782992763083182,0.002398591966853332,0.00013859579132925043,-0.013703779820674084,0.0008586517552766314,0.061443170161544235,-0.04859177628602066,-0.00406815752293555,-0.02167471384304464,0.03576445242606859,0.08288951160652797,0.05665635855412183,-0.02382351089443157,0.007893489070488004,0.025689721582879257,-0.018494005906626566,-0.0011134442933490977,0.02682258150604734
241710_2024Q2,0.027617758961561677,-0.02243068208305429,-0.030042870613932852,-0.012723395812413068,0.011941992118006705,-0.025414597297267725,0.020679017498439572,0.030701752050503482,-0.031466131661638974,-0.03185018145100368,0.005114218422296632,0.007039373000918485,-0.01702124926828852,-0.01301821983982105,-0.043175357401464456,-0.015430865956223491,-0.0295543523247291,0.07861130651490014,-0.011866686971666741,-0.02014065264885791,-0.004330721157851583,0.049556335148856503,-0.0047259780921826994,0.03800003461273091,0.030610054388614027,-0.007190862779795674,0.006046580281164583,0.023336575287775142,-0.0037571995573732033,-0.032471530913563945,-0.01753650964234072,-0.019610099786587617,0.013813734624863535,0.016242521270184298,0.03858294692673766,-0.023403888298157753,0.0385099404005623,-0.03740731429713763,-0.023147757242558926,0.03599641557799136,0.0012208330458387262
241710_2024Q3,0.0023210082024058692,-0.014214969952309881,0.010425683807813694,-0.0033478343076178384,-0.0012977773033691076,-0.023737257667704754,-0.00443046689815918,0.009046175190182457,-0.025763523023651376,0.007298077365970521,-0.0017030984495725078,0.010433501773572102,-0.0023619986454271845,0.0290708378394282,0.03560019067648739,-0.004946883631318781,-0.03227788024260968,-0.01986769049424269,0.0032204379641116165,-0.002585668110760834,0.04558198055221512,-0.10829194518265373,-0.040187581091280226,-0.005528982707407478,0.03439968993339917,-0.0528809947403535,-0.027595163689396632,-0.039333153576398404,-0.043452690101340535,-0.003225661398017282,-0.018777202690031955,-0.010508797344388312,0.004401896040485858,-0.025562496780415313,-0.005001378369965311,-0.003552309274198317,-0.027190613569033288,0.008688773563767738,-0.020161000542036712,-0.043898906893049455,-0.0060656078504463945
241710_2024Q4,0.023413453599789785,0.04826986674399089,-0.03157896458825765,0.00011936826835663716,-0.017044343736065573,-0.012435294244725028,-0.012508498513312725,0.019075379013936127,-0.026502003486761995,-0.005235952064548112,-0.006864525212111668,-0.0036038837479557793,-0.0024326749746333776,-0.0004368434906530175,0.010326444654259134,-0.017928077843760715,-0.01609413138128856,-0.02139114030181133,-0.031062380948160804,-0.0224272721621581,-0.0029348755365777163,-0.08087778370077854,-0.012335166126124217,0.03872591795008876,-0.028819321964842777,-0.04861216759092988,0.028096474267704324,-0.01994090954455499,0.045739220162649474,-0.002692585920946997,-0.0338964933916963,0.0015779143547083752,0.029476374255296436,0.007389990828234768,-0.01619710461759297,-0.01012961365535541,0.015073460629338849,-0.013065210974414192,0.025157545643374857,0.01441763300266517,-0.0029669646062490547
241710_2025Q1,-0.03841045286672107,0.033893841961208725,-0.0016241269783114388,0.011781268652662054,0.0026889979571379187,0.011531484058659888,0.009084575865152204,-0.0038156631566260996,-0.015693834248997382,0.004385451849106726,-0.003719660251862548,-0.03005219597607419,-0.07129200623194155,-0.016784195712777287,0.007894817453877377,-0.01907004096673428,-0.002636823214623822,-0.001626511933332104,-0.018737555362069495,-0.0008454300370047772,-0.03196769127380667,-0.0072908159367157796,-0.0068459082240818255,0.012721303373248616,-0.02900284828660548,-0.028882326094260547,0.005747579362560009,0.049448614457599495,0.1146659294947622,0.056041761803343734,-0.05452994784081596,0.01794093301555787,-0.017252874495032582,-0.021139519067466115,-0.014627234765753186,0.012074888237873366,-0.013047242082894405,-0.007907925123531124,-0.018821451100257472,-0.0019635643890066074,0.03038185683854351
241710_2025Q2,0.025695282065688316,-0.020382337899817055,-0.00040960578760280975,0.002645137373373508,0.026765374244017634,0.0006387458832124615,-0.013386494755293871,-0.014897326461109008,0.01340264761849265,0.020092289204521115,0.0064938181043234615,0.010253772890231917,0.005466743922242303,-0.014355082803162007,0.002940954316612572,-0.019496434269136297,0.010061427358698784,-0.017631704198704856,-0.029113675916722523,0.003947785660041225,-0.008289853472210465,0.031280993132180517,-0.03217179259333321,0.04174288855545758,-0.011997943305563384,-0.008261862791668486,0.0006691872069414292,-0.007185199090047507,-0.025578289519860097,0.015308148015388184,-0.004400008191775436,0.0010731253474820963,0.015052557511792564,-0.011652622568250849,0.0015689435232203452,-0.014754044850905229,0.013209596121105413,0.016742056338659047,-0.01157846669745433,0.019809641412162196,0.0751956418761622
241710_2025Q3,0.009210889238870252,-0.03757488316804325,-0.016369500422501952,-0.024133298012438395,0.0529700894366322,0.00470392818062834,-0.0023065672330819,0.037076612314269924,0.001899600601706063,0.04554674484669936,-0.02760954130311134,-0.007099418291662166,0.016782731129720816,-0.024500621373219515,-0.007426125309275097,0.004510257133521146,-0.002771164779854729,0.006544895096859231,0.001885191951859387,0.06733455741410348,0.03519927778885512,0.13444758144579233,-0.010166700050563759,-0.0082738267691852,0.034658703454429333,-0.03636284517247691,-0.02306795908514088,0.00434614226957387,-0.007344953079604841,0.026181023528048682,-0.017940029922188922,0.009151106683253894,-0.0011030184084286077,0.022564430052108654,-0.013003034546723427,-0.01090190047325666,0.0558827317135001,-0.044876060860502345,0.003032277117733448,-0.004320174788599808,-0.01698177862717931
241710_2025Q4,0.0613198566454435,0.026689477410692074,0.03879604130310082,-0.012280698527581067,-0.016935489595919936,0.034333379239915474,0.02383066609013658,0.0423072416534541,0.05979141302343806,0.040215605385709126,0.04096438083117683,-0.04554937549564797,0.03104938061918097,-0.006203405324497948,-0.02887119775677706,6.926835513624847e-05,0.006371710572270001,-0.009499596331175624,0.012263171896432428,-0.005339661843969272,0.032468371916791416,-0.18141128831215816,0.013087986819621221,0.02030103261099398,-0.001246086673666727,0.005251408510563495,-0.014800747870700404,0.01680243299968885,-0.02041804225543746,0.023213489906393568,0.0055618981060825,-0.024604826730144247,-0.03574367353820144,-0.014483695104298613,0.01965239584454093,0.007980464053336411,-0.01662423734557657,0.01578486174964177,-0.007542737007669886,-0.011507857264345549,0.04869852702222921
241710_2026Q1,0.005395434208404944,-0.0024108079380051883,0.00680529629446119,0.041313019354552644,-0.014625584767568499,0.002067377292855794,-0.02155205057561305,-0.014825089753804699,0.014480067941906705,-0.003444780987382177,-0.012294344960013666,-0.022073245271992784,-0.04473261203222766,0.01411644906454053,-0.0145082923934525,-0.023648355733344697,-0.001688027962562809,-0.02355557798766544,-0.00908872191590757,-0.003324053393535362,-0.01886003541618664,0.10810188983202354,0.07165028809594436,-0.028778326344926348,-0.031153819844956597,0.024762440785221294,-0.07102605455410724,-0.036346648769993085,-0.008688466442163749,-0.0016477806293615266,0.009071960889307142,-0.0020944075989521305,-0.05978097586441927,0.029829497477865938,0.00644447710341038,0.006017815595387923,-0.003109284104655871,0.022324843264737833,-0.015295273053470622,-0.0029217652694101467,-0.01671667411528697
241710_2026Q2,-0.055956849507952613,0.047631544734927506,-0.04346498196868644,-0.014809786221667355,0.012862728640282383,-0.046229102848199984,0.01996549862270252,-0.030426321207693723,0.043156041944079085,-0.02505168055446195,0.02208263208779821,-0.013114643768363295,-0.00873107327838543,-0.016178257052587082,-0.007332614908976007,-0.015903619646688256,0.03713149792675161,0.012685198290781581,0.053403927205952655,-0.00571915798505946,-0.01806553461371694,0.11426621417339779,0.054609637061512895,0.04834095158367517,0.0032214346343989175,-0.008267970427709694,-0.00108198943075019,0.08352589846934844,-0.0035117004993969123,,,,,,,,,,,,
257720_2022Q3,-0.01743604123129172,-0.0029978584111362773,-0.006405433652941522,0.005774222544665954,0.020178899201514357,-0.015050583069037487,0.000208076483507332,0.01791523661233192,-0.014965050062269614,0.019902327813104956,0.3010122755642141,0.00946202478236667,-0.016361551759294057,-0.0446693067790489,-0.03259604536134196,-0.019298170825183883,-0.016315498816528686,-0.004531497522504358,0.031205095738314675,-0.004031595522024458,0.008867468760249641,-0.0279147560824536,-0.03577655859795803,0.008078238807788053,0.025926965670337438,-0.00906510670973585,0.012455100516025391,-0.025036541344895274,0.024088022922057466,-0.017654215375647944,-0.025214750037711307,-0.016174850466745577,0.018971079057634052,-0.01502071735314484,-0.031076623714009353,-0.002276665859519654,-0.00607771477835122,0.015241189237495439,0.010558995743242355,0.03724977569085026,-0.001980994239298362
257720_2022Q4,0.046696422705694365,-0.02649807798431872,0.013907993423004326,0.0845217073156514,-0.006901672534063024,0.07290305027567419,-0.013067832452556289,-0.051185682765217996,-0.04010479483674159,-0.049969421235841596,0.06760540790009346,-0.04724528437084848,-0.05907689981864718,0.008706445259208311,-0.017277024385693694,0.013339602529111004,-0.018710995544820433,0.017021030382842924,-0.006505349257626594,-0.000685458247634961,-0.04277053121743485,-0.028386170557120862,0.009931537078274648,-0.008535345883363417,-0.01945207880024732,0.021013239385436613,-0.015043764137454792,0.018326130407901414,-0.034737961950864274,-0.03727901367407603,-0.027316341375317174,-0.04344931003014045,-0.02471445435947197,-0.037875732822786376,-0.022035371068080154,-0.009826256945109867,-0.0180725790752316,-0.00327466887415101,-0.02069023878477496,0.14611845343736182,0.05596332170832993
257720_2023Q1,-0.023935089188240076,-0.0366439933282295,-0.022585774944358757,-0.010085838885109114,-0.017358791441143384,-0.0029482071740901776,-0.02017865076975124,0.14484184947013073,0.05609261113026331,0.002319455200269511,0.004642342828065093,-0.01124718540699539,0.0368711419168721,-0.016209522488004884,-0.041833613193591176,-0.017961483495068445,0.004766502265036977,-0.016549949182627293,-0.02117915911154018,-0.003913229990542293,0.2536139168510068,0.16141321645469325,-0.022040522274223318,0.03062974833269219,0.06971968203025586,-0.013175425845467915,0.02422644065425764,-0.06811024606752313,-0.029901971065783708,-0.0047269911664386864,0.01549698397095364,0.034134578680192,0.07975953729295644,-0.03750310929716887,0.01926987941388624,0.0602298323705229,0.03823321596418722,-0.018826111203978896,-0.026121275587494844,-0.04179206653386888,0.010057844465505878
257720_2023Q2,-0.007732456115543938,-0.0016498060326893547,0.060462925182106456,-0.07860628229898436,-0.014682394612484257,-0.03171476546690406,-0.030867834026570024,-0.012545628276757346,0.018804415621956096,0.025815779661230262,0.006364182440556903,0.043401477137266616,-0.006681317265981581,0.058725683639574366,-0.022094903453545516,0.10506434766695644,-0.024177962013149687,0.01076044408300339,-0.033336376983102704,-0.11337063487938978,-0.049920729745340495,0.03727899728509127,-0.053447592059788496,0.0021143324587486858,0.01539621159667722,0.001004106921135079,0.058510272568803576,-0.032349463424968486,-0.021911199213413904,-0.017768454588092418,-0.06183980401336955,-0.011587174257848781,0.033781319723369105,-0.02943054736811586,0.020713748568365064,0.011988621569743294,0.04686554141583885,-0.007729363983740873,-0.05464128627474688,-0.027732640835851346,0.006727945821262832
257720_2023Q3,-0.05982101440424406,-0.009864416124207142,-0.026572422356920672,0.0004933832243032947,0.035027895115153446,-0.035566142623939076,-0.035557409639099063,-0.02146163461369591,0.02065644299218787,-0.04170931928318195,0.013528068985456727,-0.06532904771078707,0.053900387894280324,-0.002211296305598379,-0.03809307566975384,0.04005774433679705,0.02515201870388598,-0.03314829447928398,0.03366546334522742,-0.033486097158165216,0.02649905008499324,0.02100469733600915,0.04055298522051615,0.019677123588391722,-0.05802139014031473,0.044828441166119226,-0.02482774319760635,-0.012548763838337595,-0.008842021327026354,-0.028855825120687646,-0.01732729247764354,-0.0023880209151870965,0.0471242405910711,-0.033166332372877076,-0.060813499278735125,0.0021678760804107523,0.013410238723171515,-0.00980704259251281,0.03173253064564297,-0.049940196900018705,0.006821998982813215
257720_2023Q4,-0.02925739082994,-0.06805266380336626,0.008480344003081383,-0.003466329546509902,-0.022442253131602592,-0.0560049594351904,0.012371360278148572,0.004892340135587297,0.028498973655836875,0.0468520436295179,0.00276898932431339,0.001457191076287625,-0.03949294365739915,0.002115336497627407,-0.02748997596576514,0.007482003204490875,0.02605659536988303,-0.024972775514175243,-0.012017394852110268,-0.01750713505729775,-0.0008436420890895668,0.25263838749849127,-0.0748180336554917,0.02944140344081217,-0.01300595787542547,-0.05024202169456814,0.001467137788939886,0.018039474730640756,0.015371096035878223,0.006299834406030884,-0.006425775555131226,-0.016181383077148375,0.04152120970577536,0.007713605101180269,-0.01812161584873527,-0.019015246129963213,-0.03298176498079092,-4.2770798303526716e-05,0.06029206931527583,0.005417987190601265,0.10892812003390392
257720_2024Q1,-0.018691613083355537,0.05823948557054039,-0.0031406596983346094,0.04768263454349595,-0.05159146502502246,0.002833952363445408,-0.024561327324241072,-0.000475829762874129,-0.027297187969380705,0.005309703781801978,0.013524990386473396,-0.016144290597606706,-0.010768691388282771,0.028014136978270193,0.023329179368407137,-0.006662493804332009,-0.0016469935187220057,0.006736371493089045,0.05325059712901407,-0.028863546194575526,0.24620494290417166,0.23441832376089886,0.02313342183969147,-0.0026448575447598228,0.06708370540109103,0.018868931255554996,0.014604211324059414,0.010762586565386867,-0.04236268027428214,0.015553474016822347,0.066511267721065,0.0864382334199058,0.04886527601028885,-0.03443933979353658,-0.03431723825513234,-0.07152729716545861,0.14239451195984393,0.004216939659852547,-0.025089265620980666,0.04768477063765885,0.030221092875142817
257720_2024Q2,-0.04382145428962152,-8.959480933578429e-05,0.0005589589943835599,0.03483534277537205,0.018190784719868063,0.028220330607834708,-0.04111690813764074,-0.044171779805132,0.027956213433087768,0.022743506303156982,-0.014283201995691257,0.011012638301541186,0.008114193369835335,-0.011181235223588479,0.010514460525260255,0.0525419317891343,0.0031131797057328027,0.032977787451166224,-0.0072417503539078595,-0.03125156964054392,0.01500400206707047,-0.0773868739487592,0.0750805417270134,0.0025004548789011715,-0.03016901325631077,-0.04202559206674166,-0.01594088005009605,0.019546758187620875,-0.034081787097248246,-0.022291269651817446,-0.011829207535509801,-0.05284951203099356,0.031882341961854646,0.02904726735979382,0.014046382063824803,0.016472722472945726,-0.03448962591281768,-0.01994055447464148,0.04012316449396634,-0.04310473942728191,-0.04175085679646233
257720_2024Q3,-0.0075780208362429685,0.0029254360343695758,0.00656822490245712,-0.026111912186171475,-0.04176080952673007,-0.0025834668467150275,-0.010582590242855794,0.027932016772197733,0.0014034521883866911,-0.0009863354270156222,-0.02574571899803129,-0.0046646372484322254,0.03881362929723853,-0.038408741277030714,0.013270771232225316,0.0205566636530615,0.017148959951094795,0.02038973756835552,-9.633302574765801e-05,0.03172793737128578,-0.19348209085416568,-0.04316191066072358,-0.027820895200757267,-0.02364430092591186,0.030341070354497467,-0.018517560427328474,-0.05042058427490411,-0.013021771041816853,-0.051272319114454665,0.026274952262496702,-0.019061363597611566,0.007117710340993635,0.03236005342393534,-0.026173124867998068,-0.021781761513975838,-0.00944468191223364,-0.0021595903131764807,-0.011319348489785552,-0.03718511825041926,0.029586629914201523,-0.02151618990709061
257720_2024Q4,-0.03479486848729569,-0.0007189874414373354,0.010034540025687348,-0.04752221229444323,0.0024559592031777044,-0.045228356101771755,-0.04855735162746674,-0.07347905280179096,0.015909040023069643,-0.00992037465385577,-0.014377278775592753,0.046156849421822466,0.053626100331293905,-0.031812504493740935,0.005379026293649785,0.010796952662263694,0.007529138533037258,-0.03138844236133023,0.041167177948809364,0.10950913861196535,-0.05633292737376501,-0.2230890676175907,-0.07473082756616692,0.06333735308054653,-0.04433661351649116,-0.02610371339389934,-0.05522749116343639,-0.01387757718673525,-0.024582840722735574,-0.008341133079486345,-0.028714616012843308,0.051806373967115196,-0.008364832030073713,-0.013836738844702292,-0.008445294776255505,0.01978676570746176,0.0626007966523323,-0.02587746737297317,-0.012864134828680075,-0.009537693207192048,-0.001499634964219872
257720_2025Q1,0.04293753061375937,-0.017042880469377228,0.015953988375909937,0.012091890321322806,-0.007995723725404321,-0.0031464786289236747,-0.0011863672379113649,-0.004736186439531482,-0.017828990627760603,-0.0006059729753551263,-0.0374811186337487,-0.029011414535407294,0.09636578857946063,0.015199660559739802,0.0006972104521960482,-0.009441763790884253,0.007412733211176522,0.010870398768389227,0.012287530316450107,0.012432475060377035,-0.018066963038401367,-0.05758069828491609,-0.06152417005871427,0.025837329836245822,0.021558814589192763,-0.01697710627385648,0.08363301619741059,-0.0628876653266465,-0.04317092564635815,-0.011305830802860413,0.033353905884122334,-0.026431025930442067,0.09903953683026814,0.04634539671185788,-0.01701386907038217,0.043640277055515715,-0.00831099180533627,0.001224038169261277,-0.0278593993646895,-0.022207380970813432,0.15248459131995826
257720_2025Q2,-0.03597774288303164,0.022272309073192394,-0.038580545975599276,-0.019826575793001226,-0.004965520189615116,0.003222158668257524,-0.008517943720082632,-0.0038506995763961972,-0.0003848593059919622,0.007901251272309855,0.005493912615823389,-0.02637799453750605,0.021632219810742905,0.018650266181659613,0.0002889555476989353,-0.0018912055384275664,0.02169003876781558,-0.04455814058842283,-0.0419860378435604,0.02088698794907678,-0.11794064473158127,0.025248776501768246,0.034932495238449934,0.017970761746037987,-0.0038333875704212317,-0.013844998101182223,0.008409657152333154,0.005924687595016118,-0.0304288667657339,-0.026240783106707216,0.020210986726288384,-0.015623816918700933,-0.010420455644428481,-0.019888078206666777,0.018161970902413255,0.007969040777212737,-0.009897961924357494,-0.01656115221187414,-0.0094875165564554,-0.006539288358287494,-0.044126628294336334
257720_2025Q3,0.005184325980574505,-0.018506880117818217,-0.012433705454773332,-0.0006259902352211697,0.024792946306031804,-0.006877445501210697,-0.020006267170651116,-0.010577771856958976,0.040682041748576536,-0.004862080446250933,-0.01715497438939573,0.028773173186815167,-0.00865289073850703,0.02515224395196638,-0.0102635449944314,-0.0072685260693809645,-0.014436355379397062,-0.018561180562791685,-0.00885928535921042,-0.006350785068185715,0.1134521473736858,-0.00834359935476528,-0.00236762132486322,0.005500751599504406,0.054601943998509636,0.02193100997878198,0.02840067980591078,0.019846175208377767,-0.04125162403409125,-0.003402548043597114,0.03804332660475725,-0.01415796971902452,-0.018064641282237094,-0.03980841962419396,0.00409001006470542,0.00789360397551811,0.015835514816573804,-0.01952577687552438,-0.023547187963469735,-0.01862957691382966,-0.013434141723644294
257720_2025Q4,0.0361775739103477,-0.028927015819389314,-0.021494103325952085,0.032580369486136906,-0.017918004873358186,-0.0063470849543065325,-0.13913920041709585,-0.01691286506189933,-0.013809039804631253,-0.02234746379789233,-0.00019520018842142384,-0.016717055533955055,-0.009699937239775419,0.0005502293903734384,0.008627447827639738,0.015263748223736384,-0.0007735335394883514,0.05270317709438009,-0.00017233945912924057,-0.014751108268245681,-0.04199110404597893,0.04627132342731359,0.01929151355460061,2.4378566261973322e-05,-0.007055256076699046,0.007951585889377354,-0.036847857513743185,0.019268263009588713,-0.018433760877456636,-0.03381288300507612,-0.02212315896001929,-0.012362032415575933,0.04680577795635523,-0.015167487258305249,-0.030068384536524675,0.000657251385803248,0.03827804930803492,0.003785491128307804,-0.0351121248026187,-0.0017270900377095028,-0.0024259063307002712
257720_2026Q1,-0.020296698469495278,0.07730957236927119,-0.004422674086800409,-0.01135786479241914,-0.018670424897438403,-0.019817466415717484,0.013442869092006815,0.040810610244841096,-0.021724729417150174,-0.028796826324966312,-0.04460366542727919,-0.08005571566527049,-0.0026512588307295998,-0.0007851051701331484,0.028263466321224118,-0.017751723876267483,0.03297648212853728,0.04051024517198673,-0.016071715156675968,-0.035613733323186264,-0.058981038020928425,0.014085408838406657,-0.031128439586012635,-0.009246381516420994,0.038020815278311165,0.04897787099618356,-0.020950886583176384,-0.02198213031357356,-0.0015583109324083869,-0.010033145119030265,0.015012774964508563,0.0012085492331924512,-0.02546702331909851,-0.003290082399719828,0.023324287131572433,0.008480869362827536,-0.03597577465690697,0.03540864047526487,-0.05551726578957872,0.028205071663036523,0.011515069483717232
257720_2026Q2,-0.012817453465644411,-0.02006521204318877,-0.024739027595806026,0.005881578417800716,0.013068341209503766,0.011686791505330855,-0.013907441206847032,-0.014102909528908553,0.04560608177265469,-0.013562891978499275,-0.043092135049074,-0.028065144286921046,0.02177290951220817,-0.00541383388975597,0.034661826724376885,-0.004406084036619336,0.010244071934749313,-0.0035169323521118045,-0.040674480729621154,0.0013184767719099655,0.06703297193443229,-0.07152792509984512,0.03831186050512066,0.07604536967889192,0.017370540219413734,-0.019044094772967424,0.03683070220677359,,,,,,,,,,,,,,
278470_2023Q4,,,,,,-0.0614069744163882,-0.0176744401078896,0.02425018133821685,-0.07470972044285216,0.02027362953413079,-0.06342071101542535,-0.019275914801619436,-0.053266543572240525,0.015095164946019094,0.14277035878194705,0.002829468755173369,0.052205678279376375,-0.06332422660152176,-0.09879595194748245,-0.03413733119085122,0.008595346174386651,-0.012882378024975912,0.023022095280599248,-0.027939226163573923,0.03416270426973387,-0.07629830136726566,-0.04775567614763412,-0.0579952949536966,0.031760729742456514,-0.04452443890298203,0.00505284828231556,-0.0721507203134332,-0.05598194040691477,0.024580957288109564,0.055402059736922915,-0.013804163572956926,-0.00012059830560263302,-0.007120243508082033,0.06058763726136257,-0.044002937368315176,-0.03162503383990197
278470_2024Q1,0.0199835769337402,-0.0046654098864727,-0.0149326998518374,-0.059725341439658894,-0.0677910089251619,0.0275843882191151,0.0600087622805256,0.0325922555942421,-0.012316031233262201,0.0038205004240396967,0.0912974047477733,-0.035422737641623195,-0.020030406840712802,-0.016591290137287402,-0.024812084243204902,-0.0093269202201516,0.0837118341767756,-0.0125416530346722,0.0704526813845737,0.0501327437043211,0.0207296354966869,0.0302975012663187,-0.033352677724518304,-0.009020239699055299,0.10787926362096849,0.0614761429166635,-0.0262003393514452,0.0018598257333852998,-0.0068000823090288995,0.0162967780385468,-0.0227993021132523,0.0216782221626279,-0.0533869670501431,0.0447003351630461,0.104574875239811,-0.0407921915175814,0.046926414070562084,-0.002267134247480901,0.007336399633432699,0.0302736043250564,-0.0445108405189133
278470_2024Q2,-0.09387635627758312,0.0048113447183417545,-0.06238355805046634,-0.002507217792662046,-0.05608828319706948,-0.0030947117074687745,-0.03414694937346887,-0.012774126051856944,0.025871867329848836,0.0012050157085885197,0.01663151732334598,-0.014862136227250078,-0.034461739196462414,-0.05097908711995561,0.038582365947502,0.03385543807863546,-0.004655041084352034,-0.01809284954773132,1.4885440050835252e-05,0.015445541634969966,-0.11322435296423139,-0.013818957109133102,-0.044954801152129104,-0.07008294960865355,0.046445226059128944,-0.0014964090081608442,-0.0061908309701915855,0.028404178809161018,0.09255536709373192,0.010410771316735897,0.054952396235682294,0.0021331454372163078,0.01184735187565124,0.050144002417538865,-0.011865936854213152,-0.029186338841464394,0.008972470635070114,-0.017431216619721565,-0.01641262837234404,0.018060272479077943,0.013156662594068863
278470_2024Q3,0.041846887850270256,-0.004780366146933678,0.025718560184547476,0.00972103568387182,-0.023014754487797218,-0.01824929574824615,0.030205198889015576,0.007297273549705965,-0.008440632408998837,0.0220449641378151,0.009447860110767524,-0.004974237803883549,0.028592025760358675,-0.008025865594805616,0.007185673717464639,-0.008289103447726678,-0.06142260042000537,-0.05804007297584901,-0.02408051423787441,0.05013331324514373,0.07391734966693814,-0.019116265009200148,-0.023002239438142613,0.011022789555186333,-0.06047767804894208,0.017550744532128185,0.009197403528285974,0.01620527625961929,0.10989942224897367,0.0706926642624342,0.03833688194629009,-0.036912574978303775,0.047638428541622466,0.026624659624081434,-0.021649511450057994,-0.00962842031123338,0.007699087195723332,-0.01314769037250809,0.0012236943718398428,0.0036104494972554885,-0.01248466671701233
278470_2024Q4,0.009207050121784676,0.003411836365865898,-0.030721463964616287,-0.024851581265380895,0.006621048438907427,-0.014284749684280913,-0.014307688655604906,-0.024206035571855335,-0.014381084347295906,-6.326750658293065e-05,-0.0064082802642596425,0.0035177485572454436,-0.031315353366084944,-0.0058467758561287254,-0.01142055627118499,-0.06141509750623987,0.04993965433701984,0.05350294412517003,0.01443715434515256,0.022814197891497662,-0.02011272140169149,0.07336325002376329,0.017782596882556314,0.009198743282063708,0.004815293755667149,0.032013313911021815,-0.024226298464057182,0.003071431344275788,-0.00628172781598102,0.01825171558440152,-0.004014815030449273,0.018599003931819208,-0.0020436999210480984,0.10885319219526722,-0.001959851722362776,0.014143313044619885,0.05513219662455372,0.007052531130393053,-0.009385802758697454,0.03639104114474446,0.00978616626980065
278470_2025Q1,0.035297448550304804,-0.0034812649166614724,0.034191151505117465,-0.029081443667642516,0.011363823420353528,-0.015946362300409096,-0.03330419522480122,0.03360700591101699,0.01668544180231936,0.011854400552240064,-0.0013224364861939598,-0.0011464155230018658,-0.00711214322323662,0.04044263241245334,-0.005161563990655623,-0.002900103836777156,0.0030810010426990837,-0.009294608872307328,-0.002031733279451546,0.004397179569887215,0.25043524139328677,0.03426426268261142,0.012610880483928963,0.06529189548551148,-0.015841728838346596,0.03085767613031067,0.023658695516068223,0.021273344134934175,-0.03033398108953554,0.0020286704721218657,-0.010387180753113035,-0.04505956447088643,-0.03805924291280592,0.07635744122245361,-0.022735956551875318,-0.021640460256870934,0.004403965884514797,0.039623550247248535,0.002005467294355908,-0.03266918482401478,0.03959716968646812
278470_2025Q2,-0.013273941241840413,-0.024590545077703967,0.03741754555654177,0.02671143445736334,-3.161693271408819e-05,-0.010621996302269478,0.021968107792551643,-0.02738460145626732,0.004019402887167593,0.033760603341354334,-0.0017245315733404407,-0.025158482399655884,-0.012926324422673312,-0.012835559991008574,0.0565836087059379,-0.04514622570003112,0.046489947653409136,-0.024251450066780075,0.024489065474035773,0.026314125370251493,0.09399036275083297,0.019255673706708616,0.046261859342370225,0.02514472989025908,-0.008992512299149963,-0.05017536032711795,0.005736837494435869,0.004463968343683581,0.011085718989231236,-0.029332094161115478,0.0008841096347451533,0.027991954309873446,-0.019390410169669563,0.0013057711231858932,-0.030864946718151702,0.014850945353619343,0.013764850777974066,0.011649390733962357,-0.01985572401280655,-0.03623022819196303,0.009327575606536812
278470_2025Q3,-0.030001750720218122,0.019103166760015076,0.010018973300614152,-0.013405270959235889,-0.02510844310511293,-0.03121323574761078,-0.00012196270920702794,-0.054734127157214624,-0.013801487373544433,-0.00160672095642337,0.008804542703716941,-0.013318964212412843,0.007187573554804531,0.005766421736540191,-0.02130664508172281,0.042407482667047094,0.0037833286939604333,0.05357022811099082,0.01657936067300115,-0.03800016367639575,-0.07647960336873955,-0.011747577889621635,-0.07894989529993929,-0.0035944033623688046,-0.03267925495646059,0.002428201658307436,0.039059861374664745,-0.014023672068946908,0.004510951787093601,0.029035027032520436,0.020798111768452844,0.015318615018225599,0.04976905601915844,0.027008834965018956,-0.022824652156677033,0.05257527820408367,-0.06952101843982804,0.012351251734822943,-0.041180435004462945,-0.01235322138894469,0.01066599137178921
278470_2025Q4,0.0113748515149051,-0.021498202098704323,0.022719670939844294,-0.0143177767384629,0.015298462549460596,0.008662275041873446,0.037803274548555324,0.009333397275772932,-0.010356555421517621,0.001951177947810516,0.03368426551069005,0.05323449603823842,-0.05496714116059624,-0.029282579640730597,-0.008995996448146403,-0.044182067168870263,-0.00823829897391918,-0.027458620190373696,0.011844300882766154,-0.009195229127063725,-0.03107531932332102,0.06638531304129947,-0.06961885554591116,-0.028396002974959304,0.03360527001990176,0.02209963290135796,-0.0022400236639437167,-0.037303095523515545,0.04146956085864701,0.022731510202867622,0.04121133876985259,-0.013453023940788225,0.035278473844232425,0.05414306212888907,-0.020970545800918877,-0.039108868130633245,0.0227013905929188,-0.0011556644741806468,0.058543754260768965,0.011101972891447001,-0.02430237587401124
278470_2026Q1,-0.05866011688546634,0.021901899931146447,0.05115741747673119,0.06728819541311615,-0.01927127418274975,-0.03535733372784838,0.051388450741066044,-0.01920693633705766,-0.0160345524912293,-0.010185690818110308,-0.013065726123467425,0.04071700363531416,-0.01090248053391089,-0.02983019820130406,-0.005744272094878298,0.025865468855494574,-0.034100647246194334,-0.028002811225618183,0.005645758341951964,0.010136458807772307,-0.053838281298530924,0.062168965426773415,-0.0056001818855533955,-0.06097024313345914,-0.004707943479876936,0.01892026455751491,-0.01604828438795381,0.009176554301610997,-0.005363126703106165,0.004738663671641032,0.016625090630056603,-0.06582203008505146,0.0002718017745605805,0.016522594874496706,0.04336176377210192,-0.014197675720675316,0.09164834376786771,-0.04568724138119957,-0.011590864333144003,-0.03095776320014259,-0.017397467324649675
278470_2026Q2,0.036233622038813036,-0.04537243029375906,-0.023862352092675638,-0.004390586510041223,-0.003353894223283768,0.01605910127683023,0.0038192830562202885,0.006812033557183697,-0.024084703879546934,-0.03816991377238019,8.524474752060959e-05,-0.022179364286033523,-0.0324812625339291,-0.05241647027036699,-0.030423284228681867,-0.018919163632776966,-0.01975707195626006,-0.0014804266569998677,0.03399642086040744,0.010819438846933462,-0.010662124750694467,0.005937635045799312,0.010761852520470225,-0.015113421207094788,-0.0517860138713213,-0.04198531408887046,0.032736459939710826,-0.04604339400812703,0.042238545981540684,-0.042780507093642096,-0.03168235649320601,-0.009840740284234165,,,,,,,,,
483650_2025Q2,0.008908082992454,0.026513747915431797,-0.0230455629814879,-0.0830887570736244,0.0193716457322422,-0.024082222006649598,-0.0071328421270548,-0.003858802456884001,0.0076853341680821995,-0.0282886177019546,-0.0017552382892696,-0.0237744795694286,0.013391511562329102,-0.0196230141375658,0.00029939780920350007,-0.012779956075343005,0.028068271527771797,0.03600392572946841,0.043121690265048605,0.08501625477854981,0.0117770414069557,-0.1977380477466367,-0.0645704086018916,-0.0567411879686777,0.00018712090567919997,0.0290829879732876,0.0104097891324701,-0.006466946520740699,0.0442593378919047,0.032726918704308,-0.0215590520534739,-0.018621337848616602,-0.0035662899939444,0.013839059868390399,-0.0175963333861337,-0.009981462974249102,-0.0282718668781471,-0.044108488739368804,0.0088455680004071,-0.0295515618793636,0.0022796659224178003
483650_2025Q3,-0.015354651984129523,0.0215459297878264,-0.001338920076641513,-0.011848212795968774,0.019522357682121405,-0.023398557867872663,-0.0526805985723664,0.00476057965102453,-0.05040945383789458,0.009355584452491048,0.019198798938712312,0.021542577021092954,-0.0019217160292291507,-0.006482795231666181,-0.01147709749825369,0.004624951620636881,-0.03583421458811533,0.014508110700812583,0.04123920690741198,0.054038408572554084,0.004793318647489515,-0.16210779013984353,-0.06963245665618184,-0.022906240824515357,0.07647338293953614,0.004962524098076553,0.0033736486733559126,0.015421205353681048,0.013189962194797844,0.04610558765072403,-0.006110984731306727,-0.05629933302619866,0.005229995717425974,0.0030726986477501213,0.03591976543455284,-0.03658925250057074,-0.019097446588965613,0.008012019300112624,0.016734805002566088,-0.02187310029050725,-0.008700112660642287
483650_2025Q4,-0.019195275446944847,-0.027049010198833073,-0.019119124188879573,-0.01617644310124141,0.0038712518721222174,0.019300593203790645,0.012150730899002198,-0.03151469873708609,0.012133881705996562,-0.010760748373038581,-0.007887208643924584,0.021792587806901166,0.08343871659145286,0.022643511639016567,-0.0476804338603202,-0.012896603901533653,-0.015762140660361974,0.02114600487585325,0.016243094979460367,-0.02751637210476314,0.019541794693734973,0.0020837594679631397,0.005374962457595604,0.009240671566807652,0.012176212136192925,-0.014972522018966743,0.005066750903831102,0.004982633805186945,-0.01815771621591411,-0.02266174925442631,-0.012201774113446237,0.0301004769350231,-0.009735161444013343,-0.01880874859283486,0.00939852862578117,-0.003250817770174115,0.008851079109533741,0.007252168966860926,-0.0005068541110244216,-0.03352375322604023,-0.02960716755729219
483650_2026Q1,0.0010773349003618225,0.026492880720846757,-0.020440733546936925,0.011980407980802986,-0.02814150155840558,0.028863659397765473,0.02385312027031225,-0.0076392278219222145,0.06017046526122901,0.07379873629771928,-0.007536584840743987,-0.029203976462889886,0.011999379758915702,0.0035964290598842,-0.01163480098552875,-0.016047833684553307,-0.0013985656342532411,-0.008493115390586448,-0.03756829181586995,0.019072831077933165,0.14738696503250764,0.05200825848200531,-0.00021572601996024815,-0.047052445186544396,-0.01595722728815856,-0.03398615002745532,0.021333193768951986,-0.02816952308411238,-0.0055369892220947445,-0.02180558953387521,0.0038364528698084967,-0.02081278935025082,-0.02516051289737643,0.03933201449719645,-0.05512094498751182,0.047060089865919044,0.0013596335656313255,0.008323605328327786,0.023386730418121837,0.008241240752755421,0.028762802230808467
483650_2026Q2,-0.019442397064313673,0.040463903103892786,0.09365538834878558,0.06911139840106847,-0.037203613500268094,0.029516048158624693,0.01823423758546763,0.03221817590609749,0.01957242530277571,0.048095205104923565,-0.1124654171575918,-0.06664979569344714,-0.015773911015279404,0.019882815262057388,-0.03408353800756502,0.011421515127001902,-0.00990826715530439,-0.04011272312817571,-0.026956014193537808,-0.003548662215591983,-0.07564820062405497,-0.05337667146013836,-0.010752419391613394,-0.017139473749872406,-0.0003605766107516936,-0.040303972794192025,,,,,,,,,,,,,,,
