종목코드,종목명,유형,포함버전,corp_code,공시유형,접수일자,접수번호,제출인,공시명,정정여부,구분,대상연도,대상분기
090430,아모레퍼시픽,브랜드,v1,00583424,정기공시,20260814,20260814002449,아모레퍼시픽,반기보고서 (2026.06),False,정기보고서,2026.0,2.0
090430,아모레퍼시픽,브랜드,v1,00583424,정기공시,20260515,20260515001182,아모레퍼시픽,분기보고서 (2026.03),False,정기보고서,2026.0,1.0
090430,아모레퍼시픽,브랜드,v1,00583424,정기공시,20260318,20260318000785,아모레퍼시픽,사업보고서 (2025.12),False,정기보고서,2025.0,4.0
090430,아모레퍼시픽,브랜드,v1,00583424,정기공시,20251114,20251114001075,아모레퍼시픽,분기보고서 (2025.09),False,정기보고서,2025.0,3.0
090430,아모레퍼시픽,브랜드,v1,00583424,정기공시,20250814,20250814001993,아모레퍼시픽,반기보고서 (2025.06),False,정기보고서,2025.0,2.0
090430,아모레퍼시픽,브랜드,v1,00583424,정기공시,20250515,20250515001510,아모레퍼시픽,분기보고서 (2025.03),False,정기보고서,2025.0,1.0
090430,아모레퍼시픽,브랜드,v1,00583424,정기공시,20250317,20250317000429,아모레퍼시픽,사업보고서 (2024.12),False,정기보고서,2024.0,4.0
090430,아모레퍼시픽,브랜드,v1,00583424,정기공시,20241114,20241114001073,아모레퍼시픽,분기보고서 (2024.09),False,정기보고서,2024.0,3.0
090430,아모레퍼시픽,브랜드,v1,00583424,정기공시,20240814,20240814002094,아모레퍼시픽,반기보고서 (2024.06),False,정기보고서,2024.0,2.0
090430,아모레퍼시픽,브랜드,v1,00583424,정기공시,20240516,20240516000601,아모레퍼시픽,분기보고서 (2024.03),False,정기보고서,2024.0,1.0
090430,아모레퍼시픽,브랜드,v1,00583424,정기공시,20240307,20240307000545,아모레퍼시픽,사업보고서 (2023.12),False,정기보고서,2023.0,4.0
090430,아모레퍼시픽,브랜드,v1,00583424,정기공시,20231114,20231114001116,아모레퍼시픽,분기보고서 (2023.09),False,정기보고서,2023.0,3.0
090430,아모레퍼시픽,브랜드,v1,00583424,정기공시,20230814,20230814001440,아모레퍼시픽,반기보고서 (2023.06),False,정기보고서,2023.0,2.0
090430,아모레퍼시픽,브랜드,v1,00583424,정기공시,20230515,20230515000993,아모레퍼시픽,분기보고서 (2023.03),False,정기보고서,2023.0,1.0
090430,아모레퍼시픽,브랜드,v1,00583424,정기공시,20230309,20230309000802,아모레퍼시픽,사업보고서 (2022.12),False,정기보고서,2022.0,4.0
090430,아모레퍼시픽,브랜드,v1,00583424,정기공시,20221114,20221114001205,아모레퍼시픽,분기보고서 (2022.09),False,정기보고서,2022.0,3.0
090430,아모레퍼시픽,브랜드,v1,00583424,거래소공시,20260819,20260819800243,아모레퍼시픽,기업설명회(IR)개최(안내공시),False,,,
090430,아모레퍼시픽,브랜드,v1,00583424,거래소공시,20260810,20260810800339,아모레퍼시픽,최대주주등소유주식변동신고서,False,,,
090430,아모레퍼시픽,브랜드,v1,00583424,거래소공시,20260730,20260730800354,아모레퍼시픽,연결재무제표기준영업(잠정)실적(공정공시),False,잠정실적,2026.0,2.0
090430,아모레퍼시픽,브랜드,v1,00583424,거래소공시,20260723,20260723800423,아모레퍼시픽,결산실적공시예고(안내공시),False,,,
090430,아모레퍼시픽,브랜드,v1,00583424,거래소공시,20260715,20260715800680,아모레퍼시픽,최대주주등소유주식변동신고서,False,,,
090430,아모레퍼시픽,브랜드,v1,00583424,거래소공시,20260619,20260619800404,아모레퍼시픽,기업설명회(IR)개최(안내공시),False,,,
090430,아모레퍼시픽,브랜드,v1,00583424,거래소공시,20260602,20260602800397,아모레퍼시픽,기업설명회(IR)개최(안내공시),False,,,
090430,아모레퍼시픽,브랜드,v1,00583424,거래소공시,20260528,20260528800937,아모레퍼시픽,기업지배구조보고서공시,False,,,
090430,아모레퍼시픽,브랜드,v1,00583424,거래소공시,20260528,20260528800845,아모레퍼시픽,기업설명회(IR)개최(안내공시),False,,,
090430,아모레퍼시픽,브랜드,v1,00583424,거래소공시,20260526,20260526800321,아모레퍼시픽,기업설명회(IR)개최(안내공시),False,,,
090430,아모레퍼시픽,브랜드,v1,00583424,거래소공시,20260508,20260508800151,아모레퍼시픽,기업설명회(IR)개최(안내공시),False,,,
090430,아모레퍼시픽,브랜드,v1,00583424,거래소공시,20260429,20260429800003,아모레퍼시픽,연결재무제표기준영업(잠정)실적(공정공시),False,잠정실적,2026.0,1.0
090430,아모레퍼시픽,브랜드,v1,00583424,거래소공시,20260421,20260421800347,아모레퍼시픽,결산실적공시예고(안내공시),False,,,
090430,아모레퍼시픽,브랜드,v1,00583424,거래소공시,20260414,20260414800486,아모레퍼시픽,공정거래자율준수프로그램운영현황(안내공시),False,,,
090430,아모레퍼시픽,브랜드,v1,00583424,거래소공시,20260403,20260403800887,아모레퍼시픽,최대주주등소유주식변동신고서,False,,,
090430,아모레퍼시픽,브랜드,v1,00583424,거래소공시,20260330,20260330801880,아모레퍼시픽,[기재정정]기업가치제고계획(자율공시)              (고배당기업 표시를 위한 재공시),True,,,
090430,아모레퍼시픽,브랜드,v1,00583424,거래소공시,20260330,20260330801864,아모레퍼시픽,[기재정정]정기주주총회결과,True,,,
090430,아모레퍼시픽,브랜드,v1,00583424,거래소공시,20260330,20260330801828,아모레퍼시픽,[기재정정]현금ㆍ현물배당결정,True,,,
090430,아모레퍼시픽,브랜드,v1,00583424,거래소공시,20260326,20260326801636,아모레퍼시픽,기업가치제고계획(자율공시)              (고배당기업 표시를 위한 재공시),False,,,
090430,아모레퍼시픽,브랜드,v1,00583424,거래소공시,20260326,20260326801519,아모레퍼시픽,정기주주총회결과,False,,,
090430,아모레퍼시픽,브랜드,v1,00583424,거래소공시,20260318,20260318800671,아모레퍼시픽,감사보고서제출,False,,,
090430,아모레퍼시픽,브랜드,v1,00583424,거래소공시,20260309,20260309800630,아모레퍼시픽,[기재정정]주주총회소집결의,True,,,
090430,아모레퍼시픽,브랜드,v1,00583424,거래소공시,20260303,20260303800840,아모레퍼시픽,기업설명회(IR)개최(안내공시),False,,,
090430,아모레퍼시픽,브랜드,v1,00583424,거래소공시,20260220,20260220800370,아모레퍼시픽,최대주주등소유주식변동신고서,False,,,
090430,아모레퍼시픽,브랜드,v1,00583424,거래소공시,20260206,20260206802547,아모레퍼시픽,현금ㆍ현물배당을위한주주명부폐쇄(기준일)결정,False,,,
090430,아모레퍼시픽,브랜드,v1,00583424,거래소공시,20260206,20260206802397,아모레퍼시픽,주주총회소집결의,False,,,
090430,아모레퍼시픽,브랜드,v1,00583424,거래소공시,20260206,20260206802509,아모레퍼시픽,현금ㆍ현물배당결정,False,,,
090430,아모레퍼시픽,브랜드,v1,00583424,거래소공시,20260206,20260206802229,아모레퍼시픽,매출액또는손익구조30%(대규모법인은15%)이상변경,False,,,
090430,아모레퍼시픽,브랜드,v1,00583424,거래소공시,20260206,20260206801986,아모레퍼시픽,연결재무제표기준영업(잠정)실적(공정공시),False,잠정실적,2025.0,4.0
090430,아모레퍼시픽,브랜드,v1,00583424,거래소공시,20260130,20260130800379,아모레퍼시픽,결산실적공시예고(안내공시),False,,,
090430,아모레퍼시픽,브랜드,v1,00583424,거래소공시,20251229,20251229800698,아모레퍼시픽,공정거래자율준수프로그램운영현황(안내공시),False,,,
090430,아모레퍼시픽,브랜드,v1,00583424,거래소공시,20251215,20251215800219,아모레퍼시픽,기타경영사항(자율공시)              (배당기준일 안내),False,,,
090430,아모레퍼시픽,브랜드,v1,00583424,거래소공시,20251215,20251215800205,아모레퍼시픽,주주명부폐쇄기간또는기준일설정,False,,,
090430,아모레퍼시픽,브랜드,v1,00583424,거래소공시,20251118,20251118800192,아모레퍼시픽,기업설명회(IR)개최(안내공시),False,,,
090430,아모레퍼시픽,브랜드,v1,00583424,거래소공시,20251113,20251113801047,아모레퍼시픽,최대주주등소유주식변동신고서,False,,,
090430,아모레퍼시픽,브랜드,v1,00583424,거래소공시,20251106,20251106800638,아모레퍼시픽,기업가치제고계획(자율공시)              (2025년 이행현황),False,,,
090430,아모레퍼시픽,브랜드,v1,00583424,거래소공시,20251106,20251106800593,아모레퍼시픽,연결재무제표기준영업(잠정)실적(공정공시),False,잠정실적,2025.0,3.0
090430,아모레퍼시픽,브랜드,v1,00583424,거래소공시,20251029,20251029800656,아모레퍼시픽,결산실적공시예고(안내공시),False,,,
090430,아모레퍼시픽,브랜드,v1,00583424,거래소공시,20250923,20250923800144,아모레퍼시픽,연결재무제표기준영업실적등에대한전망(공정공시),False,,,
090430,아모레퍼시픽,브랜드,v1,00583424,거래소공시,20250918,20250918800312,아모레퍼시픽,최대주주등소유주식변동신고서,False,,,
090430,아모레퍼시픽,브랜드,v1,00583424,거래소공시,20250910,20250910800354,아모레퍼시픽,최대주주등소유주식변동신고서,False,,,
090430,아모레퍼시픽,브랜드,v1,00583424,거래소공시,20250902,20250902800146,아모레퍼시픽,기업설명회(IR)개최(안내공시),False,,,
090430,아모레퍼시픽,브랜드,v1,00583424,거래소공시,20250902,20250902800141,아모레퍼시픽,기업설명회(IR)개최(안내공시),False,,,
090430,아모레퍼시픽,브랜드,v1,00583424,거래소공시,20250819,20250819800145,아모레퍼시픽,기업설명회(IR)개최(안내공시),False,,,
090430,아모레퍼시픽,브랜드,v1,00583424,거래소공시,20250814,20250814801130,아모레퍼시픽,최대주주등소유주식변동신고서,False,,,
090430,아모레퍼시픽,브랜드,v1,00583424,거래소공시,20250808,20250808800477,아모레퍼시픽,최대주주등소유주식변동신고서,False,,,
090430,아모레퍼시픽,브랜드,v1,00583424,거래소공시,20250801,20250801800235,아모레퍼시픽,연결재무제표기준영업(잠정)실적(공정공시),False,잠정실적,2025.0,2.0
090430,아모레퍼시픽,브랜드,v1,00583424,거래소공시,20250724,20250724800560,아모레퍼시픽,결산실적공시예고(안내공시),False,,,
090430,아모레퍼시픽,브랜드,v1,00583424,거래소공시,20250530,20250530800534,아모레퍼시픽,기업지배구조보고서공시,False,,,
090430,아모레퍼시픽,브랜드,v1,00583424,거래소공시,20250529,20250529800058,아모레퍼시픽,기업설명회(IR)개최(안내공시),False,,,
090430,아모레퍼시픽,브랜드,v1,00583424,거래소공시,20250514,20250514800100,아모레퍼시픽,기업설명회(IR)개최(안내공시),False,,,
090430,아모레퍼시픽,브랜드,v1,00583424,거래소공시,20250514,20250514800096,아모레퍼시픽,기업설명회(IR)개최(안내공시),False,,,
090430,아모레퍼시픽,브랜드,v1,00583424,거래소공시,20250430,20250430800003,아모레퍼시픽,연결재무제표기준영업(잠정)실적(공정공시),False,잠정실적,2025.0,1.0
090430,아모레퍼시픽,브랜드,v1,00583424,거래소공시,20250423,20250423800074,아모레퍼시픽,결산실적공시예고(안내공시),False,,,
090430,아모레퍼시픽,브랜드,v1,00583424,거래소공시,20250325,20250325801304,아모레퍼시픽,정기주주총회결과,False,,,
090430,아모레퍼시픽,브랜드,v1,00583424,거래소공시,20250324,20250324800604,아모레퍼시픽,기업설명회(IR)개최(안내공시),False,,,
090430,아모레퍼시픽,브랜드,v1,00583424,거래소공시,20250319,20250319800094,아모레퍼시픽,공정거래자율준수프로그램운영현황(안내공시),False,,,
090430,아모레퍼시픽,브랜드,v1,00583424,거래소공시,20250317,20250317800312,아모레퍼시픽,감사보고서제출,False,,,
090430,아모레퍼시픽,브랜드,v1,00583424,거래소공시,20250206,20250206801025,아모레퍼시픽,주주총회소집결의,False,,,
090430,아모레퍼시픽,브랜드,v1,00583424,거래소공시,20250206,20250206801009,아모레퍼시픽,매출액또는손익구조30%(대규모법인은15%)이상변경,False,,,
090430,아모레퍼시픽,브랜드,v1,00583424,거래소공시,20250206,20250206801075,아모레퍼시픽,현금ㆍ현물배당결정,False,,,
090430,아모레퍼시픽,브랜드,v1,00583424,거래소공시,20250206,20250206801048,아모레퍼시픽,현금ㆍ현물배당을위한주주명부폐쇄(기준일)결정,False,,,
090430,아모레퍼시픽,브랜드,v1,00583424,거래소공시,20250206,20250206800727,아모레퍼시픽,연결재무제표기준영업(잠정)실적(공정공시),False,잠정실적,2024.0,4.0
090430,아모레퍼시픽,브랜드,v1,00583424,거래소공시,20250124,20250124800316,아모레퍼시픽,결산실적공시예고(안내공시),False,,,
090430,아모레퍼시픽,브랜드,v1,00583424,거래소공시,20250122,20250122800124,아모레퍼시픽,최대주주등소유주식변동신고서,False,,,
090430,아모레퍼시픽,브랜드,v1,00583424,거래소공시,20241213,20241213800934,아모레퍼시픽,기타경영사항(자율공시)              (배당기준일 변경 안내),False,,,
090430,아모레퍼시픽,브랜드,v1,00583424,거래소공시,20241213,20241213800906,아모레퍼시픽,주주명부폐쇄기간또는기준일설정,False,,,
090430,아모레퍼시픽,브랜드,v1,00583424,거래소공시,20241115,20241115800111,아모레퍼시픽,기업설명회(IR)개최(안내공시),False,,,
090430,아모레퍼시픽,브랜드,v1,00583424,거래소공시,20241112,20241112800306,아모레퍼시픽,기업가치제고계획(자율공시),False,,,
090430,아모레퍼시픽,브랜드,v1,00583424,거래소공시,20241031,20241031800608,아모레퍼시픽,기업가치제고계획예고(안내공시),False,,,
090430,아모레퍼시픽,브랜드,v1,00583424,거래소공시,20241031,20241031800447,아모레퍼시픽,연결재무제표기준영업(잠정)실적(공정공시),False,잠정실적,2024.0,3.0
090430,아모레퍼시픽,브랜드,v1,00583424,거래소공시,20241024,20241024800066,아모레퍼시픽,결산실적공시예고(안내공시),False,,,
090430,아모레퍼시픽,브랜드,v1,00583424,거래소공시,20241007,20241007800306,아모레퍼시픽,최대주주등소유주식변동신고서,False,,,
090430,아모레퍼시픽,브랜드,v1,00583424,거래소공시,20240927,20240927800126,아모레퍼시픽,최대주주등소유주식변동신고서,False,,,
090430,아모레퍼시픽,브랜드,v1,00583424,거래소공시,20240909,20240909800047,아모레퍼시픽,기업설명회(IR)개최(안내공시),False,,,
090430,아모레퍼시픽,브랜드,v1,00583424,거래소공시,20240906,20240906800274,아모레퍼시픽,기업설명회(IR)개최(안내공시),False,,,
090430,아모레퍼시픽,브랜드,v1,00583424,거래소공시,20240906,20240906800271,아모레퍼시픽,최대주주등소유주식변동신고서,False,,,
090430,아모레퍼시픽,브랜드,v1,00583424,거래소공시,20240829,20240829800100,아모레퍼시픽,최대주주등소유주식변동신고서,False,,,
090430,아모레퍼시픽,브랜드,v1,00583424,거래소공시,20240827,20240827800060,아모레퍼시픽,기업설명회(IR)개최(안내공시),False,,,
090430,아모레퍼시픽,브랜드,v1,00583424,거래소공시,20240823,20240823800068,아모레퍼시픽,기업설명회(IR)개최(안내공시),False,,,
090430,아모레퍼시픽,브랜드,v1,00583424,거래소공시,20240806,20240806800655,아모레퍼시픽,연결재무제표기준영업(잠정)실적(공정공시),False,잠정실적,2024.0,2.0
090430,아모레퍼시픽,브랜드,v1,00583424,거래소공시,20240730,20240730800378,아모레퍼시픽,결산실적공시예고(안내공시),False,,,
090430,아모레퍼시픽,브랜드,v1,00583424,거래소공시,20240704,20240704800494,아모레퍼시픽,최대주주등소유주식변동신고서,False,,,
090430,아모레퍼시픽,브랜드,v1,00583424,거래소공시,20240611,20240611800288,아모레퍼시픽,기업설명회(IR)개최(안내공시),False,,,
090430,아모레퍼시픽,브랜드,v1,00583424,거래소공시,20240603,20240603800174,아모레퍼시픽,기업설명회(IR)개최(안내공시),False,,,
090430,아모레퍼시픽,브랜드,v1,00583424,거래소공시,20240531,20240531800148,아모레퍼시픽,기업지배구조보고서공시,False,,,
090430,아모레퍼시픽,브랜드,v1,00583424,거래소공시,20240517,20240517800187,아모레퍼시픽,기업설명회(IR)개최(안내공시),False,,,
090430,아모레퍼시픽,브랜드,v1,00583424,거래소공시,20240508,20240508800234,아모레퍼시픽,기업설명회(IR)개최(안내공시),False,,,
090430,아모레퍼시픽,브랜드,v1,00583424,거래소공시,20240503,20240503800128,아모레퍼시픽,기업설명회(IR)개최(안내공시),False,,,
090430,아모레퍼시픽,브랜드,v1,00583424,거래소공시,20240429,20240429800584,아모레퍼시픽,연결재무제표기준영업(잠정)실적(공정공시),False,잠정실적,2024.0,1.0
090430,아모레퍼시픽,브랜드,v1,00583424,거래소공시,20240423,20240423800342,아모레퍼시픽,결산실적공시예고(안내공시),False,,,
090430,아모레퍼시픽,브랜드,v1,00583424,거래소공시,20240315,20240315800634,아모레퍼시픽,기업설명회(IR)개최(안내공시),False,,,
090430,아모레퍼시픽,브랜드,v1,00583424,거래소공시,20240315,20240315800530,아모레퍼시픽,정기주주총회결과,False,,,
090430,아모레퍼시픽,브랜드,v1,00583424,거래소공시,20240307,20240307800440,아모레퍼시픽,감사보고서제출,False,,,
090430,아모레퍼시픽,브랜드,v1,00583424,거래소공시,20240305,20240305800795,아모레퍼시픽,기업설명회(IR)개최(안내공시),False,,,
090430,아모레퍼시픽,브랜드,v1,00583424,거래소공시,20240304,20240304800281,아모레퍼시픽,최대주주등소유주식변동신고서,False,,,
090430,아모레퍼시픽,브랜드,v1,00583424,거래소공시,20240228,20240228800335,아모레퍼시픽,[기재정정]단일판매ㆍ공급계약체결,True,,,
090430,아모레퍼시픽,브랜드,v1,00583424,거래소공시,20240221,20240221800111,아모레퍼시픽,기업설명회(IR)개최(안내공시),False,,,
090430,아모레퍼시픽,브랜드,v1,00583424,거래소공시,20240221,20240221800109,아모레퍼시픽,기업설명회(IR)개최(안내공시),False,,,
090430,아모레퍼시픽,브랜드,v1,00583424,거래소공시,20240208,20240208800666,아모레퍼시픽,현금ㆍ현물배당결정,False,,,
090430,아모레퍼시픽,브랜드,v1,00583424,거래소공시,20240208,20240208800630,아모레퍼시픽,주주총회소집결의,False,,,
090430,아모레퍼시픽,브랜드,v1,00583424,거래소공시,20240208,20240208800603,아모레퍼시픽,[기재정정]수시공시의무관련사항(공정공시),True,,,
090430,아모레퍼시픽,브랜드,v1,00583424,거래소공시,20240130,20240130800423,아모레퍼시픽,연결재무제표기준영업(잠정)실적(공정공시),False,잠정실적,2023.0,4.0
090430,아모레퍼시픽,브랜드,v1,00583424,거래소공시,20240125,20240125800494,아모레퍼시픽,결산실적공시예고(안내공시),False,,,
090430,아모레퍼시픽,브랜드,v1,00583424,거래소공시,20240125,20240125800472,아모레퍼시픽,매출액또는손익구조30%(대규모법인은15%)이상변경,False,,,
090430,아모레퍼시픽,브랜드,v1,00583424,거래소공시,20240110,20240110800249,아모레퍼시픽,최대주주등소유주식변동신고서,False,,,
090430,아모레퍼시픽,브랜드,v1,00583424,거래소공시,20231229,20231229800122,아모레퍼시픽,대표이사(대표집행임원)변경(안내공시),False,,,
090430,아모레퍼시픽,브랜드,v1,00583424,거래소공시,20231129,20231129800041,아모레퍼시픽,수시공시의무관련사항(공정공시),False,,,
090430,아모레퍼시픽,브랜드,v1,00583424,거래소공시,20231031,20231031800007,아모레퍼시픽,연결재무제표기준영업(잠정)실적(공정공시),False,잠정실적,2023.0,3.0
090430,아모레퍼시픽,브랜드,v1,00583424,거래소공시,20231024,20231024800053,아모레퍼시픽,결산실적공시예고(안내공시),False,,,
090430,아모레퍼시픽,브랜드,v1,00583424,거래소공시,20230918,20230918800168,아모레퍼시픽,기업설명회(IR)개최(안내공시),False,,,
090430,아모레퍼시픽,브랜드,v1,00583424,거래소공시,20230918,20230918800166,아모레퍼시픽,기업설명회(IR)개최(안내공시),False,,,
090430,아모레퍼시픽,브랜드,v1,00583424,거래소공시,20230911,20230911800218,아모레퍼시픽,유형자산처분결정(자율공시),False,,,
090430,아모레퍼시픽,브랜드,v1,00583424,거래소공시,20230831,20230831800064,아모레퍼시픽,최대주주등소유주식변동신고서,False,,,
090430,아모레퍼시픽,브랜드,v1,00583424,거래소공시,20230821,20230821800157,아모레퍼시픽,기업설명회(IR)개최(안내공시),False,,,
090430,아모레퍼시픽,브랜드,v1,00583424,거래소공시,20230726,20230726800202,아모레퍼시픽,연결재무제표기준영업(잠정)실적(공정공시),False,잠정실적,2023.0,2.0
090430,아모레퍼시픽,브랜드,v1,00583424,거래소공시,20230720,20230720800194,아모레퍼시픽,결산실적공시예고(안내공시),False,,,
090430,아모레퍼시픽,브랜드,v1,00583424,거래소공시,20230531,20230531800535,아모레퍼시픽,기업지배구조보고서공시,False,,,
090430,아모레퍼시픽,브랜드,v1,00583424,거래소공시,20230522,20230522800200,아모레퍼시픽,기업설명회(IR)개최(안내공시),False,,,
090430,아모레퍼시픽,브랜드,v1,00583424,거래소공시,20230517,20230517800116,아모레퍼시픽,기업설명회(IR)개최(안내공시),False,,,
090430,아모레퍼시픽,브랜드,v1,00583424,거래소공시,20230512,20230512800487,아모레퍼시픽,기업설명회(IR)개최(안내공시),False,,,
090430,아모레퍼시픽,브랜드,v1,00583424,거래소공시,20230502,20230502800525,아모레퍼시픽,연결재무제표기준영업(잠정)실적(공정공시),False,잠정실적,2023.0,1.0
090430,아모레퍼시픽,브랜드,v1,00583424,거래소공시,20230425,20230425800635,아모레퍼시픽,결산실적공시예고(안내공시),False,,,
090430,아모레퍼시픽,브랜드,v1,00583424,거래소공시,20230330,20230330800191,아모레퍼시픽,최대주주등소유주식변동신고서,False,,,
090430,아모레퍼시픽,브랜드,v1,00583424,거래소공시,20230324,20230324800560,아모레퍼시픽,최대주주등소유주식변동신고서,False,,,
090430,아모레퍼시픽,브랜드,v1,00583424,거래소공시,20230317,20230317800543,아모레퍼시픽,대표이사(대표집행임원)변경(안내공시),False,,,
090430,아모레퍼시픽,브랜드,v1,00583424,거래소공시,20230317,20230317800450,아모레퍼시픽,정기주주총회결과,False,,,
090430,아모레퍼시픽,브랜드,v1,00583424,거래소공시,20230316,20230316800181,아모레퍼시픽,최대주주등소유주식변동신고서,False,,,
090430,아모레퍼시픽,브랜드,v1,00583424,거래소공시,20230309,20230309800637,아모레퍼시픽,감사보고서제출,False,,,
090430,아모레퍼시픽,브랜드,v1,00583424,거래소공시,20230306,20230306800131,아모레퍼시픽,최대주주등소유주식변동신고서,False,,,
090430,아모레퍼시픽,브랜드,v1,00583424,거래소공시,20230302,20230302800321,아모레퍼시픽,기업설명회(IR)개최(안내공시),False,,,
090430,아모레퍼시픽,브랜드,v1,00583424,거래소공시,20230302,20230302800315,아모레퍼시픽,기업설명회(IR)개최(안내공시),False,,,
090430,아모레퍼시픽,브랜드,v1,00583424,거래소공시,20230214,20230214800981,아모레퍼시픽,현금ㆍ현물배당결정,False,,,
090430,아모레퍼시픽,브랜드,v1,00583424,거래소공시,20230214,20230214800837,아모레퍼시픽,주주총회소집결의,False,,,
090430,아모레퍼시픽,브랜드,v1,00583424,거래소공시,20230201,20230201800392,아모레퍼시픽,연결재무제표기준영업(잠정)실적(공정공시),False,잠정실적,2022.0,4.0
090430,아모레퍼시픽,브랜드,v1,00583424,거래소공시,20230201,20230201800393,아모레퍼시픽,매출액또는손익구조30%(대규모법인은15%)이상변경,False,,,
090430,아모레퍼시픽,브랜드,v1,00583424,거래소공시,20230125,20230125800108,아모레퍼시픽,결산실적공시예고(안내공시),False,,,
090430,아모레퍼시픽,브랜드,v1,00583424,거래소공시,20230113,20230113800238,아모레퍼시픽,최대주주등소유주식변동신고서,False,,,
090430,아모레퍼시픽,브랜드,v1,00583424,거래소공시,20230106,20230106800339,아모레퍼시픽,최대주주등소유주식변동신고서,False,,,
090430,아모레퍼시픽,브랜드,v1,00583424,거래소공시,20230102,20230102800445,아모레퍼시픽,대표이사(대표집행임원)변경(안내공시),False,,,
090430,아모레퍼시픽,브랜드,v1,00583424,거래소공시,20221229,20221229800205,아모레퍼시픽,최대주주등소유주식변동신고서,False,,,
090430,아모레퍼시픽,브랜드,v1,00583424,거래소공시,20221223,20221223800327,아모레퍼시픽,최대주주등소유주식변동신고서,False,,,
090430,아모레퍼시픽,브랜드,v1,00583424,거래소공시,20221215,20221215800379,아모레퍼시픽,최대주주등소유주식변동신고서,False,,,
090430,아모레퍼시픽,브랜드,v1,00583424,거래소공시,20221209,20221209800141,아모레퍼시픽,최대주주등소유주식변동신고서,False,,,
090430,아모레퍼시픽,브랜드,v1,00583424,거래소공시,20221202,20221202800105,아모레퍼시픽,최대주주등소유주식변동신고서,False,,,
090430,아모레퍼시픽,브랜드,v1,00583424,거래소공시,20221128,20221128800416,아모레퍼시픽,최대주주등소유주식변동신고서,False,,,
090430,아모레퍼시픽,브랜드,v1,00583424,거래소공시,20221031,20221031800374,아모레퍼시픽,연결재무제표기준영업(잠정)실적(공정공시),False,잠정실적,2022.0,3.0
090430,아모레퍼시픽,브랜드,v1,00583424,거래소공시,20221027,20221027800236,아모레퍼시픽,[기재정정]타인에대한채무보증결정,True,,,
090430,아모레퍼시픽,브랜드,v1,00583424,거래소공시,20221024,20221024800266,아모레퍼시픽,결산실적공시예고(안내공시),False,,,
090430,아모레퍼시픽,브랜드,v1,00583424,거래소공시,20221019,20221019800509,아모레퍼시픽,[기재정정]타법인주식및출자증권취득결정,True,,,
090430,아모레퍼시픽,브랜드,v1,00583424,거래소공시,20221019,20221019800497,아모레퍼시픽,[기재정정]유상증자결정(종속회사의주요경영사항),True,,,
090430,아모레퍼시픽,브랜드,v1,00583424,거래소공시,20220916,20220916800202,아모레퍼시픽,기업설명회(IR)개최(안내공시),False,,,
090430,아모레퍼시픽,브랜드,v1,00583424,거래소공시,20220907,20220907800090,아모레퍼시픽,기업설명회(IR)개최(안내공시),False,,,
090430,아모레퍼시픽,브랜드,v1,00583424,거래소공시,20220901,20220901800466,아모레퍼시픽,[기재정정]유상증자결정(종속회사의주요경영사항),True,,,
090430,아모레퍼시픽,브랜드,v1,00583424,거래소공시,20220901,20220901800304,아모레퍼시픽,타인에대한채무보증결정,False,,,
090430,아모레퍼시픽,브랜드,v1,00583424,거래소공시,20220901,20220901800291,아모레퍼시픽,타법인주식및출자증권취득결정,False,,,
090430,아모레퍼시픽,브랜드,v1,00583424,거래소공시,20220901,20220901800284,아모레퍼시픽,[기재정정]유상증자결정(종속회사의주요경영사항),True,,,
090430,아모레퍼시픽,브랜드,v1,00583424,거래소공시,20220901,20220901800248,아모레퍼시픽,유상증자결정(종속회사의주요경영사항),False,,,
278470,에이피알,브랜드,v1,01190568,정기공시,20260814,20260814002503,에이피알,반기보고서 (2026.06),False,정기보고서,2026.0,2.0
278470,에이피알,브랜드,v1,01190568,정기공시,20260515,20260515001577,에이피알,분기보고서 (2026.03),False,정기보고서,2026.0,1.0
278470,에이피알,브랜드,v1,01190568,정기공시,20260323,20260323001257,에이피알,사업보고서 (2025.12),False,정기보고서,2025.0,4.0
278470,에이피알,브랜드,v1,01190568,정기공시,20251114,20251114002319,에이피알,분기보고서 (2025.09),False,정기보고서,2025.0,3.0
278470,에이피알,브랜드,v1,01190568,정기공시,20250814,20250814001828,에이피알,반기보고서 (2025.06),False,정기보고서,2025.0,2.0
278470,에이피알,브랜드,v1,01190568,정기공시,20250515,20250515001164,에이피알,분기보고서 (2025.03),False,정기보고서,2025.0,1.0
278470,에이피알,브랜드,v1,01190568,정기공시,20250321,20250321001576,에이피알,사업보고서 (2024.12),False,정기보고서,2024.0,4.0
278470,에이피알,브랜드,v1,01190568,정기공시,20241114,20241114002863,에이피알,분기보고서 (2024.09),False,정기보고서,2024.0,3.0
278470,에이피알,브랜드,v1,01190568,정기공시,20240814,20240814001778,에이피알,반기보고서 (2024.06),False,정기보고서,2024.0,2.0
278470,에이피알,브랜드,v1,01190568,정기공시,20240514,20240514001525,에이피알,분기보고서 (2024.03),False,정기보고서,2024.0,1.0
278470,에이피알,브랜드,v1,01190568,정기공시,20240321,20240321000964,에이피알,사업보고서 (2023.12),False,정기보고서,2023.0,4.0
278470,에이피알,브랜드,v1,01190568,정기공시,20231114,20231114001221,에이피알,분기보고서 (2023.09),False,정기보고서,2023.0,3.0
278470,에이피알,브랜드,v1,01190568,정기공시,20230814,20230814002584,에이피알,반기보고서 (2023.06),False,정기보고서,2023.0,2.0
278470,에이피알,브랜드,v1,01190568,정기공시,20230515,20230515000887,에이피알,분기보고서 (2023.03),False,정기보고서,2023.0,1.0
278470,에이피알,브랜드,v1,01190568,정기공시,20230329,20230329001036,에이피알,사업보고서 (2022.12),False,정기보고서,2022.0,4.0
278470,에이피알,브랜드,v1,01190568,정기공시,20221114,20221114000470,에이피알,분기보고서 (2022.09),False,정기보고서,2022.0,3.0
278470,에이피알,브랜드,v1,01190568,거래소공시,20260805,20260805800100,에이피알,연결재무제표기준영업(잠정)실적(공정공시),False,잠정실적,2026.0,2.0
278470,에이피알,브랜드,v1,01190568,거래소공시,20260727,20260727800476,에이피알,기업설명회(IR)개최(안내공시),False,,,
278470,에이피알,브랜드,v1,01190568,거래소공시,20260727,20260727800460,에이피알,기업설명회(IR)개최(안내공시),False,,,
278470,에이피알,브랜드,v1,01190568,거래소공시,20260727,20260727800459,에이피알,결산실적공시예고(안내공시),False,,,
278470,에이피알,브랜드,v1,01190568,거래소공시,20260716,20260716800394,에이피알,현금ㆍ현물배당을위한주주명부폐쇄(기준일)결정,False,,,
278470,에이피알,브랜드,v1,01190568,거래소공시,20260716,20260716800385,에이피알,현금ㆍ현물배당결정,False,,,
278470,에이피알,브랜드,v1,01190568,거래소공시,20260716,20260716800373,에이피알,[첨부정정]지속가능경영보고서등관련사항(자율공시),True,,,
278470,에이피알,브랜드,v1,01190568,거래소공시,20260619,20260619800719,에이피알,지속가능경영보고서등관련사항(자율공시),False,,,
278470,에이피알,브랜드,v1,01190568,거래소공시,20260601,20260601801143,에이피알,기업설명회(IR)개최(안내공시),False,,,
278470,에이피알,브랜드,v1,01190568,거래소공시,20260529,20260529801251,에이피알,기업지배구조보고서공시,False,,,
278470,에이피알,브랜드,v1,01190568,거래소공시,20260515,20260515801640,에이피알,최대주주등소유주식변동신고서,False,,,
278470,에이피알,브랜드,v1,01190568,거래소공시,20260507,20260507800150,에이피알,연결재무제표기준영업(잠정)실적(공정공시),False,잠정실적,2026.0,1.0
278470,에이피알,브랜드,v1,01190568,거래소공시,20260427,20260427800363,에이피알,기업설명회(IR)개최(안내공시),False,,,
278470,에이피알,브랜드,v1,01190568,거래소공시,20260427,20260427800348,에이피알,결산실적공시예고(안내공시),False,,,
278470,에이피알,브랜드,v1,01190568,거래소공시,20260427,20260427800354,에이피알,기업설명회(IR)개최(안내공시),False,,,
278470,에이피알,브랜드,v1,01190568,거래소공시,20260401,20260401800230,에이피알,기업설명회(IR)개최(안내공시),False,,,
278470,에이피알,브랜드,v1,01190568,거래소공시,20260331,20260331804449,에이피알,기업가치제고계획(자율공시),False,,,
278470,에이피알,브랜드,v1,01190568,거래소공시,20260331,20260331804213,에이피알,정기주주총회결과,False,,,
278470,에이피알,브랜드,v1,01190568,거래소공시,20260317,20260317801285,에이피알,감사보고서제출,False,,,
278470,에이피알,브랜드,v1,01190568,거래소공시,20260227,20260227800371,에이피알,현금ㆍ현물배당을위한주주명부폐쇄(기준일)결정,False,,,
278470,에이피알,브랜드,v1,01190568,거래소공시,20260227,20260227800370,에이피알,현금ㆍ현물배당결정,False,,,
278470,에이피알,브랜드,v1,01190568,거래소공시,20260227,20260227800361,에이피알,주주총회소집결의,False,,,
278470,에이피알,브랜드,v1,01190568,거래소공시,20260226,20260226800150,에이피알,기업설명회(IR)개최(안내공시),False,,,
278470,에이피알,브랜드,v1,01190568,거래소공시,20260213,20260213801070,에이피알,최대주주등소유주식변동신고서,False,,,
278470,에이피알,브랜드,v1,01190568,거래소공시,20260204,20260204800158,에이피알,매출액또는손익구조30%(대규모법인은15%)이상변경,False,,,
278470,에이피알,브랜드,v1,01190568,거래소공시,20260204,20260204800151,에이피알,연결재무제표기준영업(잠정)실적(공정공시),False,잠정실적,2025.0,4.0
278470,에이피알,브랜드,v1,01190568,거래소공시,20260126,20260126800743,에이피알,기업설명회(IR)개최(안내공시),False,,,
278470,에이피알,브랜드,v1,01190568,거래소공시,20260126,20260126800713,에이피알,기업설명회(IR)개최(안내공시),False,,,
278470,에이피알,브랜드,v1,01190568,거래소공시,20260126,20260126800706,에이피알,결산실적공시예고(안내공시),False,,,
278470,에이피알,브랜드,v1,01190568,거래소공시,20260114,20260114800321,에이피알,최대주주등소유주식변동신고서,False,,,
278470,에이피알,브랜드,v1,01190568,거래소공시,20251224,20251224800444,에이피알,최대주주등소유주식변동신고서,False,,,
278470,에이피알,브랜드,v1,01190568,거래소공시,20251217,20251217800363,에이피알,최대주주등소유주식변동신고서,False,,,
278470,에이피알,브랜드,v1,01190568,거래소공시,20251114,20251114802663,에이피알,최대주주등소유주식변동신고서,False,,,
278470,에이피알,브랜드,v1,01190568,거래소공시,20251106,20251106800081,에이피알,연결재무제표기준영업(잠정)실적(공정공시),False,잠정실적,2025.0,3.0
278470,에이피알,브랜드,v1,01190568,거래소공시,20251030,20251030800141,에이피알,기업설명회(IR)개최(안내공시),False,,,
278470,에이피알,브랜드,v1,01190568,거래소공시,20251030,20251030800125,에이피알,기업설명회(IR)개최(안내공시),False,,,
278470,에이피알,브랜드,v1,01190568,거래소공시,20251030,20251030800122,에이피알,결산실적공시예고(안내공시),False,,,
278470,에이피알,브랜드,v1,01190568,거래소공시,20250827,20250827800260,에이피알,기업설명회(IR)개최(안내공시),False,,,
278470,에이피알,브랜드,v1,01190568,거래소공시,20250811,20250811800397,에이피알,최대주주등소유주식변동신고서,False,,,
278470,에이피알,브랜드,v1,01190568,거래소공시,20250806,20250806800043,에이피알,연결재무제표기준영업(잠정)실적(공정공시),False,잠정실적,2025.0,2.0
278470,에이피알,브랜드,v1,01190568,거래소공시,20250804,20250804800162,에이피알,주식소각결정,False,,,
278470,에이피알,브랜드,v1,01190568,거래소공시,20250731,20250731800393,에이피알,기업설명회(IR)개최(안내공시),False,,,
278470,에이피알,브랜드,v1,01190568,거래소공시,20250728,20250728800286,에이피알,현금ㆍ현물배당결정,False,,,
278470,에이피알,브랜드,v1,01190568,거래소공시,20250728,20250728800152,에이피알,임시주주총회결과,False,,,
278470,에이피알,브랜드,v1,01190568,거래소공시,20250723,20250723800098,에이피알,기업설명회(IR)개최(안내공시),False,,,
278470,에이피알,브랜드,v1,01190568,거래소공시,20250723,20250723800091,에이피알,결산실적공시예고(안내공시),False,,,
278470,에이피알,브랜드,v1,01190568,거래소공시,20250711,20250711800131,에이피알,현금ㆍ현물배당을위한주주명부폐쇄(기준일)결정,False,,,
278470,에이피알,브랜드,v1,01190568,거래소공시,20250609,20250609800138,에이피알,주주명부폐쇄기간또는기준일설정,False,,,
278470,에이피알,브랜드,v1,01190568,거래소공시,20250609,20250609800136,에이피알,주주총회소집결의,False,,,
278470,에이피알,브랜드,v1,01190568,거래소공시,20250602,20250602800206,에이피알,기업지배구조보고서공시,False,,,
278470,에이피알,브랜드,v1,01190568,거래소공시,20250528,20250528800350,에이피알,최대주주등소유주식변동신고서,False,,,
278470,에이피알,브랜드,v1,01190568,거래소공시,20250509,20250509800225,에이피알,기업설명회(IR)개최(안내공시),False,,,
278470,에이피알,브랜드,v1,01190568,거래소공시,20250508,20250508800069,에이피알,연결재무제표기준영업(잠정)실적(공정공시),False,잠정실적,2025.0,1.0
278470,에이피알,브랜드,v1,01190568,거래소공시,20250428,20250428800293,에이피알,기업설명회(IR)개최(안내공시),False,,,
278470,에이피알,브랜드,v1,01190568,거래소공시,20250428,20250428800285,에이피알,결산실적공시예고(안내공시),False,,,
278470,에이피알,브랜드,v1,01190568,거래소공시,20250331,20250331802277,에이피알,정기주주총회결과,False,,,
278470,에이피알,브랜드,v1,01190568,거래소공시,20250321,20250321801634,에이피알,감사보고서제출,False,,,
278470,에이피알,브랜드,v1,01190568,거래소공시,20250320,20250320801020,에이피알,최대주주등소유주식변동신고서,False,,,
278470,에이피알,브랜드,v1,01190568,거래소공시,20250318,20250318800236,에이피알,기업설명회(IR)개최(안내공시),False,,,
278470,에이피알,브랜드,v1,01190568,거래소공시,20250228,20250228800813,에이피알,주주총회소집결의,False,,,
278470,에이피알,브랜드,v1,01190568,거래소공시,20250213,20250213800219,에이피알,기업설명회(IR)개최(안내공시),False,,,
278470,에이피알,브랜드,v1,01190568,거래소공시,20250211,20250211800540,에이피알,기업설명회(IR)개최(안내공시),False,,,
278470,에이피알,브랜드,v1,01190568,거래소공시,20250210,20250210800667,에이피알,연결재무제표기준영업(잠정)실적(공정공시),False,잠정실적,2024.0,4.0
278470,에이피알,브랜드,v1,01190568,거래소공시,20250210,20250210800615,에이피알,매출액또는손익구조30%(대규모법인은15%)이상변경,False,,,
278470,에이피알,브랜드,v1,01190568,거래소공시,20250203,20250203801044,에이피알,기업설명회(IR)개최(안내공시),False,,,
278470,에이피알,브랜드,v1,01190568,거래소공시,20250203,20250203800943,에이피알,결산실적공시예고(안내공시),False,,,
278470,에이피알,브랜드,v1,01190568,거래소공시,20250108,20250108800061,에이피알,주식소각결정,False,,,
278470,에이피알,브랜드,v1,01190568,거래소공시,20241111,20241111800674,에이피알,기업설명회(IR)개최(안내공시),False,,,
278470,에이피알,브랜드,v1,01190568,거래소공시,20241106,20241106800193,에이피알,연결재무제표기준영업(잠정)실적(공정공시),False,잠정실적,2024.0,3.0
278470,에이피알,브랜드,v1,01190568,거래소공시,20241101,20241101800467,에이피알,최대주주등소유주식변동신고서,False,,,
278470,에이피알,브랜드,v1,01190568,거래소공시,20241030,20241030800545,에이피알,기업설명회(IR)개최(안내공시),False,,,
278470,에이피알,브랜드,v1,01190568,거래소공시,20241030,20241030800539,에이피알,결산실적공시예고(안내공시),False,,,
278470,에이피알,브랜드,v1,01190568,거래소공시,20241014,20241014800454,에이피알,[기재정정]주식분할결정,True,,,
278470,에이피알,브랜드,v1,01190568,거래소공시,20240920,20240920800537,에이피알,임시주주총회결과,False,,,
278470,에이피알,브랜드,v1,01190568,거래소공시,20240919,20240919800382,에이피알,최대주주등소유주식변동신고서,False,,,
278470,에이피알,브랜드,v1,01190568,거래소공시,20240913,20240913800529,에이피알,최대주주등소유주식변동신고서,False,,,
278470,에이피알,브랜드,v1,01190568,거래소공시,20240903,20240903800425,에이피알,기업설명회(IR)개최(안내공시),False,,,
278470,에이피알,브랜드,v1,01190568,거래소공시,20240731,20240731800070,에이피알,주주명부폐쇄기간또는기준일설정,False,,,
278470,에이피알,브랜드,v1,01190568,거래소공시,20240731,20240731800068,에이피알,주주총회소집결의,False,,,
278470,에이피알,브랜드,v1,01190568,거래소공시,20240731,20240731800067,에이피알,주식분할결정,False,,,
278470,에이피알,브랜드,v1,01190568,거래소공시,20240731,20240731800065,에이피알,연결재무제표기준영업(잠정)실적(공정공시),False,잠정실적,2024.0,2.0
278470,에이피알,브랜드,v1,01190568,거래소공시,20240724,20240724800328,에이피알,기업설명회(IR)개최(안내공시),False,,,
278470,에이피알,브랜드,v1,01190568,거래소공시,20240724,20240724800320,에이피알,결산실적공시예고(안내공시),False,,,
278470,에이피알,브랜드,v1,01190568,거래소공시,20240701,20240701800142,에이피알,수시공시의무관련사항(공정공시),False,,,
278470,에이피알,브랜드,v1,01190568,거래소공시,20240528,20240528800019,에이피알,기업설명회(IR)개최(안내공시),False,,,
278470,에이피알,브랜드,v1,01190568,거래소공시,20240523,20240523800117,에이피알,최대주주등소유주식변동신고서,False,,,
278470,에이피알,브랜드,v1,01190568,거래소공시,20240516,20240516800532,에이피알,최대주주등소유주식변동신고서,False,,,
278470,에이피알,브랜드,v1,01190568,거래소공시,20240514,20240514800179,에이피알,기업설명회(IR)개최(안내공시),False,,,
278470,에이피알,브랜드,v1,01190568,거래소공시,20240509,20240509800109,에이피알,최대주주등소유주식변동신고서,False,,,
278470,에이피알,브랜드,v1,01190568,거래소공시,20240502,20240502800155,에이피알,연결재무제표기준영업(잠정)실적(공정공시),False,잠정실적,2024.0,1.0
278470,에이피알,브랜드,v1,01190568,거래소공시,20240425,20240425800293,에이피알,기업설명회(IR)개최(안내공시),False,,,
278470,에이피알,브랜드,v1,01190568,거래소공시,20240425,20240425800291,에이피알,결산실적공시예고(안내공시),False,,,
278470,에이피알,브랜드,v1,01190568,거래소공시,20240329,20240329803841,에이피알,정기주주총회결과,False,,,
278470,에이피알,브랜드,v1,01190568,거래소공시,20240326,20240326800446,에이피알,기업설명회(IR)개최(안내공시),False,,,
278470,에이피알,브랜드,v1,01190568,거래소공시,20240322,20240322800993,에이피알,기업설명회(IR)개최(안내공시),False,,,
278470,에이피알,브랜드,v1,01190568,거래소공시,20240321,20240321800868,에이피알,감사보고서제출,False,,,
278470,에이피알,브랜드,v1,01190568,거래소공시,20240308,20240308801163,에이피알,주주총회집중일개최사유신고,False,,,
278470,에이피알,브랜드,v1,01190568,거래소공시,20240308,20240308801083,에이피알,주주총회소집결의,False,,,
278470,에이피알,브랜드,v1,01190568,거래소공시,20240229,20240229801002,에이피알,매출액또는손익구조30%(대규모법인은15%)이상변경,False,,,
278470,에이피알,브랜드,v1,01190568,거래소공시,20240228,20240228800930,에이피알,타법인주식및출자증권취득결정,False,,,
278470,에이피알,브랜드,v1,01190568,거래소공시,20240228,20240228800829,에이피알,유상증자결정(종속회사의주요경영사항),False,,,
278470,에이피알,브랜드,v1,01190568,거래소공시,20240228,20240228800208,에이피알,최대주주등소유주식변동신고서,False,,,
237880,클리오,브랜드,v1,00957735,정기공시,20260814,20260814004258,클리오,[기재정정]반기보고서 (2026.06),True,정기보고서,2026.0,2.0
237880,클리오,브랜드,v1,00957735,정기공시,20260814,20260814003979,클리오,반기보고서 (2026.06),False,정기보고서,2026.0,2.0
237880,클리오,브랜드,v1,00957735,정기공시,20260323,20260323001466,클리오,[첨부추가]사업보고서 (2025.12),True,정기보고서,2025.0,4.0
237880,클리오,브랜드,v1,00957735,정기공시,20260513,20260513000622,클리오,분기보고서 (2026.03),False,정기보고서,2026.0,1.0
237880,클리오,브랜드,v1,00957735,정기공시,20251114,20251114001280,클리오,분기보고서 (2025.09),False,정기보고서,2025.0,3.0
237880,클리오,브랜드,v1,00957735,정기공시,20250814,20250814001809,클리오,반기보고서 (2025.06),False,정기보고서,2025.0,2.0
237880,클리오,브랜드,v1,00957735,정기공시,20250515,20250515001050,클리오,분기보고서 (2025.03),False,정기보고서,2025.0,1.0
237880,클리오,브랜드,v1,00957735,정기공시,20250320,20250320001273,클리오,사업보고서 (2024.12),False,정기보고서,2024.0,4.0
237880,클리오,브랜드,v1,00957735,정기공시,20241114,20241114000767,클리오,분기보고서 (2024.09),False,정기보고서,2024.0,3.0
237880,클리오,브랜드,v1,00957735,정기공시,20240814,20240814003739,클리오,반기보고서 (2024.06),False,정기보고서,2024.0,2.0
237880,클리오,브랜드,v1,00957735,정기공시,20240514,20240514000555,클리오,분기보고서 (2024.03),False,정기보고서,2024.0,1.0
237880,클리오,브랜드,v1,00957735,정기공시,20240321,20240321000953,클리오,사업보고서 (2023.12),False,정기보고서,2023.0,4.0
237880,클리오,브랜드,v1,00957735,정기공시,20231113,20231113000446,클리오,분기보고서 (2023.09),False,정기보고서,2023.0,3.0
237880,클리오,브랜드,v1,00957735,정기공시,20230811,20230811001604,클리오,반기보고서 (2023.06),False,정기보고서,2023.0,2.0
237880,클리오,브랜드,v1,00957735,정기공시,20230512,20230512000333,클리오,분기보고서 (2023.03),False,정기보고서,2023.0,1.0
237880,클리오,브랜드,v1,00957735,정기공시,20230316,20230316000856,클리오,사업보고서 (2022.12),False,정기보고서,2022.0,4.0
237880,클리오,브랜드,v1,00957735,정기공시,20221114,20221114001670,클리오,분기보고서 (2022.09),False,정기보고서,2022.0,3.0
237880,클리오,브랜드,v1,00957735,거래소공시,20260813,20260813900811,클리오,연결재무제표기준영업(잠정)실적(공정공시),False,잠정실적,2026.0,2.0
237880,클리오,브랜드,v1,00957735,거래소공시,20260807,20260807900296,클리오,결산실적공시예고,False,,,
237880,클리오,브랜드,v1,00957735,거래소공시,20260511,20260511900595,클리오,연결재무제표기준영업(잠정)실적(공정공시),False,잠정실적,2026.0,1.0
237880,클리오,브랜드,v1,00957735,거래소공시,20260506,20260506900296,클리오,결산실적공시예고,False,,,
237880,클리오,브랜드,v1,00957735,거래소공시,20260331,20260331901055,클리오,정기주주총회결과,False,,,
237880,클리오,브랜드,v1,00957735,거래소공시,20260323,20260323901071,클리오,감사보고서제출,False,,,
237880,클리오,브랜드,v1,00957735,거래소공시,20260312,20260312901539,클리오,주주총회소집결의,False,,,
237880,클리오,브랜드,v1,00957735,거래소공시,20260213,20260213901845,클리오,현금ㆍ현물배당결정,False,,,
237880,클리오,브랜드,v1,00957735,거래소공시,20260213,20260213901824,클리오,매출액또는손익구조30%(대규모법인은15%)이상변동,False,잠정실적,2025.0,4.0
237880,클리오,브랜드,v1,00957735,거래소공시,20260213,20260213901799,클리오,연결재무제표기준영업(잠정)실적(공정공시),False,잠정실적,2025.0,4.0
237880,클리오,브랜드,v1,00957735,거래소공시,20260211,20260211900174,클리오,결산실적공시예고,False,,,
237880,클리오,브랜드,v1,00957735,거래소공시,20260106,20260106900546,클리오,증권발행결과(자율공시)              (제2회차 EB),False,,,
237880,클리오,브랜드,v1,00957735,거래소공시,20251215,20251215900462,클리오,주주명부폐쇄기간또는기준일설정,False,,,
237880,클리오,브랜드,v1,00957735,거래소공시,20251215,20251215900464,클리오,현금ㆍ현물배당을위한주주명부폐쇄(기준일)결정,False,,,
237880,클리오,브랜드,v1,00957735,거래소공시,20251202,20251202900206,클리오,가족친화인증ㆍ유효기간연장ㆍ인증취소(자율공시),False,,,
237880,클리오,브랜드,v1,00957735,거래소공시,20251113,20251113900581,클리오,연결재무제표기준영업(잠정)실적(공정공시),False,잠정실적,2025.0,3.0
237880,클리오,브랜드,v1,00957735,거래소공시,20251111,20251111900196,클리오,결산실적공시예고,False,,,
237880,클리오,브랜드,v1,00957735,거래소공시,20251014,20251014900359,클리오,기업설명회(IR)개최,False,,,
237880,클리오,브랜드,v1,00957735,거래소공시,20250813,20250813900688,클리오,연결재무제표기준영업(잠정)실적(공정공시),False,잠정실적,2025.0,2.0
237880,클리오,브랜드,v1,00957735,거래소공시,20250808,20250808900055,클리오,결산실적공시예고,False,,,
237880,클리오,브랜드,v1,00957735,거래소공시,20250514,20250514900574,클리오,연결재무제표기준영업(잠정)실적(공정공시),False,잠정실적,2025.0,1.0
237880,클리오,브랜드,v1,00957735,거래소공시,20250507,20250507900569,클리오,결산실적공시예고,False,,,
237880,클리오,브랜드,v1,00957735,거래소공시,20250328,20250328900614,클리오,정기주주총회결과,False,,,
237880,클리오,브랜드,v1,00957735,거래소공시,20250320,20250320901618,클리오,감사보고서제출,False,,,
237880,클리오,브랜드,v1,00957735,거래소공시,20250310,20250310900180,클리오,주주총회집중일개최사유신고,False,,,
237880,클리오,브랜드,v1,00957735,거래소공시,20250310,20250310900178,클리오,주주총회소집결의,False,,,
237880,클리오,브랜드,v1,00957735,거래소공시,20250221,20250221900599,클리오,현금ㆍ현물배당결정,False,,,
237880,클리오,브랜드,v1,00957735,거래소공시,20250221,20250221900541,클리오,연결재무제표기준영업(잠정)실적(공정공시),False,잠정실적,2024.0,4.0
237880,클리오,브랜드,v1,00957735,거래소공시,20250218,20250218900125,클리오,결산실적공시예고,False,,,
237880,클리오,브랜드,v1,00957735,거래소공시,20241212,20241212900212,클리오,현금ㆍ현물배당을위한주주명부폐쇄(기준일)결정,False,,,
237880,클리오,브랜드,v1,00957735,거래소공시,20241212,20241212900209,클리오,주주명부폐쇄기간또는기준일설정,False,,,
237880,클리오,브랜드,v1,00957735,거래소공시,20241122,20241122900026,클리오,기업설명회(IR)개최,False,,,
237880,클리오,브랜드,v1,00957735,거래소공시,20241108,20241108900403,클리오,연결재무제표기준영업(잠정)실적(공정공시),False,잠정실적,2024.0,3.0
237880,클리오,브랜드,v1,00957735,거래소공시,20241105,20241105900350,클리오,결산실적공시예고,False,,,
237880,클리오,브랜드,v1,00957735,거래소공시,20240808,20240808900195,클리오,기업설명회(IR)개최,False,,,
237880,클리오,브랜드,v1,00957735,거래소공시,20240808,20240808900194,클리오,연결재무제표기준영업(잠정)실적(공정공시),False,잠정실적,2024.0,2.0
237880,클리오,브랜드,v1,00957735,거래소공시,20240805,20240805900301,클리오,결산실적공시예고,False,,,
237880,클리오,브랜드,v1,00957735,거래소공시,20240514,20240514900493,클리오,기업설명회(IR)개최,False,,,
237880,클리오,브랜드,v1,00957735,거래소공시,20240510,20240510900144,클리오,연결재무제표기준영업(잠정)실적(공정공시),False,잠정실적,2024.0,1.0
237880,클리오,브랜드,v1,00957735,거래소공시,20240507,20240507900075,클리오,결산실적공시예고,False,,,
237880,클리오,브랜드,v1,00957735,거래소공시,20240419,20240419900104,클리오,타법인주식및출자증권취득결정(자율공시),False,,,
237880,클리오,브랜드,v1,00957735,거래소공시,20240419,20240419900101,클리오,타법인주식및출자증권취득결정(자율공시),False,,,
237880,클리오,브랜드,v1,00957735,거래소공시,20240403,20240403900223,클리오,기업설명회(IR)개최,False,,,
237880,클리오,브랜드,v1,00957735,거래소공시,20240329,20240329902295,클리오,정기주주총회결과,False,,,
237880,클리오,브랜드,v1,00957735,거래소공시,20240321,20240321900730,클리오,감사보고서제출,False,,,
237880,클리오,브랜드,v1,00957735,거래소공시,20240311,20240311900678,클리오,주주총회집중일개최사유신고,False,,,
237880,클리오,브랜드,v1,00957735,거래소공시,20240311,20240311900668,클리오,주주총회소집결의,False,,,
237880,클리오,브랜드,v1,00957735,거래소공시,20240215,20240215900598,클리오,현금ㆍ현물배당결정,False,,,
237880,클리오,브랜드,v1,00957735,거래소공시,20240215,20240215900590,클리오,연결재무제표기준영업(잠정)실적(공정공시),False,잠정실적,2023.0,4.0
237880,클리오,브랜드,v1,00957735,거래소공시,20240215,20240215900547,클리오,매출액또는손익구조30%(대규모법인은15%)이상변동,False,잠정실적,2023.0,4.0
237880,클리오,브랜드,v1,00957735,거래소공시,20240214,20240214900576,클리오,기업설명회(IR)개최,False,,,
237880,클리오,브랜드,v1,00957735,거래소공시,20240213,20240213900104,클리오,결산실적공시예고,False,,,
237880,클리오,브랜드,v1,00957735,거래소공시,20231214,20231214901005,클리오,현금ㆍ현물배당을위한주주명부폐쇄(기준일)결정,False,,,
237880,클리오,브랜드,v1,00957735,거래소공시,20231214,20231214900362,클리오,주주명부폐쇄기간또는기준일설정,False,,,
237880,클리오,브랜드,v1,00957735,거래소공시,20231201,20231201900320,클리오,기업설명회(IR)개최,False,,,
237880,클리오,브랜드,v1,00957735,거래소공시,20231109,20231109900086,클리오,기업설명회(IR)개최,False,,,
237880,클리오,브랜드,v1,00957735,거래소공시,20231108,20231108900116,클리오,연결재무제표기준영업(잠정)실적(공정공시),False,잠정실적,2023.0,3.0
237880,클리오,브랜드,v1,00957735,거래소공시,20231006,20231006900134,클리오,기업설명회(IR)개최,False,,,
237880,클리오,브랜드,v1,00957735,거래소공시,20230912,20230912900093,클리오,기업설명회(IR)개최,False,,,
237880,클리오,브랜드,v1,00957735,거래소공시,20230828,20230828900092,클리오,기업설명회(IR)개최,False,,,
237880,클리오,브랜드,v1,00957735,거래소공시,20230808,20230808900226,클리오,기업설명회(IR)개최,False,,,
237880,클리오,브랜드,v1,00957735,거래소공시,20230807,20230807900180,클리오,연결재무제표기준영업(잠정)실적(공정공시),False,잠정실적,2023.0,2.0
237880,클리오,브랜드,v1,00957735,거래소공시,20230511,20230511900220,클리오,기업설명회(IR)개최,False,,,
237880,클리오,브랜드,v1,00957735,거래소공시,20230509,20230509900152,클리오,연결재무제표기준영업(잠정)실적(공정공시),False,잠정실적,2023.0,1.0
237880,클리오,브랜드,v1,00957735,거래소공시,20230428,20230428901162,코스닥시장본부,소속부변경,False,,,
237880,클리오,브랜드,v1,00957735,거래소공시,20230324,20230324900537,클리오,정기주주총회결과,False,,,
237880,클리오,브랜드,v1,00957735,거래소공시,20230316,20230316902405,코스닥시장본부,소속부변경,False,,,
237880,클리오,브랜드,v1,00957735,거래소공시,20230316,20230316900965,클리오,감사보고서제출,False,,,
237880,클리오,브랜드,v1,00957735,거래소공시,20230307,20230307900140,클리오,수시공시의무관련사항(공정공시),False,,,
237880,클리오,브랜드,v1,00957735,거래소공시,20230307,20230307900138,클리오,현금ㆍ현물배당결정,False,,,
237880,클리오,브랜드,v1,00957735,거래소공시,20230307,20230307900139,클리오,주주총회집중일개최사유신고,False,,,
237880,클리오,브랜드,v1,00957735,거래소공시,20230307,20230307900135,클리오,주주총회소집결의,False,,,
237880,클리오,브랜드,v1,00957735,거래소공시,20230223,20230223900362,클리오,기업설명회(IR)개최,False,,,
237880,클리오,브랜드,v1,00957735,거래소공시,20230223,20230223900184,클리오,연결재무제표기준영업(잠정)실적(공정공시),False,잠정실적,2022.0,4.0
237880,클리오,브랜드,v1,00957735,거래소공시,20221216,20221216900405,클리오,가족친화인증ㆍ유효기간연장ㆍ인증취소(자율공시),False,,,
237880,클리오,브랜드,v1,00957735,거래소공시,20221215,20221215900205,클리오,현금ㆍ현물배당을위한주주명부폐쇄(기준일)결정,False,,,
237880,클리오,브랜드,v1,00957735,거래소공시,20221215,20221215900200,클리오,주주명부폐쇄기간또는기준일설정,False,,,
237880,클리오,브랜드,v1,00957735,거래소공시,20221128,20221128900175,클리오,전환사채(해외전환사채포함)발행후만기전사채취득(제1회차),False,,,
237880,클리오,브랜드,v1,00957735,거래소공시,20221128,20221128900061,클리오,기업설명회(IR)개최,False,,,
237880,클리오,브랜드,v1,00957735,거래소공시,20221114,20221114900812,클리오,기업설명회(IR)개최,False,,,
237880,클리오,브랜드,v1,00957735,거래소공시,20221111,20221111900469,클리오,연결재무제표기준영업(잠정)실적(공정공시),False,잠정실적,2022.0,3.0
018290,브이티,브랜드,v1,00150165,정기공시,20260813,20260813001156,브이티,반기보고서 (2026.06),False,정기보고서,2026.0,2.0
018290,브이티,브랜드,v1,00150165,정기공시,20260515,20260515002975,브이티,분기보고서 (2026.03),False,정기보고서,2026.0,1.0
018290,브이티,브랜드,v1,00150165,정기공시,20260319,20260319001002,브이티,사업보고서 (2025.12),False,정기보고서,2025.0,4.0
018290,브이티,브랜드,v1,00150165,정기공시,20251114,20251114001429,브이티,분기보고서 (2025.09),False,정기보고서,2025.0,3.0
018290,브이티,브랜드,v1,00150165,정기공시,20250812,20250812000592,브이티,반기보고서 (2025.06),False,정기보고서,2025.0,2.0
018290,브이티,브랜드,v1,00150165,정기공시,20250513,20250513000509,브이티,분기보고서 (2025.03),False,정기보고서,2025.0,1.0
018290,브이티,브랜드,v1,00150165,정기공시,20250319,20250319000919,브이티,사업보고서 (2024.12),False,정기보고서,2024.0,4.0
018290,브이티,브랜드,v1,00150165,정기공시,20241114,20241114002071,브이티,분기보고서 (2024.09),False,정기보고서,2024.0,3.0
018290,브이티,브랜드,v1,00150165,정기공시,20240813,20240812001019,브이티,[기재정정]반기보고서 (2024.06),True,정기보고서,2024.0,2.0
018290,브이티,브랜드,v1,00150165,정기공시,20240812,20240812000634,브이티,반기보고서 (2024.06),False,정기보고서,2024.0,2.0
018290,브이티,브랜드,v1,00150165,정기공시,20240513,20240513000616,브이티,분기보고서 (2024.03),False,정기보고서,2024.0,1.0
018290,브이티,브랜드,v1,00150165,정기공시,20240320,20240320001799,브이티,사업보고서 (2023.12),False,정기보고서,2023.0,4.0
018290,브이티,브랜드,v1,00150165,정기공시,20231124,20231124000366,브이티,[기재정정]반기보고서 (2023.06),True,정기보고서,2023.0,2.0
018290,브이티,브랜드,v1,00150165,정기공시,20231109,20231109000309,브이티,분기보고서 (2023.09),False,정기보고서,2023.0,3.0
018290,브이티,브랜드,v1,00150165,정기공시,20230811,20230811001951,브이티,[기재정정]반기보고서 (2023.06),True,정기보고서,2023.0,2.0
018290,브이티,브랜드,v1,00150165,정기공시,20230811,20230811001560,브이티,반기보고서 (2023.06),False,정기보고서,2023.0,2.0
018290,브이티,브랜드,v1,00150165,정기공시,20230515,20230515001206,브이티,분기보고서 (2023.03),False,정기보고서,2023.0,1.0
018290,브이티,브랜드,v1,00150165,정기공시,20230321,20230321000980,브이티,사업보고서 (2022.12),False,정기보고서,2022.0,4.0
018290,브이티,브랜드,v1,00150165,정기공시,20221111,20221111000592,브이티,분기보고서 (2022.09),False,정기보고서,2022.0,3.0
018290,브이티,브랜드,v1,00150165,거래소공시,20260811,20260811900534,브이티,기업설명회(IR)개최,False,,,
018290,브이티,브랜드,v1,00150165,거래소공시,20260327,20260327901792,브이티,정기주주총회결과,False,,,
018290,브이티,브랜드,v1,00150165,거래소공시,20260319,20260319901023,브이티,감사보고서제출,False,,,
018290,브이티,브랜드,v1,00150165,거래소공시,20260312,20260312901210,브이티,주주총회집중일개최사유신고,False,,,
018290,브이티,브랜드,v1,00150165,거래소공시,20260312,20260312901187,브이티,주주총회소집결의,False,,,
018290,브이티,브랜드,v1,00150165,거래소공시,20260312,20260312901133,브이티,[기재정정]매출액또는손익구조30%(대규모법인은15%)이상변동,True,잠정실적,2025.0,4.0
018290,브이티,브랜드,v1,00150165,거래소공시,20260226,20260226901115,브이티,매출액또는손익구조30%(대규모법인은15%)이상변동,False,잠정실적,2025.0,4.0
018290,브이티,브랜드,v1,00150165,거래소공시,20251216,20251216901170,브이티,주주명부폐쇄기간또는기준일설정,False,,,
018290,브이티,브랜드,v1,00150165,거래소공시,20250922,20250922900084,브이티,[기재정정]주식소각결정,True,,,
018290,브이티,브랜드,v1,00150165,거래소공시,20250811,20250811900597,브이티,기업설명회(IR)개최,False,,,
018290,브이티,브랜드,v1,00150165,거래소공시,20250729,20250729900419,브이티,주식소각결정,False,,,
018290,브이티,브랜드,v1,00150165,거래소공시,20250724,20250724900337,브이티,타법인주식및출자증권취득결정(자율공시),False,,,
018290,브이티,브랜드,v1,00150165,거래소공시,20250327,20250327901934,브이티,정기주주총회결과,False,,,
018290,브이티,브랜드,v1,00150165,거래소공시,20250319,20250319900620,브이티,감사보고서제출,False,,,
018290,브이티,브랜드,v1,00150165,거래소공시,20250312,20250312901847,브이티,[첨부정정]주주총회소집결의,True,,,
018290,브이티,브랜드,v1,00150165,거래소공시,20250312,20250312900874,브이티,주주총회집중일개최사유신고,False,,,
018290,브이티,브랜드,v1,00150165,거래소공시,20250312,20250312900885,브이티,[기재정정]매출액또는손익구조30%(대규모법인은15%)이상변동,True,잠정실적,2024.0,4.0
018290,브이티,브랜드,v1,00150165,거래소공시,20250312,20250312900810,브이티,주주총회소집결의,False,,,
018290,브이티,브랜드,v1,00150165,거래소공시,20250226,20250226900601,브이티,매출액또는손익구조30%(대규모법인은15%)이상변동,False,잠정실적,2024.0,4.0
018290,브이티,브랜드,v1,00150165,거래소공시,20241218,20241218900296,브이티,기타주요경영사항              (유형자산 취득결정(자율공시)관련 승계계약 체결),False,,,
018290,브이티,브랜드,v1,00150165,거래소공시,20241218,20241218900294,브이티,[기재정정]유형자산취득결정(자율공시),True,,,
018290,브이티,브랜드,v1,00150165,거래소공시,20241216,20241216901084,브이티,주주명부폐쇄기간또는기준일설정,False,,,
018290,브이티,브랜드,v1,00150165,거래소공시,20241202,20241202900548,브이티,타법인주식및출자증권취득결정(자율공시),False,,,
018290,브이티,브랜드,v1,00150165,거래소공시,20240328,20240328901302,브이티,정기주주총회결과,False,,,
018290,브이티,브랜드,v1,00150165,거래소공시,20240320,20240320901898,브이티,감사보고서제출,False,,,
018290,브이티,브랜드,v1,00150165,거래소공시,20240313,20240313901061,브이티,[기재정정]매출액또는손익구조30%(대규모법인은15%)이상변동,True,잠정실적,2023.0,4.0
018290,브이티,브랜드,v1,00150165,거래소공시,20240313,20240313901031,브이티,주주총회소집결의,False,,,
018290,브이티,브랜드,v1,00150165,거래소공시,20240226,20240226900528,브이티,매출액또는손익구조30%(대규모법인은15%)이상변동,False,잠정실적,2023.0,4.0
018290,브이티,브랜드,v1,00150165,거래소공시,20231215,20231215900646,브이티,주주명부폐쇄기간또는기준일설정,False,,,
018290,브이티,브랜드,v1,00150165,거래소공시,20231006,20231006900343,브이티,교환청구권행사,False,,,
018290,브이티,브랜드,v1,00150165,거래소공시,20230825,20230825900485,브이티,교환청구권행사,False,,,
018290,브이티,브랜드,v1,00150165,거래소공시,20230704,20230704900775,브이티,대표이사변경,False,,,
018290,브이티,브랜드,v1,00150165,거래소공시,20230621,20230621900528,브이티,신주인수권행사,False,,,
018290,브이티,브랜드,v1,00150165,거래소공시,20230620,20230620900325,브이티,교환청구권행사,False,,,
018290,브이티,브랜드,v1,00150165,거래소공시,20230530,20230530900590,브이티,임시주주총회결과,False,,,
018290,브이티,브랜드,v1,00150165,거래소공시,20230515,20230515901168,브이티,주주총회소집결의,False,,,
018290,브이티,브랜드,v1,00150165,거래소공시,20230508,20230508900358,브이티,신주인수권부사채(해외신주인수권부사채포함)발행후만기전사채취득,False,,,
018290,브이티,브랜드,v1,00150165,거래소공시,20230419,20230419900209,브이티,주주명부폐쇄기간또는기준일설정,False,,,
018290,브이티,브랜드,v1,00150165,거래소공시,20230329,20230329901829,브이티,정기주주총회결과,False,,,
018290,브이티,브랜드,v1,00150165,거래소공시,20230321,20230321900897,브이티,감사보고서제출,False,,,
018290,브이티,브랜드,v1,00150165,거래소공시,20230314,20230314901282,브이티,[기재정정]매출액또는손익구조30%(대규모법인은15%)이상변동,True,잠정실적,2022.0,4.0
018290,브이티,브랜드,v1,00150165,거래소공시,20230314,20230314901237,브이티,주주총회소집결의,False,,,
018290,브이티,브랜드,v1,00150165,거래소공시,20230228,20230228900515,브이티,매출액또는손익구조30%(대규모법인은15%)이상변동,False,잠정실적,2022.0,4.0
018290,브이티,브랜드,v1,00150165,거래소공시,20230208,20230208900587,브이티,신주인수권부사채(해외신주인수권부사채포함)발행후만기전사채취득,False,,,
018290,브이티,브랜드,v1,00150165,거래소공시,20221216,20221216900867,브이티,주주명부폐쇄기간또는기준일설정,False,,,
018290,브이티,브랜드,v1,00150165,거래소공시,20220919,20220919900280,브이티,교환가액의조정,False,,,
018290,브이티,브랜드,v1,00150165,거래소공시,20220908,20220908900377,브이티,임시주주총회결과,False,,,
092730,네오팜,브랜드,v1,00551920,정기공시,20260814,20260814002278,네오팜,반기보고서 (2026.06),False,정기보고서,2026.0,2.0
092730,네오팜,브랜드,v1,00551920,정기공시,20260514,20260514000866,네오팜,분기보고서 (2026.03),False,정기보고서,2026.0,1.0
092730,네오팜,브랜드,v1,00551920,정기공시,20260316,20260316001522,네오팜,사업보고서 (2025.12),False,정기보고서,2025.0,4.0
092730,네오팜,브랜드,v1,00551920,정기공시,20251114,20251114001458,네오팜,분기보고서 (2025.09),False,정기보고서,2025.0,3.0
092730,네오팜,브랜드,v1,00551920,정기공시,20250814,20250814002774,네오팜,반기보고서 (2025.06),False,정기보고서,2025.0,2.0
092730,네오팜,브랜드,v1,00551920,정기공시,20250514,20250514000697,네오팜,분기보고서 (2025.03),False,정기보고서,2025.0,1.0
092730,네오팜,브랜드,v1,00551920,정기공시,20250317,20250317000438,네오팜,사업보고서 (2024.12),False,정기보고서,2024.0,4.0
092730,네오팜,브랜드,v1,00551920,정기공시,20241113,20241113000494,네오팜,분기보고서 (2024.09),False,정기보고서,2024.0,3.0
092730,네오팜,브랜드,v1,00551920,정기공시,20240812,20240812000823,네오팜,반기보고서 (2024.06),False,정기보고서,2024.0,2.0
092730,네오팜,브랜드,v1,00551920,정기공시,20240510,20240510000800,네오팜,분기보고서 (2024.03),False,정기보고서,2024.0,1.0
092730,네오팜,브랜드,v1,00551920,정기공시,20240318,20240318000739,네오팜,사업보고서 (2023.12),False,정기보고서,2023.0,4.0
092730,네오팜,브랜드,v1,00551920,정기공시,20231110,20231110000471,네오팜,분기보고서 (2023.09),False,정기보고서,2023.0,3.0
092730,네오팜,브랜드,v1,00551920,정기공시,20230811,20230811001714,네오팜,반기보고서 (2023.06),False,정기보고서,2023.0,2.0
092730,네오팜,브랜드,v1,00551920,정기공시,20230512,20230512000862,네오팜,분기보고서 (2023.03),False,정기보고서,2023.0,1.0
092730,네오팜,브랜드,v1,00551920,정기공시,20230315,20230315000761,네오팜,사업보고서 (2022.12),False,정기보고서,2022.0,4.0
092730,네오팜,브랜드,v1,00551920,정기공시,20221111,20221111000717,네오팜,분기보고서 (2022.09),False,정기보고서,2022.0,3.0
092730,네오팜,브랜드,v1,00551920,거래소공시,20260807,20260807900581,네오팜,영업(잠정)실적(공정공시),False,잠정실적,2026.0,2.0
092730,네오팜,브랜드,v1,00551920,거래소공시,20260508,20260508900923,네오팜,기업설명회(IR)개최,False,,,
092730,네오팜,브랜드,v1,00551920,거래소공시,20260508,20260508900861,네오팜,영업(잠정)실적(공정공시),False,잠정실적,2026.0,1.0
092730,네오팜,브랜드,v1,00551920,거래소공시,20260325,20260325901136,네오팜,기업가치제고계획(자율공시),False,,,
092730,네오팜,브랜드,v1,00551920,거래소공시,20260324,20260324900662,네오팜,정기주주총회결과,False,,,
092730,네오팜,브랜드,v1,00551920,거래소공시,20260316,20260316901914,네오팜,감사보고서제출,False,,,
092730,네오팜,브랜드,v1,00551920,거래소공시,20260303,20260303900730,네오팜,기업설명회(IR)개최,False,,,
092730,네오팜,브랜드,v1,00551920,거래소공시,20260303,20260303900619,네오팜,주주총회소집결의,False,,,
092730,네오팜,브랜드,v1,00551920,거래소공시,20260127,20260127900433,네오팜,연결재무제표기준영업(잠정)실적(공정공시),False,잠정실적,2025.0,4.0
092730,네오팜,브랜드,v1,00551920,거래소공시,20260127,20260127900428,네오팜,현금ㆍ현물배당결정,False,,,
092730,네오팜,브랜드,v1,00551920,거래소공시,20251212,20251212901014,네오팜,주주명부폐쇄기간또는기준일설정,False,,,
092730,네오팜,브랜드,v1,00551920,거래소공시,20251111,20251111900417,네오팜,기업설명회(IR)개최,False,,,
092730,네오팜,브랜드,v1,00551920,거래소공시,20251107,20251107900485,네오팜,연결재무제표기준영업(잠정)실적(공정공시),False,잠정실적,2025.0,3.0
092730,네오팜,브랜드,v1,00551920,거래소공시,20250917,20250917900284,네오팜,기업설명회(IR)개최,False,,,
092730,네오팜,브랜드,v1,00551920,거래소공시,20250827,20250827900339,네오팜,기업설명회(IR)개최,False,,,
092730,네오팜,브랜드,v1,00551920,거래소공시,20250801,20250801900776,네오팜,연결재무제표기준영업(잠정)실적(공정공시),False,잠정실적,2025.0,2.0
092730,네오팜,브랜드,v1,00551920,거래소공시,20250528,20250528900339,네오팜,기업설명회(IR)개최,False,,,
092730,네오팜,브랜드,v1,00551920,거래소공시,20250509,20250509900409,네오팜,연결재무제표기준영업(잠정)실적(공정공시),False,잠정실적,2025.0,1.0
092730,네오팜,브랜드,v1,00551920,거래소공시,20250326,20250326900266,네오팜,정기주주총회결과,False,,,
092730,네오팜,브랜드,v1,00551920,거래소공시,20250317,20250317900430,네오팜,감사보고서제출,False,,,
092730,네오팜,브랜드,v1,00551920,거래소공시,20250304,20250304900775,네오팜,주주총회소집결의,False,,,
092730,네오팜,브랜드,v1,00551920,거래소공시,20250204,20250204900679,네오팜,연결재무제표기준영업(잠정)실적(공정공시),False,잠정실적,2024.0,4.0
092730,네오팜,브랜드,v1,00551920,거래소공시,20250204,20250204900667,네오팜,현금ㆍ현물배당결정,False,,,
092730,네오팜,브랜드,v1,00551920,거래소공시,20241213,20241213901271,네오팜,주주명부폐쇄기간또는기준일설정,False,,,
092730,네오팜,브랜드,v1,00551920,거래소공시,20241213,20241213901258,네오팜,기업설명회(IR)개최,False,,,
092730,네오팜,브랜드,v1,00551920,거래소공시,20241113,20241113900546,네오팜,기업설명회(IR)개최,False,,,
092730,네오팜,브랜드,v1,00551920,거래소공시,20241101,20241101900355,네오팜,수시공시의무관련사항(공정공시)              (주주가치 제고를 위한 중장기 주주환원 정책 안내),False,,,
092730,네오팜,브랜드,v1,00551920,거래소공시,20241101,20241101900353,네오팜,연결재무제표기준영업(잠정)실적(공정공시),False,잠정실적,2024.0,3.0
092730,네오팜,브랜드,v1,00551920,거래소공시,20241029,20241029900549,코스닥시장본부,권리락              (무상증자),False,,,
092730,네오팜,브랜드,v1,00551920,거래소공시,20241015,20241015900361,코스닥시장본부,주권매매거래정지              (무상증자),False,,,
092730,네오팜,브랜드,v1,00551920,거래소공시,20240925,20240925900347,네오팜,기업설명회(IR)개최,False,,,
092730,네오팜,브랜드,v1,00551920,거래소공시,20240819,20240819900283,네오팜,기업설명회(IR)개최,False,,,
092730,네오팜,브랜드,v1,00551920,거래소공시,20240802,20240802900359,네오팜,연결재무제표기준영업(잠정)실적(공정공시),False,잠정실적,2024.0,2.0
092730,네오팜,브랜드,v1,00551920,거래소공시,20240503,20240503900453,네오팜,연결재무제표기준영업(잠정)실적(공정공시),False,잠정실적,2024.0,1.0
092730,네오팜,브랜드,v1,00551920,거래소공시,20240326,20240326900568,네오팜,정기주주총회결과,False,,,
092730,네오팜,브랜드,v1,00551920,거래소공시,20240318,20240318900842,네오팜,감사보고서제출,False,,,
092730,네오팜,브랜드,v1,00551920,거래소공시,20240304,20240304900491,네오팜,주주총회소집결의,False,,,
092730,네오팜,브랜드,v1,00551920,거래소공시,20240202,20240202900730,네오팜,현금ㆍ현물배당결정,False,,,
092730,네오팜,브랜드,v1,00551920,거래소공시,20240202,20240202900725,네오팜,연결재무제표기준영업(잠정)실적(공정공시),False,잠정실적,2023.0,4.0
092730,네오팜,브랜드,v1,00551920,거래소공시,20240202,20240202900728,네오팜,매출액또는손익구조30%(대규모법인은15%)이상변동,False,잠정실적,2023.0,4.0
092730,네오팜,브랜드,v1,00551920,거래소공시,20231208,20231208900345,네오팜,주주명부폐쇄기간또는기준일설정,False,,,
092730,네오팜,브랜드,v1,00551920,거래소공시,20231103,20231103900414,네오팜,연결재무제표기준영업(잠정)실적(공정공시),False,잠정실적,2023.0,3.0
092730,네오팜,브랜드,v1,00551920,거래소공시,20230804,20230804900290,네오팜,연결재무제표기준영업(잠정)실적(공정공시),False,잠정실적,2023.0,2.0
092730,네오팜,브랜드,v1,00551920,거래소공시,20230504,20230504900484,네오팜,연결재무제표기준영업(잠정)실적(공정공시),False,잠정실적,2023.0,1.0
092730,네오팜,브랜드,v1,00551920,거래소공시,20230403,20230403900440,네오팜,[기재정정]현금ㆍ현물배당결정,True,,,
092730,네오팜,브랜드,v1,00551920,거래소공시,20230323,20230323900527,네오팜,정기주주총회결과,False,,,
092730,네오팜,브랜드,v1,00551920,거래소공시,20230313,20230313901306,네오팜,감사보고서제출,False,,,
092730,네오팜,브랜드,v1,00551920,거래소공시,20230302,20230302900637,네오팜,주주총회소집결의,False,,,
092730,네오팜,브랜드,v1,00551920,거래소공시,20230207,20230207900678,네오팜,현금ㆍ현물배당결정,False,,,
092730,네오팜,브랜드,v1,00551920,거래소공시,20230207,20230207900674,네오팜,연결재무제표기준영업(잠정)실적(공정공시),False,잠정실적,2022.0,4.0
092730,네오팜,브랜드,v1,00551920,거래소공시,20221209,20221209900586,네오팜,주주명부폐쇄기간또는기준일설정,False,,,
092730,네오팜,브랜드,v1,00551920,거래소공시,20221104,20221104900354,네오팜,연결재무제표기준영업(잠정)실적(공정공시),False,잠정실적,2022.0,3.0
483650,달바글로벌,브랜드,v1,01649204,정기공시,20260814,20260814001262,달바글로벌,반기보고서 (2026.06),False,정기보고서,2026.0,2.0
483650,달바글로벌,브랜드,v1,01649204,정기공시,20260513,20260513000356,달바글로벌,분기보고서 (2026.03),False,정기보고서,2026.0,1.0
483650,달바글로벌,브랜드,v1,01649204,정기공시,20260407,20260407001978,달바글로벌,[기재정정]사업보고서 (2025.12),True,정기보고서,2025.0,4.0
483650,달바글로벌,브랜드,v1,01649204,정기공시,20260323,20260323000282,달바글로벌,사업보고서 (2025.12),False,정기보고서,2025.0,4.0
483650,달바글로벌,브랜드,v1,01649204,정기공시,20260219,20260219001288,달바글로벌,[기재정정]분기보고서 (2025.09),True,정기보고서,2025.0,3.0
483650,달바글로벌,브랜드,v1,01649204,정기공시,20251114,20251114001988,달바글로벌,분기보고서 (2025.09),False,정기보고서,2025.0,3.0
483650,달바글로벌,브랜드,v1,01649204,정기공시,20250814,20250814002391,달바글로벌,반기보고서 (2025.06),False,정기보고서,2025.0,2.0
483650,달바글로벌,브랜드,v1,01649204,정기공시,20250513,20250513000041,달바글로벌,분기보고서 (2025.03),False,정기보고서,2025.0,1.0
483650,달바글로벌,브랜드,v1,01649204,정기공시,20250318,20250318000466,달바글로벌,사업보고서 (2024.12),False,정기보고서,2024.0,4.0
483650,달바글로벌,브랜드,v1,01649204,정기공시,20241125,20241125000168,달바글로벌,[기재정정]분기보고서 (2024.09),True,정기보고서,2024.0,3.0
483650,달바글로벌,브랜드,v1,01649204,정기공시,20241113,20241113000384,달바글로벌,분기보고서 (2024.09),False,정기보고서,2024.0,3.0
483650,달바글로벌,브랜드,v1,01649204,거래소공시,20260813,20260813800135,달바글로벌,연결재무제표기준영업(잠정)실적(공정공시),False,잠정실적,2026.0,2.0
483650,달바글로벌,브랜드,v1,01649204,거래소공시,20260731,20260731801300,달바글로벌,[기재정정]타법인주식및출자증권취득결정(자율공시),True,,,
483650,달바글로벌,브랜드,v1,01649204,거래소공시,20260730,20260730800315,달바글로벌,결산실적공시예고(안내공시),False,,,
483650,달바글로벌,브랜드,v1,01649204,거래소공시,20260729,20260729800658,달바글로벌,타법인주식및출자증권취득결정(자율공시),False,,,
483650,달바글로벌,브랜드,v1,01649204,거래소공시,20260715,20260715800392,달바글로벌,[기재정정]기업설명회(IR)개최(안내공시),True,,,
483650,달바글로벌,브랜드,v1,01649204,거래소공시,20260706,20260706800671,달바글로벌,기업설명회(IR)개최(안내공시),False,,,
483650,달바글로벌,브랜드,v1,01649204,거래소공시,20260706,20260706800668,달바글로벌,기업설명회(IR)개최(안내공시),False,,,
483650,달바글로벌,브랜드,v1,01649204,거래소공시,20260630,20260630800295,달바글로벌,[기재정정]단일판매ㆍ공급계약체결,True,,,
483650,달바글로벌,브랜드,v1,01649204,거래소공시,20260610,20260610800275,달바글로벌,기업설명회(IR)개최(안내공시),False,,,
483650,달바글로벌,브랜드,v1,01649204,거래소공시,20260604,20260604800163,달바글로벌,[기재정정]임시주주총회결과,True,,,
483650,달바글로벌,브랜드,v1,01649204,거래소공시,20260602,20260602800860,달바글로벌,임시주주총회결과,False,,,
483650,달바글로벌,브랜드,v1,01649204,거래소공시,20260601,20260601801887,달바글로벌,기업지배구조보고서공시,False,,,
483650,달바글로벌,브랜드,v1,01649204,거래소공시,20260519,20260519800212,달바글로벌,기타안내사항(안내공시),False,,,
483650,달바글로벌,브랜드,v1,01649204,거래소공시,20260512,20260512800165,달바글로벌,연결재무제표기준영업(잠정)실적(공정공시),False,잠정실적,2026.0,1.0
483650,달바글로벌,브랜드,v1,01649204,거래소공시,20260430,20260430800390,달바글로벌,기업설명회(IR)개최(안내공시),False,,,
483650,달바글로벌,브랜드,v1,01649204,거래소공시,20260427,20260427800306,달바글로벌,결산실적공시예고(안내공시),False,,,
483650,달바글로벌,브랜드,v1,01649204,거래소공시,20260421,20260421800821,달바글로벌,주주명부폐쇄기간또는기준일설정,False,,,
483650,달바글로벌,브랜드,v1,01649204,거래소공시,20260421,20260421800803,달바글로벌,주주총회소집결의,False,,,
483650,달바글로벌,브랜드,v1,01649204,거래소공시,20260421,20260421800252,달바글로벌,기업설명회(IR)개최(안내공시),False,,,
483650,달바글로벌,브랜드,v1,01649204,거래소공시,20260414,20260414800269,달바글로벌,기업설명회(IR)개최(안내공시),False,,,
483650,달바글로벌,브랜드,v1,01649204,거래소공시,20260331,20260331803324,달바글로벌,기업가치제고계획(자율공시),False,,,
483650,달바글로벌,브랜드,v1,01649204,거래소공시,20260331,20260331803155,달바글로벌,정기주주총회결과,False,,,
483650,달바글로벌,브랜드,v1,01649204,거래소공시,20260323,20260323800322,달바글로벌,감사보고서제출,False,,,
483650,달바글로벌,브랜드,v1,01649204,거래소공시,20260226,20260226800591,달바글로벌,주주총회소집결의,False,,,
483650,달바글로벌,브랜드,v1,01649204,거래소공시,20260226,20260226800556,달바글로벌,현금ㆍ현물배당결정,False,,,
483650,달바글로벌,브랜드,v1,01649204,거래소공시,20260226,20260226800540,달바글로벌,현금ㆍ현물배당을위한주주명부폐쇄(기준일)결정,False,,,
483650,달바글로벌,브랜드,v1,01649204,거래소공시,20260226,20260226800180,달바글로벌,기업설명회(IR)개최(안내공시),False,,,
483650,달바글로벌,브랜드,v1,01649204,거래소공시,20260220,20260220800220,달바글로벌,매출액또는손익구조30%(대규모법인은15%)이상변경,False,,,
483650,달바글로벌,브랜드,v1,01649204,거래소공시,20260220,20260220800169,달바글로벌,연결재무제표기준영업(잠정)실적(공정공시),False,잠정실적,2025.0,4.0
483650,달바글로벌,브랜드,v1,01649204,거래소공시,20260212,20260212800557,달바글로벌,기업설명회(IR)개최(안내공시),False,,,
483650,달바글로벌,브랜드,v1,01649204,거래소공시,20260205,20260205800178,달바글로벌,결산실적공시예고(안내공시),False,,,
483650,달바글로벌,브랜드,v1,01649204,거래소공시,20260126,20260126800385,달바글로벌,기업설명회(IR)개최(안내공시),False,,,
483650,달바글로벌,브랜드,v1,01649204,거래소공시,20260113,20260113800184,달바글로벌,기업설명회(IR)개최(안내공시),False,,,
483650,달바글로벌,브랜드,v1,01649204,거래소공시,20251216,20251216800901,달바글로벌,주주명부폐쇄기간또는기준일설정,False,,,
483650,달바글로벌,브랜드,v1,01649204,거래소공시,20251118,20251118800278,달바글로벌,현금ㆍ현물배당결정,False,,,
483650,달바글로벌,브랜드,v1,01649204,거래소공시,20251118,20251118800195,달바글로벌,임시주주총회결과,False,,,
483650,달바글로벌,브랜드,v1,01649204,거래소공시,20251114,20251114800315,달바글로벌,기타안내사항(안내공시),False,,,
483650,달바글로벌,브랜드,v1,01649204,거래소공시,20251106,20251106800240,달바글로벌,기업설명회(IR)개최(안내공시),False,,,
483650,달바글로벌,브랜드,v1,01649204,거래소공시,20251105,20251105800352,달바글로벌,연결재무제표기준영업(잠정)실적(공정공시),False,잠정실적,2025.0,3.0
483650,달바글로벌,브랜드,v1,01649204,거래소공시,20251103,20251103800479,달바글로벌,현금ㆍ현물배당을위한주주명부폐쇄(기준일)결정,False,,,
483650,달바글로벌,브랜드,v1,01649204,거래소공시,20251029,20251029800190,달바글로벌,기업설명회(IR)개최(안내공시),False,,,
483650,달바글로벌,브랜드,v1,01649204,거래소공시,20251022,20251022800132,달바글로벌,결산실적공시예고(안내공시),False,,,
483650,달바글로벌,브랜드,v1,01649204,거래소공시,20251002,20251002800631,달바글로벌,주주명부폐쇄기간또는기준일설정,False,,,
483650,달바글로벌,브랜드,v1,01649204,거래소공시,20251002,20251002800512,달바글로벌,주주총회소집결의,False,,,
483650,달바글로벌,브랜드,v1,01649204,거래소공시,20250926,20250926800357,달바글로벌,[기재정정]단일판매ㆍ공급계약체결,True,,,
483650,달바글로벌,브랜드,v1,01649204,거래소공시,20250926,20250926800275,달바글로벌,단일판매ㆍ공급계약체결(자율공시),False,,,
483650,달바글로벌,브랜드,v1,01649204,거래소공시,20250909,20250909800214,달바글로벌,단일판매ㆍ공급계약체결(자율공시),False,,,
483650,달바글로벌,브랜드,v1,01649204,거래소공시,20250829,20250829800194,달바글로벌,기업설명회(IR)개최(안내공시),False,,,
483650,달바글로벌,브랜드,v1,01649204,거래소공시,20250820,20250820800057,달바글로벌,기타안내사항(안내공시),False,,,
483650,달바글로벌,브랜드,v1,01649204,거래소공시,20250808,20250808800414,달바글로벌,연결재무제표기준영업(잠정)실적(공정공시),False,잠정실적,2025.0,2.0
483650,달바글로벌,브랜드,v1,01649204,거래소공시,20250806,20250806800136,달바글로벌,기업설명회(IR)개최(안내공시),False,,,
483650,달바글로벌,브랜드,v1,01649204,거래소공시,20250801,20250801800193,달바글로벌,기업설명회(IR)개최(안내공시),False,,,
483650,달바글로벌,브랜드,v1,01649204,거래소공시,20250725,20250725800192,달바글로벌,결산실적공시예고(안내공시),False,,,
483650,달바글로벌,브랜드,v1,01649204,거래소공시,20250707,20250707800454,달바글로벌,최대주주등소유주식변동신고서,False,,,
483650,달바글로벌,브랜드,v1,01649204,거래소공시,20250624,20250624800595,달바글로벌,단일판매ㆍ공급계약체결,False,,,
483650,달바글로벌,브랜드,v1,01649204,거래소공시,20250605,20250605800061,달바글로벌,기업설명회(IR)개최(안내공시),False,,,
483650,달바글로벌,브랜드,v1,01649204,거래소공시,20250526,20250526800439,달바글로벌,최대주주등소유주식변동신고서,False,,,
483650,달바글로벌,브랜드,v1,01649204,거래소공시,20250523,20250523800142,달바글로벌,최대주주등소유주식변동신고서,False,,,
161890,한국콜마,ODM,v1,00939331,정기공시,20260814,20260814002721,한국콜마,반기보고서 (2026.06),False,정기보고서,2026.0,2.0
161890,한국콜마,ODM,v1,00939331,정기공시,20260514,20260514000877,한국콜마,분기보고서 (2026.03),False,정기보고서,2026.0,1.0
161890,한국콜마,ODM,v1,00939331,정기공시,20260318,20260318001196,한국콜마,사업보고서 (2025.12),False,정기보고서,2025.0,4.0
161890,한국콜마,ODM,v1,00939331,정기공시,20251114,20251114001172,한국콜마,분기보고서 (2025.09),False,정기보고서,2025.0,3.0
161890,한국콜마,ODM,v1,00939331,정기공시,20250814,20250814003001,한국콜마,반기보고서 (2025.06),False,정기보고서,2025.0,2.0
161890,한국콜마,ODM,v1,00939331,정기공시,20250515,20250515002436,한국콜마,분기보고서 (2025.03),False,정기보고서,2025.0,1.0
161890,한국콜마,ODM,v1,00939331,정기공시,20250318,20250318001173,한국콜마,사업보고서 (2024.12),False,정기보고서,2024.0,4.0
161890,한국콜마,ODM,v1,00939331,정기공시,20241114,20241114001418,한국콜마,분기보고서 (2024.09),False,정기보고서,2024.0,3.0
161890,한국콜마,ODM,v1,00939331,정기공시,20240814,20240814002200,한국콜마,반기보고서 (2024.06),False,정기보고서,2024.0,2.0
161890,한국콜마,ODM,v1,00939331,정기공시,20240516,20240516001645,한국콜마,분기보고서 (2024.03),False,정기보고서,2024.0,1.0
161890,한국콜마,ODM,v1,00939331,정기공시,20240321,20240321001772,한국콜마,[기재정정]사업보고서 (2023.12),True,정기보고서,2023.0,4.0
161890,한국콜마,ODM,v1,00939331,정기공시,20240320,20240320001629,한국콜마,사업보고서 (2023.12),False,정기보고서,2023.0,4.0
161890,한국콜마,ODM,v1,00939331,정기공시,20231114,20231114002768,한국콜마,분기보고서 (2023.09),False,정기보고서,2023.0,3.0
161890,한국콜마,ODM,v1,00939331,정기공시,20230814,20230814003077,한국콜마,반기보고서 (2023.06),False,정기보고서,2023.0,2.0
161890,한국콜마,ODM,v1,00939331,정기공시,20230512,20230512001394,한국콜마,분기보고서 (2023.03),False,정기보고서,2023.0,1.0
161890,한국콜마,ODM,v1,00939331,정기공시,20230322,20230322001251,한국콜마,[기재정정]사업보고서 (2022.12),True,정기보고서,2022.0,4.0
161890,한국콜마,ODM,v1,00939331,정기공시,20230321,20230321001296,한국콜마,사업보고서 (2022.12),False,정기보고서,2022.0,4.0
161890,한국콜마,ODM,v1,00939331,정기공시,20221114,20221114002701,한국콜마,분기보고서 (2022.09),False,정기보고서,2022.0,3.0
161890,한국콜마,ODM,v1,00939331,거래소공시,20260821,20260821800190,한국콜마,기업설명회(IR)개최(안내공시),False,,,
161890,한국콜마,ODM,v1,00939331,거래소공시,20260818,20260818800100,한국콜마,기업설명회(IR)개최(안내공시),False,,,
161890,한국콜마,ODM,v1,00939331,거래소공시,20260813,20260813800089,한국콜마,기업설명회(IR)개최(안내공시),False,,,
161890,한국콜마,ODM,v1,00939331,거래소공시,20260812,20260812800082,한국콜마,연결재무제표기준영업(잠정)실적(공정공시),False,잠정실적,2026.0,2.0
161890,한국콜마,ODM,v1,00939331,거래소공시,20260812,20260812800079,한국콜마,영업(잠정)실적(공정공시),False,잠정실적,2026.0,2.0
161890,한국콜마,ODM,v1,00939331,거래소공시,20260730,20260730800130,한국콜마,기업설명회(IR)개최(안내공시),False,,,
161890,한국콜마,ODM,v1,00939331,거래소공시,20260730,20260730800124,한국콜마,결산실적공시예고(안내공시),False,,,
161890,한국콜마,ODM,v1,00939331,거래소공시,20260727,20260727800284,한국콜마,최대주주등소유주식변동신고서,False,,,
161890,한국콜마,ODM,v1,00939331,거래소공시,20260706,20260706800440,한국콜마,최대주주등소유주식변동신고서,False,,,
161890,한국콜마,ODM,v1,00939331,거래소공시,20260706,20260706800425,한국콜마,기업설명회(IR)개최(안내공시),False,,,
161890,한국콜마,ODM,v1,00939331,거래소공시,20260701,20260701800408,한국콜마,풍문또는보도에대한해명(미확정),False,,,
161890,한국콜마,ODM,v1,00939331,거래소공시,20260630,20260630801410,한국콜마,지속가능경영보고서등관련사항(자율공시),False,,,
161890,한국콜마,ODM,v1,00939331,거래소공시,20260615,20260615800249,한국콜마,기업설명회(IR)개최(안내공시),False,,,
161890,한국콜마,ODM,v1,00939331,거래소공시,20260611,20260611800175,한국콜마,기업설명회(IR)개최(안내공시),False,,,
161890,한국콜마,ODM,v1,00939331,거래소공시,20260610,20260610800269,한국콜마,기업설명회(IR)개최(안내공시),False,,,
161890,한국콜마,ODM,v1,00939331,거래소공시,20260529,20260529800992,한국콜마,기업지배구조보고서공시,False,,,
161890,한국콜마,ODM,v1,00939331,거래소공시,20260528,20260528800623,한국콜마,최대주주등소유주식변동신고서,False,,,
161890,한국콜마,ODM,v1,00939331,거래소공시,20260527,20260527800253,한국콜마,기업설명회(IR)개최(안내공시),False,,,
161890,한국콜마,ODM,v1,00939331,거래소공시,20260522,20260522800985,한국콜마,투자판단관련주요경영사항,False,,,
161890,한국콜마,ODM,v1,00939331,거래소공시,20260521,20260521800376,한국콜마,신규시설투자등(자회사의 주요경영사항),False,,,
161890,한국콜마,ODM,v1,00939331,거래소공시,20260521,20260521800207,한국콜마,기업설명회(IR)개최(안내공시),False,,,
161890,한국콜마,ODM,v1,00939331,거래소공시,20260514,20260514800140,한국콜마,기업설명회(IR)개최(안내공시),False,,,
161890,한국콜마,ODM,v1,00939331,거래소공시,20260513,20260513800141,한국콜마,기업설명회(IR)개최(안내공시),False,,,
161890,한국콜마,ODM,v1,00939331,거래소공시,20260511,20260511800276,한국콜마,기업설명회(IR)개최(안내공시),False,,,
161890,한국콜마,ODM,v1,00939331,거래소공시,20260508,20260508800088,한국콜마,연결재무제표기준영업(잠정)실적(공정공시),False,잠정실적,2026.0,1.0
161890,한국콜마,ODM,v1,00939331,거래소공시,20260508,20260508800086,한국콜마,영업(잠정)실적(공정공시),False,잠정실적,2026.0,1.0
161890,한국콜마,ODM,v1,00939331,거래소공시,20260428,20260428800777,한국콜마,최대주주등소유주식변동신고서,False,,,
161890,한국콜마,ODM,v1,00939331,거래소공시,20260428,20260428800339,한국콜마,기업설명회(IR)개최(안내공시),False,,,
161890,한국콜마,ODM,v1,00939331,거래소공시,20260428,20260428800320,한국콜마,결산실적공시예고(안내공시),False,,,
161890,한국콜마,ODM,v1,00939331,거래소공시,20260424,20260424800519,한국콜마,[기재정정]현금ㆍ현물배당결정(자회사의 주요경영사항),True,,,
161890,한국콜마,ODM,v1,00939331,거래소공시,20260420,20260420800822,한국콜마,최대주주등소유주식변동신고서,False,,,
161890,한국콜마,ODM,v1,00939331,거래소공시,20260413,20260413800154,한국콜마,기업설명회(IR)개최(안내공시),False,,,
161890,한국콜마,ODM,v1,00939331,거래소공시,20260409,20260409800783,한국콜마,기업설명회(IR)개최(안내공시),False,,,
161890,한국콜마,ODM,v1,00939331,거래소공시,20260403,20260403800838,한국콜마,기업설명회(IR)개최(안내공시),False,,,
161890,한국콜마,ODM,v1,00939331,거래소공시,20260402,20260402800757,한국콜마,풍문또는보도에대한해명(미확정),False,,,
161890,한국콜마,ODM,v1,00939331,거래소공시,20260327,20260327802092,한국콜마,[기재정정]영업양수결정(종속회사의주요경영사항),True,,,
161890,한국콜마,ODM,v1,00939331,거래소공시,20260326,20260326802182,한국콜마,정기주주총회결과,False,,,
161890,한국콜마,ODM,v1,00939331,거래소공시,20260323,20260323801314,한국콜마,[기재정정]지주회사의자회사편입,True,,,
161890,한국콜마,ODM,v1,00939331,거래소공시,20260318,20260318801264,한국콜마,감사보고서제출,False,,,
161890,한국콜마,ODM,v1,00939331,거래소공시,20260318,20260318800570,한국콜마,감사보고서제출(자회사의 주요경영사항),False,,,
161890,한국콜마,ODM,v1,00939331,거래소공시,20260317,20260317800797,한국콜마,감사보고서제출(자회사의 주요경영사항),False,,,
161890,한국콜마,ODM,v1,00939331,거래소공시,20260311,20260311800856,한국콜마,주주총회소집결의,False,,,
161890,한국콜마,ODM,v1,00939331,거래소공시,20260310,20260310800952,한국콜마,현금ㆍ현물배당결정(자회사의 주요경영사항),False,,,
161890,한국콜마,ODM,v1,00939331,거래소공시,20260310,20260310800906,한국콜마,현금ㆍ현물배당을위한주주명부폐쇄(기준일)결정(자회사의 주요경영사항),False,,,
161890,한국콜마,ODM,v1,00939331,거래소공시,20260306,20260306800984,한국콜마,기업설명회(IR)개최(안내공시),False,,,
161890,한국콜마,ODM,v1,00939331,거래소공시,20260304,20260304801056,한국콜마,기업설명회(IR)개최(안내공시),False,,,
161890,한국콜마,ODM,v1,00939331,거래소공시,20260303,20260303800756,한국콜마,기업설명회(IR)개최(안내공시),False,,,
161890,한국콜마,ODM,v1,00939331,거래소공시,20260303,20260303800484,한국콜마,풍문또는보도에대한해명(미확정),False,,,
161890,한국콜마,ODM,v1,00939331,거래소공시,20260226,20260226800786,한국콜마,기업설명회(IR)개최(안내공시),False,,,
161890,한국콜마,ODM,v1,00939331,거래소공시,20260225,20260225800677,한국콜마,공정거래자율준수프로그램운영현황(안내공시),False,,,
161890,한국콜마,ODM,v1,00939331,거래소공시,20260225,20260225800565,한국콜마,현금ㆍ현물배당결정,False,,,
161890,한국콜마,ODM,v1,00939331,거래소공시,20260225,20260225800553,한국콜마,현금ㆍ현물배당을위한주주명부폐쇄(기준일)결정,False,,,
161890,한국콜마,ODM,v1,00939331,거래소공시,20260225,20260225800394,한국콜마,연결재무제표기준영업(잠정)실적(공정공시),False,잠정실적,2025.0,4.0
161890,한국콜마,ODM,v1,00939331,거래소공시,20260225,20260225800390,한국콜마,영업(잠정)실적(공정공시),False,잠정실적,2025.0,4.0
161890,한국콜마,ODM,v1,00939331,거래소공시,20260220,20260220800724,한국콜마,매출액또는손익구조30%(대규모법인은15%)이상변경,False,,,
161890,한국콜마,ODM,v1,00939331,거래소공시,20260213,20260213801206,한국콜마,기업설명회(IR)개최(안내공시),False,,,
161890,한국콜마,ODM,v1,00939331,거래소공시,20260213,20260213801186,한국콜마,결산실적공시예고(안내공시),False,,,
161890,한국콜마,ODM,v1,00939331,거래소공시,20260209,20260209801024,한국콜마,매출액또는손익구조30%(대규모법인은15%)이상변경(자회사의 주요경영사항),False,,,
161890,한국콜마,ODM,v1,00939331,거래소공시,20260202,20260202801308,한국콜마,지주회사의자회사편입,False,,,
161890,한국콜마,ODM,v1,00939331,거래소공시,20260130,20260130800295,한국콜마,영업양수결정(종속회사의주요경영사항),False,,,
161890,한국콜마,ODM,v1,00939331,거래소공시,20260120,20260120800329,한국콜마,최대주주등소유주식변동신고서,False,,,
161890,한국콜마,ODM,v1,00939331,거래소공시,20260120,20260120800321,한국콜마,공정거래자율준수프로그램운영현황(안내공시),False,,,
161890,한국콜마,ODM,v1,00939331,거래소공시,20260120,20260120800318,한국콜마,타인에대한채무보증결정,False,,,
161890,한국콜마,ODM,v1,00939331,거래소공시,20260106,20260106800403,한국콜마,최대주주등소유주식변동신고서,False,,,
161890,한국콜마,ODM,v1,00939331,거래소공시,20251216,20251216801251,한국콜마,기타경영사항(자율공시)              (배당기준일 변경 안내),False,,,
161890,한국콜마,ODM,v1,00939331,거래소공시,20251211,20251211800452,한국콜마,기업설명회(IR)개최(안내공시),False,,,
161890,한국콜마,ODM,v1,00939331,거래소공시,20251125,20251125800315,한국콜마,기업설명회(IR)개최(안내공시),False,,,
161890,한국콜마,ODM,v1,00939331,거래소공시,20251124,20251124800334,한국콜마,기업설명회(IR)개최(안내공시),False,,,
161890,한국콜마,ODM,v1,00939331,거래소공시,20251120,20251120800442,한국콜마,기업설명회(IR)개최(안내공시),False,,,
161890,한국콜마,ODM,v1,00939331,거래소공시,20251114,20251114801539,한국콜마,기업설명회(IR)개최(안내공시),False,,,
161890,한국콜마,ODM,v1,00939331,거래소공시,20251112,20251112800444,한국콜마,기업설명회(IR)개최(안내공시),False,,,
161890,한국콜마,ODM,v1,00939331,거래소공시,20251112,20251112800429,한국콜마,기업설명회(IR)개최(안내공시),False,,,
161890,한국콜마,ODM,v1,00939331,거래소공시,20251110,20251110800321,한국콜마,기업설명회(IR)개최(안내공시),False,,,
161890,한국콜마,ODM,v1,00939331,거래소공시,20251107,20251107800058,한국콜마,연결재무제표기준영업(잠정)실적(공정공시),False,잠정실적,2025.0,3.0
161890,한국콜마,ODM,v1,00939331,거래소공시,20251107,20251107800056,한국콜마,영업(잠정)실적(공정공시),False,잠정실적,2025.0,3.0
161890,한국콜마,ODM,v1,00939331,거래소공시,20251031,20251031800492,한국콜마,기업설명회(IR)개최(안내공시),False,,,
161890,한국콜마,ODM,v1,00939331,거래소공시,20251031,20251031800482,한국콜마,결산실적공시예고(안내공시),False,,,
161890,한국콜마,ODM,v1,00939331,거래소공시,20250930,20250930800223,한국콜마,타인에대한채무보증결정,False,,,
161890,한국콜마,ODM,v1,00939331,거래소공시,20250924,20250924800272,한국콜마,기업설명회(IR)개최(안내공시),False,,,
161890,한국콜마,ODM,v1,00939331,거래소공시,20250923,20250923800297,한국콜마,기업설명회(IR)개최(안내공시),False,,,
161890,한국콜마,ODM,v1,00939331,거래소공시,20250917,20250917800234,한국콜마,기업설명회(IR)개최(안내공시),False,,,
161890,한국콜마,ODM,v1,00939331,거래소공시,20250915,20250915800343,한국콜마,기업설명회(IR)개최(안내공시),False,,,
161890,한국콜마,ODM,v1,00939331,거래소공시,20250911,20250911800260,한국콜마,기업설명회(IR)개최(안내공시),False,,,
161890,한국콜마,ODM,v1,00939331,거래소공시,20250905,20250905800310,한국콜마,기업설명회(IR)개최(안내공시),False,,,
161890,한국콜마,ODM,v1,00939331,거래소공시,20250901,20250901800630,한국콜마,기업설명회(IR)개최(안내공시),False,,,
161890,한국콜마,ODM,v1,00939331,거래소공시,20250901,20250901800624,한국콜마,기업설명회(IR)개최(안내공시),False,,,
161890,한국콜마,ODM,v1,00939331,거래소공시,20250826,20250826800280,한국콜마,기업설명회(IR)개최(안내공시),False,,,
161890,한국콜마,ODM,v1,00939331,거래소공시,20250821,20250821800310,한국콜마,기업설명회(IR)개최(안내공시),False,,,
161890,한국콜마,ODM,v1,00939331,거래소공시,20250808,20250808800345,한국콜마,기업설명회(IR)개최(안내공시),False,,,
161890,한국콜마,ODM,v1,00939331,거래소공시,20250808,20250808800336,한국콜마,기업설명회(IR)개최(안내공시),False,,,
161890,한국콜마,ODM,v1,00939331,거래소공시,20250808,20250808800057,한국콜마,연결재무제표기준영업(잠정)실적(공정공시),False,잠정실적,2025.0,2.0
161890,한국콜마,ODM,v1,00939331,거래소공시,20250808,20250808800054,한국콜마,영업(잠정)실적(공정공시),False,잠정실적,2025.0,2.0
161890,한국콜마,ODM,v1,00939331,거래소공시,20250801,20250801800686,한국콜마,기업설명회(IR)개최(안내공시),False,,,
161890,한국콜마,ODM,v1,00939331,거래소공시,20250801,20250801800682,한국콜마,결산실적공시예고(안내공시),False,,,
161890,한국콜마,ODM,v1,00939331,거래소공시,20250630,20250630800484,한국콜마,지속가능경영보고서등관련사항(자율공시),False,,,
161890,한국콜마,ODM,v1,00939331,거래소공시,20250611,20250611800374,한국콜마,기업설명회(IR)개최(안내공시),False,,,
161890,한국콜마,ODM,v1,00939331,거래소공시,20250530,20250530800206,한국콜마,기업지배구조보고서공시,False,,,
161890,한국콜마,ODM,v1,00939331,거래소공시,20250528,20250528800364,한국콜마,기업설명회(IR)개최(안내공시),False,,,
161890,한국콜마,ODM,v1,00939331,거래소공시,20250522,20250522800239,한국콜마,기업설명회(IR)개최(안내공시),False,,,
161890,한국콜마,ODM,v1,00939331,거래소공시,20250512,20250512800383,한국콜마,기업설명회(IR)개최(안내공시),False,,,
161890,한국콜마,ODM,v1,00939331,거래소공시,20250509,20250509800090,한국콜마,연결재무제표기준영업(잠정)실적(공정공시),False,잠정실적,2025.0,1.0
161890,한국콜마,ODM,v1,00939331,거래소공시,20250509,20250509800088,한국콜마,영업(잠정)실적(공정공시),False,잠정실적,2025.0,1.0
161890,한국콜마,ODM,v1,00939331,거래소공시,20250502,20250502800404,한국콜마,기업설명회(IR)개최(안내공시),False,,,
161890,한국콜마,ODM,v1,00939331,거래소공시,20250502,20250502800394,한국콜마,결산실적공시예고(안내공시),False,,,
161890,한국콜마,ODM,v1,00939331,거래소공시,20250408,20250408800642,한국콜마,기업설명회(IR)개최(안내공시),False,,,
161890,한국콜마,ODM,v1,00939331,거래소공시,20250402,20250402800453,한국콜마,최대주주등소유주식변동신고서,False,,,
161890,한국콜마,ODM,v1,00939331,거래소공시,20250326,20250326800825,한국콜마,정기주주총회결과,False,,,
161890,한국콜마,ODM,v1,00939331,거래소공시,20250318,20250318801009,한국콜마,감사보고서제출(자회사의 주요경영사항),False,,,
161890,한국콜마,ODM,v1,00939331,거래소공시,20250318,20250318800561,한국콜마,감사보고서제출,False,,,
161890,한국콜마,ODM,v1,00939331,거래소공시,20250317,20250317800865,한국콜마,감사보고서제출(자회사의 주요경영사항),False,,,
161890,한국콜마,ODM,v1,00939331,거래소공시,20250311,20250311801991,한국콜마,주주총회소집결의,False,,,
161890,한국콜마,ODM,v1,00939331,거래소공시,20250311,20250311800794,한국콜마,현금ㆍ현물배당결정(자회사의 주요경영사항),False,,,
161890,한국콜마,ODM,v1,00939331,거래소공시,20250311,20250311800780,한국콜마,현금ㆍ현물배당을위한주주명부폐쇄(기준일)결정(자회사의 주요경영사항),False,,,
161890,한국콜마,ODM,v1,00939331,거래소공시,20250306,20250306800858,한국콜마,지주회사의자회사편입,False,,,
161890,한국콜마,ODM,v1,00939331,거래소공시,20250228,20250228800967,한국콜마,기업설명회(IR)개최(안내공시),False,,,
161890,한국콜마,ODM,v1,00939331,거래소공시,20250226,20250226800605,한국콜마,기업설명회(IR)개최(안내공시),False,,,
161890,한국콜마,ODM,v1,00939331,거래소공시,20250225,20250225800269,한국콜마,현금ㆍ현물배당결정,False,,,
161890,한국콜마,ODM,v1,00939331,거래소공시,20250225,20250225800267,한국콜마,현금ㆍ현물배당을위한주주명부폐쇄(기준일)결정,False,,,
161890,한국콜마,ODM,v1,00939331,거래소공시,20250225,20250225800260,한국콜마,연결재무제표기준영업(잠정)실적(공정공시),False,잠정실적,2024.0,4.0
161890,한국콜마,ODM,v1,00939331,거래소공시,20250225,20250225800259,한국콜마,영업(잠정)실적(공정공시),False,잠정실적,2024.0,4.0
161890,한국콜마,ODM,v1,00939331,거래소공시,20250220,20250220800874,한국콜마,기업설명회(IR)개최(안내공시),False,,,
161890,한국콜마,ODM,v1,00939331,거래소공시,20250220,20250220800742,한국콜마,매출액또는손익구조30%(대규모법인은15%)이상변경,False,,,
161890,한국콜마,ODM,v1,00939331,거래소공시,20250214,20250214800871,한국콜마,기업설명회(IR)개최(안내공시),False,,,
161890,한국콜마,ODM,v1,00939331,거래소공시,20250214,20250214800861,한국콜마,결산실적공시예고(안내공시),False,,,
161890,한국콜마,ODM,v1,00939331,거래소공시,20250214,20250214800833,한국콜마,기업설명회(IR)개최(안내공시),False,,,
161890,한국콜마,ODM,v1,00939331,거래소공시,20250211,20250211800581,한국콜마,매출액또는손익구조30%(대규모법인은15%)이상변동(자회사의 주요경영사항),False,잠정실적,2024.0,4.0
161890,한국콜마,ODM,v1,00939331,거래소공시,20250123,20250123800485,한국콜마,공정거래자율준수프로그램운영현황(안내공시),False,,,
161890,한국콜마,ODM,v1,00939331,거래소공시,20250123,20250123800472,한국콜마,단기차입금증가결정,False,,,
161890,한국콜마,ODM,v1,00939331,거래소공시,20250122,20250122800341,한국콜마,매출액또는손익구조30%(대규모법인은15%)이상변경(자회사의 주요경영사항),False,,,
161890,한국콜마,ODM,v1,00939331,거래소공시,20250120,20250120800641,한국콜마,기업설명회(IR)개최(안내공시),False,,,
161890,한국콜마,ODM,v1,00939331,거래소공시,20250114,20250114800307,한국콜마,기업설명회(IR)개최(안내공시),False,,,
161890,한국콜마,ODM,v1,00939331,거래소공시,20241216,20241216801373,한국콜마,최대주주등소유주식변동신고서,False,,,
161890,한국콜마,ODM,v1,00939331,거래소공시,20241216,20241216801122,한국콜마,기타경영사항(자율공시)              (배당기준일 변경 안내),False,,,
161890,한국콜마,ODM,v1,00939331,거래소공시,20241203,20241203800208,한국콜마,가족친화인증ㆍ유효기간연장ㆍ인증취소(자율공시),False,,,
161890,한국콜마,ODM,v1,00939331,거래소공시,20241122,20241122800303,한국콜마,기업설명회(IR)개최(안내공시),False,,,
161890,한국콜마,ODM,v1,00939331,거래소공시,20241115,20241115800334,한국콜마,기업설명회(IR)개최(안내공시),False,,,
161890,한국콜마,ODM,v1,00939331,거래소공시,20241108,20241108800421,한국콜마,기업설명회(IR)개최(안내공시),False,,,
161890,한국콜마,ODM,v1,00939331,거래소공시,20241108,20241108800103,한국콜마,연결재무제표기준영업(잠정)실적(공정공시),False,잠정실적,2024.0,3.0
161890,한국콜마,ODM,v1,00939331,거래소공시,20241108,20241108800101,한국콜마,영업(잠정)실적(공정공시),False,잠정실적,2024.0,3.0
161890,한국콜마,ODM,v1,00939331,거래소공시,20241101,20241101800399,한국콜마,기업설명회(IR)개최(안내공시),False,,,
161890,한국콜마,ODM,v1,00939331,거래소공시,20241101,20241101800391,한국콜마,결산실적공시예고(안내공시),False,,,
161890,한국콜마,ODM,v1,00939331,거래소공시,20241031,20241031800426,한국콜마,공정거래자율준수프로그램운영현황(안내공시),False,,,
161890,한국콜마,ODM,v1,00939331,거래소공시,20241008,20241008800324,한국콜마,기업설명회(IR)개최(안내공시),False,,,
161890,한국콜마,ODM,v1,00939331,거래소공시,20241007,20241007800407,한국콜마,타인에대한채무보증결정,False,,,
161890,한국콜마,ODM,v1,00939331,거래소공시,20240912,20240912800317,한국콜마,기업설명회(IR)개최(안내공시),False,,,
161890,한국콜마,ODM,v1,00939331,거래소공시,20240911,20240911800334,한국콜마,최대주주등소유주식변동신고서,False,,,
161890,한국콜마,ODM,v1,00939331,거래소공시,20240827,20240827800335,한국콜마,기업설명회(IR)개최(안내공시),False,,,
161890,한국콜마,ODM,v1,00939331,거래소공시,20240809,20240809800577,한국콜마,기업설명회(IR)개최(안내공시),False,,,
161890,한국콜마,ODM,v1,00939331,거래소공시,20240809,20240809800087,한국콜마,연결재무제표기준영업(잠정)실적(공정공시),False,잠정실적,2024.0,2.0
161890,한국콜마,ODM,v1,00939331,거래소공시,20240809,20240809800086,한국콜마,영업(잠정)실적(공정공시),False,잠정실적,2024.0,2.0
161890,한국콜마,ODM,v1,00939331,거래소공시,20240802,20240802800347,한국콜마,기업설명회(IR)개최(안내공시),False,,,
161890,한국콜마,ODM,v1,00939331,거래소공시,20240802,20240802800340,한국콜마,결산실적공시예고(안내공시),False,,,
161890,한국콜마,ODM,v1,00939331,거래소공시,20240726,20240726800533,한국콜마,[첨부정정]지속가능경영보고서등관련사항(자율공시),True,,,
161890,한국콜마,ODM,v1,00939331,거래소공시,20240624,20240624800446,한국콜마,[첨부정정]지속가능경영보고서등관련사항(자율공시),True,,,
161890,한국콜마,ODM,v1,00939331,거래소공시,20240620,20240620800461,한국콜마,지속가능경영보고서등관련사항(자율공시),False,,,
161890,한국콜마,ODM,v1,00939331,거래소공시,20240530,20240530800433,한국콜마,기업지배구조보고서공시,False,,,
161890,한국콜마,ODM,v1,00939331,거래소공시,20240530,20240530800417,한국콜마,단기차입금증가결정,False,,,
161890,한국콜마,ODM,v1,00939331,거래소공시,20240520,20240520800192,한국콜마,현금ㆍ현물배당결정(자회사의 주요경영사항),False,,,
161890,한국콜마,ODM,v1,00939331,거래소공시,20240520,20240520800185,한국콜마,현금ㆍ현물배당을위한주주명부폐쇄(기준일)결정(자회사의 주요경영사항),False,,,
161890,한국콜마,ODM,v1,00939331,거래소공시,20240510,20240510800753,한국콜마,기업설명회(IR)개최(안내공시),False,,,
161890,한국콜마,ODM,v1,00939331,거래소공시,20240510,20240510800096,한국콜마,연결재무제표기준영업(잠정)실적(공정공시),False,잠정실적,2024.0,1.0
161890,한국콜마,ODM,v1,00939331,거래소공시,20240510,20240510800093,한국콜마,영업(잠정)실적(공정공시),False,잠정실적,2024.0,1.0
161890,한국콜마,ODM,v1,00939331,거래소공시,20240503,20240503800572,한국콜마,기업설명회(IR)개최(안내공시),False,,,
161890,한국콜마,ODM,v1,00939331,거래소공시,20240503,20240503800564,한국콜마,결산실적공시예고(안내공시),False,,,
161890,한국콜마,ODM,v1,00939331,거래소공시,20240502,20240502800644,한국콜마,최대주주등소유주식변동신고서,False,,,
161890,한국콜마,ODM,v1,00939331,거래소공시,20240401,20240401800445,한국콜마,기업설명회(IR)개최(안내공시),False,,,
161890,한국콜마,ODM,v1,00939331,거래소공시,20240329,20240329801779,한국콜마,지주회사의자회사탈퇴,False,,,
161890,한국콜마,ODM,v1,00939331,거래소공시,20240328,20240328800534,한국콜마,정기주주총회결과,False,,,
161890,한국콜마,ODM,v1,00939331,거래소공시,20240320,20240320801914,한국콜마,감사보고서제출(자회사의 주요경영사항),False,,,
161890,한국콜마,ODM,v1,00939331,거래소공시,20240320,20240320801265,한국콜마,감사보고서제출,False,,,
161890,한국콜마,ODM,v1,00939331,거래소공시,20240314,20240314800243,한국콜마,투자판단관련주요경영사항              (특허권 취득),False,,,
161890,한국콜마,ODM,v1,00939331,거래소공시,20240312,20240312800808,한국콜마,현금ㆍ현물배당결정(자회사의 주요경영사항),False,,,
161890,한국콜마,ODM,v1,00939331,거래소공시,20240312,20240312800417,한국콜마,주주총회소집결의,False,,,
161890,한국콜마,ODM,v1,00939331,거래소공시,20240312,20240312800466,한국콜마,현금ㆍ현물배당결정,False,,,
161890,한국콜마,ODM,v1,00939331,거래소공시,20240307,20240307800137,한국콜마,투자판단관련주요경영사항              (특허권 취득),False,,,
161890,한국콜마,ODM,v1,00939331,거래소공시,20240229,20240229800134,한국콜마,투자판단관련주요경영사항              (특허권 취득),False,,,
161890,한국콜마,ODM,v1,00939331,거래소공시,20240229,20240229800130,한국콜마,투자판단관련주요경영사항              (특허권 취득),False,,,
161890,한국콜마,ODM,v1,00939331,거래소공시,20240228,20240228800214,한국콜마,기업설명회(IR)개최(안내공시),False,,,
161890,한국콜마,ODM,v1,00939331,거래소공시,20240227,20240227800141,한국콜마,영업(잠정)실적(공정공시),False,잠정실적,2023.0,4.0
161890,한국콜마,ODM,v1,00939331,거래소공시,20240227,20240227800140,한국콜마,연결재무제표기준영업(잠정)실적(공정공시),False,잠정실적,2023.0,4.0
161890,한국콜마,ODM,v1,00939331,거래소공시,20240222,20240222800235,한국콜마,투자판단관련주요경영사항              (특허권 취득),False,,,
161890,한국콜마,ODM,v1,00939331,거래소공시,20240222,20240222800209,한국콜마,매출액또는손익구조30%(대규모법인은15%)이상변경,False,,,
161890,한국콜마,ODM,v1,00939331,거래소공시,20240221,20240221800648,한국콜마,기업설명회(IR)개최(안내공시),False,,,
161890,한국콜마,ODM,v1,00939331,거래소공시,20240221,20240221800631,한국콜마,기업설명회(IR)개최(안내공시),False,,,
161890,한국콜마,ODM,v1,00939331,거래소공시,20240221,20240221800619,한국콜마,기업설명회(IR)개최(안내공시),False,,,
161890,한국콜마,ODM,v1,00939331,거래소공시,20240221,20240221800610,한국콜마,결산실적공시예고(안내공시),False,,,
161890,한국콜마,ODM,v1,00939331,거래소공시,20240214,20240214800695,한국콜마,[기재정정]주요사항보고서(자기주식처분결정)(자회사의 주요경영사항),True,,,
161890,한국콜마,ODM,v1,00939331,거래소공시,20240208,20240208800784,한국콜마,매출액또는손익구조30%(대규모법인은15%)이상변동(자회사의 주요경영사항),False,잠정실적,2023.0,4.0
161890,한국콜마,ODM,v1,00939331,거래소공시,20240208,20240207801550,한국콜마,[기재정정]주요사항보고서(자기주식처분결정)(자회사의 주요경영사항),True,,,
161890,한국콜마,ODM,v1,00939331,거래소공시,20240207,20240207801087,한국콜마,[기재정정]타법인주식및출자증권취득결정,True,,,
161890,한국콜마,ODM,v1,00939331,거래소공시,20240207,20240207801025,한국콜마,[기재정정]주요사항보고서(자기주식처분결정)(자회사의 주요경영사항),True,,,
161890,한국콜마,ODM,v1,00939331,거래소공시,20240205,20240205800626,한국콜마,타법인주식및출자증권취득결정,False,,,
161890,한국콜마,ODM,v1,00939331,거래소공시,20240205,20240205800577,한국콜마,주요사항보고서(자기주식처분결정)(자회사의 주요경영사항),False,,,
161890,한국콜마,ODM,v1,00939331,거래소공시,20240125,20240125800237,한국콜마,공정거래자율준수프로그램운영현황(안내공시),False,,,
161890,한국콜마,ODM,v1,00939331,거래소공시,20240125,20240125800170,한국콜마,단기차입금증가결정(자회사의 주요경영사항),False,,,
161890,한국콜마,ODM,v1,00939331,거래소공시,20240119,20240119800051,한국콜마,기업설명회(IR)개최(안내공시),False,,,
161890,한국콜마,ODM,v1,00939331,거래소공시,20240103,20240103800391,한국콜마,최대주주등소유주식변동신고서,False,,,
161890,한국콜마,ODM,v1,00939331,거래소공시,20231220,20231220800230,한국콜마,최대주주등소유주식변동신고서,False,,,
161890,한국콜마,ODM,v1,00939331,거래소공시,20231201,20231201800257,한국콜마,기업설명회(IR)개최(안내공시),False,,,
161890,한국콜마,ODM,v1,00939331,거래소공시,20231130,20231130800088,한국콜마,투자판단관련주요경영사항(특허권 취득),False,,,
161890,한국콜마,ODM,v1,00939331,거래소공시,20231130,20231130800087,한국콜마,투자판단관련주요경영사항(특허권 취득),False,,,
161890,한국콜마,ODM,v1,00939331,거래소공시,20231130,20231130800085,한국콜마,현금ㆍ현물배당을위한주주명부폐쇄(기준일)결정,False,,,
161890,한국콜마,ODM,v1,00939331,거래소공시,20231128,20231128800341,한국콜마,[첨부정정]기업지배구조보고서공시,True,,,
161890,한국콜마,ODM,v1,00939331,거래소공시,20231113,20231113800136,한국콜마,기업설명회(IR)개최(안내공시),False,,,
161890,한국콜마,ODM,v1,00939331,거래소공시,20231110,20231110800086,한국콜마,연결재무제표기준영업(잠정)실적(공정공시),False,잠정실적,2023.0,3.0
161890,한국콜마,ODM,v1,00939331,거래소공시,20231110,20231110800084,한국콜마,영업(잠정)실적(공정공시),False,잠정실적,2023.0,3.0
161890,한국콜마,ODM,v1,00939331,거래소공시,20231108,20231108800308,한국콜마,현금ㆍ현물배당을위한주주명부폐쇄(기준일)결정(자회사의 주요경영사항),False,,,
161890,한국콜마,ODM,v1,00939331,거래소공시,20231106,20231106800418,한국콜마,기업설명회(IR)개최(안내공시),False,,,
161890,한국콜마,ODM,v1,00939331,거래소공시,20231106,20231106800410,한국콜마,결산실적공시예고(안내공시),False,,,
161890,한국콜마,ODM,v1,00939331,거래소공시,20231020,20231020800072,한국콜마,[첨부정정]주요사항보고서(주식교환ㆍ이전결정)(자회사의 주요경영사항),True,,,
161890,한국콜마,ODM,v1,00939331,거래소공시,20231019,20231019800164,한국콜마,타인에대한채무보증결정,False,,,
161890,한국콜마,ODM,v1,00939331,거래소공시,20231019,20231019800099,한국콜마,주요사항보고서(주식교환ㆍ이전결정)(자회사의 주요경영사항),False,,,
161890,한국콜마,ODM,v1,00939331,거래소공시,20231016,20231016800071,한국콜마,기업설명회(IR)개최(안내공시),False,,,
161890,한국콜마,ODM,v1,00939331,거래소공시,20231010,20231010800765,한국콜마,기업설명회(IR)개최(안내공시),False,,,
161890,한국콜마,ODM,v1,00939331,거래소공시,20230920,20230920800220,한국콜마,기업설명회(IR)개최(안내공시),False,,,
161890,한국콜마,ODM,v1,00939331,거래소공시,20230914,20230914800133,한국콜마,투자판단관련주요경영사항(특허권 취득),False,,,
161890,한국콜마,ODM,v1,00939331,거래소공시,20230914,20230914800121,한국콜마,투자판단관련주요경영사항(특허권 취득),False,,,
161890,한국콜마,ODM,v1,00939331,거래소공시,20230907,20230907800201,한국콜마,투자판단관련주요경영사항(특허권 취득),False,,,
161890,한국콜마,ODM,v1,00939331,거래소공시,20230904,20230904800762,한국콜마,기업설명회(IR)개최(안내공시),False,,,
161890,한국콜마,ODM,v1,00939331,거래소공시,20230831,20230831800091,한국콜마,투자판단관련주요경영사항(특허권 취득),False,,,
161890,한국콜마,ODM,v1,00939331,거래소공시,20230824,20230824800114,한국콜마,투자판단관련주요경영사항(특허권 취득),False,,,
161890,한국콜마,ODM,v1,00939331,거래소공시,20230817,20230817800112,한국콜마,투자판단관련주요경영사항(특허권 취득),False,,,
161890,한국콜마,ODM,v1,00939331,거래소공시,20230817,20230817800107,한국콜마,투자판단관련주요경영사항(특허권 취득),False,,,
161890,한국콜마,ODM,v1,00939331,거래소공시,20230817,20230817800105,한국콜마,투자판단관련주요경영사항(특허권 취득),False,,,
161890,한국콜마,ODM,v1,00939331,거래소공시,20230816,20230816800125,한국콜마,기업설명회(IR)개최(안내공시),False,,,
161890,한국콜마,ODM,v1,00939331,거래소공시,20230811,20230811800057,한국콜마,연결재무제표기준영업(잠정)실적(공정공시),False,잠정실적,2023.0,2.0
161890,한국콜마,ODM,v1,00939331,거래소공시,20230811,20230811800056,한국콜마,영업(잠정)실적(공정공시),False,잠정실적,2023.0,2.0
161890,한국콜마,ODM,v1,00939331,거래소공시,20230810,20230810800674,한국콜마,투자판단관련주요경영사항(특허권 취득),False,,,
161890,한국콜마,ODM,v1,00939331,거래소공시,20230810,20230810800652,한국콜마,기업설명회(IR)개최(안내공시),False,,,
161890,한국콜마,ODM,v1,00939331,거래소공시,20230807,20230807800160,한국콜마,결산실적공시예고(안내공시),False,,,
161890,한국콜마,ODM,v1,00939331,거래소공시,20230727,20230727800582,한국콜마,투자판단관련주요경영사항(특허권 취득),False,,,
161890,한국콜마,ODM,v1,00939331,거래소공시,20230721,20230721800542,한국콜마,최대주주등소유주식변동신고서,False,,,
161890,한국콜마,ODM,v1,00939331,거래소공시,20230720,20230720800262,한국콜마,투자판단관련주요경영사항(특허권 취득),False,,,
161890,한국콜마,ODM,v1,00939331,거래소공시,20230718,20230718800081,한국콜마,기업설명회(IR)개최(안내공시),False,,,
161890,한국콜마,ODM,v1,00939331,거래소공시,20230713,20230713800172,한국콜마,투자판단관련주요경영사항(특허권 취득),False,,,
161890,한국콜마,ODM,v1,00939331,거래소공시,20230713,20230713800164,한국콜마,투자판단관련주요경영사항(특허권 취득),False,,,
161890,한국콜마,ODM,v1,00939331,거래소공시,20230713,20230713800158,한국콜마,투자판단관련주요경영사항(특허권 취득),False,,,
161890,한국콜마,ODM,v1,00939331,거래소공시,20230629,20230629800423,한국콜마,투자판단관련주요경영사항(특허권 취득),False,,,
161890,한국콜마,ODM,v1,00939331,거래소공시,20230629,20230629800379,한국콜마,지속가능경영보고서등관련사항(자율공시),False,,,
161890,한국콜마,ODM,v1,00939331,거래소공시,20230612,20230612800106,한국콜마,기업설명회(IR)개최(안내공시),False,,,
161890,한국콜마,ODM,v1,00939331,거래소공시,20230531,20230531800927,한국콜마,기업지배구조보고서공시,False,,,
161890,한국콜마,ODM,v1,00939331,거래소공시,20230522,20230522800442,한국콜마,기업설명회(IR)개최(안내공시),False,,,
161890,한국콜마,ODM,v1,00939331,거래소공시,20230522,20230522800388,한국콜마,기타경영사항(자율공시)(지주회사 전환신고에 대한 심사결과 통지서 접수),False,,,
161890,한국콜마,ODM,v1,00939331,거래소공시,20230516,20230516800408,한국콜마,기업설명회(IR)개최(안내공시),False,,,
161890,한국콜마,ODM,v1,00939331,거래소공시,20230512,20230512800115,한국콜마,영업(잠정)실적(공정공시),False,잠정실적,2023.0,1.0
161890,한국콜마,ODM,v1,00939331,거래소공시,20230512,20230512800082,한국콜마,연결재무제표기준영업(잠정)실적(공정공시),False,잠정실적,2023.0,1.0
161890,한국콜마,ODM,v1,00939331,거래소공시,20230504,20230504800662,한국콜마,기업설명회(IR)개최(안내공시),False,,,
161890,한국콜마,ODM,v1,00939331,거래소공시,20230504,20230504800648,한국콜마,결산실적공시예고(안내공시),False,,,
161890,한국콜마,ODM,v1,00939331,거래소공시,20230414,20230414800785,한국콜마,최대주주등소유주식변동신고서,False,,,
161890,한국콜마,ODM,v1,00939331,거래소공시,20230414,20230414800507,한국콜마,기업설명회(IR)개최(안내공시),False,,,
161890,한국콜마,ODM,v1,00939331,거래소공시,20230329,20230329802092,한국콜마,정기주주총회결과,False,,,
161890,한국콜마,ODM,v1,00939331,거래소공시,20230329,20230329802014,한국콜마,최대주주등소유주식변동신고서,False,,,
161890,한국콜마,ODM,v1,00939331,거래소공시,20230321,20230321801673,한국콜마,[기재정정]매출액또는손익구조30%(대규모법인은15%)이상변경,True,,,
161890,한국콜마,ODM,v1,00939331,거래소공시,20230321,20230321800499,한국콜마,감사보고서제출,False,,,
161890,한국콜마,ODM,v1,00939331,거래소공시,20230321,20230321800236,한국콜마,풍문또는보도에대한해명,False,,,
161890,한국콜마,ODM,v1,00939331,거래소공시,20230314,20230314801248,한국콜마,주주총회소집결의,False,,,
161890,한국콜마,ODM,v1,00939331,거래소공시,20230314,20230314801232,한국콜마,현금ㆍ현물배당결정,False,,,
161890,한국콜마,ODM,v1,00939331,거래소공시,20230302,20230302800225,한국콜마,기업설명회(IR)개최(안내공시),False,,,
161890,한국콜마,ODM,v1,00939331,거래소공시,20230302,20230302800224,한국콜마,기업설명회(IR)개최(안내공시),False,,,
161890,한국콜마,ODM,v1,00939331,거래소공시,20230227,20230227800669,한국콜마,[기재정정]매출액또는손익구조30%(대규모법인은15%)이상변경,True,,,
161890,한국콜마,ODM,v1,00939331,거래소공시,20230227,20230227800260,한국콜마,영업(잠정)실적(공정공시),False,잠정실적,2022.0,4.0
161890,한국콜마,ODM,v1,00939331,거래소공시,20230227,20230227800256,한국콜마,연결재무제표기준영업(잠정)실적(공정공시),False,잠정실적,2022.0,4.0
161890,한국콜마,ODM,v1,00939331,거래소공시,20230227,20230227800239,한국콜마,매출액또는손익구조30%(대규모법인은15%)이상변경,False,,,
161890,한국콜마,ODM,v1,00939331,거래소공시,20230220,20230220800490,한국콜마,기업설명회(IR)개최(안내공시),False,,,
161890,한국콜마,ODM,v1,00939331,거래소공시,20230220,20230220800480,한국콜마,결산실적공시예고(안내공시),False,,,
161890,한국콜마,ODM,v1,00939331,거래소공시,20230125,20230125800595,한국콜마,단기차입금증가결정,False,,,
161890,한국콜마,ODM,v1,00939331,거래소공시,20221227,20221227800448,한국콜마,공정거래자율준수프로그램운영현황(안내공시),False,,,
161890,한국콜마,ODM,v1,00939331,거래소공시,20221216,20221216801101,한국콜마,최대주주등소유주식변동신고서,False,,,
161890,한국콜마,ODM,v1,00939331,거래소공시,20221111,20221111800136,한국콜마,영업(잠정)실적(공정공시),False,잠정실적,2022.0,3.0
161890,한국콜마,ODM,v1,00939331,거래소공시,20221111,20221111800128,한국콜마,연결재무제표기준영업(잠정)실적(공정공시),False,잠정실적,2022.0,3.0
161890,한국콜마,ODM,v1,00939331,거래소공시,20221109,20221109800245,한국콜마,기업설명회(IR)개최(안내공시),False,,,
161890,한국콜마,ODM,v1,00939331,거래소공시,20221104,20221104800329,한국콜마,결산실적공시예고(안내공시),False,,,
161890,한국콜마,ODM,v1,00939331,거래소공시,20220928,20220928800214,한국콜마,[기재정정]타인에대한채무보증결정,True,,,
161890,한국콜마,ODM,v1,00939331,거래소공시,20220923,20220923800487,한국콜마,타법인주식및출자증권취득결정(자율공시),False,,,
192820,코스맥스,ODM,v1,01009789,정기공시,20260813,20260813001436,코스맥스,반기보고서 (2026.06),False,정기보고서,2026.0,2.0
192820,코스맥스,ODM,v1,01009789,정기공시,20260514,20260514000806,코스맥스,분기보고서 (2026.03),False,정기보고서,2026.0,1.0
192820,코스맥스,ODM,v1,01009789,정기공시,20260318,20260318000694,코스맥스,사업보고서 (2025.12),False,정기보고서,2025.0,4.0
192820,코스맥스,ODM,v1,01009789,정기공시,20251113,20251113000556,코스맥스,분기보고서 (2025.09),False,정기보고서,2025.0,3.0
192820,코스맥스,ODM,v1,01009789,정기공시,20250814,20250814000437,코스맥스,반기보고서 (2025.06),False,정기보고서,2025.0,2.0
192820,코스맥스,ODM,v1,01009789,정기공시,20250514,20250514001171,코스맥스,분기보고서 (2025.03),False,정기보고서,2025.0,1.0
192820,코스맥스,ODM,v1,01009789,정기공시,20250416,20250416000526,코스맥스,[기재정정]사업보고서 (2024.12),True,정기보고서,2024.0,4.0
192820,코스맥스,ODM,v1,01009789,정기공시,20250416,20250416000355,코스맥스,[기재정정]사업보고서 (2024.12),True,정기보고서,2024.0,4.0
192820,코스맥스,ODM,v1,01009789,정기공시,20250319,20250319000077,코스맥스,사업보고서 (2024.12),False,정기보고서,2024.0,4.0
192820,코스맥스,ODM,v1,01009789,정기공시,20241114,20241114001836,코스맥스,[첨부추가]분기보고서 (2024.09),True,정기보고서,2024.0,3.0
192820,코스맥스,ODM,v1,01009789,정기공시,20240814,20240814002635,코스맥스,반기보고서 (2024.06),False,정기보고서,2024.0,2.0
192820,코스맥스,ODM,v1,01009789,정기공시,20240516,20240516001029,코스맥스,분기보고서 (2024.03),False,정기보고서,2024.0,1.0
192820,코스맥스,ODM,v1,01009789,정기공시,20240320,20240320001628,코스맥스,사업보고서 (2023.12),False,정기보고서,2023.0,4.0
192820,코스맥스,ODM,v1,01009789,정기공시,20231114,20231114001975,코스맥스,분기보고서 (2023.09),False,정기보고서,2023.0,3.0
192820,코스맥스,ODM,v1,01009789,정기공시,20230811,20230811002117,코스맥스,반기보고서 (2023.06),False,정기보고서,2023.0,2.0
192820,코스맥스,ODM,v1,01009789,정기공시,20230515,20230515001659,코스맥스,분기보고서 (2023.03),False,정기보고서,2023.0,1.0
192820,코스맥스,ODM,v1,01009789,정기공시,20230322,20230322001169,코스맥스,사업보고서 (2022.12),False,정기보고서,2022.0,4.0
192820,코스맥스,ODM,v1,01009789,정기공시,20221114,20221114000994,코스맥스,분기보고서 (2022.09),False,정기보고서,2022.0,3.0
192820,코스맥스,ODM,v1,01009789,거래소공시,20260818,20260818800380,코스맥스,기업설명회(IR)개최(안내공시),False,,,
192820,코스맥스,ODM,v1,01009789,거래소공시,20260811,20260811800420,코스맥스,연결재무제표기준영업(잠정)실적(공정공시),False,잠정실적,2026.0,2.0
192820,코스맥스,ODM,v1,01009789,거래소공시,20260629,20260629800819,코스맥스,타인에대한채무보증결정,False,,,
192820,코스맥스,ODM,v1,01009789,거래소공시,20260623,20260623800302,코스맥스,기업설명회(IR)개최(안내공시),False,,,
192820,코스맥스,ODM,v1,01009789,거래소공시,20260615,20260615800551,코스맥스,기업설명회(IR)개최(안내공시),False,,,
192820,코스맥스,ODM,v1,01009789,거래소공시,20260611,20260611800584,코스맥스,기업설명회(IR)개최(안내공시),False,,,
192820,코스맥스,ODM,v1,01009789,거래소공시,20260601,20260601800703,코스맥스,기업지배구조보고서공시,False,,,
192820,코스맥스,ODM,v1,01009789,거래소공시,20260520,20260520800546,코스맥스,[기재정정]타인에대한채무보증결정,True,,,
192820,코스맥스,ODM,v1,01009789,거래소공시,20260519,20260519800635,코스맥스,신규시설투자등,False,,,
192820,코스맥스,ODM,v1,01009789,거래소공시,20260519,20260519800589,코스맥스,타인에대한채무보증결정,False,,,
192820,코스맥스,ODM,v1,01009789,거래소공시,20260519,20260519800441,코스맥스,기업설명회(IR)개최(안내공시),False,,,
192820,코스맥스,ODM,v1,01009789,거래소공시,20260512,20260512800590,코스맥스,연결재무제표기준영업(잠정)실적(공정공시),False,잠정실적,2026.0,1.0
192820,코스맥스,ODM,v1,01009789,거래소공시,20260506,20260506800620,코스맥스,투자판단관련주요경영사항,False,,,
192820,코스맥스,ODM,v1,01009789,거래소공시,20260408,20260408800222,코스맥스,기업설명회(IR)개최(안내공시),False,,,
192820,코스맥스,ODM,v1,01009789,거래소공시,20260401,20260401801139,코스맥스,투자판단관련주요경영사항,False,,,
192820,코스맥스,ODM,v1,01009789,거래소공시,20260331,20260331802655,코스맥스,타인에대한채무보증결정,False,,,
192820,코스맥스,ODM,v1,01009789,거래소공시,20260326,20260326803537,코스맥스,기업가치제고계획(자율공시)              (고배당기업 표시를 위한 재공시),False,,,
192820,코스맥스,ODM,v1,01009789,거래소공시,20260326,20260326802416,코스맥스,정기주주총회결과,False,,,
192820,코스맥스,ODM,v1,01009789,거래소공시,20260318,20260318800445,코스맥스,감사보고서제출,False,,,
192820,코스맥스,ODM,v1,01009789,거래소공시,20260311,20260311801125,코스맥스,기업설명회(IR)개최(안내공시),False,,,
192820,코스맥스,ODM,v1,01009789,거래소공시,20260306,20260306801757,코스맥스,주주총회소집결의,False,,,
192820,코스맥스,ODM,v1,01009789,거래소공시,20260306,20260306800918,코스맥스,현금ㆍ현물배당결정,False,,,
192820,코스맥스,ODM,v1,01009789,거래소공시,20260306,20260306800911,코스맥스,현금ㆍ현물배당을위한주주명부폐쇄(기준일)결정,False,,,
192820,코스맥스,ODM,v1,01009789,거래소공시,20260305,20260305801161,코스맥스,기업설명회(IR)개최(안내공시),False,,,
192820,코스맥스,ODM,v1,01009789,거래소공시,20260304,20260304800858,코스맥스,기업설명회(IR)개최(안내공시),False,,,
192820,코스맥스,ODM,v1,01009789,거래소공시,20260223,20260223800600,코스맥스,매출액또는손익구조30%(대규모법인은15%)이상변경,False,,,
192820,코스맥스,ODM,v1,01009789,거래소공시,20260108,20260108800439,코스맥스,투자판단관련주요경영사항,False,,,
192820,코스맥스,ODM,v1,01009789,거래소공시,20260105,20260105800301,코스맥스,투자판단관련주요경영사항,False,,,
192820,코스맥스,ODM,v1,01009789,거래소공시,20251230,20251230800565,코스맥스,유형자산취득결정,False,,,
192820,코스맥스,ODM,v1,01009789,거래소공시,20251216,20251216801410,코스맥스,기타경영사항(자율공시),False,,,
192820,코스맥스,ODM,v1,01009789,거래소공시,20251216,20251216801406,코스맥스,주주명부폐쇄기간또는기준일설정,False,,,
192820,코스맥스,ODM,v1,01009789,거래소공시,20251205,20251205800321,코스맥스,투자판단관련주요경영사항,False,,,
192820,코스맥스,ODM,v1,01009789,거래소공시,20251203,20251203800315,코스맥스,기업가치제고계획(자율공시),False,,,
192820,코스맥스,ODM,v1,01009789,거래소공시,20251124,20251124800505,코스맥스,기업설명회(IR)개최(안내공시),False,,,
192820,코스맥스,ODM,v1,01009789,거래소공시,20251118,20251118800349,코스맥스,기업설명회(IR)개최(안내공시),False,,,
192820,코스맥스,ODM,v1,01009789,거래소공시,20251110,20251110800303,코스맥스,연결재무제표기준영업(잠정)실적(공정공시),False,잠정실적,2025.0,3.0
192820,코스맥스,ODM,v1,01009789,거래소공시,20251029,20251029800314,코스맥스,투자판단관련주요경영사항,False,,,
192820,코스맥스,ODM,v1,01009789,거래소공시,20251029,20251029800312,코스맥스,투자판단관련주요경영사항,False,,,
192820,코스맥스,ODM,v1,01009789,거래소공시,20251016,20251016800274,코스맥스,기업설명회(IR)개최(안내공시),False,,,
192820,코스맥스,ODM,v1,01009789,거래소공시,20251001,20251001800601,코스맥스,투자판단관련주요경영사항,False,,,
192820,코스맥스,ODM,v1,01009789,거래소공시,20250924,20250924800212,코스맥스,[기재정정]기업지배구조보고서공시,True,,,
192820,코스맥스,ODM,v1,01009789,거래소공시,20250912,20250912800319,코스맥스,기업설명회(IR)개최(안내공시),False,,,
192820,코스맥스,ODM,v1,01009789,거래소공시,20250912,20250912800317,코스맥스,기업설명회(IR)개최(안내공시),False,,,
192820,코스맥스,ODM,v1,01009789,거래소공시,20250901,20250901800930,코스맥스,주주명부폐쇄기간또는기준일설정,False,,,
192820,코스맥스,ODM,v1,01009789,거래소공시,20250901,20250901800756,코스맥스,투자판단관련주요경영사항,False,,,
192820,코스맥스,ODM,v1,01009789,거래소공시,20250901,20250901800753,코스맥스,투자판단관련주요경영사항,False,,,
192820,코스맥스,ODM,v1,01009789,거래소공시,20250901,20250901800749,코스맥스,투자판단관련주요경영사항,False,,,
192820,코스맥스,ODM,v1,01009789,거래소공시,20250825,20250825800235,코스맥스,기업설명회(IR)개최(안내공시),False,,,
192820,코스맥스,ODM,v1,01009789,거래소공시,20250820,20250820800221,코스맥스,기업설명회(IR)개최(안내공시),False,,,
192820,코스맥스,ODM,v1,01009789,거래소공시,20250819,20250819800165,코스맥스,기업설명회(IR)개최(안내공시),False,,,
192820,코스맥스,ODM,v1,01009789,거래소공시,20250811,20250811800469,코스맥스,연결재무제표기준영업(잠정)실적(공정공시),False,잠정실적,2025.0,2.0
192820,코스맥스,ODM,v1,01009789,거래소공시,20250701,20250701800459,코스맥스,타인에대한채무보증결정,False,,,
192820,코스맥스,ODM,v1,01009789,거래소공시,20250701,20250701800407,코스맥스,투자판단관련주요경영사항,False,,,
192820,코스맥스,ODM,v1,01009789,거래소공시,20250605,20250605800272,코스맥스,기업설명회(IR)개최(안내공시),False,,,
192820,코스맥스,ODM,v1,01009789,거래소공시,20250530,20250530800219,코스맥스,기업지배구조보고서공시,False,,,
192820,코스맥스,ODM,v1,01009789,거래소공시,20250529,20250529800261,코스맥스,기업설명회(IR)개최(안내공시),False,,,
192820,코스맥스,ODM,v1,01009789,거래소공시,20250527,20250527800322,코스맥스,기업설명회(IR)개최(안내공시),False,,,
192820,코스맥스,ODM,v1,01009789,거래소공시,20250519,20250519800162,코스맥스,기업설명회(IR)개최(안내공시),False,,,
192820,코스맥스,ODM,v1,01009789,거래소공시,20250516,20250516800300,코스맥스,기업설명회(IR)개최(안내공시),False,,,
192820,코스맥스,ODM,v1,01009789,거래소공시,20250513,20250513800554,코스맥스,연결재무제표기준영업(잠정)실적(공정공시),False,잠정실적,2025.0,1.0
192820,코스맥스,ODM,v1,01009789,거래소공시,20250421,20250421800396,코스맥스,투자판단관련주요경영사항,False,,,
192820,코스맥스,ODM,v1,01009789,거래소공시,20250404,20250404800807,코스맥스,기업설명회(IR)개최(안내공시),False,,,
192820,코스맥스,ODM,v1,01009789,거래소공시,20250401,20250401800614,코스맥스,투자판단관련주요경영사항,False,,,
192820,코스맥스,ODM,v1,01009789,거래소공시,20250327,20250327800981,코스맥스,대표이사(대표집행임원)변경(안내공시),False,,,
192820,코스맥스,ODM,v1,01009789,거래소공시,20250327,20250327800834,코스맥스,정기주주총회결과,False,,,
192820,코스맥스,ODM,v1,01009789,거래소공시,20250324,20250324800874,코스맥스,기업설명회(IR)개최(안내공시),False,,,
192820,코스맥스,ODM,v1,01009789,거래소공시,20250317,20250317800878,코스맥스,감사보고서제출,False,,,
192820,코스맥스,ODM,v1,01009789,거래소공시,20250314,20250314801186,코스맥스,기업설명회(IR)개최(안내공시),False,,,
192820,코스맥스,ODM,v1,01009789,거래소공시,20250312,20250312800815,코스맥스,주주총회집중일개최사유신고,False,,,
192820,코스맥스,ODM,v1,01009789,거래소공시,20250311,20250311801499,코스맥스,기업설명회(IR)개최(안내공시),False,,,
192820,코스맥스,ODM,v1,01009789,거래소공시,20250305,20250305800579,코스맥스,현금ㆍ현물배당결정,False,,,
192820,코스맥스,ODM,v1,01009789,거래소공시,20250305,20250305800572,코스맥스,주주총회소집결의,False,,,
192820,코스맥스,ODM,v1,01009789,거래소공시,20250228,20250228800978,코스맥스,감자결정(종속회사의주요경영사항),False,,,
192820,코스맥스,ODM,v1,01009789,거래소공시,20250224,20250224800647,코스맥스,매출액또는손익구조30%(대규모법인은15%)이상변경,False,,,
192820,코스맥스,ODM,v1,01009789,거래소공시,20250219,20250219800643,코스맥스,기업설명회(IR)개최(안내공시),False,,,
192820,코스맥스,ODM,v1,01009789,거래소공시,20250214,20250214800816,코스맥스,기업설명회(IR)개최(안내공시),False,,,
192820,코스맥스,ODM,v1,01009789,거래소공시,20250214,20250214800049,코스맥스,기업설명회(IR)개최(안내공시),False,,,
192820,코스맥스,ODM,v1,01009789,거래소공시,20250122,20250122800333,코스맥스,기업설명회(IR)개최(안내공시),False,,,
192820,코스맥스,ODM,v1,01009789,거래소공시,20250120,20250120800640,코스맥스,기업설명회(IR)개최(안내공시),False,,,
192820,코스맥스,ODM,v1,01009789,거래소공시,20250109,20250109800451,코스맥스,기업설명회(IR)개최(안내공시),False,,,
192820,코스맥스,ODM,v1,01009789,거래소공시,20241216,20241216801056,코스맥스,현금ㆍ현물배당을위한주주명부폐쇄(기준일)결정,False,,,
192820,코스맥스,ODM,v1,01009789,거래소공시,20241212,20241212800548,코스맥스,투자판단관련주요경영사항,False,,,
192820,코스맥스,ODM,v1,01009789,거래소공시,20241128,20241128800540,코스맥스,기업설명회(IR)개최(안내공시),False,,,
192820,코스맥스,ODM,v1,01009789,거래소공시,20241127,20241127800314,코스맥스,기업설명회(IR)개최(안내공시),False,,,
192820,코스맥스,ODM,v1,01009789,거래소공시,20241118,20241118800402,코스맥스,기업설명회(IR)개최(안내공시),False,,,
192820,코스맥스,ODM,v1,01009789,거래소공시,20241112,20241112800396,코스맥스,투자판단관련주요경영사항,False,,,
192820,코스맥스,ODM,v1,01009789,거래소공시,20241111,20241111800347,코스맥스,연결재무제표기준영업(잠정)실적(공정공시),False,잠정실적,2024.0,3.0
192820,코스맥스,ODM,v1,01009789,거래소공시,20240923,20240923800276,코스맥스,기업설명회(IR)개최(안내공시),False,,,
192820,코스맥스,ODM,v1,01009789,거래소공시,20240903,20240903800275,코스맥스,투자판단관련주요경영사항,False,,,
192820,코스맥스,ODM,v1,01009789,거래소공시,20240821,20240821800265,코스맥스,기업설명회(IR)개최(안내공시),False,,,
192820,코스맥스,ODM,v1,01009789,거래소공시,20240812,20240812800213,코스맥스,연결재무제표기준영업(잠정)실적(공정공시),False,잠정실적,2024.0,2.0
192820,코스맥스,ODM,v1,01009789,거래소공시,20240726,20240726800401,코스맥스,투자판단관련주요경영사항,False,,,
192820,코스맥스,ODM,v1,01009789,거래소공시,20240726,20240726800203,코스맥스,투자판단관련주요경영사항,False,,,
192820,코스맥스,ODM,v1,01009789,거래소공시,20240701,20240701800411,코스맥스,타인에대한채무보증결정,False,,,
192820,코스맥스,ODM,v1,01009789,거래소공시,20240531,20240531800394,코스맥스,기업지배구조보고서공시,False,,,
192820,코스맥스,ODM,v1,01009789,거래소공시,20240522,20240522800276,코스맥스,기업설명회(IR)개최(안내공시),False,,,
192820,코스맥스,ODM,v1,01009789,거래소공시,20240520,20240520800184,코스맥스,기업설명회(IR)개최(안내공시),False,,,
192820,코스맥스,ODM,v1,01009789,거래소공시,20240517,20240517800232,코스맥스,기업설명회(IR)개최(안내공시),False,,,
192820,코스맥스,ODM,v1,01009789,거래소공시,20240513,20240513800053,코스맥스,연결재무제표기준영업(잠정)실적(공정공시),False,잠정실적,2024.0,1.0
192820,코스맥스,ODM,v1,01009789,거래소공시,20240502,20240502800093,코스맥스,투자판단관련주요경영사항,False,,,
192820,코스맥스,ODM,v1,01009789,거래소공시,20240419,20240419800269,코스맥스,기업설명회(IR)개최(안내공시),False,,,
192820,코스맥스,ODM,v1,01009789,거래소공시,20240328,20240328800546,코스맥스,대표이사(대표집행임원)변경(안내공시),False,,,
192820,코스맥스,ODM,v1,01009789,거래소공시,20240328,20240328800533,코스맥스,정기주주총회결과,False,,,
192820,코스맥스,ODM,v1,01009789,거래소공시,20240320,20240320801612,코스맥스,감사보고서제출,False,,,
192820,코스맥스,ODM,v1,01009789,거래소공시,20240315,20240315800597,코스맥스,기업설명회(IR)개최(안내공시),False,,,
192820,코스맥스,ODM,v1,01009789,거래소공시,20240311,20240311800650,코스맥스,기업설명회(IR)개최(안내공시),False,,,
192820,코스맥스,ODM,v1,01009789,거래소공시,20240307,20240307801136,코스맥스,현금ㆍ현물배당결정,False,,,
192820,코스맥스,ODM,v1,01009789,거래소공시,20240307,20240307801039,코스맥스,기업설명회(IR)개최(안내공시),False,,,
192820,코스맥스,ODM,v1,01009789,거래소공시,20240307,20240307800848,코스맥스,매출액또는손익구조30%(대규모법인은15%)이상변경,False,,,
192820,코스맥스,ODM,v1,01009789,거래소공시,20240307,20240307800702,코스맥스,주주총회소집결의,False,,,
192820,코스맥스,ODM,v1,01009789,거래소공시,20240222,20240222800369,코스맥스,기업설명회(IR)개최(안내공시),False,,,
192820,코스맥스,ODM,v1,01009789,거래소공시,20240214,20240214800545,코스맥스,기업설명회(IR)개최(안내공시),False,,,
192820,코스맥스,ODM,v1,01009789,거래소공시,20240102,20240102800348,코스맥스,유상증자결정(종속회사의주요경영사항),False,,,
192820,코스맥스,ODM,v1,01009789,거래소공시,20240102,20240102800341,코스맥스,타법인주식및출자증권취득결정(종속회사의주요경영사항),False,,,
192820,코스맥스,ODM,v1,01009789,거래소공시,20231215,20231215801304,코스맥스,현금ㆍ현물배당을위한주주명부폐쇄(기준일)결정,False,,,
192820,코스맥스,ODM,v1,01009789,거래소공시,20231201,20231201800150,코스맥스,기업설명회(IR)개최(안내공시),False,,,
192820,코스맥스,ODM,v1,01009789,거래소공시,20231113,20231113800503,코스맥스,연결재무제표기준영업(잠정)실적(공정공시),False,잠정실적,2023.0,3.0
192820,코스맥스,ODM,v1,01009789,거래소공시,20231102,20231102800132,코스맥스,투자판단관련주요경영사항(특허권 취득),False,,,
192820,코스맥스,ODM,v1,01009789,거래소공시,20230921,20230921800243,코스맥스,기업설명회(IR)개최(안내공시),False,,,
192820,코스맥스,ODM,v1,01009789,거래소공시,20230919,20230919800294,코스맥스,기업설명회(IR)개최(안내공시),False,,,
192820,코스맥스,ODM,v1,01009789,거래소공시,20230915,20230915800438,코스맥스,[기재정정]유상증자결정(종속회사의주요경영사항),True,,,
192820,코스맥스,ODM,v1,01009789,거래소공시,20230912,20230912800359,코스맥스,유상증자결정(종속회사의주요경영사항),False,,,
192820,코스맥스,ODM,v1,01009789,거래소공시,20230901,20230901800464,코스맥스,기업설명회(IR)개최(안내공시),False,,,
192820,코스맥스,ODM,v1,01009789,거래소공시,20230901,20230901800460,코스맥스,기업설명회(IR)개최(안내공시),False,,,
192820,코스맥스,ODM,v1,01009789,거래소공시,20230901,20230901800455,코스맥스,기업설명회(IR)개최(안내공시),False,,,
192820,코스맥스,ODM,v1,01009789,거래소공시,20230831,20230831800227,코스맥스,[기재정정]신규시설투자등,True,,,
192820,코스맥스,ODM,v1,01009789,거래소공시,20230828,20230828800512,코스맥스,[기재정정]감자결정(종속회사의주요경영사항),True,,,
192820,코스맥스,ODM,v1,01009789,거래소공시,20230821,20230821800424,코스맥스,기업설명회(IR)개최(안내공시),False,,,
192820,코스맥스,ODM,v1,01009789,거래소공시,20230818,20230818800435,코스맥스,기업설명회(IR)개최(안내공시),False,,,
192820,코스맥스,ODM,v1,01009789,거래소공시,20230818,20230818800403,코스맥스,감자결정(종속회사의주요경영사항)(코스맥스이스트 주식회사),False,,,
192820,코스맥스,ODM,v1,01009789,거래소공시,20230810,20230810800244,코스맥스,연결재무제표기준영업(잠정)실적(공정공시),False,잠정실적,2023.0,2.0
192820,코스맥스,ODM,v1,01009789,거래소공시,20230724,20230724800217,코스맥스,투자판단관련주요경영사항(특허권 취득),False,,,
192820,코스맥스,ODM,v1,01009789,거래소공시,20230724,20230724800120,코스맥스,투자판단관련주요경영사항(특허권 취득),False,,,
192820,코스맥스,ODM,v1,01009789,거래소공시,20230718,20230718800117,코스맥스,투자판단관련주요경영사항(특허권 취득),False,,,
192820,코스맥스,ODM,v1,01009789,거래소공시,20230718,20230718800111,코스맥스,투자판단관련주요경영사항(특허권 취득),False,,,
192820,코스맥스,ODM,v1,01009789,거래소공시,20230628,20230628800380,코스맥스,기업설명회(IR)개최(안내공시),False,,,
192820,코스맥스,ODM,v1,01009789,거래소공시,20230531,20230531800052,코스맥스,기업지배구조보고서공시,False,,,
192820,코스맥스,ODM,v1,01009789,거래소공시,20230530,20230530800127,코스맥스,투자판단관련주요경영사항(특허권 취득),False,,,
192820,코스맥스,ODM,v1,01009789,거래소공시,20230530,20230530800124,코스맥스,기업설명회(IR)개최(안내공시),False,,,
192820,코스맥스,ODM,v1,01009789,거래소공시,20230525,20230525800114,코스맥스,기업설명회(IR)개최(안내공시),False,,,
192820,코스맥스,ODM,v1,01009789,거래소공시,20230523,20230523800103,코스맥스,투자판단관련주요경영사항(특허권 취득),False,,,
192820,코스맥스,ODM,v1,01009789,거래소공시,20230522,20230522800089,코스맥스,기업설명회(IR)개최(안내공시),False,,,
192820,코스맥스,ODM,v1,01009789,거래소공시,20230518,20230518800082,코스맥스,기업설명회(IR)개최(안내공시),False,,,
192820,코스맥스,ODM,v1,01009789,거래소공시,20230516,20230516800141,코스맥스,투자판단관련주요경영사항(특허권 취득),False,,,
192820,코스맥스,ODM,v1,01009789,거래소공시,20230512,20230512800609,코스맥스,연결재무제표기준영업(잠정)실적(공정공시),False,잠정실적,2023.0,1.0
192820,코스맥스,ODM,v1,01009789,거래소공시,20230424,20230424800229,코스맥스,투자판단관련주요경영사항(특허권 취득),False,,,
192820,코스맥스,ODM,v1,01009789,거래소공시,20230424,20230424800165,코스맥스,투자판단관련주요경영사항(특허권 취득),False,,,
192820,코스맥스,ODM,v1,01009789,거래소공시,20230414,20230414800211,코스맥스,투자판단관련주요경영사항(특허권 취득),False,,,
192820,코스맥스,ODM,v1,01009789,거래소공시,20230404,20230404800555,코스맥스,투자판단관련주요경영사항(특허권 취득),False,,,
192820,코스맥스,ODM,v1,01009789,거래소공시,20230330,20230330801672,코스맥스,정기주주총회결과,False,,,
192820,코스맥스,ODM,v1,01009789,거래소공시,20230330,20230330801564,코스맥스,대표이사(대표집행임원)변경(안내공시),False,,,
192820,코스맥스,ODM,v1,01009789,거래소공시,20230322,20230322801334,코스맥스,감사보고서제출,False,,,
192820,코스맥스,ODM,v1,01009789,거래소공시,20230315,20230315801441,코스맥스,주주총회집중일개최사유신고,False,,,
192820,코스맥스,ODM,v1,01009789,거래소공시,20230315,20230315801197,코스맥스,[기재정정]매출액또는손익구조30%(대규모법인은15%)이상변경,True,,,
192820,코스맥스,ODM,v1,01009789,거래소공시,20230309,20230309800715,코스맥스,주주총회소집결의,False,,,
192820,코스맥스,ODM,v1,01009789,거래소공시,20230309,20230309800652,코스맥스,매출액또는손익구조30%(대규모법인은15%)이상변경,False,,,
192820,코스맥스,ODM,v1,01009789,거래소공시,20230214,20230214800250,코스맥스,투자판단관련주요경영사항(특허권 취득),False,,,
192820,코스맥스,ODM,v1,01009789,거래소공시,20230131,20230131800130,코스맥스,투자판단관련주요경영사항(특허권 취득),False,,,
192820,코스맥스,ODM,v1,01009789,거래소공시,20230117,20230117800143,코스맥스,투자판단관련주요경영사항(특허권 취득),False,,,
192820,코스맥스,ODM,v1,01009789,거래소공시,20230110,20230110800106,코스맥스,투자판단관련주요경영사항(특허권 취득),False,,,
192820,코스맥스,ODM,v1,01009789,거래소공시,20221206,20221206800196,코스맥스,투자판단관련주요경영사항(특허권취득),False,,,
241710,코스메카코리아,ODM,v1,00763473,정기공시,20260814,20260814003595,코스메카코리아,반기보고서 (2026.06),False,정기보고서,2026.0,2.0
241710,코스메카코리아,ODM,v1,00763473,정기공시,20260515,20260515001672,코스메카코리아,분기보고서 (2026.03),False,정기보고서,2026.0,1.0
241710,코스메카코리아,ODM,v1,00763473,정기공시,20260515,20260515001492,코스메카코리아,[첨부정정]사업보고서 (2025.12),True,정기보고서,2025.0,4.0
241710,코스메카코리아,ODM,v1,00763473,정기공시,20260330,20260330001688,코스메카코리아,[기재정정]사업보고서 (2025.12),True,정기보고서,2025.0,4.0
241710,코스메카코리아,ODM,v1,00763473,정기공시,20260319,20260319001408,코스메카코리아,사업보고서 (2025.12),False,정기보고서,2025.0,4.0
241710,코스메카코리아,ODM,v1,00763473,정기공시,20251114,20251114002845,코스메카코리아,분기보고서 (2025.09),False,정기보고서,2025.0,3.0
241710,코스메카코리아,ODM,v1,00763473,정기공시,20251114,20251114002682,코스메카코리아,[기재정정]반기보고서 (2025.06),True,정기보고서,2025.0,2.0
241710,코스메카코리아,ODM,v1,00763473,정기공시,20250814,20250814004086,코스메카코리아,반기보고서 (2025.06),False,정기보고서,2025.0,2.0
241710,코스메카코리아,ODM,v1,00763473,정기공시,20250515,20250515002694,코스메카코리아,분기보고서 (2025.03),False,정기보고서,2025.0,1.0
241710,코스메카코리아,ODM,v1,00763473,정기공시,20250321,20250321000012,코스메카코리아,사업보고서 (2024.12),False,정기보고서,2024.0,4.0
241710,코스메카코리아,ODM,v1,00763473,정기공시,20241114,20241114000667,코스메카코리아,분기보고서 (2024.09),False,정기보고서,2024.0,3.0
241710,코스메카코리아,ODM,v1,00763473,정기공시,20240814,20240814004618,코스메카코리아,반기보고서 (2024.06),False,정기보고서,2024.0,2.0
241710,코스메카코리아,ODM,v1,00763473,정기공시,20240516,20240516001730,코스메카코리아,분기보고서 (2024.03),False,정기보고서,2024.0,1.0
241710,코스메카코리아,ODM,v1,00763473,정기공시,20240321,20240321001991,코스메카코리아,사업보고서 (2023.12),False,정기보고서,2023.0,4.0
241710,코스메카코리아,ODM,v1,00763473,정기공시,20231114,20231114002328,코스메카코리아,분기보고서 (2023.09),False,정기보고서,2023.0,3.0
241710,코스메카코리아,ODM,v1,00763473,정기공시,20230814,20230814000703,코스메카코리아,반기보고서 (2023.06),False,정기보고서,2023.0,2.0
241710,코스메카코리아,ODM,v1,00763473,정기공시,20230515,20230515001639,코스메카코리아,분기보고서 (2023.03),False,정기보고서,2023.0,1.0
241710,코스메카코리아,ODM,v1,00763473,정기공시,20230316,20230316001060,코스메카코리아,사업보고서 (2022.12),False,정기보고서,2022.0,4.0
241710,코스메카코리아,ODM,v1,00763473,정기공시,20221114,20221114001157,코스메카코리아,분기보고서 (2022.09),False,정기보고서,2022.0,3.0
241710,코스메카코리아,ODM,v1,00763473,거래소공시,20260811,20260811900144,코스메카코리아,기업설명회(IR)개최,False,,,
241710,코스메카코리아,ODM,v1,00763473,거래소공시,20260810,20260810900426,코스메카코리아,연결재무제표기준영업(잠정)실적(공정공시),False,잠정실적,2026.0,2.0
241710,코스메카코리아,ODM,v1,00763473,거래소공시,20260803,20260803900463,코스메카코리아,결산실적공시예고,False,,,
241710,코스메카코리아,ODM,v1,00763473,거래소공시,20260723,20260723900097,코스메카코리아,지속가능경영보고서등관련사항(자율공시),False,,,
241710,코스메카코리아,ODM,v1,00763473,거래소공시,20260610,20260610900594,코스메카코리아,기업설명회(IR)개최,False,,,
241710,코스메카코리아,ODM,v1,00763473,거래소공시,20260508,20260508900629,코스메카코리아,연결재무제표기준영업(잠정)실적(공정공시),False,잠정실적,2026.0,1.0
241710,코스메카코리아,ODM,v1,00763473,거래소공시,20260508,20260508900631,코스메카코리아,기업설명회(IR)개최,False,,,
241710,코스메카코리아,ODM,v1,00763473,거래소공시,20260429,20260429900771,코스메카코리아,결산실적공시예고,False,,,
241710,코스메카코리아,ODM,v1,00763473,거래소공시,20260407,20260407900602,코스메카코리아,기업설명회(IR)개최,False,,,
241710,코스메카코리아,ODM,v1,00763473,거래소공시,20260327,20260327902907,코스메카코리아,정기주주총회결과,False,,,
241710,코스메카코리아,ODM,v1,00763473,거래소공시,20260319,20260319901999,코스메카코리아,감사보고서제출,False,,,
241710,코스메카코리아,ODM,v1,00763473,거래소공시,20260311,20260311901469,코스메카코리아,주주총회집중일개최사유신고,False,,,
241710,코스메카코리아,ODM,v1,00763473,거래소공시,20260311,20260311901455,코스메카코리아,주주총회소집결의,False,,,
241710,코스메카코리아,ODM,v1,00763473,거래소공시,20260220,20260220900640,코스메카코리아,현금ㆍ현물배당결정,False,,,
241710,코스메카코리아,ODM,v1,00763473,거래소공시,20260220,20260220900635,코스메카코리아,매출액또는손익구조30%(대규모법인은15%)이상변동,False,잠정실적,2025.0,4.0
241710,코스메카코리아,ODM,v1,00763473,거래소공시,20260220,20260220900631,코스메카코리아,연결재무제표기준영업(잠정)실적(공정공시),False,잠정실적,2025.0,4.0
241710,코스메카코리아,ODM,v1,00763473,거래소공시,20260220,20260220900643,코스메카코리아,기업설명회(IR)개최,False,,,
241710,코스메카코리아,ODM,v1,00763473,거래소공시,20260209,20260209900792,코스메카코리아,결산실적공시예고,False,,,
241710,코스메카코리아,ODM,v1,00763473,거래소공시,20260129,20260129900711,코스메카코리아,기업설명회(IR)개최,False,,,
241710,코스메카코리아,ODM,v1,00763473,거래소공시,20251215,20251215901557,코스메카코리아,주주명부폐쇄기간또는기준일설정,False,,,
241710,코스메카코리아,ODM,v1,00763473,거래소공시,20251202,20251202900040,코스메카코리아,가족친화인증ㆍ유효기간연장ㆍ인증취소(자율공시),False,,,
241710,코스메카코리아,ODM,v1,00763473,거래소공시,20251106,20251106900430,코스메카코리아,연결재무제표기준영업(잠정)실적(공정공시),False,잠정실적,2025.0,3.0
241710,코스메카코리아,ODM,v1,00763473,거래소공시,20251106,20251106900432,코스메카코리아,기업설명회(IR)개최,False,,,
241710,코스메카코리아,ODM,v1,00763473,거래소공시,20251030,20251030900544,코스메카코리아,결산실적공시예고,False,,,
241710,코스메카코리아,ODM,v1,00763473,거래소공시,20250909,20250909900290,코스메카코리아,기업설명회(IR)개최,False,,,
241710,코스메카코리아,ODM,v1,00763473,거래소공시,20250902,20250902900173,코스메카코리아,기타경영사항(자율공시)              (유가증권시장 상장예비심사 미승인 통보),False,,,
241710,코스메카코리아,ODM,v1,00763473,거래소공시,20250822,20250822900091,코스메카코리아,기업설명회(IR)개최,False,,,
241710,코스메카코리아,ODM,v1,00763473,거래소공시,20250811,20250811900566,코스메카코리아,연결재무제표기준영업(잠정)실적(공정공시),False,잠정실적,2025.0,2.0
241710,코스메카코리아,ODM,v1,00763473,거래소공시,20250811,20250811900593,코스메카코리아,기업설명회(IR)개최,False,,,
241710,코스메카코리아,ODM,v1,00763473,거래소공시,20250804,20250804900206,코스메카코리아,결산실적공시예고,False,,,
241710,코스메카코리아,ODM,v1,00763473,거래소공시,20250611,20250611900510,코스메카코리아,기업설명회(IR)개최,False,,,
241710,코스메카코리아,ODM,v1,00763473,거래소공시,20250520,20250520900259,코스메카코리아,[기재정정]신규시설투자등,True,,,
241710,코스메카코리아,ODM,v1,00763473,거래소공시,20250512,20250512900349,코스메카코리아,연결재무제표기준영업(잠정)실적(공정공시),False,잠정실적,2025.0,1.0
241710,코스메카코리아,ODM,v1,00763473,거래소공시,20250512,20250512900356,코스메카코리아,기업설명회(IR)개최,False,,,
241710,코스메카코리아,ODM,v1,00763473,거래소공시,20250502,20250502900341,코스메카코리아,[기재정정]신규시설투자등,True,,,
241710,코스메카코리아,ODM,v1,00763473,거래소공시,20250430,20250430900833,코스메카코리아,결산실적공시예고,False,,,
241710,코스메카코리아,ODM,v1,00763473,거래소공시,20250331,20250331904021,코스메카코리아,[기재정정]신규시설투자등,True,,,
241710,코스메카코리아,ODM,v1,00763473,거래소공시,20250328,20250328903124,코스메카코리아,정기주주총회결과,False,,,
241710,코스메카코리아,ODM,v1,00763473,거래소공시,20250320,20250320902263,코스메카코리아,감사보고서제출,False,,,
241710,코스메카코리아,ODM,v1,00763473,거래소공시,20250313,20250313902058,코스메카코리아,주주총회집중일개최사유신고,False,,,
241710,코스메카코리아,ODM,v1,00763473,거래소공시,20250313,20250313902044,코스메카코리아,주주총회소집결의,False,,,
241710,코스메카코리아,ODM,v1,00763473,거래소공시,20250221,20250221900963,코스메카코리아,현금ㆍ현물배당결정,False,,,
241710,코스메카코리아,ODM,v1,00763473,거래소공시,20250221,20250221901025,코스메카코리아,기업설명회(IR)개최,False,,,
241710,코스메카코리아,ODM,v1,00763473,거래소공시,20250221,20250221900706,코스메카코리아,연결재무제표기준영업(잠정)실적(공정공시),False,잠정실적,2024.0,4.0
241710,코스메카코리아,ODM,v1,00763473,거래소공시,20250221,20250221900709,코스메카코리아,매출액또는손익구조30%(대규모법인은15%)이상변동,False,잠정실적,2024.0,4.0
241710,코스메카코리아,ODM,v1,00763473,거래소공시,20250207,20250207901139,코스메카코리아,결산실적공시예고,False,,,
241710,코스메카코리아,ODM,v1,00763473,거래소공시,20241227,20241227900738,코스메카코리아,[기재정정]신규시설투자등,True,,,
241710,코스메카코리아,ODM,v1,00763473,거래소공시,20241216,20241216901306,코스메카코리아,주주명부폐쇄기간또는기준일설정,False,,,
241710,코스메카코리아,ODM,v1,00763473,거래소공시,20241213,20241213901629,코스메카코리아,[기재정정]신규시설투자등,True,,,
241710,코스메카코리아,ODM,v1,00763473,거래소공시,20241125,20241125900442,코스메카코리아,기업설명회(IR)개최,False,,,
241710,코스메카코리아,ODM,v1,00763473,거래소공시,20241108,20241108900476,코스메카코리아,연결재무제표기준영업(잠정)실적(공정공시),False,잠정실적,2024.0,3.0
241710,코스메카코리아,ODM,v1,00763473,거래소공시,20241108,20241108900479,코스메카코리아,기업설명회(IR)개최,False,,,
241710,코스메카코리아,ODM,v1,00763473,거래소공시,20241101,20241101900447,코스메카코리아,결산실적공시예고,False,,,
241710,코스메카코리아,ODM,v1,00763473,거래소공시,20240829,20240829900283,코스메카코리아,임시주주총회결과,False,,,
241710,코스메카코리아,ODM,v1,00763473,거래소공시,20240812,20240812900531,코스메카코리아,기업설명회(IR)개최,False,,,
241710,코스메카코리아,ODM,v1,00763473,거래소공시,20240812,20240812900516,코스메카코리아,연결재무제표기준영업(잠정)실적(공정공시),False,잠정실적,2024.0,2.0
241710,코스메카코리아,ODM,v1,00763473,거래소공시,20240807,20240807900411,코스메카코리아,결산실적공시예고,False,,,
241710,코스메카코리아,ODM,v1,00763473,거래소공시,20240730,20240730900510,코스메카코리아,[기재정정]신규시설투자등,True,,,
241710,코스메카코리아,ODM,v1,00763473,거래소공시,20240729,20240729900330,코스메카코리아,[기재정정]주주총회소집결의              (임시주주총회),True,,,
241710,코스메카코리아,ODM,v1,00763473,거래소공시,20240705,20240705900392,코스메카코리아,기업설명회(IR)개최,False,,,
241710,코스메카코리아,ODM,v1,00763473,거래소공시,20240510,20240510900649,코스메카코리아,상장폐지승인을위한의안상정결정,False,,,
241710,코스메카코리아,ODM,v1,00763473,거래소공시,20240510,20240510900623,코스메카코리아,주주총회소집결의              (임시주주총회),False,,,
241710,코스메카코리아,ODM,v1,00763473,거래소공시,20240510,20240510900626,코스메카코리아,주주명부폐쇄기간또는기준일설정,False,,,
241710,코스메카코리아,ODM,v1,00763473,거래소공시,20240510,20240510900511,코스메카코리아,기업설명회(IR)개최,False,,,
241710,코스메카코리아,ODM,v1,00763473,거래소공시,20240510,20240510900466,코스메카코리아,연결재무제표기준영업(잠정)실적(공정공시),False,잠정실적,2024.0,1.0
241710,코스메카코리아,ODM,v1,00763473,거래소공시,20240507,20240507900160,코스메카코리아,결산실적공시예고,False,,,
241710,코스메카코리아,ODM,v1,00763473,거래소공시,20240405,20240405900925,코스메카코리아,[기재정정]신규시설투자등,True,,,
241710,코스메카코리아,ODM,v1,00763473,거래소공시,20240329,20240329904603,코스메카코리아,정기주주총회결과,False,,,
241710,코스메카코리아,ODM,v1,00763473,거래소공시,20240321,20240321902608,코스메카코리아,감사보고서제출,False,,,
241710,코스메카코리아,ODM,v1,00763473,거래소공시,20240314,20240314902756,코스메카코리아,주주총회집중일개최사유신고,False,,,
241710,코스메카코리아,ODM,v1,00763473,거래소공시,20240314,20240314902753,코스메카코리아,주주총회소집결의,False,,,
241710,코스메카코리아,ODM,v1,00763473,거래소공시,20240223,20240223900620,코스메카코리아,연결재무제표기준영업(잠정)실적(공정공시),False,잠정실적,2023.0,4.0
241710,코스메카코리아,ODM,v1,00763473,거래소공시,20240223,20240223900623,코스메카코리아,기업설명회(IR)개최,False,,,
241710,코스메카코리아,ODM,v1,00763473,거래소공시,20240223,20240223900597,코스메카코리아,매출액또는손익구조30%(대규모법인은15%)이상변동,False,잠정실적,2023.0,4.0
241710,코스메카코리아,ODM,v1,00763473,거래소공시,20240206,20240206900868,코스메카코리아,결산실적공시예고,False,,,
241710,코스메카코리아,ODM,v1,00763473,거래소공시,20240119,20240119900476,코스메카코리아,기업설명회(IR)개최,False,,,
241710,코스메카코리아,ODM,v1,00763473,거래소공시,20231213,20231213900773,코스메카코리아,주주명부폐쇄기간또는기준일설정,False,,,
241710,코스메카코리아,ODM,v1,00763473,거래소공시,20231201,20231201900662,코스메카코리아,기업설명회(IR)개최,False,,,
241710,코스메카코리아,ODM,v1,00763473,거래소공시,20231115,20231115900467,코스메카코리아,기업설명회(IR)개최,False,,,
241710,코스메카코리아,ODM,v1,00763473,거래소공시,20231106,20231106900415,코스메카코리아,기업설명회(IR)개최,False,,,
241710,코스메카코리아,ODM,v1,00763473,거래소공시,20231106,20231106900371,코스메카코리아,연결재무제표기준영업(잠정)실적(공정공시),False,잠정실적,2023.0,3.0
241710,코스메카코리아,ODM,v1,00763473,거래소공시,20231030,20231030900031,코스메카코리아,결산실적공시예고,False,,,
241710,코스메카코리아,ODM,v1,00763473,거래소공시,20231006,20231006900346,코스메카코리아,기업설명회(IR)개최,False,,,
241710,코스메카코리아,ODM,v1,00763473,거래소공시,20231006,20231006900344,코스메카코리아,기업설명회(IR)개최,False,,,
241710,코스메카코리아,ODM,v1,00763473,거래소공시,20230904,20230904900675,코스메카코리아,기업설명회(IR)개최,False,,,
241710,코스메카코리아,ODM,v1,00763473,거래소공시,20230814,20230814901184,코스메카코리아,기업설명회(IR)개최,False,,,
241710,코스메카코리아,ODM,v1,00763473,거래소공시,20230809,20230809900290,코스메카코리아,기업설명회(IR)개최,False,,,
241710,코스메카코리아,ODM,v1,00763473,거래소공시,20230809,20230809900072,코스메카코리아,연결재무제표기준영업(잠정)실적(공정공시),False,잠정실적,2023.0,2.0
241710,코스메카코리아,ODM,v1,00763473,거래소공시,20230728,20230728900389,코스메카코리아,결산실적공시예고,False,,,
241710,코스메카코리아,ODM,v1,00763473,거래소공시,20230530,20230530900382,코스메카코리아,기업설명회(IR)개최,False,,,
241710,코스메카코리아,ODM,v1,00763473,거래소공시,20230517,20230517900274,코스메카코리아,기업설명회(IR)개최,False,,,
241710,코스메카코리아,ODM,v1,00763473,거래소공시,20230509,20230509900313,코스메카코리아,기업설명회(IR)개최,False,,,
241710,코스메카코리아,ODM,v1,00763473,거래소공시,20230509,20230509900296,코스메카코리아,연결재무제표기준영업(잠정)실적(공정공시),False,잠정실적,2023.0,1.0
241710,코스메카코리아,ODM,v1,00763473,거래소공시,20230502,20230502900125,코스메카코리아,결산실적공시예고,False,,,
241710,코스메카코리아,ODM,v1,00763473,거래소공시,20230324,20230324901042,코스메카코리아,정기주주총회결과,False,,,
241710,코스메카코리아,ODM,v1,00763473,거래소공시,20230316,20230316900504,코스메카코리아,감사보고서제출,False,,,
241710,코스메카코리아,ODM,v1,00763473,거래소공시,20230309,20230309900849,코스메카코리아,주주총회소집결의,False,,,
241710,코스메카코리아,ODM,v1,00763473,거래소공시,20230309,20230309900768,코스메카코리아,주주총회집중일개최사유신고,False,,,
241710,코스메카코리아,ODM,v1,00763473,거래소공시,20230307,20230307900655,코스메카코리아,기업설명회(IR)개최,False,,,
241710,코스메카코리아,ODM,v1,00763473,거래소공시,20230223,20230223900542,코스메카코리아,연결재무제표기준영업(잠정)실적(공정공시),False,잠정실적,2022.0,4.0
241710,코스메카코리아,ODM,v1,00763473,거래소공시,20230223,20230223900540,코스메카코리아,매출액또는손익구조30%(대규모법인은15%)이상변동,False,잠정실적,2022.0,4.0
241710,코스메카코리아,ODM,v1,00763473,거래소공시,20230223,20230223900544,코스메카코리아,기업설명회(IR)개최,False,,,
241710,코스메카코리아,ODM,v1,00763473,거래소공시,20230216,20230216900161,코스메카코리아,결산실적공시예고,False,,,
241710,코스메카코리아,ODM,v1,00763473,거래소공시,20221216,20221216900911,코스메카코리아,주주명부폐쇄기간또는기준일설정,False,,,
241710,코스메카코리아,ODM,v1,00763473,거래소공시,20221202,20221202900428,코스메카코리아,가족친화인증ㆍ유효기간연장ㆍ인증취소(자율공시),False,,,
241710,코스메카코리아,ODM,v1,00763473,거래소공시,20221114,20221114901283,코스메카코리아,기업설명회(IR)개최,False,,,
241710,코스메카코리아,ODM,v1,00763473,거래소공시,20221104,20221104900308,코스메카코리아,연결재무제표기준영업(잠정)실적(공정공시),False,잠정실적,2022.0,3.0
241710,코스메카코리아,ODM,v1,00763473,거래소공시,20221104,20221104900312,코스메카코리아,기업설명회(IR)개최,False,,,
241710,코스메카코리아,ODM,v1,00763473,거래소공시,20221028,20221028900209,코스메카코리아,결산실적공시예고,False,,,
257720,실리콘투,유통,v1,00982023,정기공시,20260814,20260814003895,실리콘투,반기보고서 (2026.06),False,정기보고서,2026.0,2.0
257720,실리콘투,유통,v1,00982023,정기공시,20260515,20260515001136,실리콘투,분기보고서 (2026.03),False,정기보고서,2026.0,1.0
257720,실리콘투,유통,v1,00982023,정기공시,20260320,20260320001024,실리콘투,사업보고서 (2025.12),False,정기보고서,2025.0,4.0
257720,실리콘투,유통,v1,00982023,정기공시,20251113,20251113000448,실리콘투,분기보고서 (2025.09),False,정기보고서,2025.0,3.0
257720,실리콘투,유통,v1,00982023,정기공시,20250814,20250814001307,실리콘투,반기보고서 (2025.06),False,정기보고서,2025.0,2.0
257720,실리콘투,유통,v1,00982023,정기공시,20250512,20250512000093,실리콘투,분기보고서 (2025.03),False,정기보고서,2025.0,1.0
257720,실리콘투,유통,v1,00982023,정기공시,20250408,20250408002625,실리콘투,[기재정정]사업보고서 (2024.12),True,정기보고서,2024.0,4.0
257720,실리콘투,유통,v1,00982023,정기공시,20250319,20250319000820,실리콘투,사업보고서 (2024.12),False,정기보고서,2024.0,4.0
257720,실리콘투,유통,v1,00982023,정기공시,20241114,20241114000973,실리콘투,분기보고서 (2024.09),False,정기보고서,2024.0,3.0
257720,실리콘투,유통,v1,00982023,정기공시,20240813,20240813000194,실리콘투,반기보고서 (2024.06),False,정기보고서,2024.0,2.0
257720,실리콘투,유통,v1,00982023,정기공시,20240509,20240509000388,실리콘투,[기재정정]분기보고서 (2024.03),True,정기보고서,2024.0,1.0
257720,실리콘투,유통,v1,00982023,정기공시,20240509,20240509000148,실리콘투,분기보고서 (2024.03),False,정기보고서,2024.0,1.0
257720,실리콘투,유통,v1,00982023,정기공시,20240320,20240320000377,실리콘투,사업보고서 (2023.12),False,정기보고서,2023.0,4.0
257720,실리콘투,유통,v1,00982023,정기공시,20231114,20231114000045,실리콘투,분기보고서 (2023.09),False,정기보고서,2023.0,3.0
257720,실리콘투,유통,v1,00982023,정기공시,20230811,20230811000440,실리콘투,반기보고서 (2023.06),False,정기보고서,2023.0,2.0
257720,실리콘투,유통,v1,00982023,정기공시,20230509,20230509000059,실리콘투,분기보고서 (2023.03),False,정기보고서,2023.0,1.0
257720,실리콘투,유통,v1,00982023,정기공시,20230322,20230322000608,실리콘투,사업보고서 (2022.12),False,정기보고서,2022.0,4.0
257720,실리콘투,유통,v1,00982023,정기공시,20221108,20221108000040,실리콘투,분기보고서 (2022.09),False,정기보고서,2022.0,3.0
257720,실리콘투,유통,v1,00982023,거래소공시,20260818,20260818900261,실리콘투,주주명부폐쇄기간또는기준일설정,False,,,
257720,실리콘투,유통,v1,00982023,거래소공시,20260818,20260818900251,실리콘투,주주총회소집결의              (임시주주총회),False,,,
257720,실리콘투,유통,v1,00982023,거래소공시,20260814,20260814901365,실리콘투,기업설명회(IR)개최,False,,,
257720,실리콘투,유통,v1,00982023,거래소공시,20260812,20260812900140,실리콘투,연결재무제표기준영업(잠정)실적(공정공시),False,잠정실적,2026.0,2.0
257720,실리콘투,유통,v1,00982023,거래소공시,20260811,20260811900536,실리콘투,기업설명회(IR)개최,False,,,
257720,실리콘투,유통,v1,00982023,거래소공시,20260810,20260810900643,실리콘투,결산실적공시예고,False,,,
257720,실리콘투,유통,v1,00982023,거래소공시,20260702,20260702900849,실리콘투,[기재정정]금전대여결정              (대여기간 연장),True,,,
257720,실리콘투,유통,v1,00982023,거래소공시,20260515,20260515901933,실리콘투,기업설명회(IR)개최,False,,,
257720,실리콘투,유통,v1,00982023,거래소공시,20260512,20260512900303,실리콘투,연결재무제표기준영업(잠정)실적(공정공시),False,잠정실적,2026.0,1.0
257720,실리콘투,유통,v1,00982023,거래소공시,20260511,20260511900942,실리콘투,[기재정정]전환주식의전환청구권행사,True,,,
257720,실리콘투,유통,v1,00982023,거래소공시,20260511,20260511900450,실리콘투,결산실적공시예고,False,,,
257720,실리콘투,유통,v1,00982023,거래소공시,20260506,20260506900861,실리콘투,단기차입금증가결정(자율공시),False,,,
257720,실리콘투,유통,v1,00982023,거래소공시,20260424,20260424900593,실리콘투,전환주식의전환청구권행사,False,,,
257720,실리콘투,유통,v1,00982023,거래소공시,20260403,20260403900498,실리콘투,기업설명회(IR)개최,False,,,
257720,실리콘투,유통,v1,00982023,거래소공시,20260330,20260330902071,실리콘투,정기주주총회결과,False,,,
257720,실리콘투,유통,v1,00982023,거래소공시,20260320,20260320900915,실리콘투,감사보고서제출,False,,,
257720,실리콘투,유통,v1,00982023,거래소공시,20260312,20260312900706,실리콘투,현금ㆍ현물배당결정,False,,,
257720,실리콘투,유통,v1,00982023,거래소공시,20260312,20260312900652,실리콘투,현금ㆍ현물배당을위한주주명부폐쇄(기준일)결정,False,,,
257720,실리콘투,유통,v1,00982023,거래소공시,20260312,20260312900547,실리콘투,주주총회집중일개최사유신고,False,,,
257720,실리콘투,유통,v1,00982023,거래소공시,20260312,20260312900515,실리콘투,주주총회소집결의,False,,,
257720,실리콘투,유통,v1,00982023,거래소공시,20260312,20260312900467,실리콘투,[기재정정]매출액또는손익구조30%(대규모법인은15%)이상변동,True,잠정실적,2025.0,4.0
257720,실리콘투,유통,v1,00982023,거래소공시,20260312,20260312900450,실리콘투,[기재정정]연결재무제표기준영업(잠정)실적(공정공시),True,잠정실적,2025.0,4.0
257720,실리콘투,유통,v1,00982023,거래소공시,20260226,20260226900536,실리콘투,매출액또는손익구조30%(대규모법인은15%)이상변동,False,잠정실적,2025.0,4.0
257720,실리콘투,유통,v1,00982023,거래소공시,20260226,20260226900511,실리콘투,연결재무제표기준영업(잠정)실적(공정공시),False,잠정실적,2025.0,4.0
257720,실리콘투,유통,v1,00982023,거래소공시,20260223,20260223900753,실리콘투,기업설명회(IR)개최,False,,,
257720,실리콘투,유통,v1,00982023,거래소공시,20260223,20260223900739,실리콘투,결산실적공시예고,False,,,
257720,실리콘투,유통,v1,00982023,거래소공시,20260109,20260109900093,실리콘투,기업설명회(IR)개최,False,,,
257720,실리콘투,유통,v1,00982023,거래소공시,20251216,20251216900667,실리콘투,주주명부폐쇄기간또는기준일설정,False,,,
257720,실리콘투,유통,v1,00982023,거래소공시,20251117,20251117900533,실리콘투,[기재정정]타법인주식및출자증권처분결정(자율공시),True,,,
257720,실리콘투,유통,v1,00982023,거래소공시,20251114,20251114902730,실리콘투,기업설명회(IR)개최,False,,,
257720,실리콘투,유통,v1,00982023,거래소공시,20251110,20251110900206,실리콘투,연결재무제표기준영업(잠정)실적(공정공시),False,잠정실적,2025.0,3.0
257720,실리콘투,유통,v1,00982023,거래소공시,20251107,20251107900407,실리콘투,결산실적공시예고,False,,,
257720,실리콘투,유통,v1,00982023,거래소공시,20251031,20251031900297,실리콘투,[기재정정]타법인주식및출자증권처분결정(자율공시),True,,,
257720,실리콘투,유통,v1,00982023,거래소공시,20251017,20251017900406,실리콘투,타법인주식및출자증권처분결정(자율공시),False,,,
257720,실리콘투,유통,v1,00982023,거래소공시,20251016,20251016900194,실리콘투,기업설명회(IR)개최,False,,,
257720,실리콘투,유통,v1,00982023,거래소공시,20250905,20250905900137,실리콘투,기업설명회(IR)개최,False,,,
257720,실리콘투,유통,v1,00982023,거래소공시,20250829,20250829900117,실리콘투,기업설명회(IR)개최,False,,,
257720,실리콘투,유통,v1,00982023,거래소공시,20250822,20250822900070,실리콘투,기업설명회(IR)개최,False,,,
257720,실리콘투,유통,v1,00982023,거래소공시,20250814,20250814900753,실리콘투,기업설명회(IR)개최,False,,,
257720,실리콘투,유통,v1,00982023,거래소공시,20250811,20250811900376,실리콘투,연결재무제표기준영업(잠정)실적(공정공시),False,잠정실적,2025.0,2.0
257720,실리콘투,유통,v1,00982023,거래소공시,20250808,20250808900151,실리콘투,기업설명회(IR)개최,False,,,
257720,실리콘투,유통,v1,00982023,거래소공시,20250808,20250808900150,실리콘투,결산실적공시예고,False,,,
257720,실리콘투,유통,v1,00982023,거래소공시,20250626,20250626900066,실리콘투,기업설명회(IR)개최,False,,,
257720,실리콘투,유통,v1,00982023,거래소공시,20250625,20250625900589,실리콘투,[기재정정]금전대여결정              (대여기간 연장),True,,,
257720,실리콘투,유통,v1,00982023,거래소공시,20250520,20250520900285,실리콘투,기업설명회(IR)개최,False,,,
257720,실리콘투,유통,v1,00982023,거래소공시,20250430,20250430901472,코스닥시장본부,소속부변경,False,,,
257720,실리콘투,유통,v1,00982023,거래소공시,20250331,20250331903308,실리콘투,기업설명회(IR)개최,False,,,
257720,실리콘투,유통,v1,00982023,거래소공시,20250327,20250327901673,실리콘투,정기주주총회결과,False,,,
257720,실리콘투,유통,v1,00982023,거래소공시,20250320,20250320901303,실리콘투,증권발행결과(자율공시)              (제3자배정 유상증자-상환전환주식),False,,,
257720,실리콘투,유통,v1,00982023,거래소공시,20250319,20250319900762,실리콘투,감사보고서제출,False,,,
257720,실리콘투,유통,v1,00982023,거래소공시,20250312,20250312901641,실리콘투,주주총회집중일개최사유신고,False,,,
257720,실리콘투,유통,v1,00982023,거래소공시,20250312,20250312901572,실리콘투,주주총회소집결의,False,,,
257720,실리콘투,유통,v1,00982023,거래소공시,20250228,20250228900704,실리콘투,주권관련사채권의취득결정,False,,,
257720,실리콘투,유통,v1,00982023,거래소공시,20250225,20250225900924,실리콘투,매출액또는손익구조30%(대규모법인은15%)이상변동,False,잠정실적,2024.0,4.0
257720,실리콘투,유통,v1,00982023,거래소공시,20241114,20241114901423,실리콘투,기업설명회(IR)개최,False,,,
257720,실리콘투,유통,v1,00982023,거래소공시,20240812,20240812900195,실리콘투,기업설명회(IR)개최,False,,,
257720,실리콘투,유통,v1,00982023,거래소공시,20240626,20240626900688,실리콘투,타법인주식및출자증권취득결정,False,,,
257720,실리콘투,유통,v1,00982023,거래소공시,20240626,20240626900665,실리콘투,유상증자결정(종속회사의주요경영사항),False,,,
257720,실리콘투,유통,v1,00982023,거래소공시,20240626,20240626900654,실리콘투,금전대여결정,False,,,
257720,실리콘투,유통,v1,00982023,거래소공시,20240625,20240625900379,실리콘투,단기차입금증가결정,False,,,
257720,실리콘투,유통,v1,00982023,거래소공시,20240514,20240514900611,실리콘투,기업설명회(IR)개최,False,,,
257720,실리콘투,유통,v1,00982023,거래소공시,20240405,20240405900203,실리콘투,기업설명회(IR)개최,False,,,
257720,실리콘투,유통,v1,00982023,거래소공시,20240328,20240328901376,실리콘투,정기주주총회결과,False,,,
257720,실리콘투,유통,v1,00982023,거래소공시,20240321,20240321901444,실리콘투,단기차입금증가결정,False,,,
257720,실리콘투,유통,v1,00982023,거래소공시,20240320,20240320900311,실리콘투,감사보고서제출,False,,,
257720,실리콘투,유통,v1,00982023,거래소공시,20240315,20240315900318,실리콘투,단기차입금증가결정,False,,,
257720,실리콘투,유통,v1,00982023,거래소공시,20240228,20240228900284,실리콘투,주주총회소집결의,False,,,
257720,실리콘투,유통,v1,00982023,거래소공시,20240220,20240220900749,실리콘투,매출액또는손익구조30%(대규모법인은15%)이상변동,False,잠정실적,2023.0,4.0
257720,실리콘투,유통,v1,00982023,거래소공시,20231215,20231215900495,실리콘투,주주명부폐쇄기간또는기준일설정,False,,,
257720,실리콘투,유통,v1,00982023,거래소공시,20231127,20231127900215,실리콘투,단기차입금증가결정,False,,,
257720,실리콘투,유통,v1,00982023,거래소공시,20230821,20230821900250,실리콘투,기업설명회(IR)개최,False,,,
257720,실리콘투,유통,v1,00982023,거래소공시,20230816,20230816900611,코스닥시장본부,불성실공시법인지정(공시불이행),False,,,
257720,실리콘투,유통,v1,00982023,거래소공시,20230721,20230721900671,코스닥시장본부,불성실공시법인지정예고(공시불이행),False,,,
257720,실리콘투,유통,v1,00982023,거래소공시,20230605,20230605900067,실리콘투,기업설명회(IR)개최,False,,,
257720,실리콘투,유통,v1,00982023,거래소공시,20230524,20230524900494,실리콘투,단기차입금증가결정,False,,,
257720,실리콘투,유통,v1,00982023,거래소공시,20230330,20230330901380,실리콘투,정기주주총회결과,False,,,
257720,실리콘투,유통,v1,00982023,거래소공시,20230322,20230322900504,실리콘투,감사보고서제출,False,,,
257720,실리콘투,유통,v1,00982023,거래소공시,20230302,20230302900330,실리콘투,주주총회집중일개최사유신고,False,,,
257720,실리콘투,유통,v1,00982023,거래소공시,20230302,20230302900210,실리콘투,주주총회소집결의,False,,,
257720,실리콘투,유통,v1,00982023,거래소공시,20230223,20230223900279,실리콘투,기업설명회(IR)개최,False,,,
257720,실리콘투,유통,v1,00982023,거래소공시,20221215,20221215900870,실리콘투,주주명부폐쇄기간또는기준일설정,False,,,
114840,아이패밀리에스씨,유통,v1,00692254,정기공시,20260813,20260813000938,아이패밀리에스씨,반기보고서 (2026.06),False,정기보고서,2026.0,2.0
114840,아이패밀리에스씨,유통,v1,00692254,정기공시,20260515,20260515000627,아이패밀리에스씨,분기보고서 (2026.03),False,정기보고서,2026.0,1.0
114840,아이패밀리에스씨,유통,v1,00692254,정기공시,20260320,20260320000432,아이패밀리에스씨,[기재정정]사업보고서 (2025.12),True,정기보고서,2025.0,4.0
114840,아이패밀리에스씨,유통,v1,00692254,정기공시,20260319,20260319000741,아이패밀리에스씨,사업보고서 (2025.12),False,정기보고서,2025.0,4.0
114840,아이패밀리에스씨,유통,v1,00692254,정기공시,20251114,20251114000329,아이패밀리에스씨,분기보고서 (2025.09),False,정기보고서,2025.0,3.0
114840,아이패밀리에스씨,유통,v1,00692254,정기공시,20250814,20250814001244,아이패밀리에스씨,반기보고서 (2025.06),False,정기보고서,2025.0,2.0
114840,아이패밀리에스씨,유통,v1,00692254,정기공시,20250508,20250508000370,아이패밀리에스씨,분기보고서 (2025.03),False,정기보고서,2025.0,1.0
114840,아이패밀리에스씨,유통,v1,00692254,정기공시,20250320,20250320000516,아이패밀리에스씨,사업보고서 (2024.12),False,정기보고서,2024.0,4.0
114840,아이패밀리에스씨,유통,v1,00692254,정기공시,20241111,20241111000041,아이패밀리에스씨,분기보고서 (2024.09),False,정기보고서,2024.0,3.0
114840,아이패밀리에스씨,유통,v1,00692254,정기공시,20240809,20240809000237,아이패밀리에스씨,반기보고서 (2024.06),False,정기보고서,2024.0,2.0
114840,아이패밀리에스씨,유통,v1,00692254,정기공시,20240510,20240510000600,아이패밀리에스씨,[기재정정]분기보고서 (2024.03),True,정기보고서,2024.0,1.0
114840,아이패밀리에스씨,유통,v1,00692254,정기공시,20240510,20240510000334,아이패밀리에스씨,분기보고서 (2024.03),False,정기보고서,2024.0,1.0
114840,아이패밀리에스씨,유통,v1,00692254,정기공시,20240321,20240321001221,아이패밀리에스씨,사업보고서 (2023.12),False,정기보고서,2023.0,4.0
114840,아이패밀리에스씨,유통,v1,00692254,정기공시,20231113,20231113000110,아이패밀리에스씨,분기보고서 (2023.09),False,정기보고서,2023.0,3.0
114840,아이패밀리에스씨,유통,v1,00692254,정기공시,20230814,20230814000830,아이패밀리에스씨,반기보고서 (2023.06),False,정기보고서,2023.0,2.0
114840,아이패밀리에스씨,유통,v1,00692254,정기공시,20230515,20230515000799,아이패밀리에스씨,분기보고서 (2023.03),False,정기보고서,2023.0,1.0
114840,아이패밀리에스씨,유통,v1,00692254,정기공시,20230323,20230323001132,아이패밀리에스씨,사업보고서 (2022.12),False,정기보고서,2022.0,4.0
114840,아이패밀리에스씨,유통,v1,00692254,정기공시,20221114,20221114000186,아이패밀리에스씨,분기보고서 (2022.09),False,정기보고서,2022.0,3.0
114840,아이패밀리에스씨,유통,v1,00692254,거래소공시,20260813,20260813900139,아이패밀리에스씨,중간(분기)배당을위한주주명부폐쇄(기준일)결정,False,,,
114840,아이패밀리에스씨,유통,v1,00692254,거래소공시,20260813,20260813900122,아이패밀리에스씨,현금ㆍ현물배당결정              (분기배당),False,,,
114840,아이패밀리에스씨,유통,v1,00692254,거래소공시,20260611,20260611900339,아이패밀리에스씨,주식소각결정,False,,,
114840,아이패밀리에스씨,유통,v1,00692254,거래소공시,20260513,20260513900536,아이패밀리에스씨,임시주주총회결과,False,,,
114840,아이패밀리에스씨,유통,v1,00692254,거래소공시,20260401,20260401900441,아이패밀리에스씨,주주총회소집결의              (임시주주총회),False,,,
114840,아이패밀리에스씨,유통,v1,00692254,거래소공시,20260401,20260401900429,아이패밀리에스씨,주주명부폐쇄기간또는기준일설정,False,,,
114840,아이패밀리에스씨,유통,v1,00692254,거래소공시,20260327,20260327901404,아이패밀리에스씨,정기주주총회결과,False,,,
114840,아이패밀리에스씨,유통,v1,00692254,거래소공시,20260319,20260319900636,아이패밀리에스씨,감사보고서제출,False,,,
114840,아이패밀리에스씨,유통,v1,00692254,거래소공시,20260212,20260212901250,아이패밀리에스씨,주주총회집중일개최사유신고,False,,,
114840,아이패밀리에스씨,유통,v1,00692254,거래소공시,20260212,20260212901243,아이패밀리에스씨,주주총회소집결의,False,,,
114840,아이패밀리에스씨,유통,v1,00692254,거래소공시,20260212,20260212901194,아이패밀리에스씨,[첨부정정]현금ㆍ현물배당결정,True,,,
114840,아이패밀리에스씨,유통,v1,00692254,거래소공시,20260212,20260212900547,아이패밀리에스씨,현금ㆍ현물배당결정,False,,,
114840,아이패밀리에스씨,유통,v1,00692254,거래소공시,20251212,20251212900704,아이패밀리에스씨,주주명부폐쇄기간또는기준일설정,False,,,
114840,아이패밀리에스씨,유통,v1,00692254,거래소공시,20251114,20251114900216,아이패밀리에스씨,현금ㆍ현물배당결정              (분기배당),False,,,
114840,아이패밀리에스씨,유통,v1,00692254,거래소공시,20250813,20250813900384,아이패밀리에스씨,중간(분기)배당을위한주주명부폐쇄(기준일)결정,False,,,
114840,아이패밀리에스씨,유통,v1,00692254,거래소공시,20250430,20250430901451,코스닥시장본부,소속부변경,False,,,
114840,아이패밀리에스씨,유통,v1,00692254,거래소공시,20250328,20250328901423,아이패밀리에스씨,정기주주총회결과,False,,,
114840,아이패밀리에스씨,유통,v1,00692254,거래소공시,20250320,20250320900376,아이패밀리에스씨,감사보고서제출,False,,,
114840,아이패밀리에스씨,유통,v1,00692254,거래소공시,20250210,20250210901575,아이패밀리에스씨,현금ㆍ현물배당결정,False,,,
114840,아이패밀리에스씨,유통,v1,00692254,거래소공시,20250210,20250210901546,아이패밀리에스씨,주주총회집중일개최사유신고,False,,,
114840,아이패밀리에스씨,유통,v1,00692254,거래소공시,20250210,20250210901542,아이패밀리에스씨,주주총회소집결의,False,,,
114840,아이패밀리에스씨,유통,v1,00692254,거래소공시,20250210,20250210901208,아이패밀리에스씨,매출액또는손익구조30%(대규모법인은15%)이상변동,False,잠정실적,2024.0,4.0
114840,아이패밀리에스씨,유통,v1,00692254,거래소공시,20241216,20241216900096,아이패밀리에스씨,주주명부폐쇄기간또는기준일설정,False,,,
114840,아이패밀리에스씨,유통,v1,00692254,거래소공시,20240603,20240603900281,아이패밀리에스씨,기업설명회(IR)개최,False,,,
114840,아이패밀리에스씨,유통,v1,00692254,거래소공시,20240516,20240516900127,아이패밀리에스씨,기업설명회(IR)개최,False,,,
114840,아이패밀리에스씨,유통,v1,00692254,거래소공시,20240329,20240329902040,아이패밀리에스씨,정기주주총회결과,False,,,
114840,아이패밀리에스씨,유통,v1,00692254,거래소공시,20240321,20240321900942,아이패밀리에스씨,감사보고서제출,False,,,
114840,아이패밀리에스씨,유통,v1,00692254,거래소공시,20240227,20240227900909,코스닥시장본부,권리락              (무상증자),False,,,
114840,아이패밀리에스씨,유통,v1,00692254,거래소공시,20240214,20240214900775,아이패밀리에스씨,주주총회집중일개최사유신고,False,,,
114840,아이패밀리에스씨,유통,v1,00692254,거래소공시,20240214,20240214900754,아이패밀리에스씨,주주총회소집결의,False,,,
114840,아이패밀리에스씨,유통,v1,00692254,거래소공시,20240214,20240214900644,아이패밀리에스씨,현금ㆍ현물배당결정,False,,,
114840,아이패밀리에스씨,유통,v1,00692254,거래소공시,20240214,20240214900627,아이패밀리에스씨,매출액또는손익구조30%(대규모법인은15%)이상변동,False,잠정실적,2023.0,4.0
114840,아이패밀리에스씨,유통,v1,00692254,거래소공시,20240214,20240214900582,코스닥시장본부,주권매매거래정지              (무상증자),False,,,
114840,아이패밀리에스씨,유통,v1,00692254,거래소공시,20231214,20231214900065,아이패밀리에스씨,주주명부폐쇄기간또는기준일설정,False,,,
114840,아이패밀리에스씨,유통,v1,00692254,거래소공시,20231129,20231129900079,아이패밀리에스씨,기업설명회(IR)개최,False,,,
114840,아이패밀리에스씨,유통,v1,00692254,거래소공시,20230419,20230419900433,아이패밀리에스씨,주식매수선택권행사,False,,,
114840,아이패밀리에스씨,유통,v1,00692254,거래소공시,20230331,20230331900575,아이패밀리에스씨,정기주주총회결과,False,,,
114840,아이패밀리에스씨,유통,v1,00692254,거래소공시,20230323,20230323900387,아이패밀리에스씨,감사보고서제출,False,,,
114840,아이패밀리에스씨,유통,v1,00692254,거래소공시,20230222,20230222900214,아이패밀리에스씨,영업실적등에대한전망(공정공시),False,,,
114840,아이패밀리에스씨,유통,v1,00692254,거래소공시,20230217,20230217900392,아이패밀리에스씨,[기재정정]주주총회소집결의,True,,,
114840,아이패밀리에스씨,유통,v1,00692254,거래소공시,20230216,20230216900502,아이패밀리에스씨,[기재정정]주주총회집중일개최사유신고,True,,,
114840,아이패밀리에스씨,유통,v1,00692254,거래소공시,20230216,20230216900343,아이패밀리에스씨,주주총회집중일개최사유신고,False,,,
114840,아이패밀리에스씨,유통,v1,00692254,거래소공시,20230216,20230216900310,아이패밀리에스씨,주주총회소집결의,False,,,
114840,아이패밀리에스씨,유통,v1,00692254,거래소공시,20230216,20230216900181,아이패밀리에스씨,현금ㆍ현물배당결정,False,,,
114840,아이패밀리에스씨,유통,v1,00692254,거래소공시,20230216,20230216900167,아이패밀리에스씨,매출액또는손익구조30%(대규모법인은15%)이상변동,False,잠정실적,2022.0,4.0
114840,아이패밀리에스씨,유통,v1,00692254,거래소공시,20221213,20221213900093,아이패밀리에스씨,주주명부폐쇄기간또는기준일설정,False,,,
114840,아이패밀리에스씨,유통,v1,00692254,거래소공시,20221128,20221128900456,아이패밀리에스씨,기업설명회(IR)개최,False,,,
214450,파마리서치,메디컬,v2,00970453,정기공시,20260814,20260814002997,파마리서치,반기보고서 (2026.06),False,정기보고서,2026.0,2.0
214450,파마리서치,메디컬,v2,00970453,정기공시,20260515,20260515001997,파마리서치,분기보고서 (2026.03),False,정기보고서,2026.0,1.0
214450,파마리서치,메디컬,v2,00970453,정기공시,20260319,20260319001417,파마리서치,사업보고서 (2025.12),False,정기보고서,2025.0,4.0
214450,파마리서치,메디컬,v2,00970453,정기공시,20251114,20251114000932,파마리서치,분기보고서 (2025.09),False,정기보고서,2025.0,3.0
214450,파마리서치,메디컬,v2,00970453,정기공시,20250814,20250814002565,파마리서치,반기보고서 (2025.06),False,정기보고서,2025.0,2.0
214450,파마리서치,메디컬,v2,00970453,정기공시,20250521,20250521000230,파마리서치,[기재정정]분기보고서 (2025.03),True,정기보고서,2025.0,1.0
214450,파마리서치,메디컬,v2,00970453,정기공시,20250515,20250515000522,파마리서치,분기보고서 (2025.03),False,정기보고서,2025.0,1.0
214450,파마리서치,메디컬,v2,00970453,정기공시,20250317,20250317000758,파마리서치,사업보고서 (2024.12),False,정기보고서,2024.0,4.0
214450,파마리서치,메디컬,v2,00970453,정기공시,20241113,20241113000721,파마리서치,분기보고서 (2024.09),False,정기보고서,2024.0,3.0
214450,파마리서치,메디컬,v2,00970453,정기공시,20240814,20240814004016,파마리서치,반기보고서 (2024.06),False,정기보고서,2024.0,2.0
214450,파마리서치,메디컬,v2,00970453,정기공시,20240514,20240514001617,파마리서치,분기보고서 (2024.03),False,정기보고서,2024.0,1.0
214450,파마리서치,메디컬,v2,00970453,정기공시,20240315,20240315000795,파마리서치,사업보고서 (2023.12),False,정기보고서,2023.0,4.0
214450,파마리서치,메디컬,v2,00970453,정기공시,20231114,20231114002119,파마리서치,분기보고서 (2023.09),False,정기보고서,2023.0,3.0
214450,파마리서치,메디컬,v2,00970453,정기공시,20230811,20230811001780,파마리서치,반기보고서 (2023.06),False,정기보고서,2023.0,2.0
214450,파마리서치,메디컬,v2,00970453,정기공시,20230515,20230515002108,파마리서치,분기보고서 (2023.03),False,정기보고서,2023.0,1.0
214450,파마리서치,메디컬,v2,00970453,정기공시,20230322,20230322001252,파마리서치,사업보고서 (2022.12),False,정기보고서,2022.0,4.0
214450,파마리서치,메디컬,v2,00970453,정기공시,20221114,20221114000419,파마리서치,분기보고서 (2022.09),False,정기보고서,2022.0,3.0
214450,파마리서치,메디컬,v2,00970453,거래소공시,20260807,20260807900190,파마리서치,연결재무제표기준영업(잠정)실적(공정공시),False,잠정실적,2026.0,2.0
214450,파마리서치,메디컬,v2,00970453,거래소공시,20260806,20260806900128,파마리서치,기업설명회(IR)개최,False,,,
214450,파마리서치,메디컬,v2,00970453,거래소공시,20260714,20260714900293,파마리서치,결산실적공시예고,False,,,
214450,파마리서치,메디컬,v2,00970453,거래소공시,20260626,20260626900400,파마리서치,기업설명회(IR)개최,False,,,
214450,파마리서치,메디컬,v2,00970453,거래소공시,20260612,20260612900306,파마리서치,지속가능경영보고서등관련사항(자율공시),False,,,
214450,파마리서치,메디컬,v2,00970453,거래소공시,20260609,20260609900404,파마리서치,기업설명회(IR)개최,False,,,
214450,파마리서치,메디컬,v2,00970453,거래소공시,20260508,20260508900237,파마리서치,연결재무제표기준영업(잠정)실적(공정공시),False,잠정실적,2026.0,1.0
214450,파마리서치,메디컬,v2,00970453,거래소공시,20260506,20260506900522,파마리서치,기업설명회(IR)개최,False,,,
214450,파마리서치,메디컬,v2,00970453,거래소공시,20260427,20260427900233,파마리서치,결산실적공시예고,False,,,
214450,파마리서치,메디컬,v2,00970453,거래소공시,20260330,20260330900248,파마리서치,기업가치제고계획(자율공시),False,,,
214450,파마리서치,메디컬,v2,00970453,거래소공시,20260327,20260327901012,파마리서치,정기주주총회결과,False,,,
214450,파마리서치,메디컬,v2,00970453,거래소공시,20260319,20260319901689,파마리서치,감사보고서제출,False,,,
214450,파마리서치,메디컬,v2,00970453,거래소공시,20260312,20260312901349,파마리서치,주주총회집중일개최사유신고,False,,,
214450,파마리서치,메디컬,v2,00970453,거래소공시,20260309,20260309901189,파마리서치,[기재정정]주주총회소집결의,True,,,
214450,파마리서치,메디컬,v2,00970453,거래소공시,20260306,20260306900578,파마리서치,주주총회소집결의,False,,,
214450,파마리서치,메디컬,v2,00970453,거래소공시,20260210,20260210900521,파마리서치,기업설명회(IR)개최,False,,,
214450,파마리서치,메디컬,v2,00970453,거래소공시,20260204,20260204901329,파마리서치,현금ㆍ현물배당결정,False,,,
214450,파마리서치,메디컬,v2,00970453,거래소공시,20260204,20260204900782,파마리서치,매출액또는손익구조30%(대규모법인은15%)이상변동,False,잠정실적,2025.0,4.0
214450,파마리서치,메디컬,v2,00970453,거래소공시,20260130,20260130900232,파마리서치,[기재정정]결산실적공시예고,True,,,
214450,파마리서치,메디컬,v2,00970453,거래소공시,20260126,20260126900355,파마리서치,결산실적공시예고,False,,,
214450,파마리서치,메디컬,v2,00970453,거래소공시,20251216,20251216900481,파마리서치,현금ㆍ현물배당을위한주주명부폐쇄(기준일)결정,False,,,
214450,파마리서치,메디컬,v2,00970453,거래소공시,20251216,20251216900475,파마리서치,주주명부폐쇄기간또는기준일설정,False,,,
214450,파마리서치,메디컬,v2,00970453,거래소공시,20251114,20251114901083,파마리서치,기업설명회(IR)개최,False,,,
214450,파마리서치,메디컬,v2,00970453,거래소공시,20251111,20251111900180,파마리서치,연결재무제표기준영업(잠정)실적(공정공시),False,잠정실적,2025.0,3.0
214450,파마리서치,메디컬,v2,00970453,거래소공시,20251024,20251024900102,파마리서치,결산실적공시예고,False,,,
214450,파마리서치,메디컬,v2,00970453,거래소공시,20250821,20250821900613,코스닥시장본부,불성실공시법인미지정              (지정유예),False,,,
214450,파마리서치,메디컬,v2,00970453,거래소공시,20250808,20250808900097,파마리서치,연결재무제표기준영업(잠정)실적(공정공시),False,잠정실적,2025.0,2.0
214450,파마리서치,메디컬,v2,00970453,거래소공시,20250801,20250801900499,파마리서치,결산실적공시예고,False,,,
214450,파마리서치,메디컬,v2,00970453,거래소공시,20250731,20250731900707,코스닥시장본부,불성실공시법인지정예고              (공시번복),False,,,
214450,파마리서치,메디컬,v2,00970453,거래소공시,20250708,20250708900228,파마리서치,[기재정정]기업설명회(IR)개최,True,,,
214450,파마리서치,메디컬,v2,00970453,거래소공시,20250708,20250708900076,파마리서치,기타주요경영사항              (회사분할결정 철회),False,,,
214450,파마리서치,메디컬,v2,00970453,거래소공시,20250627,20250627900334,파마리서치,기업설명회(IR)개최,False,,,
214450,파마리서치,메디컬,v2,00970453,거래소공시,20250627,20250627900320,파마리서치,지속가능경영보고서등관련사항(자율공시),False,,,
214450,파마리서치,메디컬,v2,00970453,거래소공시,20250620,20250620900091,파마리서치,기업설명회(IR)개최,False,,,
214450,파마리서치,메디컬,v2,00970453,거래소공시,20250618,20250618900651,파마리서치,기업설명회(IR)개최,False,,,
214450,파마리서치,메디컬,v2,00970453,거래소공시,20250616,20250616900182,파마리서치,기업설명회(IR)개최,False,,,
214450,파마리서치,메디컬,v2,00970453,거래소공시,20250613,20250613900097,파마리서치,주식소각결정,False,,,
214450,파마리서치,메디컬,v2,00970453,거래소공시,20250613,20250613900052,파마리서치,기업설명회(IR)개최,False,,,
214450,파마리서치,메디컬,v2,00970453,거래소공시,20250613,20250613900043,코스닥시장본부,주권매매거래정지              (분할),False,,,
214450,파마리서치,메디컬,v2,00970453,거래소공시,20250513,20250513900226,파마리서치,연결재무제표기준영업(잠정)실적(공정공시),False,잠정실적,2025.0,1.0
214450,파마리서치,메디컬,v2,00970453,거래소공시,20250415,20250415900793,파마리서치,[기재정정]타법인주식및출자증권취득결정,True,,,
214450,파마리서치,메디컬,v2,00970453,거래소공시,20250325,20250325900476,파마리서치,대표이사변경,False,,,
214450,파마리서치,메디컬,v2,00970453,거래소공시,20250325,20250325900465,파마리서치,정기주주총회결과,False,,,
214450,파마리서치,메디컬,v2,00970453,거래소공시,20250317,20250317900788,파마리서치,감사보고서제출,False,,,
214450,파마리서치,메디컬,v2,00970453,거래소공시,20250310,20250310900464,파마리서치,주주총회소집결의,False,,,
214450,파마리서치,메디컬,v2,00970453,거래소공시,20250310,20250310900418,파마리서치,현금ㆍ현물배당결정,False,,,
214450,파마리서치,메디컬,v2,00970453,거래소공시,20250210,20250210900912,파마리서치,매출액또는손익구조30%(대규모법인은15%)이상변동,False,잠정실적,2024.0,4.0
214450,파마리서치,메디컬,v2,00970453,거래소공시,20250115,20250115900492,파마리서치,[기재정정]단일판매ㆍ공급계약체결,True,,,
214450,파마리서치,메디컬,v2,00970453,거래소공시,20241216,20241216900246,파마리서치,주주명부폐쇄기간또는기준일설정,False,,,
214450,파마리서치,메디컬,v2,00970453,거래소공시,20241216,20241216900242,파마리서치,현금ㆍ현물배당을위한주주명부폐쇄(기준일)결정,False,,,
214450,파마리서치,메디컬,v2,00970453,거래소공시,20241129,20241129900227,파마리서치,기업설명회(IR)개최,False,,,
214450,파마리서치,메디컬,v2,00970453,거래소공시,20241113,20241113900112,파마리서치,연결재무제표기준영업(잠정)실적(공정공시),False,잠정실적,2024.0,3.0
214450,파마리서치,메디컬,v2,00970453,거래소공시,20241028,20241028900228,파마리서치,신주인수권부사채(해외신주인수권부사채포함)발행후만기전사채취득,False,,,
214450,파마리서치,메디컬,v2,00970453,거래소공시,20241028,20241028900226,파마리서치,전환사채(해외전환사채포함)발행후만기전사채취득,False,,,
214450,파마리서치,메디컬,v2,00970453,거래소공시,20241021,20241021900434,파마리서치,결산실적공시예고,False,,,
214450,파마리서치,메디컬,v2,00970453,거래소공시,20241008,20241008900148,파마리서치,증권발행결과(자율공시),False,,,
214450,파마리서치,메디컬,v2,00970453,거래소공시,20240807,20240807900256,파마리서치,연결재무제표기준영업(잠정)실적(공정공시),False,잠정실적,2024.0,2.0
214450,파마리서치,메디컬,v2,00970453,거래소공시,20240801,20240801900470,파마리서치,기업설명회(IR)개최,False,,,
214450,파마리서치,메디컬,v2,00970453,거래소공시,20240801,20240801900467,파마리서치,기업설명회(IR)개최,False,,,
214450,파마리서치,메디컬,v2,00970453,거래소공시,20240801,20240801900437,파마리서치,결산실적공시예고,False,,,
214450,파마리서치,메디컬,v2,00970453,거래소공시,20240510,20240510900321,파마리서치,연결재무제표기준영업(잠정)실적(공정공시),False,잠정실적,2024.0,1.0
214450,파마리서치,메디컬,v2,00970453,거래소공시,20240325,20240325900359,파마리서치,정기주주총회결과,False,,,
214450,파마리서치,메디컬,v2,00970453,거래소공시,20240315,20240315901015,파마리서치,감사보고서제출,False,,,
214450,파마리서치,메디컬,v2,00970453,거래소공시,20240308,20240308900287,파마리서치,주주총회소집결의,False,,,
214450,파마리서치,메디컬,v2,00970453,거래소공시,20240229,20240229900817,파마리서치,현금ㆍ현물배당결정,False,,,
214450,파마리서치,메디컬,v2,00970453,거래소공시,20240208,20240208901062,파마리서치,매출액또는손익구조30%(대규모법인은15%)이상변동,False,잠정실적,2023.0,4.0
214450,파마리서치,메디컬,v2,00970453,거래소공시,20231215,20231215900738,파마리서치,현금ㆍ현물배당을위한주주명부폐쇄(기준일)결정,False,,,
214450,파마리서치,메디컬,v2,00970453,거래소공시,20231215,20231215900734,파마리서치,주주명부폐쇄기간또는기준일설정,False,,,
214450,파마리서치,메디컬,v2,00970453,거래소공시,20230816,20230816900375,파마리서치,타법인주식및출자증권취득결정,False,,,
214450,파마리서치,메디컬,v2,00970453,거래소공시,20230816,20230816900370,파마리서치,[기재정정]타법인주식및출자증권취득결정,True,,,
214450,파마리서치,메디컬,v2,00970453,거래소공시,20230811,20230811901443,파마리서치,기업설명회(IR)개최,False,,,
214450,파마리서치,메디컬,v2,00970453,거래소공시,20230331,20230331903004,파마리서치,타법인주식및출자증권취득결정,False,,,
214450,파마리서치,메디컬,v2,00970453,거래소공시,20230330,20230330900794,파마리서치,정기주주총회결과,False,,,
214450,파마리서치,메디컬,v2,00970453,거래소공시,20230322,20230322901333,파마리서치,감사보고서제출,False,,,
214450,파마리서치,메디컬,v2,00970453,거래소공시,20230315,20230315900500,파마리서치,주주총회집중일개최사유신고,False,,,
214450,파마리서치,메디컬,v2,00970453,거래소공시,20230215,20230215900311,파마리서치,매출액또는손익구조30%(대규모법인은15%)미만변동(자율공시),False,잠정실적,2022.0,4.0
214450,파마리서치,메디컬,v2,00970453,거래소공시,20230213,20230213900645,파마리서치,주주총회소집결의,False,,,
214450,파마리서치,메디컬,v2,00970453,거래소공시,20230213,20230213900639,파마리서치,현금ㆍ현물배당결정,False,,,
214450,파마리서치,메디컬,v2,00970453,거래소공시,20221215,20221215900221,파마리서치,현금ㆍ현물배당을위한주주명부폐쇄(기준일)결정,False,,,
214450,파마리서치,메디컬,v2,00970453,거래소공시,20221215,20221215900218,파마리서치,주주명부폐쇄기간또는기준일설정,False,,,
