일자,지수종가,시장,지수수익률
2021-06-01,3221.87,KOSPI,
2021-06-02,3224.23,KOSPI,0.0007324938622601529
2021-06-03,3247.43,KOSPI,0.007195516448888606
2021-06-04,3240.08,KOSPI,-0.0022633282318633707
2021-06-07,3252.12,KOSPI,0.0037159576306757813
2021-06-08,3247.83,KOSPI,-0.0013191395151470608
2021-06-09,3216.18,KOSPI,-0.009744968178753255
2021-06-10,3224.64,KOSPI,0.0026304497882581046
2021-06-11,3249.32,KOSPI,0.00765356753001889
2021-06-14,3252.13,KOSPI,0.0008647963266159575
2021-06-15,3258.63,KOSPI,0.0019986900892645654
2021-06-16,3278.68,KOSPI,0.006152892473217264
2021-06-17,3264.96,KOSPI,-0.0041846108799882265
2021-06-18,3267.93,KOSPI,0.0009096589238457575
2021-06-21,3240.79,KOSPI,-0.008304951452448472
2021-06-22,3263.88,KOSPI,0.007124805988663274
2021-06-23,3276.19,KOSPI,0.0037715847396351254
2021-06-24,3286.1,KOSPI,0.003024855090821843
2021-06-25,3302.84,KOSPI,0.005094184595721529
2021-06-28,3301.89,KOSPI,-0.00028763125068131945
2021-06-29,3286.68,KOSPI,-0.004606452668017402
2021-06-30,3296.68,KOSPI,0.00304258400574442
2021-07-01,3282.06,KOSPI,-0.004434764672336944
2021-07-02,3281.78,KOSPI,-8.531227338914871e-05
2021-07-05,3293.21,KOSPI,0.0034828660056431815
2021-07-06,3305.21,KOSPI,0.003643861156743755
2021-07-07,3285.34,KOSPI,-0.006011720889141703
2021-07-08,3252.68,KOSPI,-0.009941132424650223
2021-07-09,3217.95,KOSPI,-0.01067734913978624
2021-07-12,3246.47,KOSPI,0.008862785313631383
2021-07-13,3271.38,KOSPI,0.0076729493881046995
2021-07-14,3264.81,KOSPI,-0.0020083267611834543
2021-07-15,3286.22,KOSPI,0.006557808877086124
2021-07-16,3276.91,KOSPI,-0.0028330422187193838
2021-07-19,3244.04,KOSPI,-0.010030791202687905
2021-07-20,3232.7,KOSPI,-0.0034956412374693713
2021-07-21,3215.91,KOSPI,-0.005193800847588692
2021-07-22,3250.21,KOSPI,0.010665721366580616
2021-07-23,3254.42,KOSPI,0.001295300919017528
2021-07-26,3224.95,KOSPI,-0.00905537699497927
2021-07-27,3232.53,KOSPI,0.0023504240375820107
2021-07-28,3236.86,KOSPI,0.0013395080633435974
2021-07-29,3242.65,KOSPI,0.0017887705986665559
2021-07-30,3202.32,KOSPI,-0.012437358333461823
2021-08-02,3223.04,KOSPI,0.0064703090259561336
2021-08-03,3237.14,KOSPI,0.004374751787132647
2021-08-04,3280.38,KOSPI,0.013357469865375116
2021-08-05,3276.13,KOSPI,-0.001295581609447649
2021-08-06,3270.36,KOSPI,-0.0017612243714382192
2021-08-09,3260.42,KOSPI,-0.003039420736555054
2021-08-10,3243.19,KOSPI,-0.005284595236196621
2021-08-11,3220.62,KOSPI,-0.006959197580160281
2021-08-12,3208.38,KOSPI,-0.00380051046071872
2021-08-13,3171.29,KOSPI,-0.011560351329954699
2021-08-17,3143.09,KOSPI,-0.008892280428469124
2021-08-18,3158.93,KOSPI,0.005039626609482983
2021-08-19,3097.83,KOSPI,-0.019341992383496875
2021-08-20,3060.51,KOSPI,-0.012047142677293343
2021-08-23,3090.21,KOSPI,0.009704264975445298
2021-08-24,3138.3,KOSPI,0.015562049181123694
2021-08-25,3146.81,KOSPI,0.0027116591785361077
2021-08-26,3128.53,KOSPI,-0.00580905742640947
2021-08-27,3133.9,KOSPI,0.0017164610855577855
2021-08-30,3144.19,KOSPI,0.0032834487379942434
2021-08-31,3199.27,KOSPI,0.01751802531017521
2021-09-01,3207.02,KOSPI,0.0024224276163000713
2021-09-02,3175.85,KOSPI,-0.009719303278432956
2021-09-03,3201.06,KOSPI,0.007938032337799328
2021-09-06,3203.33,KOSPI,0.0007091400973426865
2021-09-07,3187.42,KOSPI,-0.004966706521026487
2021-09-08,3162.99,KOSPI,-0.007664506089564704
2021-09-09,3114.7,KOSPI,-0.015267199706606727
2021-09-10,3125.76,KOSPI,0.003550903778855252
2021-09-13,3127.86,KOSPI,0.0006718366093365624
2021-09-14,3148.83,KOSPI,0.0067042642573516
2021-09-15,3153.4,KOSPI,0.0014513327172316348
2021-09-16,3130.09,KOSPI,-0.007392021310331676
2021-09-17,3140.51,KOSPI,0.003328977761022811
2021-09-23,3127.58,KOSPI,-0.004117165683280799
2021-09-24,3125.24,KOSPI,-0.0007481823006926236
2021-09-27,3133.64,KOSPI,0.0026877935774531903
2021-09-28,3097.92,KOSPI,-0.011398884364508977
2021-09-29,3060.27,KOSPI,-0.01215331577316392
2021-09-30,3068.82,KOSPI,0.0027938711290180773
2021-10-01,3019.18,KOSPI,-0.016175598438487815
2021-10-05,2962.17,KOSPI,-0.018882610510138398
2021-10-06,2908.31,KOSPI,-0.018182616122639828
2021-10-07,2959.46,KOSPI,0.017587533653565135
2021-10-08,2956.3,KOSPI,-0.0010677623620525267
2021-10-12,2916.38,KOSPI,-0.013503365693603553
2021-10-13,2944.41,KOSPI,0.009611230360926815
2021-10-14,2988.64,KOSPI,0.015021685159335885
2021-10-15,3015.06,KOSPI,0.008840141335189289
2021-10-18,3006.68,KOSPI,-0.0027793808415089716
2021-10-19,3029.04,KOSPI,0.007436774116301059
2021-10-20,3013.13,KOSPI,-0.005252489237514202
2021-10-21,3007.33,KOSPI,-0.0019249086498094314
2021-10-22,3006.16,KOSPI,-0.0003890494225775587
2021-10-25,3020.54,KOSPI,0.004783511190355805
2021-10-26,3049.08,KOSPI,0.009448641633615251
2021-10-27,3025.49,KOSPI,-0.0077367599407034415
2021-10-28,3009.55,KOSPI,-0.005268568066660095
2021-10-29,2970.68,KOSPI,-0.012915552158960786
2021-11-01,2978.94,KOSPI,0.0027805081664804554
2021-11-02,3013.49,KOSPI,0.011598085224945764
2021-11-03,2975.71,KOSPI,-0.01253695880855743
2021-11-04,2983.22,KOSPI,0.002523767437014879
2021-11-05,2969.27,KOSPI,-0.004676155295284867
2021-11-08,2960.2,KOSPI,-0.0030546228534287234
2021-11-09,2962.46,KOSPI,0.0007634619282481658
2021-11-10,2930.17,KOSPI,-0.01089972522835747
2021-11-11,2924.92,KOSPI,-0.001791704918144732
2021-11-12,2968.8,KOSPI,0.015002119716094775
2021-11-15,2999.52,KOSPI,0.010347615198059712
2021-11-16,2997.21,KOSPI,-0.0007701232197151464
2021-11-17,2962.42,KOSPI,-0.011607461605960157
2021-11-18,2947.38,KOSPI,-0.0050769303474861305
2021-11-19,2971.02,KOSPI,0.008020682775889076
2021-11-22,3013.25,KOSPI,0.014213973652146494
2021-11-23,2997.33,KOSPI,-0.005283331950551751
2021-11-24,2994.29,KOSPI,-0.0010142360033763564
2021-11-25,2980.27,KOSPI,-0.004682245206710123
2021-11-26,2936.44,KOSPI,-0.01470672120311245
2021-11-29,2909.32,KOSPI,-0.009235673128005328
2021-11-30,2839.01,KOSPI,-0.024167159336202282
2021-12-01,2899.72,KOSPI,0.021384214919989653
2021-12-02,2945.27,KOSPI,0.015708413226104723
2021-12-03,2968.33,KOSPI,0.007829502897866769
2021-12-06,2973.25,KOSPI,0.001657497650193962
2021-12-07,2991.72,KOSPI,0.006212057512822611
2021-12-08,3001.8,KOSPI,0.0033692992659741794
2021-12-09,3029.57,KOSPI,0.009251115997068515
2021-12-10,3010.23,KOSPI,-0.006383744227728694
2021-12-13,3001.66,KOSPI,-0.002846958538051947
2021-12-14,2987.95,KOSPI,-0.0045674726651253605
2021-12-15,2989.39,KOSPI,0.00048193577536448373
2021-12-16,3006.41,KOSPI,0.005693469236198734
2021-12-17,3017.73,KOSPI,0.003765288167615344
2021-12-20,2963.0,KOSPI,-0.018136148694548604
2021-12-21,2975.03,KOSPI,0.004060074249071954
2021-12-22,2984.48,KOSPI,0.0031764385569219566
2021-12-23,2998.17,KOSPI,0.004587063743097586
2021-12-24,3012.43,KOSPI,0.004756234636461576
2021-12-27,2999.55,KOSPI,-0.0042756180226593
2021-12-28,3020.24,KOSPI,0.006897701321864735
2021-12-29,2993.29,KOSPI,-0.008923131936534823
2021-12-30,2977.65,KOSPI,-0.005225019961313415
2022-01-03,2988.77,KOSPI,0.0037344886067871563
2022-01-04,2989.24,KOSPI,0.00015725532576937873
2022-01-05,2953.97,KOSPI,-0.011798985695360642
2022-01-06,2920.53,KOSPI,-0.011320358703710509
2022-01-07,2954.89,KOSPI,0.011764987861792031
2022-01-10,2926.72,KOSPI,-0.009533349803207636
2022-01-11,2927.38,KOSPI,0.00022550841898105745
2022-01-12,2972.48,KOSPI,0.015406267720623923
2022-01-13,2962.09,KOSPI,-0.0034953977823231064
2022-01-14,2921.92,KOSPI,-0.01356137051878914
2022-01-17,2890.1,KOSPI,-0.010890099660497254
2022-01-18,2864.24,KOSPI,-0.008947787273796748
2022-01-19,2842.28,KOSPI,-0.007666955283076704
2022-01-20,2862.68,KOSPI,0.007177336504496257
2022-01-21,2834.29,KOSPI,-0.00991728031075767
2022-01-24,2792.0,KOSPI,-0.014920844373723208
2022-01-25,2720.39,KOSPI,-0.02564828080229231
2022-01-26,2709.24,KOSPI,-0.004098677027926212
2022-01-27,2614.49,KOSPI,-0.034972907531263364
2022-01-28,2663.34,KOSPI,0.01868433231720168
2022-02-03,2707.82,KOSPI,0.016700834290777733
2022-02-04,2750.26,KOSPI,0.015673124506060176
2022-02-07,2745.06,KOSPI,-0.001890730330950663
2022-02-08,2746.47,KOSPI,0.0005136499748639167
2022-02-09,2768.85,KOSPI,0.008148641710996385
2022-02-10,2771.93,KOSPI,0.0011123751738086884
2022-02-11,2747.71,KOSPI,-0.008737594383696479
2022-02-14,2704.48,KOSPI,-0.015733101382605863
2022-02-15,2676.54,KOSPI,-0.010331006330237202
2022-02-16,2729.68,KOSPI,0.019853990599804083
2022-02-17,2744.09,KOSPI,0.005279007063099028
2022-02-18,2744.52,KOSPI,0.00015670039976822814
2022-02-21,2743.8,KOSPI,-0.00026234095579547034
2022-02-22,2706.79,KOSPI,-0.013488592463007598
2022-02-23,2719.53,KOSPI,0.0047066820846835
2022-02-24,2648.8,KOSPI,-0.026008170529466468
2022-02-25,2676.76,KOSPI,0.010555723346421075
2022-02-28,2699.18,KOSPI,0.008375797606060997
2022-03-02,2703.52,KOSPI,0.0016078957312961606
2022-03-03,2747.08,KOSPI,0.016112327632124
2022-03-04,2713.43,KOSPI,-0.012249370240400737
2022-03-07,2651.31,KOSPI,-0.02289353327706989
2022-03-08,2622.4,KOSPI,-0.01090404366143527
2022-03-10,2680.32,KOSPI,0.02208663819402079
2022-03-11,2661.28,KOSPI,-0.007103629417382962
2022-03-14,2645.65,KOSPI,-0.005873113689653153
2022-03-15,2621.53,KOSPI,-0.009116852191332847
2022-03-16,2659.23,KOSPI,0.014380914961873437
2022-03-17,2694.51,KOSPI,0.013266998341625369
2022-03-18,2707.02,KOSPI,0.004642773639734088
2022-03-21,2686.05,KOSPI,-0.007746525699847018
2022-03-22,2710.0,KOSPI,0.008916438636659807
2022-03-23,2735.05,KOSPI,0.009243542435424468
2022-03-24,2729.66,KOSPI,-0.0019707135152923216
2022-03-25,2729.98,KOSPI,0.00011723071737868018
2022-03-28,2729.56,KOSPI,-0.00015384728093248423
2022-03-29,2741.07,KOSPI,0.004216796846378212
2022-03-30,2746.74,KOSPI,0.002068535280018269
2022-03-31,2757.65,KOSPI,0.00397198133059562
2022-04-01,2739.85,KOSPI,-0.006454771272641602
2022-04-04,2757.9,KOSPI,0.006587951895176802
2022-04-05,2759.2,KOSPI,0.0004713731462342441
2022-04-06,2735.03,KOSPI,-0.0087597854450564
2022-04-07,2695.86,KOSPI,-0.014321597934940367
2022-04-08,2700.39,KOSPI,0.0016803543210699434
2022-04-11,2693.1,KOSPI,-0.00269961005632513
2022-04-12,2666.76,KOSPI,-0.009780550295198753
2022-04-13,2716.49,KOSPI,0.01864809731659367
2022-04-14,2716.71,KOSPI,8.098686172242076e-05
2022-04-15,2696.06,KOSPI,-0.00760110574923345
2022-04-18,2693.21,KOSPI,-0.001057098135798129
2022-04-19,2718.89,KOSPI,0.00953509009694753
2022-04-20,2718.69,KOSPI,-7.35594305028009e-05
2022-04-21,2728.21,KOSPI,0.0035016864740002873
2022-04-22,2704.71,KOSPI,-0.00861370642289272
2022-04-25,2657.13,KOSPI,-0.01759153476712838
2022-04-26,2668.31,KOSPI,0.004207547240819842
2022-04-27,2639.06,KOSPI,-0.010961994670784181
2022-04-28,2667.49,KOSPI,0.010772775154789915
2022-04-29,2695.05,KOSPI,0.010331810053646029
2022-05-02,2687.45,KOSPI,-0.0028199847869243566
2022-05-03,2680.46,KOSPI,-0.002600978622858019
2022-05-04,2677.57,KOSPI,-0.0010781731493847424
2022-05-06,2644.51,KOSPI,-0.012347016137766675
2022-05-09,2610.81,KOSPI,-0.01274338157163346
2022-05-10,2596.56,KOSPI,-0.0054580762292162355
2022-05-11,2592.27,KOSPI,-0.0016521859691284169
2022-05-12,2550.08,KOSPI,-0.01627531082796163
2022-05-13,2604.24,KOSPI,0.021238549378842952
2022-05-16,2596.58,KOSPI,-0.0029413571713819975
2022-05-17,2620.44,KOSPI,0.009189010159517563
2022-05-18,2625.98,KOSPI,0.002114148768908919
2022-05-19,2592.34,KOSPI,-0.012810455525175346
2022-05-20,2639.29,KOSPI,0.018111050248038385
2022-05-23,2647.38,KOSPI,0.0030652182973451847
2022-05-24,2605.87,KOSPI,-0.015679653090980628
2022-05-25,2617.22,KOSPI,0.004355551121122625
2022-05-26,2612.45,KOSPI,-0.0018225445319842715
2022-05-27,2638.05,KOSPI,0.009799230607284493
2022-05-30,2669.66,KOSPI,0.011982335437159986
2022-05-31,2685.9,KOSPI,0.006083171639834406
2022-06-02,2658.99,KOSPI,-0.01001898804869883
2022-06-03,2670.65,KOSPI,0.004385123674778946
2022-06-07,2626.34,KOSPI,-0.016591466496920226
2022-06-08,2626.15,KOSPI,-7.234402248001981e-05
2022-06-09,2625.44,KOSPI,-0.000270357748034189
2022-06-10,2595.87,KOSPI,-0.011262874032543224
2022-06-13,2504.51,KOSPI,-0.035194366435915336
2022-06-14,2492.97,KOSPI,-0.004607687731332799
2022-06-15,2447.38,KOSPI,-0.018287424236954175
2022-06-16,2451.41,KOSPI,0.0016466588760224443
2022-06-17,2440.93,KOSPI,-0.004275090662108738
2022-06-20,2391.03,KOSPI,-0.020443027862330987
2022-06-21,2408.93,KOSPI,0.007486313429776903
2022-06-22,2342.81,KOSPI,-0.027447871046481165
2022-06-23,2314.32,KOSPI,-0.012160610548870743
2022-06-24,2366.6,KOSPI,0.02258978879325224
2022-06-27,2401.92,KOSPI,0.014924364066593476
2022-06-28,2422.09,KOSPI,0.008397448707700539
2022-06-29,2377.99,KOSPI,-0.01820741590940067
2022-06-30,2332.64,KOSPI,-0.01907072779952812
2022-07-01,2305.42,KOSPI,-0.011669181699704989
2022-07-04,2300.34,KOSPI,-0.00220350304933592
2022-07-05,2341.78,KOSPI,0.018014728257562007
2022-07-06,2292.01,KOSPI,-0.02125306390865067
2022-07-07,2334.27,KOSPI,0.018437964930344775
2022-07-08,2350.61,KOSPI,0.007000047123940201
2022-07-11,2340.27,KOSPI,-0.004398858168730757
2022-07-12,2317.76,KOSPI,-0.009618548287163353
2022-07-13,2328.61,KOSPI,0.004681243959685277
2022-07-14,2322.32,KOSPI,-0.0027011822503553162
2022-07-15,2330.98,KOSPI,0.003729029591098554
2022-07-18,2375.25,KOSPI,0.01899201194347433
2022-07-19,2370.97,KOSPI,-0.0018019155878329363
2022-07-20,2386.85,KOSPI,0.006697680696086561
2022-07-21,2409.16,KOSPI,0.009347047363680083
2022-07-22,2393.14,KOSPI,-0.006649620614654017
2022-07-25,2403.69,KOSPI,0.004408434107490589
2022-07-26,2412.96,KOSPI,0.003856570522821068
2022-07-27,2415.53,KOSPI,0.0010650818911213111
2022-07-28,2435.27,KOSPI,0.008172119576241865
2022-07-29,2451.5,KOSPI,0.006664558755292038
2022-08-01,2452.25,KOSPI,0.00030593514175003556
2022-08-02,2439.62,KOSPI,-0.0051503721072484465
2022-08-03,2461.45,KOSPI,0.008948114870348522
2022-08-04,2473.11,KOSPI,0.004737045237563242
2022-08-05,2490.8,KOSPI,0.007152936990267422
2022-08-08,2493.1,KOSPI,0.0009233981050262852
2022-08-09,2503.46,KOSPI,0.004155469094701436
2022-08-10,2480.88,KOSPI,-0.009019516988487908
2022-08-11,2523.78,KOSPI,0.017292251136693526
2022-08-12,2527.94,KOSPI,0.0016483211690401234
2022-08-16,2533.52,KOSPI,0.002207330870194646
2022-08-17,2516.47,KOSPI,-0.006729767280305721
2022-08-18,2508.05,KOSPI,-0.003345956836361852
2022-08-19,2492.69,KOSPI,-0.006124279818982892
2022-08-22,2462.5,KOSPI,-0.012111413773874813
2022-08-23,2435.34,KOSPI,-0.011029441624365477
2022-08-24,2447.45,KOSPI,0.004972611627123813
2022-08-25,2477.26,KOSPI,0.012180024106723586
2022-08-26,2481.03,KOSPI,0.0015218426810266195
2022-08-29,2426.89,KOSPI,-0.021821582165471698
2022-08-30,2450.93,KOSPI,0.00990568175731088
2022-08-31,2472.05,KOSPI,0.008617137168340339
2022-09-01,2415.61,KOSPI,-0.02283125341315917
2022-09-02,2409.41,KOSPI,-0.002566639482366906
2022-09-05,2403.68,KOSPI,-0.0023781755699527896
2022-09-06,2410.02,KOSPI,0.0026376223124542353
2022-09-07,2376.46,KOSPI,-0.013925195641529942
2022-09-08,2384.28,KOSPI,0.003290608720533994
2022-09-13,2449.54,KOSPI,0.02737094636535975
2022-09-14,2411.42,KOSPI,-0.015562105538182602
2022-09-15,2401.83,KOSPI,-0.0039769098705327854
2022-09-16,2382.78,KOSPI,-0.0079314522676458
2022-09-19,2355.66,KOSPI,-0.011381663435147349
2022-09-20,2367.85,KOSPI,0.005174770552626384
2022-09-21,2347.21,KOSPI,-0.008716768376375139
2022-09-22,2332.31,KOSPI,-0.006347962048559808
2022-09-23,2290.0,KOSPI,-0.018140813185211213
2022-09-26,2220.94,KOSPI,-0.030157205240174623
2022-09-27,2223.86,KOSPI,0.0013147586157213897
2022-09-28,2169.29,KOSPI,-0.02453841518800648
2022-09-29,2170.93,KOSPI,0.0007560077260300169
2022-09-30,2155.49,KOSPI,-0.007112159304998311
2022-10-04,2209.38,KOSPI,0.025001275811996404
2022-10-05,2215.22,KOSPI,0.002643275489051078
2022-10-06,2237.86,KOSPI,0.010220203862370436
2022-10-07,2232.84,KOSPI,-0.002243214499566548
2022-10-11,2192.07,KOSPI,-0.018259257268769757
2022-10-12,2202.47,KOSPI,0.004744374039149957
2022-10-13,2162.87,KOSPI,-0.017979813572943093
2022-10-14,2212.55,KOSPI,0.022969480366365147
2022-10-17,2219.71,KOSPI,0.0032360850602246582
2022-10-18,2249.95,KOSPI,0.01362340125511885
2022-10-19,2237.44,KOSPI,-0.0055601235583011555
2022-10-20,2218.09,KOSPI,-0.008648276601830651
2022-10-21,2213.12,KOSPI,-0.00224066651939292
2022-10-24,2236.16,KOSPI,0.010410641989589298
2022-10-25,2235.07,KOSPI,-0.00048744275901535516
2022-10-26,2249.56,KOSPI,0.006483018428952825
2022-10-27,2288.78,KOSPI,0.017434520528458952
2022-10-28,2268.4,KOSPI,-0.008904307098104747
2022-10-31,2293.61,KOSPI,0.011113560218656282
2022-11-01,2335.22,KOSPI,0.018141706741773733
2022-11-02,2336.87,KOSPI,0.0007065715435805586
2022-11-03,2329.17,KOSPI,-0.0032950057127695276
2022-11-04,2348.43,KOSPI,0.008269040044307507
2022-11-07,2371.79,KOSPI,0.00994707102191672
2022-11-08,2399.04,KOSPI,0.011489212788653225
2022-11-09,2424.41,KOSPI,0.01057506335867675
2022-11-10,2402.23,KOSPI,-0.009148617601808184
2022-11-11,2483.16,KOSPI,0.03368953014490694
2022-11-14,2474.65,KOSPI,-0.0034270848435057344
2022-11-15,2480.33,KOSPI,0.0022952740791626347
2022-11-16,2477.45,KOSPI,-0.0011611358166050412
2022-11-17,2442.9,KOSPI,-0.013945791035136823
2022-11-18,2444.48,KOSPI,0.0006467722788487951
2022-11-21,2419.5,KOSPI,-0.010218942269930587
2022-11-22,2405.27,KOSPI,-0.005881380450506346
2022-11-23,2418.01,KOSPI,0.005296702657082264
2022-11-24,2441.33,KOSPI,0.009644294275044318
2022-11-25,2437.86,KOSPI,-0.0014213563918027416
2022-11-28,2408.27,KOSPI,-0.01213769453537128
2022-11-29,2433.39,KOSPI,0.01043072412976942
2022-11-30,2472.53,KOSPI,0.01608455693497568
2022-12-01,2479.84,KOSPI,0.0029564858667032734
2022-12-02,2434.33,KOSPI,-0.01835199045099689
2022-12-05,2419.32,KOSPI,-0.0061659676379125505
2022-12-06,2393.16,KOSPI,-0.010812955706562266
2022-12-07,2382.81,KOSPI,-0.004324825753397099
2022-12-08,2371.08,KOSPI,-0.004922759263222831
2022-12-09,2389.04,KOSPI,0.007574607351924056
2022-12-12,2373.02,KOSPI,-0.006705622342028539
2022-12-13,2372.4,KOSPI,-0.00026127044862656046
2022-12-14,2399.25,KOSPI,0.011317653009610407
2022-12-15,2360.97,KOSPI,-0.015954985933104182
2022-12-16,2360.02,KOSPI,-0.00040237698911882447
2022-12-19,2352.17,KOSPI,-0.0033262429979407093
2022-12-20,2333.29,KOSPI,-0.008026630728221185
2022-12-21,2328.95,KOSPI,-0.001860034543498701
2022-12-22,2356.73,KOSPI,0.011928122115116402
2022-12-23,2313.69,KOSPI,-0.01826259266016894
2022-12-26,2317.14,KOSPI,0.0014911245672495355
2022-12-27,2332.79,KOSPI,0.006754015726283313
2022-12-28,2280.45,KOSPI,-0.022436653106366222
2022-12-29,2236.4,KOSPI,-0.0193163629985309
2023-01-02,2225.67,KOSPI,-0.00479788946521198
2023-01-03,2218.68,KOSPI,-0.0031406273167182697
2023-01-04,2255.98,KOSPI,0.016811798006021617
2023-01-05,2264.65,KOSPI,0.0038431191765884165
2023-01-06,2289.97,KOSPI,0.011180535623606103
2023-01-09,2350.19,KOSPI,0.02629728773739415
2023-01-10,2351.31,KOSPI,0.00047655721452311006
2023-01-11,2359.53,KOSPI,0.0034959235490004126
2023-01-12,2365.1,KOSPI,0.00236063961890709
2023-01-13,2386.09,KOSPI,0.008874889011035503
2023-01-16,2399.86,KOSPI,0.005770947449593278
2023-01-17,2379.39,KOSPI,-0.00852966423041357
2023-01-18,2368.32,KOSPI,-0.004652452939618801
2023-01-19,2380.34,KOSPI,0.0050753276584245555
2023-01-20,2395.26,KOSPI,0.006268012132720546
2023-01-25,2428.57,KOSPI,0.013906632265390684
2023-01-26,2468.65,KOSPI,0.016503539119728794
2023-01-27,2484.02,KOSPI,0.006226074980252294
2023-01-30,2450.47,KOSPI,-0.01350633247719435
2023-01-31,2425.08,KOSPI,-0.010361277632454091
2023-02-01,2449.8,KOSPI,0.010193478153298186
2023-02-02,2468.88,KOSPI,0.007788390889052144
2023-02-03,2480.4,KOSPI,0.004666083406240862
2023-02-06,2438.19,KOSPI,-0.017017416545718422
2023-02-07,2451.71,KOSPI,0.005545096977676023
2023-02-08,2483.64,KOSPI,0.013023563145722727
2023-02-09,2481.52,KOSPI,-0.0008535858659064477
2023-02-10,2469.73,KOSPI,-0.004751120281118015
2023-02-13,2452.7,KOSPI,-0.006895490600187126
2023-02-14,2465.64,KOSPI,0.0052758184857504276
2023-02-15,2427.9,KOSPI,-0.015306370759721522
2023-02-16,2475.48,KOSPI,0.019597182750525022
2023-02-17,2451.21,KOSPI,-0.009804159193368522
2023-02-20,2455.12,KOSPI,0.0015951305681682904
2023-02-21,2458.96,KOSPI,0.0015640783342565356
2023-02-22,2417.68,KOSPI,-0.016787584995282656
2023-02-23,2439.09,KOSPI,0.00885559710135353
2023-02-24,2423.61,KOSPI,-0.006346629275672533
2023-02-27,2402.64,KOSPI,-0.008652382190203922
2023-02-28,2412.85,KOSPI,0.004249492225218976
2023-03-02,2427.85,KOSPI,0.006216714673518808
2023-03-03,2432.07,KOSPI,0.00173816339559707
2023-03-06,2462.62,KOSPI,0.01256131608054023
2023-03-07,2463.35,KOSPI,0.0002964322550780274
2023-03-08,2431.91,KOSPI,-0.012763107150831177
2023-03-09,2419.09,KOSPI,-0.005271576661965205
2023-03-10,2394.59,KOSPI,-0.01012777532047171
2023-03-13,2410.6,KOSPI,0.006685904476340321
2023-03-14,2348.97,KOSPI,-0.025566249066622415
2023-03-15,2379.72,KOSPI,0.013090844072082719
2023-03-16,2377.91,KOSPI,-0.0007605936832904003
2023-03-17,2395.69,KOSPI,0.007477154307774514
2023-03-20,2379.2,KOSPI,-0.006883194403282666
2023-03-21,2388.35,KOSPI,0.003845830531270966
2023-03-22,2416.96,KOSPI,0.011978981305085235
2023-03-23,2424.48,KOSPI,0.0031113464848404604
2023-03-24,2414.96,KOSPI,-0.003926615191711225
2023-03-27,2409.22,KOSPI,-0.0023768509623348644
2023-03-28,2434.94,KOSPI,0.010675654361162579
2023-03-29,2443.92,KOSPI,0.0036879758844161614
2023-03-30,2453.16,KOSPI,0.0037808111558479407
2023-03-31,2476.86,KOSPI,0.009661008658220505
2023-04-03,2472.34,KOSPI,-0.0018248911928813172
2023-04-04,2480.51,KOSPI,0.0033045616703204495
2023-04-05,2495.21,KOSPI,0.005926200660347991
2023-04-06,2459.23,KOSPI,-0.014419628007261931
2023-04-07,2490.41,KOSPI,0.012678765304587225
2023-04-10,2512.08,KOSPI,0.008701378487879552
2023-04-11,2547.86,KOSPI,0.01424317696888644
2023-04-12,2550.64,KOSPI,0.0010911117565328698
2023-04-13,2561.66,KOSPI,0.0043204842706143776
2023-04-14,2571.49,KOSPI,0.0038373554648156727
2023-04-17,2575.91,KOSPI,0.0017188478275240726
2023-04-18,2571.09,KOSPI,-0.0018711833876182693
2023-04-19,2575.08,KOSPI,0.0015518709963477928
2023-04-20,2563.11,KOSPI,-0.004648399273032178
2023-04-21,2544.4,KOSPI,-0.007299725723827755
2023-04-24,2523.5,KOSPI,-0.008214117277157706
2023-04-25,2489.02,KOSPI,-0.013663562512383653
2023-04-26,2484.83,KOSPI,-0.001683393464094296
2023-04-27,2495.81,KOSPI,0.004418813359465146
2023-04-28,2501.53,KOSPI,0.00229184112572689
2023-05-02,2524.39,KOSPI,0.009138407294735584
2023-05-03,2501.4,KOSPI,-0.009107150638371975
2023-05-04,2500.94,KOSPI,-0.00018389701767007605
2023-05-08,2513.21,KOSPI,0.004906155285612668
2023-05-09,2510.06,KOSPI,-0.0012533771551124229
2023-05-10,2496.51,KOSPI,-0.005398277332015811
2023-05-11,2491.0,KOSPI,-0.002207081085195073
2023-05-12,2475.42,KOSPI,-0.006254516258530685
2023-05-15,2479.35,KOSPI,0.001587609375378607
2023-05-16,2480.24,KOSPI,0.00035896505132382295
2023-05-17,2494.66,KOSPI,0.005813953488372103
2023-05-18,2515.4,KOSPI,0.008313758187488585
2023-05-19,2537.79,KOSPI,0.008901168800190762
2023-05-22,2557.08,KOSPI,0.007601101746007366
2023-05-23,2567.55,KOSPI,0.0040945140550940895
2023-05-24,2567.45,KOSPI,-3.894763490497333e-05
2023-05-25,2554.69,KOSPI,-0.004969911780170921
2023-05-26,2558.81,KOSPI,0.0016127201343412167
2023-05-30,2585.52,KOSPI,0.010438445996381107
2023-05-31,2577.12,KOSPI,-0.0032488628979857603
2023-06-01,2569.17,KOSPI,-0.0030848388899236134
2023-06-02,2601.36,KOSPI,0.012529338268779444
2023-06-05,2615.41,KOSPI,0.005401021004397544
2023-06-07,2615.6,KOSPI,7.26463537266131e-05
2023-06-08,2610.85,KOSPI,-0.0018160269154304798
2023-06-09,2641.16,KOSPI,0.011609246030986009
2023-06-12,2629.35,KOSPI,-0.004471520089657566
2023-06-13,2637.95,KOSPI,0.0032707703424801338
2023-06-14,2619.08,KOSPI,-0.007153281904509146
2023-06-15,2608.54,KOSPI,-0.004024313881210162
2023-06-16,2625.79,KOSPI,0.006612894569375971
2023-06-19,2609.5,KOSPI,-0.006203847223121395
2023-06-20,2604.91,KOSPI,-0.0017589576547232255
2023-06-21,2582.63,KOSPI,-0.008553078609241704
2023-06-22,2593.7,KOSPI,0.004286328277763207
2023-06-23,2570.1,KOSPI,-0.009098970582565369
2023-06-26,2582.2,KOSPI,0.004707988016030562
2023-06-27,2581.39,KOSPI,-0.0003136860041824674
2023-06-28,2564.19,KOSPI,-0.006663076869438456
2023-06-29,2550.02,KOSPI,-0.005526111559595814
2023-06-30,2564.28,KOSPI,0.005592113003035415
2023-07-03,2602.47,KOSPI,0.014893069399597447
2023-07-04,2593.31,KOSPI,-0.003519733176559181
2023-07-05,2579.0,KOSPI,-0.0055180445068271355
2023-07-06,2556.29,KOSPI,-0.008805738658394735
2023-07-07,2526.71,KOSPI,-0.011571457072554359
2023-07-10,2520.7,KOSPI,-0.0023785871746263565
2023-07-11,2562.49,KOSPI,0.01657872813107475
2023-07-12,2574.72,KOSPI,0.004772701552006042
2023-07-13,2591.23,KOSPI,0.006412347750434977
2023-07-14,2628.3,KOSPI,0.014305947368624228
2023-07-17,2619.0,KOSPI,-0.0035384088574363926
2023-07-18,2607.62,KOSPI,-0.004345169912180258
2023-07-19,2608.24,KOSPI,0.00023776470498004798
2023-07-20,2600.23,KOSPI,-0.0030710364076924623
2023-07-21,2609.76,KOSPI,0.003665060398503339
2023-07-24,2628.53,KOSPI,0.007192232235914364
2023-07-25,2636.46,KOSPI,0.0030168953749813987
2023-07-26,2592.36,KOSPI,-0.016726974807127704
2023-07-27,2603.81,KOSPI,0.0044168248237126395
2023-07-28,2608.32,KOSPI,0.0017320772252968908
2023-07-31,2632.58,KOSPI,0.009301006011532165
2023-08-01,2667.07,KOSPI,0.013101216297320528
2023-08-02,2616.47,KOSPI,-0.018972130465267245
2023-08-03,2605.39,KOSPI,-0.004234713182264649
2023-08-04,2602.8,KOSPI,-0.0009940930148651939
2023-08-07,2580.71,KOSPI,-0.00848701398493934
2023-08-08,2573.98,KOSPI,-0.0026078094787868045
2023-08-09,2605.12,KOSPI,0.012097996099425634
2023-08-10,2601.56,KOSPI,-0.0013665397371329657
2023-08-11,2591.26,KOSPI,-0.003959162963760088
2023-08-14,2570.87,KOSPI,-0.007868758827751843
2023-08-16,2525.64,KOSPI,-0.01759326609280132
2023-08-17,2519.85,KOSPI,-0.002292488240604351
2023-08-18,2504.5,KOSPI,-0.006091632438438799
2023-08-21,2508.8,KOSPI,0.001716909562787139
2023-08-22,2515.74,KOSPI,0.0027662627551019447
2023-08-23,2505.5,KOSPI,-0.00407037293201995
2023-08-24,2537.68,KOSPI,0.012843743763719662
2023-08-25,2519.14,KOSPI,-0.007305885690867209
2023-08-28,2543.41,KOSPI,0.009634240256595428
2023-08-29,2552.16,KOSPI,0.003440263268603916
2023-08-30,2561.22,KOSPI,0.0035499341734059886
2023-08-31,2556.27,KOSPI,-0.0019326727106612207
2023-09-01,2563.71,KOSPI,0.002910490675867683
2023-09-04,2584.55,KOSPI,0.008128844526096968
2023-09-05,2582.18,KOSPI,-0.0009169874833144798
2023-09-06,2563.34,KOSPI,-0.007296160608478042
2023-09-07,2548.26,KOSPI,-0.005882949589207764
2023-09-08,2547.68,KOSPI,-0.00022760628821250073
2023-09-11,2556.88,KOSPI,0.0036111285561766238
2023-09-12,2536.58,KOSPI,-0.00793936359938685
2023-09-13,2534.7,KOSPI,-0.0007411554139826748
2023-09-14,2572.89,KOSPI,0.01506687181915023
2023-09-15,2601.28,KOSPI,0.011034284403919514
2023-09-18,2574.72,KOSPI,-0.010210357977611162
2023-09-19,2559.21,KOSPI,-0.006023956002982778
2023-09-20,2559.74,KOSPI,0.00020709515827133096
2023-09-21,2514.97,KOSPI,-0.017490057583973373
2023-09-22,2508.13,KOSPI,-0.002719714350469249
2023-09-25,2495.76,KOSPI,-0.004931961261976037
2023-09-26,2462.97,KOSPI,-0.0131382825271662
2023-09-27,2465.07,KOSPI,0.0008526291428643251
2023-10-04,2405.69,KOSPI,-0.02408856543627569
2023-10-05,2403.6,KOSPI,-0.0008687736158857762
2023-10-06,2408.73,KOSPI,0.0021342985521717317
2023-10-10,2402.58,KOSPI,-0.002553212688844342
2023-10-11,2450.08,KOSPI,0.019770413472184112
2023-10-12,2479.82,KOSPI,0.012138379154966517
2023-10-13,2456.15,KOSPI,-0.00954504762442443
2023-10-16,2436.24,KOSPI,-0.008106182439997722
2023-10-17,2460.17,KOSPI,0.009822513381276154
2023-10-18,2462.6,KOSPI,0.0009877366198269844
2023-10-19,2415.8,KOSPI,-0.01900430439373013
2023-10-20,2375.0,KOSPI,-0.01688881529927977
2023-10-23,2357.02,KOSPI,-0.007570526315789472
2023-10-24,2383.51,KOSPI,0.01123876759637188
2023-10-25,2363.17,KOSPI,-0.008533633171247557
2023-10-26,2299.08,KOSPI,-0.02712035105388111
2023-10-27,2302.81,KOSPI,0.0016223880856691686
2023-10-30,2310.55,KOSPI,0.0033611109904856384
2023-10-31,2277.99,KOSPI,-0.014091882885027496
2023-11-01,2301.56,KOSPI,0.010346840855315564
2023-11-02,2343.12,KOSPI,0.018057317645423065
2023-11-03,2368.34,KOSPI,0.010763426542387933
2023-11-06,2502.37,KOSPI,0.05659238116148857
2023-11-07,2443.96,KOSPI,-0.023341871905433575
2023-11-08,2421.62,KOSPI,-0.009140902469762291
2023-11-09,2427.08,KOSPI,0.002254689009836497
2023-11-10,2409.66,KOSPI,-0.007177348913097292
2023-11-13,2403.76,KOSPI,-0.0024484782085437695
2023-11-14,2433.25,KOSPI,0.012268279695144102
2023-11-15,2486.67,KOSPI,0.02195417651289433
2023-11-16,2488.18,KOSPI,0.000607237791906412
2023-11-17,2469.85,KOSPI,-0.007366830374008315
2023-11-20,2491.2,KOSPI,0.008644249650788582
2023-11-21,2510.42,KOSPI,0.0077151573538858376
2023-11-22,2511.7,KOSPI,0.0005098748416598742
2023-11-23,2514.96,KOSPI,0.0012979257076881634
2023-11-24,2496.63,KOSPI,-0.007288386296402272
2023-11-27,2495.66,KOSPI,-0.0003885237299880995
2023-11-28,2521.76,KOSPI,0.010458155357701004
2023-11-29,2519.81,KOSPI,-0.0007732694625977032
2023-11-30,2535.29,KOSPI,0.006143320329707436
2023-12-01,2505.01,KOSPI,-0.011943406868642148
2023-12-04,2514.95,KOSPI,0.003968048031744331
2023-12-05,2494.28,KOSPI,-0.0082188512694088
2023-12-06,2495.38,KOSPI,0.000441009028657513
2023-12-07,2492.07,KOSPI,-0.0013264512819690655
2023-12-08,2517.85,KOSPI,0.010344813749212367
2023-12-11,2525.36,KOSPI,0.002982703497031336
2023-12-12,2535.27,KOSPI,0.0039241929863464975
2023-12-13,2510.66,KOSPI,-0.009707052897719004
2023-12-14,2544.18,KOSPI,0.013351071033114836
2023-12-15,2563.56,KOSPI,0.00761738556234226
2023-12-18,2566.86,KOSPI,0.0012872723868371239
2023-12-19,2568.55,KOSPI,0.0006583919652805026
2023-12-20,2614.3,KOSPI,0.01781160576979235
2023-12-21,2600.02,KOSPI,-0.0054622652335234445
2023-12-22,2599.51,KOSPI,-0.00019615233728964565
2023-12-26,2602.59,KOSPI,0.0011848386811359468
2023-12-27,2613.5,KOSPI,0.004191977991155005
2023-12-28,2655.28,KOSPI,0.015986225368280094
2024-01-02,2669.81,KOSPI,0.0054721159350425985
2024-01-03,2607.31,KOSPI,-0.023409905573804846
2024-01-04,2587.02,KOSPI,-0.007781966854727651
2024-01-05,2578.08,KOSPI,-0.0034557135236681358
2024-01-08,2567.82,KOSPI,-0.00397970582759255
2024-01-09,2561.24,KOSPI,-0.002562484909378493
2024-01-10,2541.98,KOSPI,-0.007519795099248716
2024-01-11,2540.27,KOSPI,-0.0006727039551845948
2024-01-12,2525.05,KOSPI,-0.00599148909367897
2024-01-15,2525.99,KOSPI,0.00037226985604221774
2024-01-16,2497.59,KOSPI,-0.011243116560239574
2024-01-17,2435.9,KOSPI,-0.024699810617435203
2024-01-18,2440.04,KOSPI,0.0016995771583396824
2024-01-19,2472.74,KOSPI,0.013401419648858104
2024-01-22,2464.35,KOSPI,-0.003392997241925877
2024-01-23,2478.61,KOSPI,0.0057865157140828405
2024-01-24,2469.69,KOSPI,-0.003598791258003553
2024-01-25,2470.34,KOSPI,0.00026319092679649714
2024-01-26,2478.56,KOSPI,0.0033274771893747612
2024-01-29,2500.65,KOSPI,0.00891243302562783
2024-01-30,2498.81,KOSPI,-0.000735808689740769
2024-01-31,2497.09,KOSPI,-0.0006883276439584307
2024-02-01,2542.46,KOSPI,0.018169148889307207
2024-02-02,2615.31,KOSPI,0.028653351478489242
2024-02-05,2591.31,KOSPI,-0.009176732395012488
2024-02-06,2576.2,KOSPI,-0.005831027549772161
2024-02-07,2609.58,KOSPI,0.012957068550578432
2024-02-08,2620.32,KOSPI,0.004115604809969531
2024-02-13,2649.64,KOSPI,0.011189473041460563
2024-02-14,2620.42,KOSPI,-0.01102791322594765
2024-02-15,2613.8,KOSPI,-0.0025263125758465677
2024-02-16,2648.76,KOSPI,0.013375162598515677
2024-02-19,2680.26,KOSPI,0.011892357178453272
2024-02-20,2657.79,KOSPI,-0.008383515032123867
2024-02-21,2653.31,KOSPI,-0.0016856109775414962
2024-02-22,2664.27,KOSPI,0.004130689591491432
2024-02-23,2667.7,KOSPI,0.0012874070570925156
2024-02-26,2647.08,KOSPI,-0.007729504816883392
2024-02-27,2625.05,KOSPI,-0.008322377865421449
2024-02-28,2652.29,KOSPI,0.010376945201043597
2024-02-29,2642.36,KOSPI,-0.003743934486801881
2024-03-04,2674.27,KOSPI,0.012076325708835878
2024-03-05,2649.4,KOSPI,-0.009299734133053073
2024-03-06,2641.49,KOSPI,-0.002985581641126389
2024-03-07,2647.62,KOSPI,0.002320659930569624
2024-03-08,2680.35,KOSPI,0.012362045912933217
2024-03-11,2659.84,KOSPI,-0.007651985748129864
2024-03-12,2681.81,KOSPI,0.008259895332050071
2024-03-13,2693.57,KOSPI,0.004385098124028319
2024-03-14,2718.76,KOSPI,0.009351901008698427
2024-03-15,2666.84,KOSPI,-0.01909694125262995
2024-03-18,2685.84,KOSPI,0.007124536905101175
2024-03-19,2656.17,KOSPI,-0.011046823340184142
2024-03-20,2690.14,KOSPI,0.01278909105968351
2024-03-21,2754.86,KOSPI,0.02405822745284647
2024-03-22,2748.56,KOSPI,-0.0022868675722178544
2024-03-25,2737.57,KOSPI,-0.00399845737404303
2024-03-26,2757.09,KOSPI,0.007130411277154636
2024-03-27,2755.11,KOSPI,-0.0007181484826392914
2024-03-28,2745.82,KOSPI,-0.003371916184834678
2024-03-29,2746.63,KOSPI,0.00029499384519016125
2024-04-01,2747.86,KOSPI,0.0004478215121803686
2024-04-02,2753.16,KOSPI,0.0019287736638693431
2024-04-03,2706.97,KOSPI,-0.016777085240233025
2024-04-04,2742.0,KOSPI,0.01294066797932758
2024-04-05,2714.21,KOSPI,-0.010134938001458815
2024-04-08,2717.65,KOSPI,0.0012674037749473843
2024-04-09,2705.16,KOSPI,-0.0045958824719887215
2024-04-11,2706.96,KOSPI,0.0006653950228452388
2024-04-12,2681.82,KOSPI,-0.009287170848479409
2024-04-15,2670.43,KOSPI,-0.0042471157646674085
2024-04-16,2609.63,KOSPI,-0.0227678688450923
2024-04-17,2584.18,KOSPI,-0.009752340370090873
2024-04-18,2634.7,KOSPI,0.019549721768607364
2024-04-19,2591.86,KOSPI,-0.01625991573993235
2024-04-22,2629.44,KOSPI,0.014499239928082552
2024-04-23,2623.02,KOSPI,-0.0024415845198978436
2024-04-24,2675.75,KOSPI,0.020102782289117105
2024-04-25,2628.62,KOSPI,-0.017613753153321587
2024-04-26,2656.33,KOSPI,0.01054165303467225
2024-04-29,2687.44,KOSPI,0.011711647272740988
2024-04-30,2692.06,KOSPI,0.0017191081475307346
2024-05-02,2683.65,KOSPI,-0.00312400169387006
2024-05-03,2676.63,KOSPI,-0.0026158403666648455
2024-05-07,2734.36,KOSPI,0.021568165940006656
2024-05-08,2745.05,KOSPI,0.003909507160724912
2024-05-09,2712.14,KOSPI,-0.011988852662064509
2024-05-10,2727.63,KOSPI,0.005711357083336477
2024-05-13,2727.21,KOSPI,-0.00015397982864251425
2024-05-14,2730.34,KOSPI,0.0011476930636071803
2024-05-16,2753.0,KOSPI,0.00829933268384142
2024-05-17,2724.62,KOSPI,-0.010308754086451155
2024-05-20,2742.14,KOSPI,0.006430254494204757
2024-05-21,2724.18,KOSPI,-0.006549629121780809
2024-05-22,2723.46,KOSPI,-0.00026429971587771384
2024-05-23,2721.81,KOSPI,-0.0006058469740697348
2024-05-24,2687.6,KOSPI,-0.012568842057307461
2024-05-27,2722.99,KOSPI,0.013167882125316277
2024-05-28,2722.85,KOSPI,-5.141407056208358e-05
2024-05-29,2677.3,KOSPI,-0.016728795196209734
2024-05-30,2635.44,KOSPI,-0.01563515482015465
2024-05-31,2636.52,KOSPI,0.00040979874328384014
2024-06-03,2682.52,KOSPI,0.01744724106018536
2024-06-04,2662.1,KOSPI,-0.0076122452022725495
2024-06-05,2689.5,KOSPI,0.010292626122234472
2024-06-07,2722.67,KOSPI,0.012333147425171997
2024-06-10,2701.17,KOSPI,-0.007896660263638222
2024-06-11,2705.32,KOSPI,0.0015363712761506942
2024-06-12,2728.17,KOSPI,0.008446320583147315
2024-06-13,2754.89,KOSPI,0.009794111070790867
2024-06-14,2758.42,KOSPI,0.0012813578763581912
2024-06-17,2744.1,KOSPI,-0.0051913776727257055
2024-06-18,2763.92,KOSPI,0.00722276884953188
2024-06-19,2797.33,KOSPI,0.012087904136154348
2024-06-20,2807.63,KOSPI,0.0036820825572958515
2024-06-21,2784.26,KOSPI,-0.008323746362590478
2024-06-24,2764.73,KOSPI,-0.007014431123530174
2024-06-25,2774.39,KOSPI,0.003494012073511632
2024-06-26,2792.05,KOSPI,0.006365363196955132
2024-06-27,2784.06,KOSPI,-0.0028616966028546242
2024-06-28,2797.82,KOSPI,0.004942422217911968
2024-07-01,2804.31,KOSPI,0.002319663166322261
2024-07-02,2780.86,KOSPI,-0.00836212829537386
2024-07-03,2794.01,KOSPI,0.004728752975698303
2024-07-04,2824.94,KOSPI,0.011070110701106861
2024-07-05,2862.23,KOSPI,0.013200280359936922
2024-07-08,2857.76,KOSPI,-0.001561719358681768
2024-07-09,2867.38,KOSPI,0.0033662728850567536
2024-07-10,2867.99,KOSPI,0.0002127377606035985
2024-07-11,2891.35,KOSPI,0.008145077214355645
2024-07-12,2857.0,KOSPI,-0.011880263544710945
2024-07-15,2860.92,KOSPI,0.0013720686034301988
2024-07-16,2866.09,KOSPI,0.0018071109992590095
2024-07-17,2843.29,KOSPI,-0.007955088639924113
2024-07-18,2824.35,KOSPI,-0.0066612972999589015
2024-07-19,2795.46,KOSPI,-0.010228902225290715
2024-07-22,2763.51,KOSPI,-0.01142924599171502
2024-07-23,2774.29,KOSPI,0.0039008362553418774
2024-07-24,2758.71,KOSPI,-0.005615851262845584
2024-07-25,2710.65,KOSPI,-0.017421185989103583
2024-07-26,2731.9,KOSPI,0.007839448102853641
2024-07-29,2765.53,KOSPI,0.012310113840184433
2024-07-30,2738.19,KOSPI,-0.009885989304039389
2024-07-31,2770.69,KOSPI,0.011869154441437546
2024-08-01,2777.68,KOSPI,0.002522837271582201
2024-08-02,2676.19,KOSPI,-0.036537686126551616
2024-08-05,2441.55,KOSPI,-0.08767688392827111
2024-08-06,2522.15,KOSPI,0.03301181626425831
2024-08-07,2568.41,KOSPI,0.018341494359970456
2024-08-08,2556.73,KOSPI,-0.004547560553026853
2024-08-09,2588.43,KOSPI,0.01239864983787875
2024-08-12,2618.3,KOSPI,0.011539813709468882
2024-08-13,2621.5,KOSPI,0.0012221670549592556
2024-08-14,2644.5,KOSPI,0.008773602899103672
2024-08-16,2697.23,KOSPI,0.019939497069389356
2024-08-19,2674.36,KOSPI,-0.008479069267359418
2024-08-20,2696.63,KOSPI,0.008327225953125295
2024-08-21,2701.13,KOSPI,0.0016687495132814423
2024-08-22,2707.67,KOSPI,0.0024212089014596927
2024-08-23,2701.69,KOSPI,-0.0022085409226383357
2024-08-26,2698.01,KOSPI,-0.001362110382760351
2024-08-27,2689.25,KOSPI,-0.0032468374839234038
2024-08-28,2689.83,KOSPI,0.00021567351492057796
2024-08-29,2662.28,KOSPI,-0.01024228296955565
2024-08-30,2674.31,KOSPI,0.004518683233919685
2024-09-02,2681.0,KOSPI,0.002501579846764246
2024-09-03,2664.63,KOSPI,-0.006105930622901878
2024-09-04,2580.8,KOSPI,-0.031460277787159874
2024-09-05,2575.5,KOSPI,-0.002053626782393181
2024-09-06,2544.28,KOSPI,-0.012121918074160298
2024-09-09,2535.93,KOSPI,-0.0032818714921315495
2024-09-10,2523.43,KOSPI,-0.004929158139223122
2024-09-11,2513.37,KOSPI,-0.003986637235825818
2024-09-12,2572.09,KOSPI,0.023363054385148407
2024-09-13,2575.41,KOSPI,0.001290779094043959
2024-09-19,2580.8,KOSPI,0.0020928706497218563
2024-09-20,2593.37,KOSPI,0.004870582765033937
2024-09-23,2602.01,KOSPI,0.003331572432780705
2024-09-24,2631.68,KOSPI,0.0114027232793108
2024-09-25,2596.32,KOSPI,-0.013436284046692504
2024-09-26,2671.57,KOSPI,0.028983330252049022
2024-09-27,2649.78,KOSPI,-0.008156252690365573
2024-09-30,2593.27,KOSPI,-0.021326298787069153
2024-10-02,2561.69,KOSPI,-0.012177675290270584
2024-10-04,2569.71,KOSPI,0.003130745718646688
2024-10-07,2610.38,KOSPI,0.015826688614668516
2024-10-08,2594.36,KOSPI,-0.006137037519441613
2024-10-10,2599.16,KOSPI,0.0018501672859587703
2024-10-11,2596.91,KOSPI,-0.0008656642915403356
2024-10-14,2623.29,KOSPI,0.010158226507657186
2024-10-15,2633.45,KOSPI,0.003872999172794378
2024-10-16,2610.36,KOSPI,-0.008767965976190784
2024-10-17,2609.3,KOSPI,-0.00040607425795669005
2024-10-18,2593.82,KOSPI,-0.005932625608400688
2024-10-21,2604.92,KOSPI,0.004279402579978608
2024-10-22,2570.7,KOSPI,-0.013136679821261432
2024-10-23,2599.62,KOSPI,0.011249854125335634
2024-10-24,2581.03,KOSPI,-0.0071510451527529995
2024-10-25,2583.27,KOSPI,0.0008678705787998897
2024-10-28,2612.43,KOSPI,0.011288018674006084
2024-10-29,2617.8,KOSPI,0.002055557469482494
2024-10-30,2593.79,KOSPI,-0.009171823668729595
2024-10-31,2556.15,KOSPI,-0.014511583435821707
2024-11-01,2542.36,KOSPI,-0.005394832071670241
2024-11-04,2588.97,KOSPI,0.018333359555688267
2024-11-05,2576.88,KOSPI,-0.004669810774168726
2024-11-06,2563.51,KOSPI,-0.005188444941169101
2024-11-07,2564.63,KOSPI,0.00043690096781356935
2024-11-08,2561.15,KOSPI,-0.0013569208813747347
2024-11-11,2531.66,KOSPI,-0.011514358784139977
2024-11-12,2482.57,KOSPI,-0.019390439474494925
2024-11-13,2417.08,KOSPI,-0.026379920807872548
2024-11-14,2418.86,KOSPI,0.0007364257699373766
2024-11-15,2416.86,KOSPI,-0.0008268357821452632
2024-11-18,2469.07,KOSPI,0.021602409738255446
2024-11-19,2471.95,KOSPI,0.0011664310853882753
2024-11-20,2482.29,KOSPI,0.004182932502680092
2024-11-21,2480.63,KOSPI,-0.0006687373352830539
2024-11-22,2501.24,KOSPI,0.008308373276143532
2024-11-25,2534.34,KOSPI,0.013233436215637218
2024-11-26,2520.36,KOSPI,-0.005516229077392909
2024-11-27,2503.06,KOSPI,-0.006864098779539529
2024-11-28,2504.67,KOSPI,0.0006432127076458904
2024-11-29,2455.91,KOSPI,-0.01946763445883104
2024-12-02,2454.48,KOSPI,-0.0005822688942184184
2024-12-03,2500.1,KOSPI,0.018586421563834277
2024-12-04,2464.0,KOSPI,-0.014439422423103032
2024-12-05,2441.85,KOSPI,-0.008989448051948123
2024-12-06,2428.16,KOSPI,-0.005606404979830892
2024-12-09,2360.58,KOSPI,-0.027831773853452813
2024-12-10,2417.84,KOSPI,0.024256750459632936
2024-12-11,2442.51,KOSPI,0.010203321973331514
2024-12-12,2482.12,KOSPI,0.01621692439334943
2024-12-13,2494.46,KOSPI,0.004971556572607394
2024-12-16,2488.97,KOSPI,-0.0022008771437506125
2024-12-17,2456.81,KOSPI,-0.012921007485023894
2024-12-18,2484.43,KOSPI,0.01124222060313973
2024-12-19,2435.93,KOSPI,-0.019521580402748318
2024-12-20,2404.15,KOSPI,-0.013046351906663922
2024-12-23,2442.01,KOSPI,0.015747769481937457
2024-12-24,2440.52,KOSPI,-0.0006101531115761949
2024-12-26,2429.67,KOSPI,-0.004445773851474266
2024-12-27,2404.77,KOSPI,-0.010248305325414653
2024-12-30,2399.49,KOSPI,-0.0021956361731060303
2025-01-02,2398.94,KOSPI,-0.00022921537493370003
2025-01-03,2441.92,KOSPI,0.017916246342134512
2025-01-06,2488.64,KOSPI,0.01913248591272443
2025-01-07,2492.1,KOSPI,0.001390317603188862
2025-01-08,2521.05,KOSPI,0.011616708799807585
2025-01-09,2521.9,KOSPI,0.0003371611035083433
2025-01-10,2515.78,KOSPI,-0.002426741742337035
2025-01-13,2489.56,KOSPI,-0.010422214979052269
2025-01-14,2497.4,KOSPI,0.003149150853966276
2025-01-15,2496.81,KOSPI,-0.00023624569552338492
2025-01-16,2527.49,KOSPI,0.012287679078504032
2025-01-17,2523.55,KOSPI,-0.0015588587887586103
2025-01-20,2520.05,KOSPI,-0.0013869350716252393
2025-01-21,2518.03,KOSPI,-0.0008015713973928973
2025-01-22,2547.06,KOSPI,0.011528853905632408
2025-01-23,2515.49,KOSPI,-0.012394682496682519
2025-01-24,2536.8,KOSPI,0.008471510520813297
2025-01-31,2517.37,KOSPI,-0.007659255755282368
2025-02-03,2453.95,KOSPI,-0.025192959318654062
2025-02-04,2481.69,KOSPI,0.011304223802441005
2025-02-05,2509.27,KOSPI,0.011113394501327756
2025-02-06,2536.75,KOSPI,0.010951392237583013
2025-02-07,2521.92,KOSPI,-0.005846062875726754
2025-02-10,2521.27,KOSPI,-0.0002577401345007502
2025-02-11,2539.05,KOSPI,0.007052001570637012
2025-02-12,2548.39,KOSPI,0.0036785411866642193
2025-02-13,2583.17,KOSPI,0.013647832553102202
2025-02-14,2591.05,KOSPI,0.0030505154519446798
2025-02-17,2610.42,KOSPI,0.007475733775882398
2025-02-18,2626.81,KOSPI,0.006278683123788431
2025-02-19,2671.52,KOSPI,0.017020644812529184
2025-02-20,2654.06,KOSPI,-0.006535605198538685
2025-02-21,2654.58,KOSPI,0.0001959262413058216
2025-02-24,2645.27,KOSPI,-0.003507146139879014
2025-02-25,2630.29,KOSPI,-0.005662937998767603
2025-02-26,2641.09,KOSPI,0.0041060111242487984
2025-02-27,2621.75,KOSPI,-0.00732273417414786
2025-02-28,2532.78,KOSPI,-0.03393534852674729
2025-03-04,2528.92,KOSPI,-0.0015240170879429193
2025-03-05,2558.13,KOSPI,0.011550385144646791
2025-03-06,2576.16,KOSPI,0.007048117179345725
2025-03-07,2563.48,KOSPI,-0.0049220545307744334
2025-03-10,2570.39,KOSPI,0.0026955544806277487
2025-03-11,2537.6,KOSPI,-0.012756819004119957
2025-03-12,2574.82,KOSPI,0.014667402269861407
2025-03-13,2573.64,KOSPI,-0.00045828446260332
2025-03-14,2566.36,KOSPI,-0.0028286784476460047
2025-03-17,2610.69,KOSPI,0.017273492417275715
2025-03-18,2612.34,KOSPI,0.0006320168231388479
2025-03-19,2628.62,KOSPI,0.006231960617683718
2025-03-20,2637.1,KOSPI,0.0032260273451469867
2025-03-21,2643.13,KOSPI,0.0022866027075196804
2025-03-24,2632.07,KOSPI,-0.004184432850446229
2025-03-25,2615.81,KOSPI,-0.0061776472510229885
2025-03-26,2643.94,KOSPI,0.010753839154984624
2025-03-27,2607.15,KOSPI,-0.013914839217228803
2025-03-28,2557.98,KOSPI,-0.0188596743570566
2025-03-31,2481.12,KOSPI,-0.030047146576595685
2025-04-01,2521.39,KOSPI,0.016230573289482075
2025-04-02,2505.86,KOSPI,-0.006159301020468799
2025-04-03,2486.7,KOSPI,-0.007646077594119505
2025-04-04,2465.42,KOSPI,-0.008557526038524887
2025-04-07,2328.2,KOSPI,-0.055657859512780905
2025-04-08,2334.23,KOSPI,0.0025899836783782604
2025-04-09,2293.7,KOSPI,-0.017363327521281224
2025-04-10,2445.06,KOSPI,0.06598944936129403
2025-04-11,2432.72,KOSPI,-0.00504691091425169
2025-04-14,2455.89,KOSPI,0.009524318458351111
2025-04-15,2477.41,KOSPI,0.008762607445773174
2025-04-16,2447.43,KOSPI,-0.012101347778526783
2025-04-17,2470.41,KOSPI,0.009389441168899726
2025-04-18,2483.42,KOSPI,0.0052663323092119185
2025-04-21,2488.42,KOSPI,0.0020133525541390362
2025-04-22,2486.64,KOSPI,-0.0007153133313508864
2025-04-23,2525.56,KOSPI,0.015651642376862007
2025-04-24,2522.33,KOSPI,-0.0012789242781798826
2025-04-25,2546.3,KOSPI,0.009503118148695977
2025-04-28,2548.86,KOSPI,0.0010053803558103258
2025-04-29,2565.42,KOSPI,0.006497022198159064
2025-04-30,2556.61,KOSPI,-0.0034341355411589003
2025-05-02,2559.79,KOSPI,0.0012438346091112606
2025-05-07,2573.8,KOSPI,0.005473105215662244
2025-05-08,2579.48,KOSPI,0.002206853679384446
2025-05-09,2577.27,KOSPI,-0.0008567618279653466
2025-05-12,2607.33,KOSPI,0.011663504405824643
2025-05-13,2608.42,KOSPI,0.0004180521836514295
2025-05-14,2640.57,KOSPI,0.01232546905789711
2025-05-15,2621.36,KOSPI,-0.0072749444248779715
2025-05-16,2626.87,KOSPI,0.002101962340159247
2025-05-19,2603.42,KOSPI,-0.008926973927145143
2025-05-20,2601.8,KOSPI,-0.000622258413932375
2025-05-21,2625.58,KOSPI,0.009139826274117802
2025-05-22,2593.67,KOSPI,-0.012153505130295006
2025-05-23,2592.09,KOSPI,-0.0006091754155308493
2025-05-26,2644.4,KOSPI,0.020180626444297856
2025-05-27,2637.22,KOSPI,-0.0027151716835578377
2025-05-28,2670.15,KOSPI,0.012486633652103452
2025-05-29,2720.64,KOSPI,0.018909050053367737
2025-05-30,2697.67,KOSPI,-0.008442866384380077
2025-06-02,2698.97,KOSPI,0.00048189734103853965
2025-06-04,2770.84,KOSPI,0.026628676865619205
2025-06-05,2812.05,KOSPI,0.014872746170836226
2025-06-09,2855.77,KOSPI,0.015547376469123853
2025-06-10,2871.85,KOSPI,0.005630705554018789
2025-06-11,2907.04,KOSPI,0.012253425492278591
2025-06-12,2920.03,KOSPI,0.004468462766250347
2025-06-13,2894.62,KOSPI,-0.00870196539076662
2025-06-16,2946.66,KOSPI,0.017978180210183048
2025-06-17,2950.3,KOSPI,0.001235296912436512
2025-06-18,2972.19,KOSPI,0.007419584449039007
2025-06-19,2977.74,KOSPI,0.001867309963360153
2025-06-20,3021.84,KOSPI,0.014809889379193697
2025-06-23,3014.47,KOSPI,-0.0024389113917349103
2025-06-24,3103.64,KOSPI,0.029580655969374314
2025-06-25,3108.25,KOSPI,0.0014853526826565933
2025-06-26,3079.56,KOSPI,-0.009230274270087713
2025-06-27,3055.94,KOSPI,-0.007669926872670096
2025-06-30,3071.7,KOSPI,0.0051571693161514
2025-07-01,3089.65,KOSPI,0.005843669629195691
2025-07-02,3075.06,KOSPI,-0.004722217726927047
2025-07-03,3116.27,KOSPI,0.013401364526220538
2025-07-04,3054.28,KOSPI,-0.01989237132854338
2025-07-07,3059.47,KOSPI,0.0016992548161922638
2025-07-08,3114.95,KOSPI,0.018133859786172213
2025-07-09,3133.74,KOSPI,0.006032199553764883
2025-07-10,3183.23,KOSPI,0.01579263116914631
2025-07-11,3175.77,KOSPI,-0.0023435315701347825
2025-07-14,3202.03,KOSPI,0.008268860780220377
2025-07-15,3215.28,KOSPI,0.004137999956277838
2025-07-16,3186.38,KOSPI,-0.00898833072080818
2025-07-17,3192.29,KOSPI,0.001854769362097386
2025-07-18,3188.07,KOSPI,-0.0013219350372302152
2025-07-21,3210.81,KOSPI,0.007132842127054895
2025-07-22,3169.94,KOSPI,-0.012728875268234408
2025-07-23,3183.77,KOSPI,0.004362858603002007
2025-07-24,3190.45,KOSPI,0.0020981415114784685
2025-07-25,3196.05,KOSPI,0.0017552382892696006
2025-07-28,3209.52,KOSPI,0.004214577368939709
2025-07-29,3230.57,KOSPI,0.006558613125950297
2025-07-30,3254.47,KOSPI,0.0073980752622602175
2025-07-31,3245.44,KOSPI,-0.002774645333955994
2025-08-01,3119.41,KOSPI,-0.03883294715046348
2025-08-04,3147.75,KOSPI,0.009085051339836836
2025-08-05,3198.0,KOSPI,0.015963783654991737
2025-08-06,3198.14,KOSPI,4.377736085059425e-05
2025-08-07,3227.68,KOSPI,0.009236618784668638
2025-08-08,3210.01,KOSPI,-0.0054745203985524515
2025-08-11,3206.77,KOSPI,-0.0010093426500229485
2025-08-12,3189.91,KOSPI,-0.005257626833230944
2025-08-13,3224.37,KOSPI,0.010802812618537772
2025-08-14,3225.66,KOSPI,0.00040007815480236353
2025-08-18,3177.28,KOSPI,-0.014998480931034175
2025-08-19,3151.56,KOSPI,-0.008094974317655379
2025-08-20,3130.09,KOSPI,-0.006812499206741984
2025-08-21,3141.74,KOSPI,0.0037219377078612226
2025-08-22,3168.73,KOSPI,0.008590780904848883
2025-08-25,3209.86,KOSPI,0.012979963581624121
2025-08-26,3179.36,KOSPI,-0.009501972048625129
2025-08-27,3187.16,KOSPI,0.0024533239394091133
2025-08-28,3196.32,KOSPI,0.0028740320536151387
2025-08-29,3186.01,KOSPI,-0.0032255844220854257
2025-09-01,3142.93,KOSPI,-0.013521614809746452
2025-09-02,3172.35,KOSPI,0.009360692093046907
2025-09-03,3184.42,KOSPI,0.00380475042161188
2025-09-04,3200.83,KOSPI,0.00515321471413932
2025-09-05,3205.12,KOSPI,0.0013402773655581957
2025-09-08,3219.59,KOSPI,0.004514651557508076
2025-09-09,3260.05,KOSPI,0.012566817514031214
2025-09-10,3314.53,KOSPI,0.016711400131899756
2025-09-11,3344.2,KOSPI,0.008951495385469244
2025-09-12,3395.54,KOSPI,0.015351952634411914
2025-09-15,3407.31,KOSPI,0.003466311691218582
2025-09-16,3449.62,KOSPI,0.012417420193642448
2025-09-17,3413.4,KOSPI,-0.010499707214127851
2025-09-18,3461.3,KOSPI,0.014032929044354603
2025-09-19,3445.24,KOSPI,-0.004639875191402187
2025-09-22,3468.65,KOSPI,0.006794882214301579
2025-09-23,3486.19,KOSPI,0.005056722355959886
2025-09-24,3472.14,KOSPI,-0.004030187683402242
2025-09-25,3471.11,KOSPI,-0.00029664702460141523
2025-09-26,3386.05,KOSPI,-0.024505129483076038
2025-09-29,3431.21,KOSPI,0.013337074171970276
2025-09-30,3424.6,KOSPI,-0.0019264341150789788
2025-10-01,3455.83,KOSPI,0.009119313204461799
2025-10-02,3549.21,KOSPI,0.027021005084162164
2025-10-10,3610.6,KOSPI,0.017296806895055417
2025-10-13,3584.55,KOSPI,-0.007214867335068931
2025-10-14,3561.81,KOSPI,-0.006343892538812512
2025-10-15,3657.28,KOSPI,0.026803787961738657
2025-10-16,3748.37,KOSPI,0.024906487881704242
2025-10-17,3748.89,KOSPI,0.00013872696665484519
2025-10-20,3814.69,KOSPI,0.017551862017823883
2025-10-21,3823.84,KOSPI,0.0023986221685117215
2025-10-22,3883.68,KOSPI,0.015649190342692076
2025-10-23,3845.56,KOSPI,-0.009815432785399425
2025-10-24,3941.59,KOSPI,0.024971655623628353
2025-10-27,4042.83,KOSPI,0.025685066178877003
2025-10-28,4010.41,KOSPI,-0.008019135110801101
2025-10-29,4081.15,KOSPI,0.017639094257195786
2025-10-30,4086.89,KOSPI,0.0014064663146415857
2025-10-31,4107.5,KOSPI,0.00504295442255609
2025-11-03,4221.87,KOSPI,0.027844187461959713
2025-11-04,4121.74,KOSPI,-0.02371697849531129
2025-11-05,4004.42,KOSPI,-0.02846370707516721
2025-11-06,4026.45,KOSPI,0.005501420929872491
2025-11-07,3953.76,KOSPI,-0.018053123719405373
2025-11-10,4073.24,KOSPI,0.030219335518594903
2025-11-11,4106.39,KOSPI,0.008138484351523756
2025-11-12,4150.39,KOSPI,0.01071500758573829
2025-11-13,4170.63,KOSPI,0.004876650146130812
2025-11-14,4011.57,KOSPI,-0.03813812301738584
2025-11-17,4089.25,KOSPI,0.01936398965990871
2025-11-18,3953.62,KOSPI,-0.03316745124411569
2025-11-19,3929.51,KOSPI,-0.006098208730226928
2025-11-20,4004.85,KOSPI,0.019172873971563753
2025-11-21,3853.26,KOSPI,-0.03785160492902351
2025-11-24,3846.06,KOSPI,-0.0018685476713224958
2025-11-25,3857.78,KOSPI,0.003047274353494389
2025-11-26,3960.87,KOSPI,0.026722622855631872
2025-11-27,3986.91,KOSPI,0.006574313219065431
2025-11-28,3926.59,KOSPI,-0.015129511325813638
2025-12-01,3920.37,KOSPI,-0.001584071675423293
2025-12-02,3994.93,KOSPI,0.019018613039075483
2025-12-03,4036.3,KOSPI,0.010355625755645415
2025-12-04,4028.51,KOSPI,-0.0019299853826524327
2025-12-05,4100.05,KOSPI,0.017758426812891193
2025-12-08,4154.85,KOSPI,0.013365690662308971
2025-12-09,4143.55,KOSPI,-0.002719713106369759
2025-12-10,4135.0,KOSPI,-0.002063448009557045
2025-12-11,4110.62,KOSPI,-0.005896009673518776
2025-12-12,4167.16,KOSPI,0.013754616091976368
2025-12-15,4090.59,KOSPI,-0.018374624444465693
2025-12-16,3999.13,KOSPI,-0.022358632862252148
2025-12-17,4056.41,KOSPI,0.014323115277572906
2025-12-18,3994.51,KOSPI,-0.015259798688988413
2025-12-19,4020.55,KOSPI,0.00651894725510771
2025-12-22,4105.93,KOSPI,0.02123590056086866
2025-12-23,4117.32,KOSPI,0.0027740365763662123
2025-12-24,4108.62,KOSPI,-0.002113024977412392
2025-12-26,4129.68,KOSPI,0.005125808665683573
2025-12-29,4220.56,KOSPI,0.022006547722825953
2025-12-30,4214.17,KOSPI,-0.001514017097257292
2026-01-02,4309.63,KOSPI,0.02265214739794552
2026-01-05,4457.52,KOSPI,0.03431617099379758
2026-01-06,4525.48,KOSPI,0.015246145838941683
2026-01-07,4551.06,KOSPI,0.00565243907828572
2026-01-08,4552.37,KOSPI,0.0002878450295094037
2026-01-09,4586.32,KOSPI,0.007457653925317942
2026-01-12,4624.79,KOSPI,0.008387988627047482
2026-01-13,4692.64,KOSPI,0.014670936410085655
2026-01-14,4723.1,KOSPI,0.006491015718231186
2026-01-15,4797.55,KOSPI,0.015762952298278732
2026-01-16,4840.74,KOSPI,0.009002511698679383
2026-01-19,4904.66,KOSPI,0.0132045926862423
2026-01-20,4885.75,KOSPI,-0.0038555169981201454
2026-01-21,4909.93,KOSPI,0.004949086629483679
2026-01-22,4952.53,KOSPI,0.008676294774059734
2026-01-23,4990.07,KOSPI,0.007579964179924126
2026-01-26,4949.59,KOSPI,-0.008112110651754323
2026-01-27,5084.85,KOSPI,0.027327516016478093
2026-01-28,5170.81,KOSPI,0.016905120111704308
2026-01-29,5221.25,KOSPI,0.009754757958617688
2026-01-30,5224.36,KOSPI,0.0005956428058413454
2026-02-02,4949.67,KOSPI,-0.052578689064306405
2026-02-03,5288.08,KOSPI,0.06837021457996184
2026-02-04,5371.1,KOSPI,0.015699459917399183
2026-02-05,5163.57,KOSPI,-0.038638267766379464
2026-02-06,5089.14,KOSPI,-0.014414445819462052
2026-02-09,5298.04,KOSPI,0.04104819281843297
2026-02-10,5301.69,KOSPI,0.000688934020883103
2026-02-11,5354.49,KOSPI,0.009959088517057735
2026-02-12,5522.27,KOSPI,0.031334450153049254
2026-02-13,5507.01,KOSPI,-0.0027633563733754363
2026-02-19,5677.25,KOSPI,0.0309133268325279
2026-02-20,5808.53,KOSPI,0.023123871592760636
2026-02-23,5846.09,KOSPI,0.006466352071866854
2026-02-24,5969.64,KOSPI,0.02113378343474026
2026-02-25,6083.86,KOSPI,0.019133482086021836
2026-02-26,6307.27,KOSPI,0.036721752308567446
2026-02-27,6244.13,KOSPI,-0.010010670226579865
2026-03-03,5791.91,KOSPI,-0.07242321988811895
2026-03-04,5093.54,KOSPI,-0.12057680454288822
2026-03-05,5583.9,KOSPI,0.09627096282742453
2026-03-06,5584.87,KOSPI,0.00017371371263807944
2026-03-09,5251.87,KOSPI,-0.05962538071611334
2026-03-10,5532.59,KOSPI,0.05345143729757207
2026-03-11,5609.95,KOSPI,0.013982601277159556
2026-03-12,5583.25,KOSPI,-0.004759400707671113
2026-03-13,5487.24,KOSPI,-0.01719607755339636
2026-03-16,5549.85,KOSPI,0.011410107813764503
2026-03-17,5640.48,KOSPI,0.016330171085704892
2026-03-18,5925.03,KOSPI,0.05044783422687438
2026-03-19,5763.22,KOSPI,-0.027309566365064764
2026-03-20,5781.2,KOSPI,0.003119783732010939
2026-03-23,5405.75,KOSPI,-0.0649432643741783
2026-03-24,5553.92,KOSPI,0.027409702631457256
2026-03-25,5642.21,KOSPI,0.015896880041484263
2026-03-26,5460.46,KOSPI,-0.03221255500947329
2026-03-27,5438.87,KOSPI,-0.003953879343498556
2026-03-30,5277.3,KOSPI,-0.02970653830667025
2026-03-31,5052.46,KOSPI,-0.04260512004244599
2026-04-01,5478.7,KOSPI,0.0843628648222845
2026-04-02,5234.05,KOSPI,-0.04465475386496787
2026-04-03,5377.3,KOSPI,0.02736886349958456
2026-04-06,5450.33,KOSPI,0.013581165268815143
2026-04-07,5494.78,KOSPI,0.008155469485333855
2026-04-08,5872.34,KOSPI,0.06871248712414335
2026-04-09,5778.01,KOSPI,-0.016063443193003124
2026-04-10,5858.87,KOSPI,0.013994437531260617
2026-04-13,5808.62,KOSPI,-0.008576739200562566
2026-04-14,5967.75,KOSPI,0.027395491528108273
2026-04-15,6091.39,KOSPI,0.020718026056721683
2026-04-16,6226.05,KOSPI,0.022106612776394252
2026-04-17,6191.92,KOSPI,-0.005481806281671386
2026-04-20,6219.09,KOSPI,0.004387976588844822
2026-04-21,6388.47,KOSPI,0.02723549586836671
2026-04-22,6417.93,KOSPI,0.004611432784375591
2026-04-23,6475.81,KOSPI,0.009018484152990114
2026-04-24,6475.63,KOSPI,-2.779575064748574e-05
2026-04-27,6615.03,KOSPI,0.02152686302336604
2026-04-28,6641.02,KOSPI,0.003928931539237235
2026-04-29,6690.9,KOSPI,0.007510894410798219
2026-04-30,6598.87,KOSPI,-0.013754502383834688
2026-05-04,6936.99,KOSPI,0.051239075781156496
2026-05-06,7384.56,KOSPI,0.06451933763779394
2026-05-07,7490.05,KOSPI,0.014285211305751444
2026-05-08,7498.0,KOSPI,0.0010614081347921633
2026-05-11,7822.24,KOSPI,0.043243531608428976
2026-05-12,7643.15,KOSPI,-0.022894976375053666
2026-05-13,7844.01,KOSPI,0.026279740682833674
2026-05-14,7981.41,KOSPI,0.017516550845804613
2026-05-15,7493.18,KOSPI,-0.061170895869276154
2026-05-18,7516.04,KOSPI,0.003050774170645809
2026-05-19,7271.66,KOSPI,-0.032514462403073985
2026-05-20,7208.95,KOSPI,-0.00862389055593904
2026-05-21,7815.59,KOSPI,0.08415095124810135
2026-05-22,7847.71,KOSPI,0.004109734517803609
2026-05-26,8047.51,KOSPI,0.025459656383836737
2026-05-27,8228.7,KOSPI,0.02251503881324779
2026-05-28,8185.29,KOSPI,-0.0052754384046083125
2026-05-29,8476.15,KOSPI,0.03553447709244262
2026-06-01,8788.38,KOSPI,0.03683629949918288
2026-06-02,8801.49,KOSPI,0.0014917425054448152
2026-06-04,8639.41,KOSPI,-0.018415063813058907
2026-06-05,8160.59,KOSPI,-0.055422766137965374
2026-06-08,7484.41,KOSPI,-0.08285920503296951
2026-06-09,8096.93,KOSPI,0.08183945027062922
2026-06-10,7730.82,KOSPI,-0.04521590281748766
2026-06-11,7763.95,KOSPI,0.004285444493598467
2026-06-12,8123.62,KOSPI,0.046325646095093376
2026-06-15,8545.98,KOSPI,0.05199159980402812
2026-06-16,8726.6,KOSPI,0.02113508339593606
2026-06-17,8864.24,KOSPI,0.01577246579423819
2026-06-18,9063.84,KOSPI,0.022517440863514482
2026-06-19,9052.42,KOSPI,-0.0012599516319793391
2026-06-22,9114.55,KOSPI,0.0068633580854622345
2026-06-23,8203.84,KOSPI,-0.09991826255821723
2026-06-24,8471.02,KOSPI,0.032567675625073234
2026-06-25,8930.3,KOSPI,0.0542177919542155
2026-06-26,8411.21,KOSPI,-0.05812682664636126
2026-06-29,8394.65,KOSPI,-0.0019688011594051202
2026-06-30,8476.48,KOSPI,0.009747875134758388
2026-07-01,8303.41,KOSPI,-0.02041767337385325
2026-07-02,7648.09,KOSPI,-0.07892179237204955
2026-07-03,8088.34,KOSPI,0.05756339164418822
2026-07-06,8051.33,KOSPI,-0.004575722583373132
2026-07-07,7656.31,KOSPI,-0.049062701441873524
2026-07-08,7246.79,KOSPI,-0.05348790736007303
2026-07-09,7291.91,KOSPI,0.0062262049817918275
2026-07-10,7475.94,KOSPI,0.02523755778664305
2026-07-13,6806.93,KOSPI,-0.08948841215954106
2026-07-14,6856.83,KOSPI,0.007330764382768695
2026-07-15,7284.41,KOSPI,0.06235826176235948
2026-07-16,6820.6,KOSPI,-0.06367159454231697
2026-07-20,6516.27,KOSPI,-0.044619241708940605
2026-07-21,6747.95,KOSPI,0.035554082320100155
2026-07-22,6797.7,KOSPI,0.007372609459169066
2026-07-23,7096.89,KOSPI,0.04401341630257294
2026-07-24,6690.62,KOSPI,-0.057246202209700336
2026-07-27,6755.75,KOSPI,0.009734523855786215
2026-07-28,6023.66,KOSPI,-0.10836546645450174
2026-07-29,5663.24,KOSPI,-0.059834054378899215
2026-07-30,5593.56,KOSPI,-0.012303910835493315
2026-07-31,6595.45,KOSPI,0.17911491071875507
2026-08-03,6257.45,KOSPI,-0.05124745089417704
2026-08-04,6358.95,KOSPI,0.016220664967358855
2026-08-05,6598.26,KOSPI,0.037633571580213854
2026-08-06,6296.38,KOSPI,-0.04575145568680228
2026-08-07,6258.77,KOSPI,-0.005973273531775347
2026-08-10,6299.66,KOSPI,0.0065332325680604875
2026-08-11,6345.53,KOSPI,0.007281345342446954
2026-08-12,6579.04,KOSPI,0.03679913261776413
2026-08-13,6813.34,KOSPI,0.03561309856757222
2026-08-14,6977.94,KOSPI,0.024158489081713252
2026-08-18,6869.83,KOSPI,-0.015493111147415917
2026-08-19,6471.17,KOSPI,-0.05803054806305252
2026-08-20,6852.58,KOSPI,0.05893988258692007
2026-08-21,6881.59,KOSPI,0.004233442002866017
2021-06-01,984.59,KOSDAQ,
2021-06-02,981.1,KOSDAQ,-0.0035446226348022636
2021-06-03,990.19,KOSDAQ,0.009265110590154002
2021-06-04,987.58,KOSDAQ,-0.0026358577646714565
2021-06-07,985.86,KOSDAQ,-0.0017416310577371696
2021-06-08,986.12,KOSDAQ,0.00026372912989680586
2021-06-09,978.79,KOSDAQ,-0.007433172433375268
2021-06-10,987.77,KOSDAQ,0.009174593120076846
2021-06-11,991.13,KOSDAQ,0.0034016015874140937
2021-06-14,997.41,KOSDAQ,0.006336202112739997
2021-06-15,997.37,KOSDAQ,-4.01038690207578e-05
2021-06-16,998.49,KOSDAQ,0.0011229533673562386
2021-06-17,1003.72,KOSDAQ,0.005237909242956862
2021-06-18,1015.88,KOSDAQ,0.012114932451281257
2021-06-21,1010.99,KOSDAQ,-0.004813560656770521
2021-06-22,1011.56,KOSDAQ,0.000563803796278739
2021-06-23,1016.46,KOSDAQ,0.004844003321602397
2021-06-24,1012.62,KOSDAQ,-0.0037778171300395513
2021-06-25,1012.13,KOSDAQ,-0.00048389326697084734
2021-06-28,1017.91,KOSDAQ,0.005710728858941083
2021-06-29,1022.52,KOSDAQ,0.004528887622677891
2021-06-30,1029.96,KOSDAQ,0.007276141297969829
2021-07-01,1035.64,KOSDAQ,0.005514777272903837
2021-07-02,1038.18,KOSDAQ,0.0024525897029854526
2021-07-05,1047.33,KOSDAQ,0.008813500549037512
2021-07-06,1044.96,KOSDAQ,-0.002262897081149129
2021-07-07,1047.36,KOSDAQ,0.0022967386311436577
2021-07-08,1034.48,KOSDAQ,-0.01229758631225164
2021-07-09,1028.93,KOSDAQ,-0.005365014306704774
2021-07-12,1034.64,KOSDAQ,0.005549454287463673
2021-07-13,1043.31,KOSDAQ,0.008379726281604993
2021-07-14,1044.98,KOSDAQ,0.001600674775474209
2021-07-15,1054.31,KOSDAQ,0.00892840054355104
2021-07-16,1051.98,KOSDAQ,-0.0022099761929602613
2021-07-19,1049.83,KOSDAQ,-0.002043765090591121
2021-07-20,1043.64,KOSDAQ,-0.005896192716915882
2021-07-21,1042.03,KOSDAQ,-0.0015426775516462765
2021-07-22,1050.25,KOSDAQ,0.007888448509159929
2021-07-23,1055.5,KOSDAQ,0.004998809807188698
2021-07-26,1047.63,KOSDAQ,-0.0074561819043106325
2021-07-27,1046.55,KOSDAQ,-0.001030898313335915
2021-07-28,1035.68,KOSDAQ,-0.010386508050260312
2021-07-29,1044.13,KOSDAQ,0.00815889077707399
2021-07-30,1031.14,KOSDAQ,-0.012440979571509247
2021-08-02,1037.8,KOSDAQ,0.0064588707643964405
2021-08-03,1036.11,KOSDAQ,-0.0016284447870495988
2021-08-04,1047.93,KOSDAQ,0.011408055129281891
2021-08-05,1059.54,KOSDAQ,0.01107898428330123
2021-08-06,1059.8,KOSDAQ,0.0002453895086547142
2021-08-09,1060.0,KOSDAQ,0.00018871485185889547
2021-08-10,1052.07,KOSDAQ,-0.007481132075471741
2021-08-11,1051.92,KOSDAQ,-0.0001425760643302132
2021-08-12,1054.09,KOSDAQ,0.00206289451669317
2021-08-13,1040.78,KOSDAQ,-0.012627005284178705
2021-08-17,1011.05,KOSDAQ,-0.02856511462556932
2021-08-18,1021.08,KOSDAQ,0.009920379803175061
2021-08-19,991.15,KOSDAQ,-0.029312100912759154
2021-08-20,967.9,KOSDAQ,-0.023457599757856995
2021-08-23,993.18,KOSDAQ,0.026118400661225394
2021-08-24,1013.18,KOSDAQ,0.020137336635856595
2021-08-25,1017.78,KOSDAQ,0.004540160682208416
2021-08-26,1020.44,KOSDAQ,0.0026135314115034447
2021-08-27,1023.51,KOSDAQ,0.0030085061346085684
2021-08-30,1031.84,KOSDAQ,0.00813866010102493
2021-08-31,1038.33,KOSDAQ,0.006289734842611194
2021-09-01,1045.98,KOSDAQ,0.007367599895987009
2021-09-02,1047.19,KOSDAQ,0.001156809881642129
2021-09-03,1053.85,KOSDAQ,0.006359877386147517
2021-09-06,1052.96,KOSDAQ,-0.0008445224652463557
2021-09-07,1054.43,KOSDAQ,0.0013960644278985246
2021-09-08,1037.22,KOSDAQ,-0.016321614521589867
2021-09-09,1034.62,KOSDAQ,-0.002506700603536527
2021-09-10,1037.91,KOSDAQ,0.0031799114650792326
2021-09-13,1026.34,KOSDAQ,-0.011147401990538874
2021-09-14,1037.74,KOSDAQ,0.011107430286259934
2021-09-15,1042.79,KOSDAQ,0.004866344170986858
2021-09-16,1039.43,KOSDAQ,-0.003222125260119446
2021-09-17,1046.12,KOSDAQ,0.006436219851264413
2021-09-23,1036.26,KOSDAQ,-0.009425304936336087
2021-09-24,1037.03,KOSDAQ,0.0007430567618165185
2021-09-27,1034.82,KOSDAQ,-0.002131085889511386
2021-09-28,1012.51,KOSDAQ,-0.021559304999903328
2021-09-29,1001.46,KOSDAQ,-0.010913472459531226
2021-09-30,1003.27,KOSDAQ,0.0018073612525710825
2021-10-01,983.2,KOSDAQ,-0.020004585007026954
2021-10-05,955.37,KOSDAQ,-0.028305532953620816
2021-10-06,922.36,KOSDAQ,-0.034552058364822
2021-10-07,953.43,KOSDAQ,0.033685328938809045
2021-10-08,953.11,KOSDAQ,-0.000335630303220924
2021-10-12,940.15,KOSDAQ,-0.013597591044055779
2021-10-13,953.47,KOSDAQ,0.014167951922565702
2021-10-14,983.43,KOSDAQ,0.031422068864253694
2021-10-15,990.54,KOSDAQ,0.007229797748695921
2021-10-18,993.86,KOSDAQ,0.0033517071496356188
2021-10-19,1005.35,KOSDAQ,0.011560984444489275
2021-10-20,1001.62,KOSDAQ,-0.0037101506937882167
2021-10-21,993.7,KOSDAQ,-0.007907190351630344
2021-10-22,995.07,KOSDAQ,0.001378685720036188
2021-10-25,994.31,KOSDAQ,-0.0007637653632408536
2021-10-26,1011.76,KOSDAQ,0.017549858695980136
2021-10-27,1008.95,KOSDAQ,-0.0027773384992487715
2021-10-28,1000.13,KOSDAQ,-0.00874176123692949
2021-10-29,992.33,KOSDAQ,-0.007798986131802854
2021-11-01,998.57,KOSDAQ,0.006288230729696753
2021-11-02,1009.44,KOSDAQ,0.010885566359894572
2021-11-03,1005.0,KOSDAQ,-0.004398478364241565
2021-11-04,1001.43,KOSDAQ,-0.0035522388059702203
2021-11-05,1001.35,KOSDAQ,-7.988576335837827e-05
2021-11-08,1002.5,KOSDAQ,0.0011484495930493832
2021-11-09,1008.68,KOSDAQ,0.006164588528678294
2021-11-10,987.75,KOSDAQ,-0.020749890946583638
2021-11-11,992.65,KOSDAQ,0.004960769425461864
2021-11-12,1009.07,KOSDAQ,0.016541580617539076
2021-11-15,1029.03,KOSDAQ,0.01978059004826216
2021-11-16,1035.46,KOSDAQ,0.006248603053361057
2021-11-17,1031.26,KOSDAQ,-0.004056168273038119
2021-11-18,1032.77,KOSDAQ,0.0014642282256656092
2021-11-19,1041.92,KOSDAQ,0.008859668658075082
2021-11-22,1032.31,KOSDAQ,-0.009223356879606959
2021-11-23,1013.72,KOSDAQ,-0.018008156464627834
2021-11-24,1020.13,KOSDAQ,0.0063232450775361215
2021-11-25,1015.66,KOSDAQ,-0.004381794477174461
2021-11-26,1005.89,KOSDAQ,-0.009619360809719812
2021-11-29,992.34,KOSDAQ,-0.01347065782540835
2021-11-30,965.63,KOSDAQ,-0.02691617792288936
2021-12-01,977.15,KOSDAQ,0.011930035313733045
2021-12-02,977.43,KOSDAQ,0.00028654761295610065
2021-12-03,998.47,KOSDAQ,0.02152583816743925
2021-12-06,991.87,KOSDAQ,-0.0066101134736146205
2021-12-07,996.64,KOSDAQ,0.004809097966467446
2021-12-08,1006.04,KOSDAQ,0.009431690480012911
2021-12-09,1022.87,KOSDAQ,0.016728957099121367
2021-12-10,1011.57,KOSDAQ,-0.011047347170217048
2021-12-13,1005.96,KOSDAQ,-0.0055458346926066104
2021-12-14,1002.81,KOSDAQ,-0.0031313372301086106
2021-12-15,1003.52,KOSDAQ,0.0007080104905217155
2021-12-16,1007.86,KOSDAQ,0.004324776785714413
2021-12-17,1001.26,KOSDAQ,-0.006548528565475387
2021-12-20,990.51,KOSDAQ,-0.010736472045222989
2021-12-21,996.6,KOSDAQ,0.006148347820819522
2021-12-22,1000.13,KOSDAQ,0.003542042946016455
2021-12-23,1003.31,KOSDAQ,0.003179586653734967
2021-12-24,1007.42,KOSDAQ,0.004096440781014898
2021-12-27,1011.36,KOSDAQ,0.003910980524508112
2021-12-28,1027.44,KOSDAQ,0.015899383009017498
2021-12-29,1028.05,KOSDAQ,0.0005937086350540355
2021-12-30,1033.98,KOSDAQ,0.0057682019357034875
2022-01-03,1037.83,KOSDAQ,0.0037234762761366724
2022-01-04,1031.66,KOSDAQ,-0.005945096981201048
2022-01-05,1009.62,KOSDAQ,-0.021363627551712838
2022-01-06,980.3,KOSDAQ,-0.029040629147600083
2022-01-07,995.16,KOSDAQ,0.015158624910741603
2022-01-10,980.38,KOSDAQ,-0.014851883114273101
2022-01-11,969.92,KOSDAQ,-0.010669332299720558
2022-01-12,991.33,KOSDAQ,0.022073985483338943
2022-01-13,983.25,KOSDAQ,-0.008150666276618312
2022-01-14,971.39,KOSDAQ,-0.012062039155860682
2022-01-17,957.9,KOSDAQ,-0.013887316114022163
2022-01-18,943.94,KOSDAQ,-0.01457354629919605
2022-01-19,933.9,KOSDAQ,-0.010636269254401864
2022-01-20,958.7,KOSDAQ,0.026555305707249177
2022-01-21,942.85,KOSDAQ,-0.016532804839887394
2022-01-24,915.4,KOSDAQ,-0.0291138569231586
2022-01-25,889.44,KOSDAQ,-0.028359187240550532
2022-01-26,882.09,KOSDAQ,-0.008263626551538117
2022-01-27,849.23,KOSDAQ,-0.03725243455883187
2022-01-28,872.87,KOSDAQ,0.027836981736396593
2022-02-03,891.6,KOSDAQ,0.021457949064580095
2022-02-04,902.87,KOSDAQ,0.012640197397936204
2022-02-07,899.4,KOSDAQ,-0.003843299699846092
2022-02-08,895.27,KOSDAQ,-0.004591950189014926
2022-02-09,910.53,KOSDAQ,0.017045137221173512
2022-02-10,895.68,KOSDAQ,-0.016309182564001157
2022-02-11,877.42,KOSDAQ,-0.02038674526616646
2022-02-14,852.79,KOSDAQ,-0.02807093524195936
2022-02-15,839.92,KOSDAQ,-0.015091640380398452
2022-02-16,878.15,KOSDAQ,0.04551623964187068
2022-02-17,874.22,KOSDAQ,-0.004475317428685233
2022-02-18,881.71,KOSDAQ,0.00856763743680089
2022-02-21,884.25,KOSDAQ,0.0028807657846683377
2022-02-22,868.11,KOSDAQ,-0.018252756573367224
2022-02-23,877.33,KOSDAQ,0.010620773865063216
2022-02-24,848.21,KOSDAQ,-0.03319161546966365
2022-02-25,872.98,KOSDAQ,0.029202673866141726
2022-02-28,881.07,KOSDAQ,0.009267108066622454
2022-03-02,895.45,KOSDAQ,0.016321064160622845
2022-03-03,912.32,KOSDAQ,0.018839689541571225
2022-03-04,900.96,KOSDAQ,-0.012451771308312876
2022-03-07,881.54,KOSDAQ,-0.021554786006038107
2022-03-08,870.14,KOSDAQ,-0.01293191460398846
2022-03-10,889.08,KOSDAQ,0.02176661226929011
2022-03-11,891.71,KOSDAQ,0.0029581140054888433
2022-03-14,872.44,KOSDAQ,-0.02161016473965749
2022-03-15,871.22,KOSDAQ,-0.0013983769657512912
2022-03-16,891.8,KOSDAQ,0.023622047244094446
2022-03-17,914.13,KOSDAQ,0.025039246467817966
2022-03-18,922.96,KOSDAQ,0.0096594576263771
2022-03-21,918.4,KOSDAQ,-0.004940625812603017
2022-03-22,924.67,KOSDAQ,0.006827090592334439
2022-03-23,930.57,KOSDAQ,0.00638065472006244
2022-03-24,931.75,KOSDAQ,0.0012680400184832408
2022-03-25,934.69,KOSDAQ,0.003155352830694902
2022-03-28,927.11,KOSDAQ,-0.008109640629513581
2022-03-29,937.83,KOSDAQ,0.011562813474129241
2022-03-30,939.07,KOSDAQ,0.0013222012518261383
2022-03-31,944.53,KOSDAQ,0.005814263047483115
2022-04-01,940.57,KOSDAQ,-0.0041925613797337835
2022-04-04,947.32,KOSDAQ,0.007176499356773114
2022-04-05,952.47,KOSDAQ,0.005436388970991857
2022-04-06,943.13,KOSDAQ,-0.009806083131227217
2022-04-07,927.95,KOSDAQ,-0.016095342105542088
2022-04-08,934.73,KOSDAQ,0.007306428148068367
2022-04-11,921.83,KOSDAQ,-0.01380077669487445
2022-04-12,913.82,KOSDAQ,-0.008689237711942521
2022-04-13,927.31,KOSDAQ,0.014762206999190175
2022-04-14,928.01,KOSDAQ,0.0007548716179055504
2022-04-15,924.44,KOSDAQ,-0.0038469413045116863
2022-04-18,918.23,KOSDAQ,-0.0067175803729826455
2022-04-19,931.56,KOSDAQ,0.014517059995861503
2022-04-20,928.93,KOSDAQ,-0.0028232212632572917
2022-04-21,929.68,KOSDAQ,0.0008073805345936158
2022-04-22,922.78,KOSDAQ,-0.007421908613716499
2022-04-25,899.84,KOSDAQ,-0.024859663191659886
2022-04-26,911.16,KOSDAQ,0.012580014224750968
2022-04-27,896.18,KOSDAQ,-0.016440581237104346
2022-04-28,892.22,KOSDAQ,-0.004418755160793486
2022-04-29,904.75,KOSDAQ,0.014043621528322614
2022-05-02,901.82,KOSDAQ,-0.0032384636639954945
2022-05-03,907.57,KOSDAQ,0.006375995209687124
2022-05-04,900.06,KOSDAQ,-0.008274843813700472
2022-05-06,884.22,KOSDAQ,-0.017598826744883556
2022-05-09,860.84,KOSDAQ,-0.026441383366130555
2022-05-10,856.14,KOSDAQ,-0.005459783467311019
2022-05-11,866.34,KOSDAQ,0.011913939308991539
2022-05-12,833.66,KOSDAQ,-0.037721910566290484
2022-05-13,853.08,KOSDAQ,0.023294868411582792
2022-05-16,856.25,KOSDAQ,0.0037159469217422636
2022-05-17,865.98,KOSDAQ,0.01136350364963512
2022-05-18,871.57,KOSDAQ,0.006455114436823006
2022-05-19,863.8,KOSDAQ,-0.008914946590635409
2022-05-20,879.88,KOSDAQ,0.018615420236165914
2022-05-23,883.59,KOSDAQ,0.004216484066009052
2022-05-24,865.07,KOSDAQ,-0.02095994748695662
2022-05-25,872.69,KOSDAQ,0.008808535725432609
2022-05-26,871.43,KOSDAQ,-0.00144381166278984
2022-05-27,873.97,KOSDAQ,0.0029147493200831764
2022-05-30,886.44,KOSDAQ,0.014268224309758937
2022-05-31,893.36,KOSDAQ,0.00780650692658269
2022-06-02,891.14,KOSDAQ,-0.0024850004477479093
2022-06-03,891.51,KOSDAQ,0.0004151985097740063
2022-06-07,873.78,KOSDAQ,-0.019887606420567416
2022-06-08,874.95,KOSDAQ,0.00133900981940549
2022-06-09,877.18,KOSDAQ,0.0025487170695466244
2022-06-10,869.86,KOSDAQ,-0.008344923504867818
2022-06-13,828.77,KOSDAQ,-0.04723748649207926
2022-06-14,823.58,KOSDAQ,-0.006262292312704254
2022-06-15,799.41,KOSDAQ,-0.029347482940333736
2022-06-16,802.15,KOSDAQ,0.0034275278017537048
2022-06-17,798.69,KOSDAQ,-0.004313407716761142
2022-06-20,769.92,KOSDAQ,-0.03602148518198567
2022-06-21,778.3,KOSDAQ,0.010884247714048279
2022-06-22,746.96,KOSDAQ,-0.04026724913272506
2022-06-23,714.38,KOSDAQ,-0.04361679340259195
2022-06-24,750.3,KOSDAQ,0.05028136286010243
2022-06-27,770.6,KOSDAQ,0.027055844328935263
2022-06-28,769.51,KOSDAQ,-0.00141448222164553
2022-06-29,762.35,KOSDAQ,-0.00930462242206076
2022-06-30,745.44,KOSDAQ,-0.02218141273693186
2022-07-01,729.48,KOSDAQ,-0.021410173857050907
2022-07-04,722.73,KOSDAQ,-0.00925316663924991
2022-07-05,750.95,KOSDAQ,0.039046393535622004
2022-07-06,744.63,KOSDAQ,-0.008416006391903652
2022-07-07,757.97,KOSDAQ,0.01791493762002605
2022-07-08,766.48,KOSDAQ,0.011227357283269734
2022-07-11,767.04,KOSDAQ,0.0007306126709110128
2022-07-12,750.78,KOSDAQ,-0.021198372966207746
2022-07-13,763.18,KOSDAQ,0.016516156530541615
2022-07-14,766.08,KOSDAQ,0.0037998899342226444
2022-07-15,762.39,KOSDAQ,-0.004816729323308344
2022-07-18,776.72,KOSDAQ,0.01879615419929448
2022-07-19,782.33,KOSDAQ,0.007222679987640257
2022-07-20,790.72,KOSDAQ,0.01072437462451914
2022-07-21,795.15,KOSDAQ,0.005602488870902311
2022-07-22,789.75,KOSDAQ,-0.006791171477079749
2022-07-25,789.69,KOSDAQ,-7.597340930665109e-05
2022-07-26,789.93,KOSDAQ,0.0003039167268166221
2022-07-27,795.7,KOSDAQ,0.007304444697631585
2022-07-28,798.32,KOSDAQ,0.0032926982531105153
2022-07-29,803.62,KOSDAQ,0.006638941777733276
2022-08-01,807.61,KOSDAQ,0.004965033224658466
2022-08-02,804.34,KOSDAQ,-0.004048984039325854
2022-08-03,815.36,KOSDAQ,0.013700673844394107
2022-08-04,825.16,KOSDAQ,0.012019230769230616
2022-08-05,831.64,KOSDAQ,0.007853022444131996
2022-08-08,830.86,KOSDAQ,-0.0009379058246355987
2022-08-09,833.65,KOSDAQ,0.003357966444407001
2022-08-10,820.27,KOSDAQ,-0.01604990103760573
2022-08-11,832.15,KOSDAQ,0.014483036073487998
2022-08-12,831.63,KOSDAQ,-0.0006248873400228616
2022-08-16,834.74,KOSDAQ,0.003739643831992545
2022-08-17,827.42,KOSDAQ,-0.008769197594460598
2022-08-18,826.06,KOSDAQ,-0.0016436634357400726
2022-08-19,814.17,KOSDAQ,-0.01439362758153162
2022-08-22,795.87,KOSDAQ,-0.022476878293231084
2022-08-23,783.42,KOSDAQ,-0.015643258321082598
2022-08-24,793.14,KOSDAQ,0.012407137933675427
2022-08-25,807.37,KOSDAQ,0.017941347050961953
2022-08-26,802.45,KOSDAQ,-0.006093860311876753
2022-08-29,779.89,KOSDAQ,-0.028113901177643563
2022-08-30,797.02,KOSDAQ,0.021964636038415586
2022-08-31,807.04,KOSDAQ,0.012571830066999468
2022-09-01,788.32,KOSDAQ,-0.02319587628865971
2022-09-02,785.88,KOSDAQ,-0.0030951897706515963
2022-09-05,771.43,KOSDAQ,-0.018387031098895612
2022-09-06,779.46,KOSDAQ,0.010409239982889007
2022-09-07,768.19,KOSDAQ,-0.014458727837220575
2022-09-08,777.81,KOSDAQ,0.012522943542613074
2022-09-13,796.79,KOSDAQ,0.024401846209228584
2022-09-14,782.93,KOSDAQ,-0.01739479662144361
2022-09-15,781.38,KOSDAQ,-0.001979742761166303
2022-09-16,770.04,KOSDAQ,-0.014512785072563927
2022-09-19,751.91,KOSDAQ,-0.023544231468495158
2022-09-20,760.35,KOSDAQ,0.011224747642670119
2022-09-21,754.89,KOSDAQ,-0.007180903531268545
2022-09-22,751.41,KOSDAQ,-0.004609943170528208
2022-09-23,729.36,KOSDAQ,-0.029344831716373143
2022-09-26,692.37,KOSDAQ,-0.05071569595261605
2022-09-27,698.11,KOSDAQ,0.008290364978263076
2022-09-28,673.87,KOSDAQ,-0.034722321697153724
2022-09-29,675.07,KOSDAQ,0.0017807589000846669
2022-09-30,672.65,KOSDAQ,-0.003584813426755873
2022-10-04,696.79,KOSDAQ,0.03588790604326175
2022-10-05,685.34,KOSDAQ,-0.0164324975961192
2022-10-06,706.01,KOSDAQ,0.03016021244929523
2022-10-07,698.49,KOSDAQ,-0.010651407203863927
2022-10-11,669.5,KOSDAQ,-0.04150381537316217
2022-10-12,671.67,KOSDAQ,0.0032412247946227435
2022-10-13,651.59,KOSDAQ,-0.02989563327229139
2022-10-14,678.24,KOSDAQ,0.040899952424070296
2022-10-17,682.0,KOSDAQ,0.005543760320830371
2022-10-18,697.09,KOSDAQ,0.02212609970674495
2022-10-19,690.56,KOSDAQ,-0.009367513520492476
2022-10-20,680.44,KOSDAQ,-0.014654772937905292
2022-10-21,674.48,KOSDAQ,-0.008759038269355202
2022-10-24,688.5,KOSDAQ,0.02078638358439089
2022-10-25,688.85,KOSDAQ,0.0005083514887436191
2022-10-26,683.17,KOSDAQ,-0.008245626769253223
2022-10-27,695.09,KOSDAQ,0.017448072954023175
2022-10-28,687.63,KOSDAQ,-0.010732423139449665
2022-10-31,695.33,KOSDAQ,0.011197882582202778
2022-11-01,700.05,KOSDAQ,0.0067881437590782134
2022-11-02,697.37,KOSDAQ,-0.0038282979787157556
2022-11-03,694.13,KOSDAQ,-0.00464602721654217
2022-11-04,693.89,KOSDAQ,-0.0003457565585697209
2022-11-07,700.48,KOSDAQ,0.009497182550548322
2022-11-08,713.33,KOSDAQ,0.018344563727729524
2022-11-09,714.6,KOSDAQ,0.0017803821513184825
2022-11-10,707.78,KOSDAQ,-0.009543800727679908
2022-11-11,731.22,KOSDAQ,0.03311763542343682
2022-11-14,729.54,KOSDAQ,-0.0022975301550833827
2022-11-15,744.96,KOSDAQ,0.021136606628834764
2022-11-16,743.1,KOSDAQ,-0.0024967783505154273
2022-11-17,737.54,KOSDAQ,-0.0074821692908088044
2022-11-18,731.92,KOSDAQ,-0.007619925698945096
2022-11-21,718.57,KOSDAQ,-0.018239698327686016
2022-11-22,712.26,KOSDAQ,-0.008781329585148323
2022-11-23,725.59,KOSDAQ,0.018715075955409555
2022-11-24,738.22,KOSDAQ,0.017406524345704888
2022-11-25,733.56,KOSDAQ,-0.006312481374116219
2022-11-28,717.9,KOSDAQ,-0.02134794699820053
2022-11-29,727.54,KOSDAQ,0.013428054046524585
2022-11-30,729.54,KOSDAQ,0.002748989746268249
2022-12-01,740.6,KOSDAQ,0.015160237958165457
2022-12-02,732.95,KOSDAQ,-0.01032946259789358
2022-12-05,733.32,KOSDAQ,0.0005048093321509128
2022-12-06,719.44,KOSDAQ,-0.018927616865761165
2022-12-07,718.14,KOSDAQ,-0.0018069609696431677
2022-12-08,712.52,KOSDAQ,-0.007825772133567277
2022-12-09,719.49,KOSDAQ,0.00978218155279853
2022-12-12,715.22,KOSDAQ,-0.005934759343423801
2022-12-13,715.16,KOSDAQ,-8.389027152488904e-05
2022-12-14,729.0,KOSDAQ,0.0193523127691706
2022-12-15,722.68,KOSDAQ,-0.008669410150891732
2022-12-16,717.41,KOSDAQ,-0.007292300880057501
2022-12-19,717.22,KOSDAQ,-0.00026484158291628646
2022-12-20,703.13,KOSDAQ,-0.019645297119433414
2022-12-21,705.7,KOSDAQ,0.0036550851193948297
2022-12-22,715.02,KOSDAQ,0.0132067450758111
2022-12-23,691.25,KOSDAQ,-0.033243825347542666
2022-12-26,694.68,KOSDAQ,0.0049620253164557315
2022-12-27,704.19,KOSDAQ,0.01368975643461745
2022-12-28,692.37,KOSDAQ,-0.016785242619179574
2022-12-29,679.29,KOSDAQ,-0.018891633086355664
2023-01-02,671.51,KOSDAQ,-0.011453134890841876
2023-01-03,674.95,KOSDAQ,0.005122782981638485
2023-01-04,683.67,KOSDAQ,0.012919475516704804
2023-01-05,679.92,KOSDAQ,-0.005485102461713964
2023-01-06,688.94,KOSDAQ,0.013266266619602396
2023-01-09,701.21,KOSDAQ,0.017809968937788412
2023-01-10,696.05,KOSDAQ,-0.007358708518133028
2023-01-11,709.77,KOSDAQ,0.01971122764169242
2023-01-12,710.82,KOSDAQ,0.0014793524662919388
2023-01-13,711.82,KOSDAQ,0.0014068259193606991
2023-01-16,716.89,KOSDAQ,0.007122587170913963
2023-01-17,709.71,KOSDAQ,-0.010015483546987558
2023-01-18,711.75,KOSDAQ,0.002874413492835126
2023-01-19,712.89,KOSDAQ,0.0016016859852476806
2023-01-20,717.97,KOSDAQ,0.007125924055604749
2023-01-25,732.35,KOSDAQ,0.02002869200662971
2023-01-26,738.94,KOSDAQ,0.008998429712569145
2023-01-27,741.25,KOSDAQ,0.0031260995480011378
2023-01-30,738.62,KOSDAQ,-0.003548060708263079
2023-01-31,740.49,KOSDAQ,0.002531748395656841
2023-02-01,750.96,KOSDAQ,0.014139286148361352
2023-02-02,764.62,KOSDAQ,0.01819005006924468
2023-02-03,766.79,KOSDAQ,0.0028380110381627244
2023-02-06,761.33,KOSDAQ,-0.007120593643631157
2023-02-07,772.79,KOSDAQ,0.015052605309129996
2023-02-08,779.98,KOSDAQ,0.009303950620479062
2023-02-09,784.58,KOSDAQ,0.005897587117618341
2023-02-10,772.44,KOSDAQ,-0.015473246832700238
2023-02-13,772.55,KOSDAQ,0.00014240588265734822
2023-02-14,779.58,KOSDAQ,0.009099734645007018
2023-02-15,765.46,KOSDAQ,-0.01811231688858106
2023-02-16,784.71,KOSDAQ,0.025148276853134144
2023-02-17,775.62,KOSDAQ,-0.01158389723592157
2023-02-20,788.89,KOSDAQ,0.017108893530336955
2023-02-21,793.42,KOSDAQ,0.005742245433457027
2023-02-22,778.51,KOSDAQ,-0.01879206473242412
2023-02-23,783.28,KOSDAQ,0.006127088926282331
2023-02-24,778.88,KOSDAQ,-0.005617403738126803
2023-02-27,780.3,KOSDAQ,0.0018231306491371946
2023-02-28,791.6,KOSDAQ,0.014481609637319037
2023-03-02,787.19,KOSDAQ,-0.005570995452248595
2023-03-03,802.42,KOSDAQ,0.019347298619138753
2023-03-06,816.51,KOSDAQ,0.0175593828668279
2023-03-07,815.76,KOSDAQ,-0.0009185435573354495
2023-03-08,813.95,KOSDAQ,-0.0022187898401490047
2023-03-09,809.22,KOSDAQ,-0.005811167762147629
2023-03-10,788.6,KOSDAQ,-0.02548132769827738
2023-03-13,788.89,KOSDAQ,0.00036774029926456286
2023-03-14,758.05,KOSDAQ,-0.03909290268605259
2023-03-15,781.17,KOSDAQ,0.030499307433546674
2023-03-16,781.98,KOSDAQ,0.0010369061791928313
2023-03-17,797.39,KOSDAQ,0.019706386352592142
2023-03-20,802.2,KOSDAQ,0.006032179987208286
2023-03-21,802.53,KOSDAQ,0.0004113687359759144
2023-03-22,813.43,KOSDAQ,0.013582046777067536
2023-03-23,812.19,KOSDAQ,-0.0015244089841779385
2023-03-24,824.11,KOSDAQ,0.014676368829953601
2023-03-27,827.69,KOSDAQ,0.004344080280545226
2023-03-28,833.51,KOSDAQ,0.007031618117894212
2023-03-29,843.94,KOSDAQ,0.01251334717039998
2023-03-30,850.48,KOSDAQ,0.007749366068677821
2023-03-31,847.52,KOSDAQ,-0.003480387545856445
2023-04-03,854.96,KOSDAQ,0.008778553898433072
2023-04-04,857.18,KOSDAQ,0.002596612707027157
2023-04-05,872.36,KOSDAQ,0.017709232599920854
2023-04-06,865.58,KOSDAQ,-0.007772020725388518
2023-04-07,880.07,KOSDAQ,0.016740220430231822
2023-04-10,887.78,KOSDAQ,0.008760666765143643
2023-04-11,898.94,KOSDAQ,0.01257068192570232
2023-04-12,890.62,KOSDAQ,-0.009255345184328245
2023-04-13,894.25,KOSDAQ,0.004075812355437858
2023-04-14,903.84,KOSDAQ,0.010724070450097933
2023-04-17,909.5,KOSDAQ,0.006262170295627589
2023-04-18,909.02,KOSDAQ,-0.0005277625068719205
2023-04-19,909.2,KOSDAQ,0.0001980154452048133
2023-04-20,885.71,KOSDAQ,-0.025835899692036923
2023-04-21,868.82,KOSDAQ,-0.019069447110227955
2023-04-24,855.23,KOSDAQ,-0.015641905112681598
2023-04-25,838.71,KOSDAQ,-0.019316441191258416
2023-04-26,830.44,KOSDAQ,-0.009860380822930392
2023-04-27,850.21,KOSDAQ,0.023806656712104468
2023-04-28,842.83,KOSDAQ,-0.008680208419096447
2023-05-02,855.61,KOSDAQ,0.01516320017085282
2023-05-03,843.18,KOSDAQ,-0.01452764694194797
2023-05-04,845.06,KOSDAQ,0.0022296544035673715
2023-05-08,842.28,KOSDAQ,-0.00328970723972255
2023-05-09,835.85,KOSDAQ,-0.007634040936505659
2023-05-10,829.74,KOSDAQ,-0.007309924029431092
2023-05-11,824.54,KOSDAQ,-0.006267023404922023
2023-05-12,822.43,KOSDAQ,-0.0025590025953865503
2023-05-15,814.53,KOSDAQ,-0.009605680726627153
2023-05-16,816.75,KOSDAQ,0.002725498140031757
2023-05-17,834.19,KOSDAQ,0.021352923171105154
2023-05-18,835.89,KOSDAQ,0.0020379050336254423
2023-05-19,841.72,KOSDAQ,0.006974601921305501
2023-05-22,852.04,KOSDAQ,0.012260609228722075
2023-05-23,859.16,KOSDAQ,0.00835641519177499
2023-05-24,855.46,KOSDAQ,-0.004306531961450588
2023-05-25,847.72,KOSDAQ,-0.009047763776213968
2023-05-26,843.23,KOSDAQ,-0.005296560184966714
2023-05-30,851.5,KOSDAQ,0.009807525823322116
2023-05-31,856.94,KOSDAQ,0.0063887257780388396
2023-06-01,863.78,KOSDAQ,0.00798188904707442
2023-06-02,868.06,KOSDAQ,0.004954965384704302
2023-06-05,870.28,KOSDAQ,0.0025574269059742694
2023-06-07,880.72,KOSDAQ,0.01199613917359943
2023-06-08,876.13,KOSDAQ,-0.005211645017712763
2023-06-09,883.71,KOSDAQ,0.008651684110805524
2023-06-12,885.76,KOSDAQ,0.0023197655339419754
2023-06-13,896.81,KOSDAQ,0.012475162572254339
2023-06-14,871.83,KOSDAQ,-0.02785428351601782
2023-06-15,878.04,KOSDAQ,0.007122948281201413
2023-06-16,887.95,KOSDAQ,0.011286501753906553
2023-06-19,888.61,KOSDAQ,0.0007432850948814185
2023-06-20,886.41,KOSDAQ,-0.0024757767749632453
2023-06-21,875.7,KOSDAQ,-0.012082444918265711
2023-06-22,876.38,KOSDAQ,0.000776521639830996
2023-06-23,874.84,KOSDAQ,-0.001757228599465921
2023-06-26,879.5,KOSDAQ,0.005326688308719296
2023-06-27,874.14,KOSDAQ,-0.0060943718021603255
2023-06-28,866.97,KOSDAQ,-0.008202347450065206
2023-06-29,861.79,KOSDAQ,-0.005974831885763088
2023-06-30,868.24,KOSDAQ,0.0074844219589460526
2023-07-03,889.29,KOSDAQ,0.024244448539574304
2023-07-04,890.0,KOSDAQ,0.0007983897266359286
2023-07-05,891.18,KOSDAQ,0.0013258426966291648
2023-07-06,870.53,KOSDAQ,-0.023171525393298698
2023-07-07,867.27,KOSDAQ,-0.003744845094367788
2023-07-10,860.35,KOSDAQ,-0.007979060730798904
2023-07-11,878.73,KOSDAQ,0.021363398616842
2023-07-12,879.88,KOSDAQ,0.0013087068837982496
2023-07-13,893.07,KOSDAQ,0.014990680547347424
2023-07-14,896.28,KOSDAQ,0.0035943431086027378
2023-07-17,898.29,KOSDAQ,0.0022426027580666474
2023-07-18,914.14,KOSDAQ,0.01764463591935783
2023-07-19,923.72,KOSDAQ,0.010479795217362753
2023-07-20,931.6,KOSDAQ,0.008530723595894907
2023-07-21,934.58,KOSDAQ,0.0031987977672820467
2023-07-24,929.9,KOSDAQ,-0.005007596995441843
2023-07-25,939.96,KOSDAQ,0.010818367566405085
2023-07-26,900.63,KOSDAQ,-0.041842206051321384
2023-07-27,883.79,KOSDAQ,-0.01869802249536434
2023-07-28,913.74,KOSDAQ,0.03388814084793901
2023-07-31,935.97,KOSDAQ,0.02432858362335022
2023-08-01,939.67,KOSDAQ,0.003953118155496371
2023-08-02,909.76,KOSDAQ,-0.031830323411410344
2023-08-03,920.32,KOSDAQ,0.011607456911713054
2023-08-04,918.43,KOSDAQ,-0.002053633518776188
2023-08-07,898.22,KOSDAQ,-0.02200494321831814
2023-08-08,892.34,KOSDAQ,-0.006546280421277584
2023-08-09,908.98,KOSDAQ,0.018647600690319788
2023-08-10,911.29,KOSDAQ,0.002541310039824829
2023-08-11,912.2,KOSDAQ,0.0009985844242776931
2023-08-14,901.68,KOSDAQ,-0.011532558649419045
2023-08-16,878.29,KOSDAQ,-0.0259404666844113
2023-08-17,886.04,KOSDAQ,0.008823964749683944
2023-08-18,877.32,KOSDAQ,-0.009841542142566828
2023-08-21,888.71,KOSDAQ,0.012982720102129086
2023-08-22,893.33,KOSDAQ,0.005198546207424215
2023-08-23,882.87,KOSDAQ,-0.011708998914175095
2023-08-24,901.74,KOSDAQ,0.021373475143565912
2023-08-25,899.38,KOSDAQ,-0.0026171623749640105
2023-08-28,909.38,KOSDAQ,0.011118770708710368
2023-08-29,916.24,KOSDAQ,0.007543601134839095
2023-08-30,923.81,KOSDAQ,0.008262027416397366
2023-08-31,928.4,KOSDAQ,0.004968554139920478
2023-09-01,919.74,KOSDAQ,-0.009327875915553618
2023-09-04,919.16,KOSDAQ,-0.0006306129993259857
2023-09-05,921.48,KOSDAQ,0.002524043692066824
2023-09-06,917.95,KOSDAQ,-0.0038307939401831526
2023-09-07,906.36,KOSDAQ,-0.012625960019608917
2023-09-08,914.18,KOSDAQ,0.008627918266472356
2023-09-11,912.55,KOSDAQ,-0.0017830186615327426
2023-09-12,898.04,KOSDAQ,-0.015900498602816282
2023-09-13,882.72,KOSDAQ,-0.017059373747271733
2023-09-14,899.47,KOSDAQ,0.018975439550480422
2023-09-15,899.03,KOSDAQ,-0.0004891769597652473
2023-09-18,891.29,KOSDAQ,-0.008609278889469718
2023-09-19,883.89,KOSDAQ,-0.008302572675560116
2023-09-20,882.72,KOSDAQ,-0.0013236941248344625
2023-09-21,860.68,KOSDAQ,-0.024968279862244036
2023-09-22,857.35,KOSDAQ,-0.0038690337872379077
2023-09-25,839.17,KOSDAQ,-0.021204875488423758
2023-09-26,827.82,KOSDAQ,-0.01352526901581319
2023-09-27,841.02,KOSDAQ,0.01594549539755019
2023-10-04,807.4,KOSDAQ,-0.03997526812679841
2023-10-05,801.02,KOSDAQ,-0.007901907356948179
2023-10-06,816.39,KOSDAQ,0.01918803525504975
2023-10-10,795.0,KOSDAQ,-0.026200712894572376
2023-10-11,817.12,KOSDAQ,0.027823899371069105
2023-10-12,835.49,KOSDAQ,0.022481398081065196
2023-10-13,822.78,KOSDAQ,-0.015212629714299486
2023-10-16,810.54,KOSDAQ,-0.014876394661999526
2023-10-17,820.38,KOSDAQ,0.012140054778295939
2023-10-18,808.89,KOSDAQ,-0.014005704673443975
2023-10-19,784.04,KOSDAQ,-0.030721111646824673
2023-10-20,769.25,KOSDAQ,-0.018863833477883785
2023-10-23,763.69,KOSDAQ,-0.0072278193045173245
2023-10-24,784.86,KOSDAQ,0.027720672000419055
2023-10-25,770.84,KOSDAQ,-0.01786305837983837
2023-10-26,743.85,KOSDAQ,-0.035013751232421786
2023-10-27,748.49,KOSDAQ,0.006237816764132598
2023-10-30,757.12,KOSDAQ,0.011529880158719585
2023-10-31,736.1,KOSDAQ,-0.02776310228233303
2023-11-01,739.23,KOSDAQ,0.004252139654938203
2023-11-02,772.84,KOSDAQ,0.04546622837276626
2023-11-03,782.05,KOSDAQ,0.01191708503700628
2023-11-06,839.45,KOSDAQ,0.07339684163416682
2023-11-07,824.37,KOSDAQ,-0.017964143188992865
2023-11-08,811.02,KOSDAQ,-0.016194184650096477
2023-11-09,802.87,KOSDAQ,-0.0100490740055732
2023-11-10,789.31,KOSDAQ,-0.016889409244336018
2023-11-13,774.42,KOSDAQ,-0.0188645779224893
2023-11-14,794.19,KOSDAQ,0.025528782831022
2023-11-15,809.36,KOSDAQ,0.01910122262934566
2023-11-16,811.11,KOSDAQ,0.0021622022338638747
2023-11-17,799.06,KOSDAQ,-0.014856184734499678
2023-11-20,813.08,KOSDAQ,0.01754561609891625
2023-11-21,817.01,KOSDAQ,0.0048334727210113115
2023-11-22,814.61,KOSDAQ,-0.0029375405441793845
2023-11-23,815.98,KOSDAQ,0.0016817863763027852
2023-11-24,815.0,KOSDAQ,-0.001201009828672328
2023-11-27,810.25,KOSDAQ,-0.005828220858895672
2023-11-28,816.44,KOSDAQ,0.007639617402036558
2023-11-29,822.44,KOSDAQ,0.007348978491989566
2023-11-30,831.68,KOSDAQ,0.011234862117601052
2023-12-01,827.24,KOSDAQ,-0.005338591766063772
2023-12-04,828.52,KOSDAQ,0.0015473139596731134
2023-12-05,813.38,KOSDAQ,-0.018273548013324925
2023-12-06,819.54,KOSDAQ,0.007573335956133631
2023-12-07,813.2,KOSDAQ,-0.007736047050784456
2023-12-08,830.37,KOSDAQ,0.02111411706837174
2023-12-11,835.25,KOSDAQ,0.005876898250177565
2023-12-12,839.53,KOSDAQ,0.005124214307093755
2023-12-13,829.31,KOSDAQ,-0.012173478017462158
2023-12-14,840.59,KOSDAQ,0.013601668857242899
2023-12-15,838.31,KOSDAQ,-0.002712380589823926
2023-12-18,850.96,KOSDAQ,0.015089883217425548
2023-12-19,858.3,KOSDAQ,0.008625552317382601
2023-12-20,862.98,KOSDAQ,0.0054526389374345285
2023-12-21,859.44,KOSDAQ,-0.004102064937773764
2023-12-22,854.62,KOSDAQ,-0.0056083030810760715
2023-12-26,848.34,KOSDAQ,-0.00734829514872104
2023-12-27,859.79,KOSDAQ,0.013496946978805546
2023-12-28,866.57,KOSDAQ,0.007885646495074505
2024-01-02,878.93,KOSDAQ,0.014263129349042725
2024-01-03,871.57,KOSDAQ,-0.008373818165269054
2024-01-04,866.25,KOSDAQ,-0.0061039273953900075
2024-01-05,878.33,KOSDAQ,0.013945165945165927
2024-01-08,879.34,KOSDAQ,0.0011499094873226312
2024-01-09,884.64,KOSDAQ,0.0060272477085085985
2024-01-10,875.46,KOSDAQ,-0.010377102550189865
2024-01-11,882.53,KOSDAQ,0.008075754460512119
2024-01-12,868.08,KOSDAQ,-0.01637338107486419
2024-01-15,859.71,KOSDAQ,-0.009641968482167584
2024-01-16,854.83,KOSDAQ,-0.005676332716846422
2024-01-17,833.05,KOSDAQ,-0.02547875016085077
2024-01-18,840.33,KOSDAQ,0.00873897125022527
2024-01-19,842.67,KOSDAQ,0.0027846203277281933
2024-01-22,839.69,KOSDAQ,-0.0035363784162245615
2024-01-23,840.11,KOSDAQ,0.0005001845919327952
2024-01-24,836.21,KOSDAQ,-0.004642249229267592
2024-01-25,823.74,KOSDAQ,-0.014912521974145276
2024-01-26,837.24,KOSDAQ,0.01638866632675362
2024-01-29,819.14,KOSDAQ,-0.02161865176054656
2024-01-30,818.86,KOSDAQ,-0.0003418219107844678
2024-01-31,799.24,KOSDAQ,-0.02396013970642108
2024-02-01,798.73,KOSDAQ,-0.0006381062008908867
2024-02-02,814.77,KOSDAQ,0.020081879984475304
2024-02-05,807.99,KOSDAQ,-0.008321366766081195
2024-02-06,807.03,KOSDAQ,-0.0011881335165039308
2024-02-07,811.92,KOSDAQ,0.0060592543028139545
2024-02-08,826.58,KOSDAQ,0.018055966105035015
2024-02-13,845.15,KOSDAQ,0.022466064990684487
2024-02-14,853.3,KOSDAQ,0.009643258593149184
2024-02-15,859.21,KOSDAQ,0.0069260517988984915
2024-02-16,857.6,KOSDAQ,-0.001873814317803535
2024-02-19,858.47,KOSDAQ,0.0010144589552238958
2024-02-20,866.17,KOSDAQ,0.008969445641664686
2024-02-21,864.07,KOSDAQ,-0.0024244663287805723
2024-02-22,870.11,KOSDAQ,0.006990174407166094
2024-02-23,868.57,KOSDAQ,-0.0017698911631862657
2024-02-26,867.4,KOSDAQ,-0.0013470416892134018
2024-02-27,853.75,KOSDAQ,-0.015736684344016538
2024-02-28,863.39,KOSDAQ,0.011291361639824249
2024-02-29,862.96,KOSDAQ,-0.000498036808394775
2024-03-04,872.97,KOSDAQ,0.011599610642439862
2024-03-05,866.37,KOSDAQ,-0.007560397264510854
2024-03-06,870.67,KOSDAQ,0.004963237415884558
2024-03-07,863.37,KOSDAQ,-0.008384347686264504
2024-03-08,873.18,KOSDAQ,0.01136245178776174
2024-03-11,875.93,KOSDAQ,0.003149407911312574
2024-03-12,889.71,KOSDAQ,0.015731850718664786
2024-03-13,889.93,KOSDAQ,0.0002472715828751859
2024-03-14,887.52,KOSDAQ,-0.0027080781634509776
2024-03-15,880.46,KOSDAQ,-0.007954750315485759
2024-03-18,894.48,KOSDAQ,0.015923494536946636
2024-03-19,891.91,KOSDAQ,-0.0028731777121904223
2024-03-20,891.45,KOSDAQ,-0.0005157471045283968
2024-03-21,904.29,KOSDAQ,0.014403499915867313
2024-03-22,903.98,KOSDAQ,-0.00034281038162531363
2024-03-25,913.69,KOSDAQ,0.010741388083807202
2024-03-26,916.09,KOSDAQ,0.0026267114666900238
2024-03-27,911.25,KOSDAQ,-0.005283323690903785
2024-03-28,910.05,KOSDAQ,-0.0013168724279836175
2024-03-29,905.5,KOSDAQ,-0.004999725289819179
2024-04-01,912.45,KOSDAQ,0.007675317504141299
2024-04-02,891.59,KOSDAQ,-0.02286152665899499
2024-04-03,879.96,KOSDAQ,-0.013044112204040004
2024-04-04,882.9,KOSDAQ,0.003341060957316122
2024-04-05,872.29,KOSDAQ,-0.012017215992751185
2024-04-08,860.57,KOSDAQ,-0.013435898611700137
2024-04-09,859.33,KOSDAQ,-0.001440905446390195
2024-04-11,858.1,KOSDAQ,-0.001431347677842032
2024-04-12,860.47,KOSDAQ,0.002761915860622244
2024-04-15,852.42,KOSDAQ,-0.009355352307459985
2024-04-16,832.81,KOSDAQ,-0.02300509138687501
2024-04-17,833.03,KOSDAQ,0.00026416589618283304
2024-04-18,855.65,KOSDAQ,0.02715388401378105
2024-04-19,841.91,KOSDAQ,-0.01605796762695033
2024-04-22,845.82,KOSDAQ,0.004644201874309806
2024-04-23,845.44,KOSDAQ,-0.00044926816580359574
2024-04-24,862.23,KOSDAQ,0.019859481453444294
2024-04-25,853.26,KOSDAQ,-0.01040325667165376
2024-04-26,856.82,KOSDAQ,0.004172233551320792
2024-04-29,869.72,KOSDAQ,0.015055670969398527
2024-04-30,868.93,KOSDAQ,-0.0009083383157798552
2024-05-02,867.48,KOSDAQ,-0.0016687189992288243
2024-05-03,865.59,KOSDAQ,-0.002178724581546554
2024-05-07,871.26,KOSDAQ,0.006550445360967716
2024-05-08,872.42,KOSDAQ,0.0013314050914767783
2024-05-09,870.15,KOSDAQ,-0.0026019577726323906
2024-05-10,864.16,KOSDAQ,-0.006883870597023556
2024-05-13,854.43,KOSDAQ,-0.011259488983521582
2024-05-14,862.15,KOSDAQ,0.00903526327493176
2024-05-16,870.37,KOSDAQ,0.009534303775445174
2024-05-17,855.06,KOSDAQ,-0.01759022025115764
2024-05-20,847.08,KOSDAQ,-0.00933267840853258
2024-05-21,846.51,KOSDAQ,-0.0006728998441706269
2024-05-22,845.72,KOSDAQ,-0.0009332435529408878
2024-05-23,846.58,KOSDAQ,0.0010168850210472424
2024-05-24,839.41,KOSDAQ,-0.00846937088048394
2024-05-27,847.99,KOSDAQ,0.010221465076660996
2024-05-28,851.01,KOSDAQ,0.003561362751919317
2024-05-29,838.45,KOSDAQ,-0.01475893350254398
2024-05-30,831.99,KOSDAQ,-0.007704693183851252
2024-05-31,839.98,KOSDAQ,0.009603480811067433
2024-06-03,844.72,KOSDAQ,0.005642991499797523
2024-06-04,845.84,KOSDAQ,0.0013258831328724074
2024-06-05,850.75,KOSDAQ,0.005804880355622766
2024-06-07,866.18,KOSDAQ,0.018136937995886004
2024-06-10,864.71,KOSDAQ,-0.0016971068369160403
2024-06-11,868.36,KOSDAQ,0.004221068335048761
2024-06-12,870.67,KOSDAQ,0.0026601870192086707
2024-06-13,871.33,KOSDAQ,0.0007580369141007015
2024-06-14,862.19,KOSDAQ,-0.010489711131259072
2024-06-17,858.96,KOSDAQ,-0.0037462740231272162
2024-06-18,858.95,KOSDAQ,-1.1641985657062648e-05
2024-06-19,861.17,KOSDAQ,0.0025845509051747317
2024-06-20,857.51,KOSDAQ,-0.00425003193329998
2024-06-21,852.67,KOSDAQ,-0.0056442490466583894
2024-06-24,841.52,KOSDAQ,-0.013076571240925539
2024-06-25,841.99,KOSDAQ,0.000558513166650787
2024-06-26,842.12,KOSDAQ,0.0001543961329706356
2024-06-27,838.65,KOSDAQ,-0.004120552890324425
2024-06-28,840.44,KOSDAQ,0.0021343826387647535
2024-07-01,847.15,KOSDAQ,0.007983913188329916
2024-07-02,829.91,KOSDAQ,-0.02035058726317651
2024-07-03,836.1,KOSDAQ,0.007458640093504165
2024-07-04,840.81,KOSDAQ,0.005633297452457775
2024-07-05,847.49,KOSDAQ,0.007944719972407643
2024-07-08,859.27,KOSDAQ,0.013899869025003175
2024-07-09,860.42,KOSDAQ,0.0013383453396487166
2024-07-10,858.55,KOSDAQ,-0.002173357197647663
2024-07-11,852.42,KOSDAQ,-0.007139945256537161
2024-07-12,850.37,KOSDAQ,-0.00240491776354379
2024-07-15,852.88,KOSDAQ,0.0029516563378293448
2024-07-16,839.61,KOSDAQ,-0.015559046993715353
2024-07-17,829.41,KOSDAQ,-0.012148497516704215
2024-07-18,822.48,KOSDAQ,-0.00835533692624868
2024-07-19,828.72,KOSDAQ,0.0075868106215348785
2024-07-22,809.96,KOSDAQ,-0.022637320204652922
2024-07-23,812.12,KOSDAQ,0.0026667983604127254
2024-07-24,814.25,KOSDAQ,0.0026227651086045967
2024-07-25,797.29,KOSDAQ,-0.02082898372735653
2024-07-26,797.56,KOSDAQ,0.0003386471672790492
2024-07-29,807.99,KOSDAQ,0.01307738602738362
2024-07-30,803.78,KOSDAQ,-0.005210460525501559
2024-07-31,803.15,KOSDAQ,-0.0007837965612480513
2024-08-01,813.53,KOSDAQ,0.012924111311710229
2024-08-02,779.33,KOSDAQ,-0.042039015156171144
2024-08-05,691.28,KOSDAQ,-0.11298166373679963
2024-08-06,732.87,KOSDAQ,0.060163754195116326
2024-08-07,748.54,KOSDAQ,0.02138169115941424
2024-08-08,745.28,KOSDAQ,-0.004355144681646883
2024-08-09,764.43,KOSDAQ,0.025695040790038703
2024-08-12,772.72,KOSDAQ,0.01084468165822905
2024-08-13,764.86,KOSDAQ,-0.01017186044103946
2024-08-14,776.83,KOSDAQ,0.015649922861700194
2024-08-16,786.33,KOSDAQ,0.012229187853198153
2024-08-19,777.47,KOSDAQ,-0.011267533987002976
2024-08-20,787.44,KOSDAQ,0.012823645928460303
2024-08-21,779.87,KOSDAQ,-0.00961343086457389
2024-08-22,773.47,KOSDAQ,-0.008206495954453885
2024-08-23,773.26,KOSDAQ,-0.00027150374287310264
2024-08-26,766.79,KOSDAQ,-0.008367172749140006
2024-08-27,764.95,KOSDAQ,-0.002399613975142989
2024-08-28,762.5,KOSDAQ,-0.0032028237139682947
2024-08-29,756.04,KOSDAQ,-0.008472131147541084
2024-08-30,767.66,KOSDAQ,0.015369557166287517
2024-09-02,769.21,KOSDAQ,0.002019123049266769
2024-09-03,760.37,KOSDAQ,-0.01149231029237796
2024-09-04,731.75,KOSDAQ,-0.03763957020924025
2024-09-05,725.28,KOSDAQ,-0.008841817560642284
2024-09-06,706.59,KOSDAQ,-0.02576935804103231
2024-09-09,714.46,KOSDAQ,0.011138000820843708
2024-09-10,706.2,KOSDAQ,-0.01156117907230636
2024-09-11,709.42,KOSDAQ,0.004559614839988457
2024-09-12,731.03,KOSDAQ,0.030461503763637987
2024-09-13,733.2,KOSDAQ,0.0029684144289565673
2024-09-19,739.51,KOSDAQ,0.008606110201854866
2024-09-20,748.33,KOSDAQ,0.011926816405457785
2024-09-23,755.12,KOSDAQ,0.009073537075888982
2024-09-24,767.35,KOSDAQ,0.016196101281915398
2024-09-25,759.3,KOSDAQ,-0.010490649638365879
2024-09-26,779.18,KOSDAQ,0.026182009745818524
2024-09-27,774.49,KOSDAQ,-0.006019148335429492
2024-09-30,763.88,KOSDAQ,-0.013699337628633068
2024-10-02,762.13,KOSDAQ,-0.0022909357490705773
2024-10-04,768.98,KOSDAQ,0.0089879679319802
2024-10-07,781.01,KOSDAQ,0.01564409997659233
2024-10-08,778.24,KOSDAQ,-0.0035466895430276146
2024-10-10,775.48,KOSDAQ,-0.003546463815789491
2024-10-11,770.98,KOSDAQ,-0.00580285758497967
2024-10-14,770.26,KOSDAQ,-0.0009338763651457471
2024-10-15,773.81,KOSDAQ,0.004608833380936206
2024-10-16,765.79,KOSDAQ,-0.010364301314276125
2024-10-17,765.06,KOSDAQ,-0.0009532639496467876
2024-10-18,753.22,KOSDAQ,-0.0154759103861134
2024-10-21,759.95,KOSDAQ,0.00893497251798947
2024-10-22,738.34,KOSDAQ,-0.028436081321139617
2024-10-23,745.19,KOSDAQ,0.009277568599832087
2024-10-24,734.59,KOSDAQ,-0.014224560179283197
2024-10-25,727.41,KOSDAQ,-0.009774159735362664
2024-10-28,740.48,KOSDAQ,0.017967858566695583
2024-10-29,744.18,KOSDAQ,0.004996758859118211
2024-10-30,738.19,KOSDAQ,-0.00804912789916401
2024-10-31,743.06,KOSDAQ,0.006597217518524934
2024-11-01,729.05,KOSDAQ,-0.018854466664872227
2024-11-04,754.08,KOSDAQ,0.034332350318908356
2024-11-05,751.81,KOSDAQ,-0.0030102906853385347
2024-11-06,743.31,KOSDAQ,-0.01130604807065616
2024-11-07,733.52,KOSDAQ,-0.013170817021162073
2024-11-08,743.38,KOSDAQ,0.01344203293707058
2024-11-11,728.84,KOSDAQ,-0.019559310177836298
2024-11-12,710.52,KOSDAQ,-0.025135832281433568
2024-11-13,689.65,KOSDAQ,-0.02937285368462539
2024-11-14,681.56,KOSDAQ,-0.011730587979409846
2024-11-15,685.42,KOSDAQ,0.005663477903632863
2024-11-18,689.55,KOSDAQ,0.006025502611537448
2024-11-19,686.12,KOSDAQ,-0.004974258574432566
2024-11-20,682.91,KOSDAQ,-0.004678481898210296
2024-11-21,680.67,KOSDAQ,-0.0032800808305633034
2024-11-22,677.01,KOSDAQ,-0.005377054960553518
2024-11-25,696.83,KOSDAQ,0.029275786177456853
2024-11-26,693.15,KOSDAQ,-0.005281058507814018
2024-11-27,692.0,KOSDAQ,-0.001659092548510377
2024-11-28,694.39,KOSDAQ,0.003453757225433396
2024-11-29,678.19,KOSDAQ,-0.02332982905859815
2024-12-02,675.84,KOSDAQ,-0.00346510564885949
2024-12-03,690.8,KOSDAQ,0.02213541666666652
2024-12-04,677.15,KOSDAQ,-0.019759698899826206
2024-12-05,670.94,KOSDAQ,-0.00917078933766513
2024-12-06,661.33,KOSDAQ,-0.014323188362595829
2024-12-09,627.01,KOSDAQ,-0.05189542285999438
2024-12-10,661.59,KOSDAQ,0.05515063555605182
2024-12-11,675.92,KOSDAQ,0.02165994044649988
2024-12-12,683.35,KOSDAQ,0.010992425139069839
2024-12-13,693.73,KOSDAQ,0.0151898734177216
2024-12-16,698.53,KOSDAQ,0.006919118388998502
2024-12-17,694.47,KOSDAQ,-0.005812205631826717
2024-12-18,697.57,KOSDAQ,0.004463835730845078
2024-12-19,684.36,KOSDAQ,-0.01893716759608355
2024-12-20,668.31,KOSDAQ,-0.02345256882342639
2024-12-23,679.24,KOSDAQ,0.016354685699750293
2024-12-24,680.11,KOSDAQ,0.0012808432954478643
2024-12-26,675.64,KOSDAQ,-0.006572466218700002
2024-12-27,665.97,KOSDAQ,-0.01431235569238054
2024-12-30,678.19,KOSDAQ,0.01834917488775778
2025-01-02,686.63,KOSDAQ,0.012444890075052673
2025-01-03,705.76,KOSDAQ,0.027860711008840244
2025-01-06,717.96,KOSDAQ,0.017286329630469277
2025-01-07,718.29,KOSDAQ,0.0004596356342971841
2025-01-08,719.63,KOSDAQ,0.0018655417728214996
2025-01-09,723.52,KOSDAQ,0.0054055556327556875
2025-01-10,717.89,KOSDAQ,-0.007781402034497953
2025-01-13,708.21,KOSDAQ,-0.01348395993815199
2025-01-14,718.04,KOSDAQ,0.01388006382287732
2025-01-15,711.61,KOSDAQ,-0.008954932872820343
2025-01-16,724.24,KOSDAQ,0.01774848582791133
2025-01-17,724.69,KOSDAQ,0.0006213409919364477
2025-01-20,727.66,KOSDAQ,0.004098304102443606
2025-01-21,726.07,KOSDAQ,-0.0021850864414697524
2025-01-22,732.31,KOSDAQ,0.008594212679218005
2025-01-23,724.01,KOSDAQ,-0.011333997897065351
2025-01-24,728.74,KOSDAQ,0.006533058935650038
2025-01-31,728.29,KOSDAQ,-0.0006175041853062613
2025-02-03,703.8,KOSDAQ,-0.03362671463290723
2025-02-04,719.92,KOSDAQ,0.022904234157431036
2025-02-05,730.98,KOSDAQ,0.015362818090899122
2025-02-06,740.32,KOSDAQ,0.012777367369832371
2025-02-07,742.9,KOSDAQ,0.003484979468337812
2025-02-10,749.67,KOSDAQ,0.009112935792165766
2025-02-11,749.59,KOSDAQ,-0.00010671362065961532
2025-02-12,745.18,KOSDAQ,-0.00588321615816656
2025-02-13,749.28,KOSDAQ,0.005502026356048129
2025-02-14,756.32,KOSDAQ,0.009395686525731417
2025-02-17,768.48,KOSDAQ,0.016077850645229486
2025-02-18,773.65,KOSDAQ,0.006727566104517857
2025-02-19,778.27,KOSDAQ,0.005971692625864389
2025-02-20,768.27,KOSDAQ,-0.012849011268582844
2025-02-21,774.65,KOSDAQ,0.00830437216082891
2025-02-24,773.33,KOSDAQ,-0.0017039953527399065
2025-02-25,769.43,KOSDAQ,-0.005043125185884567
2025-02-26,771.41,KOSDAQ,0.002573333506621811
2025-02-27,770.85,KOSDAQ,-0.0007259434023411115
2025-02-28,743.96,KOSDAQ,-0.034883570084971116
2025-03-04,737.9,KOSDAQ,-0.008145599225764855
2025-03-05,746.95,KOSDAQ,0.012264534489768275
2025-03-06,734.92,KOSDAQ,-0.016105495682442017
2025-03-07,727.7,KOSDAQ,-0.009824198552223273
2025-03-10,725.82,KOSDAQ,-0.002583482204205012
2025-03-11,721.5,KOSDAQ,-0.005951888898073965
2025-03-12,729.49,KOSDAQ,0.011074151074150995
2025-03-13,722.8,KOSDAQ,-0.009170790552303743
2025-03-14,734.26,KOSDAQ,0.015855008301051576
2025-03-17,743.51,KOSDAQ,0.01259771742979332
2025-03-18,745.54,KOSDAQ,0.002730292800365852
2025-03-19,738.35,KOSDAQ,-0.00964401641763013
2025-03-20,725.15,KOSDAQ,-0.017877700277646125
2025-03-21,719.41,KOSDAQ,-0.007915603668206539
2025-03-24,720.22,KOSDAQ,0.00112592263104494
2025-03-25,711.26,KOSDAQ,-0.012440643136819363
2025-03-26,716.48,KOSDAQ,0.007339088378370828
2025-03-27,707.49,KOSDAQ,-0.012547454220634191
2025-03-28,693.76,KOSDAQ,-0.01940663472275228
2025-03-31,672.85,KOSDAQ,-0.03014010608856088
2025-04-01,691.45,KOSDAQ,0.027643605558445472
2025-04-02,684.85,KOSDAQ,-0.009545158724419744
2025-04-03,683.49,KOSDAQ,-0.0019858363145214275
2025-04-04,687.39,KOSDAQ,0.005706008866259937
2025-04-07,651.3,KOSDAQ,-0.05250294592589366
2025-04-08,658.45,KOSDAQ,0.010978043912175828
2025-04-09,643.39,KOSDAQ,-0.022871896119675106
2025-04-10,681.79,KOSDAQ,0.05968386204323961
2025-04-11,695.59,KOSDAQ,0.020240836621247205
2025-04-14,708.98,KOSDAQ,0.019249845454937464
2025-04-15,711.92,KOSDAQ,0.004146802448588005
2025-04-16,699.11,KOSDAQ,-0.017993594785930878
2025-04-17,711.75,KOSDAQ,0.018080130451574083
2025-04-18,717.77,KOSDAQ,0.008458025992272633
2025-04-21,715.45,KOSDAQ,-0.003232233166613141
2025-04-22,716.12,KOSDAQ,0.0009364735481165454
2025-04-23,726.08,KOSDAQ,0.0139082835279003
2025-04-24,726.08,KOSDAQ,0.0
2025-04-25,729.69,KOSDAQ,0.004971903922432741
2025-04-28,719.41,KOSDAQ,-0.014088174430237577
2025-04-29,726.46,KOSDAQ,0.009799696973909366
2025-04-30,717.24,KOSDAQ,-0.012691682955702999
2025-05-02,721.86,KOSDAQ,0.006441358541074083
2025-05-07,722.81,KOSDAQ,0.0013160446623998734
2025-05-08,729.59,KOSDAQ,0.009380058383254397
2025-05-09,722.52,KOSDAQ,-0.009690374045696948
2025-05-12,725.4,KOSDAQ,0.003986048829098143
2025-05-13,731.88,KOSDAQ,0.008933002481389618
2025-05-14,739.05,KOSDAQ,0.009796687981636243
2025-05-15,733.23,KOSDAQ,-0.007874974629591969
2025-05-16,725.07,KOSDAQ,-0.011128840882124291
2025-05-19,713.75,KOSDAQ,-0.01561228571034523
2025-05-20,715.55,KOSDAQ,0.0025218914185638486
2025-05-21,723.62,KOSDAQ,0.011278037872964886
2025-05-22,717.67,KOSDAQ,-0.008222547746054576
2025-05-23,715.98,KOSDAQ,-0.0023548427550266204
2025-05-26,725.27,KOSDAQ,0.012975222771585804
2025-05-27,727.11,KOSDAQ,0.0025369862258193265
2025-05-28,728.79,KOSDAQ,0.00231051697817386
2025-05-29,736.29,KOSDAQ,0.01029103033795753
2025-05-30,734.35,KOSDAQ,-0.0026348313843729265
2025-06-02,740.29,KOSDAQ,0.008088786001225534
2025-06-04,750.21,KOSDAQ,0.0134001539937052
2025-06-05,756.23,KOSDAQ,0.008024419829114393
2025-06-09,764.21,KOSDAQ,0.010552345185988354
2025-06-10,771.2,KOSDAQ,0.009146700514256478
2025-06-11,786.29,KOSDAQ,0.019566908713692932
2025-06-12,789.45,KOSDAQ,0.004018873443640381
2025-06-13,768.86,KOSDAQ,-0.026081449110139987
2025-06-16,777.26,KOSDAQ,0.010925265978201537
2025-06-17,775.65,KOSDAQ,-0.0020713789465558463
2025-06-18,779.73,KOSDAQ,0.005260104428543855
2025-06-19,782.51,KOSDAQ,0.0035653367191206264
2025-06-20,791.53,KOSDAQ,0.011527009239498565
2025-06-23,784.79,KOSDAQ,-0.008515154195040009
2025-06-24,800.93,KOSDAQ,0.020566011289644415
2025-06-25,798.21,KOSDAQ,-0.0033960520894459334
2025-06-26,787.95,KOSDAQ,-0.012853760288645821
2025-06-27,781.56,KOSDAQ,-0.008109651627641434
2025-06-30,781.5,KOSDAQ,-7.676953784729879e-05
2025-07-01,783.67,KOSDAQ,0.0027767114523351566
2025-07-02,782.17,KOSDAQ,-0.0019140709737517358
2025-07-03,793.33,KOSDAQ,0.014267998005548677
2025-07-04,775.8,KOSDAQ,-0.022096731498871924
2025-07-07,778.46,KOSDAQ,0.003428718741943948
2025-07-08,784.24,KOSDAQ,0.007424915859517434
2025-07-09,790.36,KOSDAQ,0.007803733550953762
2025-07-10,797.7,KOSDAQ,0.009286907232147312
2025-07-11,800.47,KOSDAQ,0.0034724833897454843
2025-07-14,799.37,KOSDAQ,-0.0013741926618112688
2025-07-15,812.88,KOSDAQ,0.01690080938739258
2025-07-16,812.23,KOSDAQ,-0.000799626021060873
2025-07-17,818.27,KOSDAQ,0.007436317299287065
2025-07-18,820.67,KOSDAQ,0.0029330172192552073
2025-07-21,821.69,KOSDAQ,0.0012428869094764927
2025-07-22,812.97,KOSDAQ,-0.010612274702138325
2025-07-23,813.56,KOSDAQ,0.0007257340369262177
2025-07-24,809.89,KOSDAQ,-0.004511037907468318
2025-07-25,806.95,KOSDAQ,-0.003630122609243114
2025-07-28,804.4,KOSDAQ,-0.0031600470908978995
2025-07-29,804.45,KOSDAQ,6.215813028354056e-05
2025-07-30,803.67,KOSDAQ,-0.0009696065634906548
2025-07-31,805.24,KOSDAQ,0.001953538143765643
2025-08-01,772.79,KOSDAQ,-0.040298544533306946
2025-08-04,784.06,KOSDAQ,0.01458352204350466
2025-08-05,798.6,KOSDAQ,0.018544499145473736
2025-08-06,803.49,KOSDAQ,0.0061232156273478555
2025-08-07,805.81,KOSDAQ,0.0028874037013528753
2025-08-08,809.27,KOSDAQ,0.004293816160137132
2025-08-11,811.85,KOSDAQ,0.0031880583735959256
2025-08-12,807.19,KOSDAQ,-0.005739976596661922
2025-08-13,814.1,KOSDAQ,0.008560561949479073
2025-08-14,815.26,KOSDAQ,0.0014248863775947473
2025-08-18,798.05,KOSDAQ,-0.021109829992885798
2025-08-19,787.96,KOSDAQ,-0.012643318087839028
2025-08-20,777.61,KOSDAQ,-0.013135184527133359
2025-08-21,777.24,KOSDAQ,-0.0004758169262226719
2025-08-22,782.51,KOSDAQ,0.006780402449693801
2025-08-25,798.02,KOSDAQ,0.01982083296060111
2025-08-26,801.66,KOSDAQ,0.004561289190747164
2025-08-27,801.72,KOSDAQ,7.484469725316245e-05
2025-08-28,798.43,KOSDAQ,-0.0041036770942474154
2025-08-29,796.91,KOSDAQ,-0.0019037360820610694
2025-09-01,785.0,KOSDAQ,-0.014945225935174555
2025-09-02,794.0,KOSDAQ,0.01146496815286624
2025-09-03,796.81,KOSDAQ,0.003539042821158578
2025-09-04,805.42,KOSDAQ,0.010805587279276052
2025-09-05,811.4,KOSDAQ,0.007424697673263703
2025-09-08,818.6,KOSDAQ,0.008873551885629771
2025-09-09,824.82,KOSDAQ,0.0075983386269240505
2025-09-10,833.0,KOSDAQ,0.009917315293033635
2025-09-11,834.76,KOSDAQ,0.0021128451380552082
2025-09-12,847.08,KOSDAQ,0.0147587330490202
2025-09-15,852.69,KOSDAQ,0.006622751097889346
2025-09-16,851.84,KOSDAQ,-0.0009968452778853498
2025-09-17,845.53,KOSDAQ,-0.0074074943651391
2025-09-18,857.11,KOSDAQ,0.013695551902357161
2025-09-19,863.11,KOSDAQ,0.0070002683436198865
2025-09-22,874.36,KOSDAQ,0.013034259827831907
2025-09-23,872.21,KOSDAQ,-0.002458941397136205
2025-09-24,860.94,KOSDAQ,-0.0129212001696839
2025-09-25,852.48,KOSDAQ,-0.009826468743466488
2025-09-26,835.19,KOSDAQ,-0.020282000750750706
2025-09-29,846.71,KOSDAQ,0.013793268597564579
2025-09-30,841.99,KOSDAQ,-0.005574517839638138
2025-10-01,845.34,KOSDAQ,0.003978669580398941
2025-10-02,854.25,KOSDAQ,0.01054013769607498
2025-10-10,859.49,KOSDAQ,0.006134035703833751
2025-10-13,860.49,KOSDAQ,0.0011634806687685906
2025-10-14,847.96,KOSDAQ,-0.014561470789898778
2025-10-15,864.72,KOSDAQ,0.019765083258644234
2025-10-16,865.41,KOSDAQ,0.0007979461559810552
2025-10-17,859.54,KOSDAQ,-0.006782912145688158
2025-10-20,875.77,KOSDAQ,0.0188821928008005
2025-10-21,872.5,KOSDAQ,-0.0037338570629275036
2025-10-22,879.15,KOSDAQ,0.007621776504298072
2025-10-23,872.03,KOSDAQ,-0.008098731729511477
2025-10-24,883.08,KOSDAQ,0.01267158239968813
2025-10-27,902.7,KOSDAQ,0.02221769262128004
2025-10-28,903.3,KOSDAQ,0.000664672648720499
2025-10-29,901.59,KOSDAQ,-0.0018930587844568914
2025-10-30,890.86,KOSDAQ,-0.01190119677458712
2025-10-31,900.42,KOSDAQ,0.010731203556114233
2025-11-03,914.55,KOSDAQ,0.01569267675084962
2025-11-04,926.57,KOSDAQ,0.013143075829643136
2025-11-05,901.89,KOSDAQ,-0.026635872087376056
2025-11-06,898.17,KOSDAQ,-0.004124671523134782
2025-11-07,876.81,KOSDAQ,-0.023781689435184883
2025-11-10,888.35,KOSDAQ,0.013161346243770078
2025-11-11,884.27,KOSDAQ,-0.004592784375527681
2025-11-12,906.51,KOSDAQ,0.02515068926911468
2025-11-13,918.37,KOSDAQ,0.013083143043099321
2025-11-14,897.9,KOSDAQ,-0.022289491163692277
2025-11-17,902.67,KOSDAQ,0.005312395589709196
2025-11-18,878.7,KOSDAQ,-0.02655455482069846
2025-11-19,871.32,KOSDAQ,-0.008398770911573927
2025-11-20,891.94,KOSDAQ,0.02366524353853916
2025-11-21,863.95,KOSDAQ,-0.031381034598739865
2025-11-24,856.44,KOSDAQ,-0.008692632675502021
2025-11-25,856.03,KOSDAQ,-0.0004787258885620149
2025-11-26,877.32,KOSDAQ,0.024870623693094895
2025-11-27,880.06,KOSDAQ,0.003123147768202994
2025-11-28,912.67,KOSDAQ,0.037054291752835145
2025-12-01,922.38,KOSDAQ,0.010639113808934342
2025-12-02,928.42,KOSDAQ,0.006548277282681703
2025-12-03,932.01,KOSDAQ,0.0038667844294608678
2025-12-04,929.83,KOSDAQ,-0.002339030697095512
2025-12-05,924.74,KOSDAQ,-0.005474118924964855
2025-12-08,927.79,KOSDAQ,0.0032982243657675436
2025-12-09,931.35,KOSDAQ,0.0038370752002070407
2025-12-10,935.0,KOSDAQ,0.003919042250496663
2025-12-11,934.64,KOSDAQ,-0.00038502673796791953
2025-12-12,937.34,KOSDAQ,0.002888812804930252
2025-12-15,938.83,KOSDAQ,0.0015896046258561114
2025-12-16,916.11,KOSDAQ,-0.024200334458847728
2025-12-17,911.07,KOSDAQ,-0.005501522742902054
2025-12-18,901.33,KOSDAQ,-0.010690726288869135
2025-12-19,915.27,KOSDAQ,0.015466033528230394
2025-12-22,929.14,KOSDAQ,0.015153998273733427
2025-12-23,919.56,KOSDAQ,-0.010310609811223337
2025-12-24,915.2,KOSDAQ,-0.0047413980599415595
2025-12-26,919.67,KOSDAQ,0.004884178321678201
2025-12-29,932.59,KOSDAQ,0.01404851740298163
2025-12-30,925.47,KOSDAQ,-0.0076346518834643495
2026-01-02,945.57,KOSDAQ,0.02171869428506601
2026-01-05,957.5,KOSDAQ,0.012616728534111665
2026-01-06,955.97,KOSDAQ,-0.0015979112271540252
2026-01-07,947.39,KOSDAQ,-0.008975177045304816
2026-01-08,944.06,KOSDAQ,-0.003514919937934735
2026-01-09,947.92,KOSDAQ,0.004088723174374476
2026-01-12,949.81,KOSDAQ,0.0019938391425435853
2026-01-13,948.98,KOSDAQ,-0.0008738589823227283
2026-01-14,942.18,KOSDAQ,-0.0071655883158761036
2026-01-15,951.16,KOSDAQ,0.009531087477976596
2026-01-16,954.59,KOSDAQ,0.003606123049749943
2026-01-19,968.36,KOSDAQ,0.014425041117128723
2026-01-20,976.37,KOSDAQ,0.008271717129992862
2026-01-21,951.29,KOSDAQ,-0.02568698341817144
2026-01-22,970.35,KOSDAQ,0.020035951182079126
2026-01-23,993.93,KOSDAQ,0.024300510125212504
2026-01-26,1064.41,KOSDAQ,0.07091042628756572
2026-01-27,1082.59,KOSDAQ,0.017079884630922137
2026-01-28,1133.52,KOSDAQ,0.04704458751697316
2026-01-29,1164.41,KOSDAQ,0.027251393888065634
2026-01-30,1149.44,KOSDAQ,-0.012856296321742344
2026-02-02,1098.36,KOSDAQ,-0.044439031180401045
2026-02-03,1144.33,KOSDAQ,0.04185330856913949
2026-02-04,1149.43,KOSDAQ,0.004456756355247338
2026-02-05,1108.41,KOSDAQ,-0.03568725368225989
2026-02-06,1080.77,KOSDAQ,-0.024936620925469888
2026-02-09,1127.55,KOSDAQ,0.04328395495803905
2026-02-10,1115.2,KOSDAQ,-0.01095295108864347
2026-02-11,1114.87,KOSDAQ,-0.00029591104734594254
2026-02-12,1125.99,KOSDAQ,0.009974257088270377
2026-02-13,1106.08,KOSDAQ,-0.017682217426442604
2026-02-19,1160.71,KOSDAQ,0.049390640821640464
2026-02-20,1154.0,KOSDAQ,-0.005780944421948653
2026-02-23,1151.99,KOSDAQ,-0.00174176776429813
2026-02-24,1165.0,KOSDAQ,0.011293500811639046
2026-02-25,1165.25,KOSDAQ,0.00021459227467812703
2026-02-26,1188.15,KOSDAQ,0.019652435099764
2026-02-27,1192.78,KOSDAQ,0.003896814375289326
2026-03-03,1137.7,KOSDAQ,-0.04617783665051389
2026-03-04,978.44,KOSDAQ,-0.13998417860595935
2026-03-05,1116.41,KOSDAQ,0.14101017946935945
2026-03-06,1154.67,KOSDAQ,0.03427056368180148
2026-03-09,1102.28,KOSDAQ,-0.04537227086526896
2026-03-10,1137.68,KOSDAQ,0.03211525202307941
2026-03-11,1136.83,KOSDAQ,-0.0007471345193729162
2026-03-12,1148.4,KOSDAQ,0.010177423185524725
2026-03-13,1152.96,KOSDAQ,0.003970741901776265
2026-03-16,1138.29,KOSDAQ,-0.012723771856786081
2026-03-17,1136.94,KOSDAQ,-0.0011859895105815754
2026-03-18,1164.38,KOSDAQ,0.024134958748922575
2026-03-19,1143.48,KOSDAQ,-0.017949466668956915
2026-03-20,1161.52,KOSDAQ,0.015776401860985834
2026-03-23,1096.89,KOSDAQ,-0.05564260624009909
2026-03-24,1121.44,KOSDAQ,0.022381460310514134
2026-03-25,1159.55,KOSDAQ,0.03398309316592951
2026-03-26,1136.64,KOSDAQ,-0.019757664611271486
2026-03-27,1141.51,KOSDAQ,0.0042845579954953195
2026-03-30,1107.05,KOSDAQ,-0.030188084204255783
2026-03-31,1052.39,KOSDAQ,-0.049374463664694335
2026-04-01,1116.18,KOSDAQ,0.06061441100732612
2026-04-02,1056.34,KOSDAQ,-0.0536114246806072
2026-04-03,1063.75,KOSDAQ,0.007014786905731096
2026-04-06,1047.37,KOSDAQ,-0.015398354876615894
2026-04-07,1036.73,KOSDAQ,-0.010158778655107392
2026-04-08,1089.85,KOSDAQ,0.05123802725878468
2026-04-09,1076.0,KOSDAQ,-0.012708170849199396
2026-04-10,1093.63,KOSDAQ,0.016384758364312413
2026-04-13,1099.84,KOSDAQ,0.005678337280432988
2026-04-14,1121.88,KOSDAQ,0.020039278440500574
2026-04-15,1152.43,KOSDAQ,0.02723107640745881
2026-04-16,1162.97,KOSDAQ,0.009145891724443134
2026-04-17,1170.04,KOSDAQ,0.006079262577710409
2026-04-20,1174.85,KOSDAQ,0.004110970565108785
2026-04-21,1179.03,KOSDAQ,0.003557901008639508
2026-04-22,1181.12,KOSDAQ,0.0017726436138181256
2026-04-23,1174.31,KOSDAQ,-0.00576571389867242
2026-04-24,1203.84,KOSDAQ,0.02514668188127489
2026-04-27,1226.18,KOSDAQ,0.018557283359915022
2026-04-28,1215.58,KOSDAQ,-0.00864473405209687
2026-04-29,1220.26,KOSDAQ,0.0038500139850936588
2026-04-30,1192.35,KOSDAQ,-0.022872174782423538
2026-05-04,1213.74,KOSDAQ,0.01793936344194247
2026-05-06,1210.17,KOSDAQ,-0.002941321864649682
2026-05-07,1199.18,KOSDAQ,-0.00908136873331844
2026-05-08,1207.72,KOSDAQ,0.007121533047582451
2026-05-11,1207.34,KOSDAQ,-0.00031464246679702157
2026-05-12,1179.29,KOSDAQ,-0.023232892143058237
2026-05-13,1176.93,KOSDAQ,-0.002001204114339905
2026-05-14,1191.09,KOSDAQ,0.012031301776656012
2026-05-15,1129.82,KOSDAQ,-0.051440277392976186
2026-05-18,1111.09,KOSDAQ,-0.0165778619603123
2026-05-19,1084.36,KOSDAQ,-0.02405745709168472
2026-05-20,1056.07,KOSDAQ,-0.026089121693902317
2026-05-21,1105.97,KOSDAQ,0.0472506557330481
2026-05-22,1161.13,KOSDAQ,0.04987477056339684
2026-05-26,1172.52,KOSDAQ,0.009809409799074853
2026-05-27,1133.13,KOSDAQ,-0.033594309691945434
2026-05-28,1104.36,KOSDAQ,-0.025389849355325733
2026-05-29,1074.8,KOSDAQ,-0.026766634068600803
2026-06-01,1050.03,KOSDAQ,-0.02304614812058059
2026-06-02,1026.03,KOSDAQ,-0.022856489814576775
2026-06-04,1049.73,KOSDAQ,0.02309873980292987
2026-06-05,1002.44,KOSDAQ,-0.045049679441380164
2026-06-08,911.39,KOSDAQ,-0.09082837875583583
2026-06-09,967.81,KOSDAQ,0.061905441139358475
2026-06-10,951.63,KOSDAQ,-0.016718157489589824
2026-06-11,996.93,KOSDAQ,0.04760253459853092
2026-06-12,1029.05,KOSDAQ,0.03221891206002425
2026-06-15,1034.03,KOSDAQ,0.004839414994412428
2026-06-16,1018.68,KOSDAQ,-0.014844830420780886
2026-06-17,1031.96,KOSDAQ,0.013036478580123356
2026-06-18,1000.93,KOSDAQ,-0.030068994922283876
2026-06-19,966.59,KOSDAQ,-0.034308093473069956
2026-06-22,968.4,KOSDAQ,0.0018725623066655483
2026-06-23,891.52,KOSDAQ,-0.07938868236266006
2026-06-24,909.31,KOSDAQ,0.019954684134960488
2026-06-25,887.81,KOSDAQ,-0.02364430172328469
2026-06-26,851.37,KOSDAQ,-0.041044818148027074
2026-06-29,920.57,KOSDAQ,0.08128075924686096
2026-06-30,916.18,KOSDAQ,-0.004768784557393935
2026-07-01,929.35,KOSDAQ,0.014374904494750096
2026-07-02,866.72,KOSDAQ,-0.06739118738903538
2026-07-03,868.41,KOSDAQ,0.0019498800073840528
2026-07-06,847.07,KOSDAQ,-0.02457364608882895
2026-07-07,831.23,KOSDAQ,-0.01869975326714446
2026-07-08,785.0,KOSDAQ,-0.055616375732348455
2026-07-09,794.0,KOSDAQ,0.01146496815286624
2026-07-10,837.43,KOSDAQ,0.05469773299748115
2026-07-13,799.36,KOSDAQ,-0.04546051610283841
2026-07-14,783.98,KOSDAQ,-0.019240392313851107
2026-07-15,829.43,KOSDAQ,0.05797341768922659
2026-07-16,791.84,KOSDAQ,-0.04532028019242118
2026-07-20,749.64,KOSDAQ,-0.05329359466558903
2026-07-21,753.34,KOSDAQ,0.004935702470519221
2026-07-22,751.09,KOSDAQ,-0.0029866992327501896
2026-07-23,790.28,KOSDAQ,0.05217750203038252
2026-07-24,748.22,KOSDAQ,-0.05322164296198806
2026-07-27,764.86,KOSDAQ,0.022239448290609642
2026-07-28,705.85,KOSDAQ,-0.0771513741076798
2026-07-29,662.68,KOSDAQ,-0.061160303180562536
2026-07-30,644.78,KOSDAQ,-0.027011528943079566
2026-07-31,719.76,KOSDAQ,0.11628772604609328
2026-08-03,737.35,KOSDAQ,0.024438701789485373
2026-08-04,780.72,KOSDAQ,0.05881874279514476
2026-08-05,799.59,KOSDAQ,0.024169996925914594
2026-08-06,801.67,KOSDAQ,0.0026013331832563935
2026-08-07,798.81,KOSDAQ,-0.0035675527336684887
2026-08-10,854.47,KOSDAQ,0.06967864698739379
2026-08-11,857.84,KOSDAQ,0.003943965265018168
2026-08-12,858.91,KOSDAQ,0.0012473188473374197
2026-08-13,861.37,KOSDAQ,0.0028640951904157497
2026-08-14,864.65,KOSDAQ,0.0038078874351323844
2026-08-18,834.2,KOSDAQ,-0.03521656161452602
2026-08-19,824.46,KOSDAQ,-0.01167585710860708
2026-08-20,840.89,KOSDAQ,0.019928195424884
2026-08-21,796.37,KOSDAQ,-0.052943904672430375
