일자,종가,거래량,종목코드,종목명,수익률
2021-06-01,285000,156800,090430,아모레퍼시픽,
2021-06-02,285000,175391,090430,아모레퍼시픽,0.0
2021-06-03,280000,213177,090430,아모레퍼시픽,-0.01754385964912286
2021-06-04,280000,109518,090430,아모레퍼시픽,0.0
2021-06-07,274000,174644,090430,아모레퍼시픽,-0.021428571428571463
2021-06-08,275000,138946,090430,아모레퍼시픽,0.0036496350364962904
2021-06-09,281000,239146,090430,아모레퍼시픽,0.021818181818181737
2021-06-10,281500,223678,090430,아모레퍼시픽,0.001779359430605032
2021-06-11,277000,131721,090430,아모레퍼시픽,-0.01598579040852577
2021-06-14,278500,84138,090430,아모레퍼시픽,0.005415162454873723
2021-06-15,282000,128012,090430,아모레퍼시픽,0.012567324955116588
2021-06-16,284000,126824,090430,아모레퍼시픽,0.007092198581560183
2021-06-17,284500,117479,090430,아모레퍼시픽,0.0017605633802817433
2021-06-18,281500,139981,090430,아모레퍼시픽,-0.010544815465729385
2021-06-21,278000,111031,090430,아모레퍼시픽,-0.01243339253996445
2021-06-22,275000,132914,090430,아모레퍼시픽,-0.010791366906474864
2021-06-23,260000,617487,090430,아모레퍼시픽,-0.054545454545454564
2021-06-24,260000,547823,090430,아모레퍼시픽,0.0
2021-06-25,256000,270725,090430,아모레퍼시픽,-0.01538461538461533
2021-06-28,254000,168625,090430,아모레퍼시픽,-0.0078125
2021-06-29,255500,182719,090430,아모레퍼시픽,0.0059055118110236116
2021-06-30,252000,232773,090430,아모레퍼시픽,-0.013698630136986356
2021-07-01,248000,410173,090430,아모레퍼시픽,-0.015873015873015928
2021-07-02,249500,133731,090430,아모레퍼시픽,0.006048387096774244
2021-07-05,248000,94811,090430,아모레퍼시픽,-0.006012024048096198
2021-07-06,246000,184373,090430,아모레퍼시픽,-0.008064516129032251
2021-07-07,244000,120088,090430,아모레퍼시픽,-0.008130081300813052
2021-07-08,247500,358509,090430,아모레퍼시픽,0.014344262295082011
2021-07-09,239500,256169,090430,아모레퍼시픽,-0.03232323232323231
2021-07-12,241500,97100,090430,아모레퍼시픽,0.008350730688935215
2021-07-13,243000,147810,090430,아모레퍼시픽,0.006211180124223503
2021-07-14,241000,107004,090430,아모레퍼시픽,-0.008230452674897082
2021-07-15,245000,98987,090430,아모레퍼시픽,0.016597510373443924
2021-07-16,244500,89551,090430,아모레퍼시픽,-0.0020408163265306367
2021-07-19,240500,95661,090430,아모레퍼시픽,-0.01635991820040905
2021-07-20,240000,98956,090430,아모레퍼시픽,-0.0020790020790020236
2021-07-21,240000,120534,090430,아모레퍼시픽,0.0
2021-07-22,241000,224490,090430,아모레퍼시픽,0.004166666666666652
2021-07-23,234500,227238,090430,아모레퍼시픽,-0.026970954356846488
2021-07-26,234000,143570,090430,아모레퍼시픽,-0.002132196162046962
2021-07-27,237000,129324,090430,아모레퍼시픽,0.012820512820512775
2021-07-28,236500,383331,090430,아모레퍼시픽,-0.002109704641350185
2021-07-29,229000,422152,090430,아모레퍼시픽,-0.031712473572938715
2021-07-30,221500,236369,090430,아모레퍼시픽,-0.03275109170305679
2021-08-02,220500,182502,090430,아모레퍼시픽,-0.004514672686230292
2021-08-03,221000,211321,090430,아모레퍼시픽,0.0022675736961450532
2021-08-04,227500,232145,090430,아모레퍼시픽,0.02941176470588225
2021-08-05,232000,285787,090430,아모레퍼시픽,0.01978021978021971
2021-08-06,228500,314098,090430,아모레퍼시픽,-0.015086206896551713
2021-08-09,226500,95240,090430,아모레퍼시픽,-0.008752735229759279
2021-08-10,227500,104549,090430,아모레퍼시픽,0.004415011037527616
2021-08-11,223500,153060,090430,아모레퍼시픽,-0.01758241758241763
2021-08-12,224500,228870,090430,아모레퍼시픽,0.004474272930648837
2021-08-13,220500,164139,090430,아모레퍼시픽,-0.017817371937639215
2021-08-17,217000,165582,090430,아모레퍼시픽,-0.015873015873015928
2021-08-18,222500,128393,090430,아모레퍼시픽,0.025345622119815614
2021-08-19,214000,168438,090430,아모레퍼시픽,-0.038202247191011285
2021-08-20,215500,126021,090430,아모레퍼시픽,0.007009345794392496
2021-08-23,218000,117517,090430,아모레퍼시픽,0.011600928074245953
2021-08-24,225500,179541,090430,아모레퍼시픽,0.034403669724770714
2021-08-25,220500,126092,090430,아모레퍼시픽,-0.022172949002217335
2021-08-26,220500,116809,090430,아모레퍼시픽,0.0
2021-08-27,225500,152329,090430,아모레퍼시픽,0.0226757369614512
2021-08-30,222500,149401,090430,아모레퍼시픽,-0.013303769401330379
2021-08-31,227500,206720,090430,아모레퍼시픽,0.022471910112359605
2021-09-01,227500,117382,090430,아모레퍼시픽,0.0
2021-09-02,224500,223951,090430,아모레퍼시픽,-0.01318681318681314
2021-09-03,224500,164539,090430,아모레퍼시픽,0.0
2021-09-06,226000,110882,090430,아모레퍼시픽,0.006681514476614803
2021-09-07,227000,127738,090430,아모레퍼시픽,0.004424778761061843
2021-09-08,206000,650692,090430,아모레퍼시픽,-0.09251101321585908
2021-09-09,194000,972461,090430,아모레퍼시픽,-0.058252427184465994
2021-09-10,194500,323756,090430,아모레퍼시픽,0.002577319587628857
2021-09-13,191000,316249,090430,아모레퍼시픽,-0.01799485861182515
2021-09-14,191500,700645,090430,아모레퍼시픽,0.002617801047120505
2021-09-15,192000,341554,090430,아모레퍼시픽,0.0026109660574411553
2021-09-16,191000,252376,090430,아모레퍼시픽,-0.00520833333333337
2021-09-17,190000,404779,090430,아모레퍼시픽,-0.005235602094240788
2021-09-23,189500,221695,090430,아모레퍼시픽,-0.0026315789473684292
2021-09-24,184500,243545,090430,아모레퍼시픽,-0.02638522427440637
2021-09-27,184000,163383,090430,아모레퍼시픽,-0.0027100271002710175
2021-09-28,178000,404535,090430,아모레퍼시픽,-0.03260869565217395
2021-09-29,180000,309076,090430,아모레퍼시픽,0.011235955056179803
2021-09-30,178500,158040,090430,아모레퍼시픽,-0.008333333333333304
2021-10-01,173500,218956,090430,아모레퍼시픽,-0.02801120448179273
2021-10-05,178000,411131,090430,아모레퍼시픽,0.025936599423631135
2021-10-06,177500,263969,090430,아모레퍼시픽,-0.002808988764044895
2021-10-07,182000,372464,090430,아모레퍼시픽,0.025352112676056304
2021-10-08,181500,281216,090430,아모레퍼시픽,-0.0027472527472527375
2021-10-12,174500,388510,090430,아모레퍼시픽,-0.038567493112947604
2021-10-13,175500,164081,090430,아모레퍼시픽,0.005730659025787954
2021-10-14,183000,282668,090430,아모레퍼시픽,0.042735042735042805
2021-10-15,186500,225191,090430,아모레퍼시픽,0.0191256830601092
2021-10-18,188500,209221,090430,아모레퍼시픽,0.01072386058981234
2021-10-19,190000,188051,090430,아모레퍼시픽,0.007957559681697646
2021-10-20,192500,256326,090430,아모레퍼시픽,0.013157894736842035
2021-10-21,186000,288594,090430,아모레퍼시픽,-0.03376623376623378
2021-10-22,186500,158610,090430,아모레퍼시픽,0.0026881720430107503
2021-10-25,192500,238509,090430,아모레퍼시픽,0.03217158176943702
2021-10-26,190000,248790,090430,아모레퍼시픽,-0.012987012987012991
2021-10-27,183500,414339,090430,아모레퍼시픽,-0.03421052631578947
2021-10-28,185500,268262,090430,아모레퍼시픽,0.01089918256130784
2021-10-29,181500,209653,090430,아모레퍼시픽,-0.021563342318059342
2021-11-01,191000,473538,090430,아모레퍼시픽,0.052341597796143224
2021-11-02,190500,222404,090430,아모레퍼시픽,-0.002617801047120394
2021-11-03,189000,124909,090430,아모레퍼시픽,-0.007874015748031482
2021-11-04,187000,170136,090430,아모레퍼시픽,-0.010582010582010581
2021-11-05,188000,141891,090430,아모레퍼시픽,0.005347593582887722
2021-11-08,186500,208130,090430,아모레퍼시픽,-0.007978723404255317
2021-11-09,186500,237372,090430,아모레퍼시픽,0.0
2021-11-10,180000,269657,090430,아모레퍼시픽,-0.034852546916890104
2021-11-11,183000,269985,090430,아모레퍼시픽,0.016666666666666607
2021-11-12,185000,126603,090430,아모레퍼시픽,0.010928961748633892
2021-11-15,184500,226821,090430,아모레퍼시픽,-0.002702702702702675
2021-11-16,185000,128080,090430,아모레퍼시픽,0.0027100271002709064
2021-11-17,182000,149234,090430,아모레퍼시픽,-0.01621621621621616
2021-11-18,175500,197933,090430,아모레퍼시픽,-0.0357142857142857
2021-11-19,178000,139439,090430,아모레퍼시픽,0.014245014245014342
2021-11-22,178500,98746,090430,아모레퍼시픽,0.002808988764045006
2021-11-23,177000,102931,090430,아모레퍼시픽,-0.008403361344537785
2021-11-24,174000,122899,090430,아모레퍼시픽,-0.016949152542372836
2021-11-25,173500,87776,090430,아모레퍼시픽,-0.002873563218390829
2021-11-26,169500,201813,090430,아모레퍼시픽,-0.023054755043227626
2021-11-29,166500,202766,090430,아모레퍼시픽,-0.017699115044247815
2021-11-30,157000,388418,090430,아모레퍼시픽,-0.0570570570570571
2021-12-01,160500,264949,090430,아모레퍼시픽,0.022292993630573354
2021-12-02,164000,496352,090430,아모레퍼시픽,0.02180685358255441
2021-12-03,167000,203177,090430,아모레퍼시픽,0.018292682926829285
2021-12-06,172500,245246,090430,아모레퍼시픽,0.03293413173652704
2021-12-07,177000,168545,090430,아모레퍼시픽,0.026086956521739202
2021-12-08,171000,263102,090430,아모레퍼시픽,-0.03389830508474578
2021-12-09,177500,336711,090430,아모레퍼시픽,0.03801169590643272
2021-12-10,179000,106196,090430,아모레퍼시픽,0.008450704225352101
2021-12-13,178500,110959,090430,아모레퍼시픽,-0.0027932960893854997
2021-12-14,181500,242430,090430,아모레퍼시픽,0.01680672268907557
2021-12-15,189500,501753,090430,아모레퍼시픽,0.0440771349862259
2021-12-16,180000,244401,090430,아모레퍼시픽,-0.05013192612137207
2021-12-17,179500,122728,090430,아모레퍼시픽,-0.002777777777777768
2021-12-20,176500,106564,090430,아모레퍼시픽,-0.01671309192200554
2021-12-21,176500,86638,090430,아모레퍼시픽,0.0
2021-12-22,176000,89306,090430,아모레퍼시픽,-0.0028328611898017497
2021-12-23,177000,107838,090430,아모레퍼시픽,0.005681818181818121
2021-12-24,175500,113354,090430,아모레퍼시픽,-0.008474576271186418
2021-12-27,174500,93495,090430,아모레퍼시픽,-0.005698005698005715
2021-12-28,176500,131893,090430,아모레퍼시픽,0.011461318051575908
2021-12-29,175000,142287,090430,아모레퍼시픽,-0.008498583569405138
2021-12-30,167000,292476,090430,아모레퍼시픽,-0.04571428571428571
2022-01-03,168000,157696,090430,아모레퍼시픽,0.0059880239520957446
2022-01-04,166500,198915,090430,아모레퍼시픽,-0.008928571428571397
2022-01-05,162000,390474,090430,아모레퍼시픽,-0.027027027027026973
2022-01-06,163500,319517,090430,아모레퍼시픽,0.0092592592592593
2022-01-07,160500,269295,090430,아모레퍼시픽,-0.01834862385321101
2022-01-10,152000,897775,090430,아모레퍼시픽,-0.052959501557632405
2022-01-11,153000,249170,090430,아모레퍼시픽,0.006578947368421018
2022-01-12,155000,177260,090430,아모레퍼시픽,0.013071895424836555
2022-01-13,153500,265984,090430,아모레퍼시픽,-0.009677419354838679
2022-01-14,152000,131369,090430,아모레퍼시픽,-0.009771986970684043
2022-01-17,149500,150520,090430,아모레퍼시픽,-0.016447368421052655
2022-01-18,150000,110045,090430,아모레퍼시픽,0.0033444816053511683
2022-01-19,150000,120352,090430,아모레퍼시픽,0.0
2022-01-20,157000,282681,090430,아모레퍼시픽,0.046666666666666634
2022-01-21,159500,254008,090430,아모레퍼시픽,0.015923566878981
2022-01-24,154500,243185,090430,아모레퍼시픽,-0.031347962382445194
2022-01-25,150500,222878,090430,아모레퍼시픽,-0.02588996763754048
2022-01-26,153500,186135,090430,아모레퍼시픽,0.019933554817275656
2022-01-27,149500,224031,090430,아모레퍼시픽,-0.026058631921824116
2022-01-28,155000,181396,090430,아모레퍼시픽,0.03678929765886285
2022-02-03,154000,170892,090430,아모레퍼시픽,-0.006451612903225823
2022-02-04,160000,158497,090430,아모레퍼시픽,0.03896103896103886
2022-02-07,159500,199691,090430,아모레퍼시픽,-0.0031250000000000444
2022-02-08,158000,161522,090430,아모레퍼시픽,-0.009404388714733591
2022-02-09,163500,318527,090430,아모레퍼시픽,0.034810126582278444
2022-02-10,178500,1173589,090430,아모레퍼시픽,0.09174311926605494
2022-02-11,175000,454407,090430,아모레퍼시픽,-0.019607843137254943
2022-02-14,172500,164805,090430,아모레퍼시픽,-0.014285714285714235
2022-02-15,180000,403502,090430,아모레퍼시픽,0.04347826086956519
2022-02-16,181000,265104,090430,아모레퍼시픽,0.005555555555555536
2022-02-17,187500,516078,090430,아모레퍼시픽,0.035911602209944826
2022-02-18,190000,322299,090430,아모레퍼시픽,0.01333333333333342
2022-02-21,191000,172888,090430,아모레퍼시픽,0.0052631578947368585
2022-02-22,188500,211877,090430,아모레퍼시픽,-0.01308900523560208
2022-02-23,185500,257656,090430,아모레퍼시픽,-0.01591511936339518
2022-02-24,184000,265919,090430,아모레퍼시픽,-0.008086253369272267
2022-02-25,179500,304975,090430,아모레퍼시픽,-0.024456521739130488
2022-02-28,184000,189504,090430,아모레퍼시픽,0.025069637883008422
2022-03-02,185500,156456,090430,아모레퍼시픽,0.008152173913043459
2022-03-03,186500,123549,090430,아모레퍼시픽,0.005390835579514919
2022-03-04,184000,131661,090430,아모레퍼시픽,-0.013404825737265424
2022-03-07,179500,146384,090430,아모레퍼시픽,-0.024456521739130488
2022-03-08,174000,180490,090430,아모레퍼시픽,-0.03064066852367686
2022-03-10,170000,467151,090430,아모레퍼시픽,-0.02298850574712641
2022-03-11,167500,449457,090430,아모레퍼시픽,-0.014705882352941124
2022-03-14,154000,703326,090430,아모레퍼시픽,-0.08059701492537319
2022-03-15,153500,365015,090430,아모레퍼시픽,-0.0032467532467532756
2022-03-16,155000,344802,090430,아모레퍼시픽,0.009771986970684043
2022-03-17,154000,772840,090430,아모레퍼시픽,-0.006451612903225823
2022-03-18,151000,606826,090430,아모레퍼시픽,-0.01948051948051943
2022-03-21,153500,517030,090430,아모레퍼시픽,0.01655629139072845
2022-03-22,155000,358919,090430,아모레퍼시픽,0.009771986970684043
2022-03-23,156500,267656,090430,아모레퍼시픽,0.00967741935483879
2022-03-24,155500,258438,090430,아모레퍼시픽,-0.006389776357827448
2022-03-25,155500,185696,090430,아모레퍼시픽,0.0
2022-03-28,153000,403054,090430,아모레퍼시픽,-0.01607717041800638
2022-03-29,159000,623902,090430,아모레퍼시픽,0.03921568627450989
2022-03-30,160000,262890,090430,아모레퍼시픽,0.0062893081761006275
2022-03-31,160000,245191,090430,아모레퍼시픽,0.0
2022-04-01,165500,599970,090430,아모레퍼시픽,0.034375000000000044
2022-04-04,167000,430860,090430,아모레퍼시픽,0.009063444108761365
2022-04-05,167000,302469,090430,아모레퍼시픽,0.0
2022-04-06,162000,368517,090430,아모레퍼시픽,-0.029940119760479056
2022-04-07,156000,303495,090430,아모레퍼시픽,-0.03703703703703709
2022-04-08,154000,294591,090430,아모레퍼시픽,-0.012820512820512775
2022-04-11,156000,233389,090430,아모레퍼시픽,0.01298701298701288
2022-04-12,158000,193133,090430,아모레퍼시픽,0.012820512820512775
2022-04-13,161500,259786,090430,아모레퍼시픽,0.02215189873417711
2022-04-14,163000,268118,090430,아모레퍼시픽,0.009287925696594534
2022-04-15,161500,158908,090430,아모레퍼시픽,-0.009202453987730008
2022-04-18,168000,586589,090430,아모레퍼시픽,0.04024767801857587
2022-04-19,166000,293213,090430,아모레퍼시픽,-0.011904761904761862
2022-04-20,166500,252144,090430,아모레퍼시픽,0.003012048192771122
2022-04-21,167500,264063,090430,아모레퍼시픽,0.006006006006006093
2022-04-22,168500,184893,090430,아모레퍼시픽,0.005970149253731405
2022-04-25,158500,441609,090430,아모레퍼시픽,-0.05934718100890213
2022-04-26,161000,209342,090430,아모레퍼시픽,0.01577287066246047
2022-04-27,163000,292128,090430,아모레퍼시픽,0.012422360248447228
2022-04-28,178000,1554177,090430,아모레퍼시픽,0.09202453987730053
2022-04-29,181000,683408,090430,아모레퍼시픽,0.016853932584269593
2022-05-02,179000,324536,090430,아모레퍼시픽,-0.011049723756906049
2022-05-03,172500,352902,090430,아모레퍼시픽,-0.03631284916201116
2022-05-04,168500,281074,090430,아모레퍼시픽,-0.023188405797101463
2022-05-06,166500,218189,090430,아모레퍼시픽,-0.011869436201780381
2022-05-09,164000,248200,090430,아모레퍼시픽,-0.01501501501501501
2022-05-10,167500,305896,090430,아모레퍼시픽,0.021341463414634054
2022-05-11,168500,381726,090430,아모레퍼시픽,0.005970149253731405
2022-05-12,163500,384994,090430,아모레퍼시픽,-0.029673590504451064
2022-05-13,165000,291227,090430,아모레퍼시픽,0.00917431192660545
2022-05-16,162000,314411,090430,아모레퍼시픽,-0.018181818181818188
2022-05-17,157000,686754,090430,아모레퍼시픽,-0.030864197530864224
2022-05-18,156000,339199,090430,아모레퍼시픽,-0.006369426751592355
2022-05-19,153000,324944,090430,아모레퍼시픽,-0.019230769230769273
2022-05-20,153500,217429,090430,아모레퍼시픽,0.0032679738562091387
2022-05-23,158000,224089,090430,아모레퍼시픽,0.02931596091205213
2022-05-24,155000,182426,090430,아모레퍼시픽,-0.01898734177215189
2022-05-25,157000,126697,090430,아모레퍼시픽,0.012903225806451646
2022-05-26,154500,256175,090430,아모레퍼시픽,-0.015923566878980888
2022-05-27,156000,333183,090430,아모레퍼시픽,0.009708737864077666
2022-05-30,161500,320869,090430,아모레퍼시픽,0.03525641025641035
2022-05-31,163500,588568,090430,아모레퍼시픽,0.01238390092879249
2022-06-02,162000,160594,090430,아모레퍼시픽,-0.00917431192660545
2022-06-03,166500,222114,090430,아모레퍼시픽,0.02777777777777768
2022-06-07,160000,288293,090430,아모레퍼시픽,-0.03903903903903905
2022-06-08,155000,302234,090430,아모레퍼시픽,-0.03125
2022-06-09,157000,292296,090430,아모레퍼시픽,0.012903225806451646
2022-06-10,153000,207465,090430,아모레퍼시픽,-0.02547770700636942
2022-06-13,149500,222137,090430,아모레퍼시픽,-0.022875816993464082
2022-06-14,146000,409490,090430,아모레퍼시픽,-0.02341137123745818
2022-06-15,142000,293028,090430,아모레퍼시픽,-0.0273972602739726
2022-06-16,135000,543242,090430,아모레퍼시픽,-0.04929577464788737
2022-06-17,139500,406829,090430,아모레퍼시픽,0.03333333333333344
2022-06-20,139500,250449,090430,아모레퍼시픽,0.0
2022-06-21,141000,157140,090430,아모레퍼시픽,0.010752688172043001
2022-06-22,126500,867468,090430,아모레퍼시픽,-0.1028368794326241
2022-06-23,128000,323898,090430,아모레퍼시픽,0.011857707509881354
2022-06-24,129500,284786,090430,아모레퍼시픽,0.01171875
2022-06-27,133500,253558,090430,아모레퍼시픽,0.030888030888030826
2022-06-28,132500,215029,090430,아모레퍼시픽,-0.0074906367041198685
2022-06-29,139000,446987,090430,아모레퍼시픽,0.049056603773584895
2022-06-30,130000,424089,090430,아모레퍼시픽,-0.06474820143884896
2022-07-01,130500,274749,090430,아모레퍼시픽,0.0038461538461538325
2022-07-04,128000,190071,090430,아모레퍼시픽,-0.019157088122605415
2022-07-05,130000,122989,090430,아모레퍼시픽,0.015625
2022-07-06,130500,237596,090430,아모레퍼시픽,0.0038461538461538325
2022-07-07,135000,165829,090430,아모레퍼시픽,0.034482758620689724
2022-07-08,133000,128173,090430,아모레퍼시픽,-0.014814814814814836
2022-07-11,131000,114452,090430,아모레퍼시픽,-0.015037593984962405
2022-07-12,130000,117074,090430,아모레퍼시픽,-0.007633587786259555
2022-07-13,136000,195845,090430,아모레퍼시픽,0.04615384615384621
2022-07-14,134500,172436,090430,아모레퍼시픽,-0.011029411764705843
2022-07-15,133500,127723,090430,아모레퍼시픽,-0.0074349442379182396
2022-07-18,134000,117689,090430,아모레퍼시픽,0.0037453183520599342
2022-07-19,133500,103096,090430,아모레퍼시픽,-0.003731343283582045
2022-07-20,138000,191796,090430,아모레퍼시픽,0.03370786516853941
2022-07-21,135500,184254,090430,아모레퍼시픽,-0.018115942028985477
2022-07-22,139500,224219,090430,아모레퍼시픽,0.029520295202952074
2022-07-25,138000,86151,090430,아모레퍼시픽,-0.010752688172043001
2022-07-26,137500,75381,090430,아모레퍼시픽,-0.0036231884057971175
2022-07-27,141500,229211,090430,아모레퍼시픽,0.029090909090909056
2022-07-28,127500,858036,090430,아모레퍼시픽,-0.09893992932862195
2022-07-29,129000,527143,090430,아모레퍼시픽,0.0117647058823529
2022-08-01,128000,168532,090430,아모레퍼시픽,-0.007751937984496138
2022-08-02,127000,142065,090430,아모레퍼시픽,-0.0078125
2022-08-03,127500,228973,090430,아모레퍼시픽,0.003937007874015741
2022-08-04,127500,196672,090430,아모레퍼시픽,0.0
2022-08-05,129000,206633,090430,아모레퍼시픽,0.0117647058823529
2022-08-08,125500,296582,090430,아모레퍼시픽,-0.027131782945736482
2022-08-09,125000,300593,090430,아모레퍼시픽,-0.003984063745019917
2022-08-10,125000,158237,090430,아모레퍼시픽,0.0
2022-08-11,127500,241603,090430,아모레퍼시픽,0.020000000000000018
2022-08-12,126500,122696,090430,아모레퍼시픽,-0.007843137254901933
2022-08-16,128000,124587,090430,아모레퍼시픽,0.011857707509881354
2022-08-17,128000,196138,090430,아모레퍼시픽,0.0
2022-08-18,128000,142142,090430,아모레퍼시픽,0.0
2022-08-19,127000,114764,090430,아모레퍼시픽,-0.0078125
2022-08-22,127000,116602,090430,아모레퍼시픽,0.0
2022-08-23,123000,196689,090430,아모레퍼시픽,-0.03149606299212604
2022-08-24,121500,528983,090430,아모레퍼시픽,-0.012195121951219523
2022-08-25,124500,236623,090430,아모레퍼시픽,0.024691358024691468
2022-08-26,124000,220859,090430,아모레퍼시픽,-0.004016064257028162
2022-08-29,121000,151628,090430,아모레퍼시픽,-0.024193548387096753
2022-08-30,123500,146817,090430,아모레퍼시픽,0.02066115702479343
2022-08-31,123000,207336,090430,아모레퍼시픽,-0.004048582995951455
2022-09-01,120000,138931,090430,아모레퍼시픽,-0.024390243902439046
2022-09-02,119500,113774,090430,아모레퍼시픽,-0.004166666666666652
2022-09-05,117500,216702,090430,아모레퍼시픽,-0.01673640167364021
2022-09-06,120500,250656,090430,아모레퍼시픽,0.025531914893617058
2022-09-07,118000,167753,090430,아모레퍼시픽,-0.020746887966805017
2022-09-08,117500,273644,090430,아모레퍼시픽,-0.004237288135593209
2022-09-13,121500,251288,090430,아모레퍼시픽,0.03404255319148941
2022-09-14,119500,115805,090430,아모레퍼시픽,-0.016460905349794275
2022-09-15,120500,243511,090430,아모레퍼시픽,0.008368200836819994
2022-09-16,124000,294874,090430,아모레퍼시픽,0.029045643153526868
2022-09-19,119000,243696,090430,아모레퍼시픽,-0.040322580645161255
2022-09-20,119500,243633,090430,아모레퍼시픽,0.004201680672268893
2022-09-21,120000,262337,090430,아모레퍼시픽,0.004184100418409997
2022-09-22,117500,274688,090430,아모레퍼시픽,-0.02083333333333337
2022-09-23,110500,530005,090430,아모레퍼시픽,-0.05957446808510636
2022-09-26,109000,270282,090430,아모레퍼시픽,-0.013574660633484115
2022-09-27,111500,227159,090430,아모레퍼시픽,0.022935779816513735
2022-09-28,108000,250861,090430,아모레퍼시픽,-0.03139013452914796
2022-09-29,105500,235745,090430,아모레퍼시픽,-0.02314814814814814
2022-09-30,102000,248288,090430,아모레퍼시픽,-0.033175355450236976
2022-10-04,103000,238734,090430,아모레퍼시픽,0.009803921568627416
2022-10-05,104000,231964,090430,아모레퍼시픽,0.009708737864077666
2022-10-06,106000,212258,090430,아모레퍼시픽,0.019230769230769162
2022-10-07,105500,157658,090430,아모레퍼시픽,-0.004716981132075526
2022-10-11,98300,363562,090430,아모레퍼시픽,-0.06824644549763037
2022-10-12,99600,249624,090430,아모레퍼시픽,0.01322482197355046
2022-10-13,94900,301159,090430,아모레퍼시픽,-0.04718875502008035
2022-10-14,97500,333233,090430,아모레퍼시픽,0.027397260273972712
2022-10-17,96900,294168,090430,아모레퍼시픽,-0.006153846153846176
2022-10-18,98100,184168,090430,아모레퍼시픽,0.01238390092879249
2022-10-19,98100,147861,090430,아모레퍼시픽,0.0
2022-10-20,98400,205020,090430,아모레퍼시픽,0.003058103975535076
2022-10-21,99100,147794,090430,아모레퍼시픽,0.007113821138211351
2022-10-24,98300,196770,090430,아모레퍼시픽,-0.008072653884964698
2022-10-25,96600,155149,090430,아모레퍼시픽,-0.017293997965411978
2022-10-26,89700,697499,090430,아모레퍼시픽,-0.0714285714285714
2022-10-27,92700,264900,090430,아모레퍼시픽,0.03344481605351168
2022-10-28,91500,637245,090430,아모레퍼시픽,-0.012944983818770184
2022-10-31,92700,362466,090430,아모레퍼시픽,0.013114754098360715
2022-11-01,96700,704170,090430,아모레퍼시픽,0.0431499460625675
2022-11-02,102500,502238,090430,아모레퍼시픽,0.05997931747673224
2022-11-03,97100,473530,090430,아모레퍼시픽,-0.05268292682926834
2022-11-04,109500,796236,090430,아모레퍼시픽,0.12770339855818746
2022-11-07,106000,600541,090430,아모레퍼시픽,-0.03196347031963476
2022-11-08,112000,741454,090430,아모레퍼시픽,0.05660377358490565
2022-11-09,112500,398351,090430,아모레퍼시픽,0.0044642857142858094
2022-11-10,111500,325728,090430,아모레퍼시픽,-0.008888888888888835
2022-11-11,121500,565486,090430,아모레퍼시픽,0.08968609865470856
2022-11-14,121000,830219,090430,아모레퍼시픽,-0.004115226337448541
2022-11-15,127000,400342,090430,아모레퍼시픽,0.04958677685950419
2022-11-16,122500,316358,090430,아모레퍼시픽,-0.03543307086614178
2022-11-17,120500,311723,090430,아모레퍼시픽,-0.01632653061224487
2022-11-18,118500,350642,090430,아모레퍼시픽,-0.016597510373444035
2022-11-21,115500,433064,090430,아모레퍼시픽,-0.025316455696202556
2022-11-22,115500,288388,090430,아모레퍼시픽,0.0
2022-11-23,117500,577120,090430,아모레퍼시픽,0.017316017316017396
2022-11-24,120500,256696,090430,아모레퍼시픽,0.025531914893617058
2022-11-25,122000,281130,090430,아모레퍼시픽,0.012448132780082943
2022-11-28,124500,412349,090430,아모레퍼시픽,0.020491803278688492
2022-11-29,130000,502185,090430,아모레퍼시픽,0.04417670682730934
2022-11-30,130500,443014,090430,아모레퍼시픽,0.0038461538461538325
2022-12-01,128000,451577,090430,아모레퍼시픽,-0.019157088122605415
2022-12-02,131500,400103,090430,아모레퍼시픽,0.02734375
2022-12-05,139500,620271,090430,아모레퍼시픽,0.06083650190114076
2022-12-06,135000,268821,090430,아모레퍼시픽,-0.032258064516129004
2022-12-07,135000,372728,090430,아모레퍼시픽,0.0
2022-12-08,135500,517388,090430,아모레퍼시픽,0.0037037037037037646
2022-12-09,139500,360094,090430,아모레퍼시픽,0.029520295202952074
2022-12-12,132000,399222,090430,아모레퍼시픽,-0.053763440860215006
2022-12-13,134500,129056,090430,아모레퍼시픽,0.018939393939394034
2022-12-14,133500,250106,090430,아모레퍼시픽,-0.0074349442379182396
2022-12-15,130500,183239,090430,아모레퍼시픽,-0.022471910112359605
2022-12-16,132500,210907,090430,아모레퍼시픽,0.015325670498084198
2022-12-19,132000,185673,090430,아모레퍼시픽,-0.0037735849056603765
2022-12-20,133000,177274,090430,아모레퍼시픽,0.007575757575757569
2022-12-21,132500,136109,090430,아모레퍼시픽,-0.003759398496240629
2022-12-22,135000,175215,090430,아모레퍼시픽,0.018867924528301883
2022-12-23,133500,162555,090430,아모레퍼시픽,-0.011111111111111072
2022-12-26,133000,177215,090430,아모레퍼시픽,-0.0037453183520599342
2022-12-27,141500,435891,090430,아모레퍼시픽,0.06390977443609014
2022-12-28,141000,283883,090430,아모레퍼시픽,-0.0035335689045936647
2022-12-29,137500,232848,090430,아모레퍼시픽,-0.024822695035460973
2023-01-02,135000,297502,090430,아모레퍼시픽,-0.018181818181818188
2023-01-03,133000,179098,090430,아모레퍼시픽,-0.014814814814814836
2023-01-04,131500,209432,090430,아모레퍼시픽,-0.011278195488721776
2023-01-05,137500,253308,090430,아모레퍼시픽,0.04562737642585546
2023-01-06,137500,165864,090430,아모레퍼시픽,0.0
2023-01-09,145000,297410,090430,아모레퍼시픽,0.05454545454545445
2023-01-10,140000,323085,090430,아모레퍼시픽,-0.03448275862068961
2023-01-11,144000,312850,090430,아모레퍼시픽,0.02857142857142847
2023-01-12,140000,366747,090430,아모레퍼시픽,-0.02777777777777779
2023-01-13,139500,180625,090430,아모레퍼시픽,-0.0035714285714285587
2023-01-16,142500,210182,090430,아모레퍼시픽,0.021505376344086002
2023-01-17,144500,230194,090430,아모레퍼시픽,0.01403508771929829
2023-01-18,143500,173438,090430,아모레퍼시픽,-0.00692041522491349
2023-01-19,147000,275781,090430,아모레퍼시픽,0.024390243902439046
2023-01-20,148500,234240,090430,아모레퍼시픽,0.010204081632652962
2023-01-25,145600,206830,090430,아모레퍼시픽,-0.019528619528619506
2023-01-26,143400,306126,090430,아모레퍼시픽,-0.015109890109890056
2023-01-27,147400,306961,090430,아모레퍼시픽,0.02789400278940035
2023-01-30,144700,275130,090430,아모레퍼시픽,-0.01831750339213023
2023-01-31,145500,256570,090430,아모레퍼시픽,0.005528680027643507
2023-02-01,141400,575121,090430,아모레퍼시픽,-0.028178694158075612
2023-02-02,151000,930802,090430,아모레퍼시픽,0.0678925035360678
2023-02-03,149600,326413,090430,아모레퍼시픽,-0.009271523178807972
2023-02-06,148200,200603,090430,아모레퍼시픽,-0.009358288770053513
2023-02-07,149100,185155,090430,아모레퍼시픽,0.006072874493927127
2023-02-08,149200,160625,090430,아모레퍼시픽,0.0006706908115359234
2023-02-09,152500,322029,090430,아모레퍼시픽,0.022117962466488006
2023-02-10,153000,304437,090430,아모레퍼시픽,0.003278688524590123
2023-02-13,149100,224643,090430,아모레퍼시픽,-0.025490196078431393
2023-02-14,151900,150038,090430,아모레퍼시픽,0.018779342723004744
2023-02-15,148900,245212,090430,아모레퍼시픽,-0.01974983541803821
2023-02-16,149500,187646,090430,아모레퍼시픽,0.004029550033579632
2023-02-17,146500,155249,090430,아모레퍼시픽,-0.02006688963210701
2023-02-20,149900,177188,090430,아모레퍼시픽,0.02320819112627981
2023-02-21,146700,181188,090430,아모레퍼시픽,-0.021347565043362215
2023-02-22,144700,219583,090430,아모레퍼시픽,-0.013633265167007469
2023-02-23,146100,149344,090430,아모레퍼시픽,0.009675190048376026
2023-02-24,144800,126854,090430,아모레퍼시픽,-0.008898015058179332
2023-02-27,140600,335216,090430,아모레퍼시픽,-0.029005524861878462
2023-02-28,138400,303642,090430,아모레퍼시픽,-0.015647226173541973
2023-03-02,144600,384044,090430,아모레퍼시픽,0.044797687861271696
2023-03-03,145700,151911,090430,아모레퍼시픽,0.007607192254495132
2023-03-06,144000,176960,090430,아모레퍼시픽,-0.011667810569663706
2023-03-07,141500,277639,090430,아모레퍼시픽,-0.01736111111111116
2023-03-08,135700,431449,090430,아모레퍼시픽,-0.040989399293286266
2023-03-09,133700,408710,090430,아모레퍼시픽,-0.014738393515106862
2023-03-10,127400,569458,090430,아모레퍼시픽,-0.04712041884816753
2023-03-13,130800,258299,090430,아모레퍼시픽,0.02668759811616961
2023-03-14,127200,246651,090430,아모레퍼시픽,-0.02752293577981646
2023-03-15,126200,258619,090430,아모레퍼시픽,-0.00786163522012584
2023-03-16,124200,233350,090430,아모레퍼시픽,-0.015847860538827252
2023-03-17,126400,185513,090430,아모레퍼시픽,0.017713365539452575
2023-03-20,127800,282927,090430,아모레퍼시픽,0.011075949367088667
2023-03-21,131000,163433,090430,아모레퍼시픽,0.025039123630672844
2023-03-22,127000,306293,090430,아모레퍼시픽,-0.03053435114503822
2023-03-23,130000,201940,090430,아모레퍼시픽,0.023622047244094446
2023-03-24,128500,154156,090430,아모레퍼시픽,-0.011538461538461497
2023-03-27,130500,171167,090430,아모레퍼시픽,0.015564202334630295
2023-03-28,132300,187357,090430,아모레퍼시픽,0.01379310344827589
2023-03-29,135900,355135,090430,아모레퍼시픽,0.027210884353741527
2023-03-30,135700,261439,090430,아모레퍼시픽,-0.0014716703458425018
2023-03-31,136800,228218,090430,아모레퍼시픽,0.008106116433308719
2023-04-03,136400,149594,090430,아모레퍼시픽,-0.0029239766081871066
2023-04-04,137700,213636,090430,아모레퍼시픽,0.009530791788856297
2023-04-05,135900,259057,090430,아모레퍼시픽,-0.013071895424836555
2023-04-06,134500,125428,090430,아모레퍼시픽,-0.010301692420897735
2023-04-07,136300,138699,090430,아모레퍼시픽,0.013382899628252787
2023-04-10,134000,179126,090430,아모레퍼시픽,-0.01687454145267797
2023-04-11,137000,304596,090430,아모레퍼시픽,0.02238805970149249
2023-04-12,135900,210956,090430,아모레퍼시픽,-0.008029197080291928
2023-04-13,134400,271196,090430,아모레퍼시픽,-0.01103752759381893
2023-04-14,136000,192824,090430,아모레퍼시픽,0.011904761904761862
2023-04-17,133300,194985,090430,아모레퍼시픽,-0.01985294117647063
2023-04-18,140200,454009,090430,아모레퍼시픽,0.05176294073518384
2023-04-19,141900,320350,090430,아모레퍼시픽,0.012125534950071293
2023-04-20,137200,235153,090430,아모레퍼시픽,-0.03312191684284704
2023-04-21,125500,735989,090430,아모레퍼시픽,-0.08527696793002915
2023-04-24,124300,438795,090430,아모레퍼시픽,-0.009561752988047845
2023-04-25,120600,258422,090430,아모레퍼시픽,-0.02976669348350769
2023-04-26,120700,287221,090430,아모레퍼시픽,0.0008291873963515162
2023-04-27,120200,176038,090430,아모레퍼시픽,-0.0041425020712509975
2023-04-28,123300,255241,090430,아모레퍼시픽,0.02579034941763725
2023-05-02,123400,202328,090430,아모레퍼시픽,0.0008110300081103361
2023-05-03,115500,687087,090430,아모레퍼시픽,-0.06401944894651534
2023-05-04,115700,353771,090430,아모레퍼시픽,0.0017316017316018062
2023-05-08,116200,226569,090430,아모레퍼시픽,0.004321521175453702
2023-05-09,115800,179627,090430,아모레퍼시픽,-0.0034423407917383297
2023-05-10,117000,312983,090430,아모레퍼시픽,0.010362694300518172
2023-05-11,115900,154921,090430,아모레퍼시픽,-0.009401709401709368
2023-05-12,114800,173973,090430,아모레퍼시픽,-0.009490940465918918
2023-05-15,116200,147110,090430,아모레퍼시픽,0.012195121951219523
2023-05-16,116000,147903,090430,아모레퍼시픽,-0.0017211703958691649
2023-05-17,115600,128387,090430,아모레퍼시픽,-0.0034482758620689724
2023-05-18,115300,152598,090430,아모레퍼시픽,-0.002595155709342545
2023-05-19,116500,233096,090430,아모레퍼시픽,0.010407632263659927
2023-05-22,117800,232058,090430,아모레퍼시픽,0.011158798283261717
2023-05-23,118200,189861,090430,아모레퍼시픽,0.00339558573853993
2023-05-24,115500,223852,090430,아모레퍼시픽,-0.022842639593908642
2023-05-25,113500,198149,090430,아모레퍼시픽,-0.017316017316017285
2023-05-26,113900,141104,090430,아모레퍼시픽,0.0035242290748898064
2023-05-30,109800,443532,090430,아모레퍼시픽,-0.035996488147497785
2023-05-31,104500,1090835,090430,아모레퍼시픽,-0.04826958105646628
2023-06-01,104900,352248,090430,아모레퍼시픽,0.00382775119617218
2023-06-02,104500,481773,090430,아모레퍼시픽,-0.0038131553860819567
2023-06-05,106600,297512,090430,아모레퍼시픽,0.02009569377990439
2023-06-07,107200,295377,090430,아모레퍼시픽,0.0056285178236397115
2023-06-08,105100,297785,090430,아모레퍼시픽,-0.019589552238805985
2023-06-09,107200,295655,090430,아모레퍼시픽,0.019980970504281714
2023-06-12,103700,475083,090430,아모레퍼시픽,-0.03264925373134331
2023-06-13,104000,268101,090430,아모레퍼시픽,0.0028929604628735728
2023-06-14,102700,387292,090430,아모레퍼시픽,-0.012499999999999956
2023-06-15,103300,407672,090430,아모레퍼시픽,0.0058422590068158975
2023-06-16,104700,272945,090430,아모레퍼시픽,0.013552758954501476
2023-06-19,103900,180531,090430,아모레퍼시픽,-0.0076408787010505685
2023-06-20,104100,252286,090430,아모레퍼시픽,0.0019249278152069227
2023-06-21,102700,296809,090430,아모레퍼시픽,-0.013448607108549449
2023-06-22,102500,184805,090430,아모레퍼시픽,-0.0019474196689386325
2023-06-23,101100,252509,090430,아모레퍼시픽,-0.013658536585365866
2023-06-26,101400,232712,090430,아모레퍼시픽,0.0029673590504450953
2023-06-27,101900,184700,090430,아모레퍼시픽,0.004930966469427922
2023-06-28,99400,249106,090430,아모레퍼시픽,-0.024533856722276703
2023-06-29,98000,263029,090430,아모레퍼시픽,-0.014084507042253502
2023-06-30,97600,216172,090430,아모레퍼시픽,-0.004081632653061273
2023-07-03,97400,302280,090430,아모레퍼시픽,-0.002049180327868827
2023-07-04,97800,185243,090430,아모레퍼시픽,0.004106776180698102
2023-07-05,96200,190150,090430,아모레퍼시픽,-0.01635991820040905
2023-07-06,95000,292333,090430,아모레퍼시픽,-0.012474012474012475
2023-07-07,94700,183421,090430,아모레퍼시픽,-0.0031578947368421373
2023-07-10,95000,140708,090430,아모레퍼시픽,0.0031678986272438703
2023-07-11,98800,314724,090430,아모레퍼시픽,0.040000000000000036
2023-07-12,104100,421450,090430,아모레퍼시픽,0.053643724696356365
2023-07-13,103500,309259,090430,아모레퍼시픽,-0.0057636887608069065
2023-07-14,105700,339952,090430,아모레퍼시픽,0.021256038647343045
2023-07-17,107100,293130,090430,아모레퍼시픽,0.013245033112582849
2023-07-18,105600,176651,090430,아모레퍼시픽,-0.014005602240896309
2023-07-19,105800,175308,090430,아모레퍼시픽,0.0018939393939394478
2023-07-20,102000,278106,090430,아모레퍼시픽,-0.03591682419659736
2023-07-21,103200,180407,090430,아모레퍼시픽,0.0117647058823529
2023-07-24,101600,202986,090430,아모레퍼시픽,-0.015503875968992276
2023-07-25,99800,176127,090430,아모레퍼시픽,-0.017716535433070835
2023-07-26,97600,339379,090430,아모레퍼시픽,-0.022044088176352727
2023-07-27,111300,1398587,090430,아모레퍼시픽,0.1403688524590163
2023-07-28,110800,434401,090430,아모레퍼시픽,-0.004492362982928988
2023-07-31,112700,301851,090430,아모레퍼시픽,0.017148014440433235
2023-08-01,113300,506267,090430,아모레퍼시픽,0.0053238686779060185
2023-08-02,119600,964952,090430,아모레퍼시픽,0.055604589585172004
2023-08-03,117400,366062,090430,아모레퍼시픽,-0.018394648829431426
2023-08-04,121300,407304,090430,아모레퍼시픽,0.03321976149914829
2023-08-07,123400,373612,090430,아모레퍼시픽,0.01731244847485569
2023-08-08,118400,347871,090430,아모레퍼시픽,-0.04051863857374394
2023-08-09,121100,267608,090430,아모레퍼시픽,0.022804054054053946
2023-08-10,130500,1651057,090430,아모레퍼시픽,0.07762180016515274
2023-08-11,130400,960303,090430,아모레퍼시픽,-0.0007662835249042654
2023-08-14,131600,581320,090430,아모레퍼시픽,0.009202453987730008
2023-08-16,127100,474934,090430,아모레퍼시픽,-0.03419452887537999
2023-08-17,123200,400390,090430,아모레퍼시픽,-0.03068450039339099
2023-08-18,122000,340675,090430,아모레퍼시픽,-0.009740259740259716
2023-08-21,120000,239664,090430,아모레퍼시픽,-0.016393442622950838
2023-08-22,118700,212741,090430,아모레퍼시픽,-0.010833333333333361
2023-08-23,122100,226524,090430,아모레퍼시픽,0.02864363942712722
2023-08-24,124100,289851,090430,아모레퍼시픽,0.016380016380016293
2023-08-25,127300,267956,090430,아모레퍼시픽,0.025785656728444906
2023-08-28,131500,440849,090430,아모레퍼시픽,0.03299293008641002
2023-08-29,131200,193072,090430,아모레퍼시픽,-0.0022813688212928174
2023-08-30,133200,337017,090430,아모레퍼시픽,0.015243902439024293
2023-08-31,133900,189929,090430,아모레퍼시픽,0.005255255255255165
2023-09-01,133300,223332,090430,아모레퍼시픽,-0.004480955937266606
2023-09-04,133700,197316,090430,아모레퍼시픽,0.0030007501875468634
2023-09-05,131700,133636,090430,아모레퍼시픽,-0.014958863126402377
2023-09-06,131500,153826,090430,아모레퍼시픽,-0.0015186028853454436
2023-09-07,130500,136720,090430,아모레퍼시픽,-0.0076045627376425395
2023-09-08,130100,107171,090430,아모레퍼시픽,-0.0030651340996168397
2023-09-11,130100,215497,090430,아모레퍼시픽,0.0
2023-09-12,127200,224444,090430,아모레퍼시픽,-0.02229054573405076
2023-09-13,127300,198465,090430,아모레퍼시픽,0.0007861635220125507
2023-09-14,126900,201848,090430,아모레퍼시픽,-0.00314218381775333
2023-09-15,128500,135397,090430,아모레퍼시픽,0.012608353033884967
2023-09-18,128300,103379,090430,아모레퍼시픽,-0.0015564202334630295
2023-09-19,126000,126702,090430,아모레퍼시픽,-0.017926734216679674
2023-09-20,123700,137909,090430,아모레퍼시픽,-0.0182539682539683
2023-09-21,122600,126722,090430,아모레퍼시픽,-0.008892481810832686
2023-09-22,121800,97100,090430,아모레퍼시픽,-0.006525285481239762
2023-09-25,124900,194926,090430,아모레퍼시픽,0.02545155993431858
2023-09-26,122500,153382,090430,아모레퍼시픽,-0.019215372297838318
2023-09-27,122000,142796,090430,아모레퍼시픽,-0.004081632653061273
2023-10-04,121700,251821,090430,아모레퍼시픽,-0.0024590163934425924
2023-10-05,121100,130235,090430,아모레퍼시픽,-0.004930156121610518
2023-10-06,116000,338192,090430,아모레퍼시픽,-0.04211395540875307
2023-10-10,115700,555563,090430,아모레퍼시픽,-0.002586206896551757
2023-10-11,113900,243965,090430,아모레퍼시픽,-0.015557476231633505
2023-10-12,112800,307234,090430,아모레퍼시픽,-0.009657594381035972
2023-10-13,114100,222575,090430,아모레퍼시픽,0.01152482269503552
2023-10-16,110200,278642,090430,아모레퍼시픽,-0.034180543382997364
2023-10-17,111100,130598,090430,아모레퍼시픽,0.008166969147005432
2023-10-18,110900,98614,090430,아모레퍼시픽,-0.0018001800180017513
2023-10-19,108700,150545,090430,아모레퍼시픽,-0.019837691614066677
2023-10-20,107100,132128,090430,아모레퍼시픽,-0.014719411223551027
2023-10-23,110300,197946,090430,아모레퍼시픽,0.029878618113912125
2023-10-24,111900,195378,090430,아모레퍼시픽,0.014505893019038929
2023-10-25,118800,508345,090430,아모레퍼시픽,0.06166219839142095
2023-10-26,118500,288698,090430,아모레퍼시픽,-0.002525252525252486
2023-10-27,117000,431874,090430,아모레퍼시픽,-0.012658227848101222
2023-10-30,113800,426004,090430,아모레퍼시픽,-0.027350427350427364
2023-10-31,126400,1050986,090430,아모레퍼시픽,0.11072056239015815
2023-11-01,134700,849103,090430,아모레퍼시픽,0.06566455696202533
2023-11-02,130800,569951,090430,아모레퍼시픽,-0.028953229398663738
2023-11-03,133300,234375,090430,아모레퍼시픽,0.01911314984709489
2023-11-06,143300,609675,090430,아모레퍼시픽,0.07501875468867225
2023-11-07,143600,382573,090430,아모레퍼시픽,0.002093510118632347
2023-11-08,142800,192171,090430,아모레퍼시픽,-0.005571030640668551
2023-11-09,145000,194635,090430,아모레퍼시픽,0.01540616246498594
2023-11-10,138200,153582,090430,아모레퍼시픽,-0.04689655172413798
2023-11-13,137000,123109,090430,아모레퍼시픽,-0.00868306801736618
2023-11-14,133900,205221,090430,아모레퍼시픽,-0.022627737226277422
2023-11-15,136000,212072,090430,아모레퍼시픽,0.015683345780433067
2023-11-16,134000,88029,090430,아모레퍼시픽,-0.014705882352941124
2023-11-17,135700,62787,090430,아모레퍼시픽,0.012686567164179152
2023-11-20,135700,108234,090430,아모레퍼시픽,0.0
2023-11-21,134500,82641,090430,아모레퍼시픽,-0.008843036109064117
2023-11-22,132400,105186,090430,아모레퍼시픽,-0.015613382899628214
2023-11-23,132100,98116,090430,아모레퍼시픽,-0.0022658610271902857
2023-11-24,130000,92536,090430,아모레퍼시픽,-0.015897047691143085
2023-11-27,134400,98430,090430,아모레퍼시픽,0.03384615384615386
2023-11-28,133200,78201,090430,아모레퍼시픽,-0.008928571428571397
2023-11-29,132900,88226,090430,아모레퍼시픽,-0.0022522522522522292
2023-11-30,129300,271076,090430,아모레퍼시픽,-0.02708803611738153
2023-12-01,128000,101518,090430,아모레퍼시픽,-0.010054137664346485
2023-12-04,127200,113173,090430,아모레퍼시픽,-0.006249999999999978
2023-12-05,131300,141956,090430,아모레퍼시픽,0.03223270440251569
2023-12-06,128100,155737,090430,아모레퍼시픽,-0.02437166793602441
2023-12-07,125600,115502,090430,아모레퍼시픽,-0.01951600312256052
2023-12-08,125400,102994,090430,아모레퍼시픽,-0.0015923566878981443
2023-12-11,127400,92165,090430,아모레퍼시픽,0.01594896331738438
2023-12-12,127000,119587,090430,아모레퍼시픽,-0.0031397174254317317
2023-12-13,132000,193595,090430,아모레퍼시픽,0.03937007874015741
2023-12-14,136800,367714,090430,아모레퍼시픽,0.036363636363636376
2023-12-15,134500,102681,090430,아모레퍼시픽,-0.016812865497076057
2023-12-18,135000,78637,090430,아모레퍼시픽,0.0037174721189590088
2023-12-19,135400,81054,090430,아모레퍼시픽,0.002962962962963056
2023-12-20,136000,72157,090430,아모레퍼시픽,0.004431314623338345
2023-12-21,136500,70633,090430,아모레퍼시픽,0.003676470588235281
2023-12-22,135100,56763,090430,아모레퍼시픽,-0.01025641025641022
2023-12-26,137700,86258,090430,아모레퍼시픽,0.01924500370096216
2023-12-27,137800,73862,090430,아모레퍼시픽,0.000726216412490821
2023-12-28,145000,295066,090430,아모레퍼시픽,0.052249637155297624
2024-01-02,141200,145896,090430,아모레퍼시픽,-0.026206896551724146
2024-01-03,134700,145816,090430,아모레퍼시픽,-0.04603399433427757
2024-01-04,130400,195951,090430,아모레퍼시픽,-0.031922791388270255
2024-01-05,131700,154917,090430,아모레퍼시픽,0.009969325153374342
2024-01-08,129200,156292,090430,아모레퍼시픽,-0.018982536066818545
2024-01-09,132700,103623,090430,아모레퍼시픽,0.027089783281733837
2024-01-10,131300,106698,090430,아모레퍼시픽,-0.010550113036925435
2024-01-11,127000,245461,090430,아모레퍼시픽,-0.03274942878903275
2024-01-12,127000,86293,090430,아모레퍼시픽,0.0
2024-01-15,122100,136340,090430,아모레퍼시픽,-0.03858267716535435
2024-01-16,122800,96575,090430,아모레퍼시픽,0.005733005733005836
2024-01-17,121300,121870,090430,아모레퍼시픽,-0.012214983713355054
2024-01-18,130600,339855,090430,아모레퍼시픽,0.07666941467436117
2024-01-19,131500,104079,090430,아모레퍼시픽,0.006891271056661541
2024-01-22,132000,127392,090430,아모레퍼시픽,0.0038022813688212143
2024-01-23,138900,267970,090430,아모레퍼시픽,0.05227272727272725
2024-01-24,138500,139636,090430,아모레퍼시픽,-0.0028797696184305055
2024-01-25,139500,92811,090430,아모레퍼시픽,0.0072202166064982976
2024-01-26,140000,121059,090430,아모레퍼시픽,0.0035842293906809264
2024-01-29,136400,129588,090430,아모레퍼시픽,-0.02571428571428569
2024-01-30,135700,98233,090430,아모레퍼시픽,-0.00513196480938416
2024-01-31,118000,634822,090430,아모레퍼시픽,-0.13043478260869568
2024-02-01,119600,282895,090430,아모레퍼시픽,0.013559322033898313
2024-02-02,123100,228091,090430,아모레퍼시픽,0.029264214046822667
2024-02-05,120000,169379,090430,아모레퍼시픽,-0.025182778229081992
2024-02-06,124900,224254,090430,아모레퍼시픽,0.04083333333333328
2024-02-07,127700,126894,090430,아모레퍼시픽,0.022417934347477964
2024-02-08,129400,323750,090430,아모레퍼시픽,0.013312451057165164
2024-02-13,125500,204682,090430,아모레퍼시픽,-0.030139103554868596
2024-02-14,123500,117013,090430,아모레퍼시픽,-0.015936254980079667
2024-02-15,124500,161659,090430,아모레퍼시픽,0.00809716599190291
2024-02-16,125000,105273,090430,아모레퍼시픽,0.004016064257028162
2024-02-19,127500,124070,090430,아모레퍼시픽,0.020000000000000018
2024-02-20,126900,105471,090430,아모레퍼시픽,-0.004705882352941226
2024-02-21,127000,81096,090430,아모레퍼시픽,0.0007880220646176994
2024-02-22,127000,75503,090430,아모레퍼시픽,0.0
2024-02-23,124700,114617,090430,아모레퍼시픽,-0.018110236220472475
2024-02-26,123200,124720,090430,아모레퍼시픽,-0.012028869286287103
2024-02-27,122300,111612,090430,아모레퍼시픽,-0.007305194805194759
2024-02-28,123300,192659,090430,아모레퍼시픽,0.00817661488143906
2024-02-29,119600,210576,090430,아모레퍼시픽,-0.030008110300081103
2024-03-04,118100,149221,090430,아모레퍼시픽,-0.012541806020066937
2024-03-05,113700,241048,090430,아모레퍼시픽,-0.03725656223539375
2024-03-06,114500,102167,090430,아모레퍼시픽,0.0070360598065084545
2024-03-07,112700,169994,090430,아모레퍼시픽,-0.015720524017467263
2024-03-08,112000,150524,090430,아모레퍼시픽,-0.006211180124223614
2024-03-11,114800,187813,090430,아모레퍼시픽,0.02499999999999991
2024-03-12,114900,121072,090430,아모레퍼시픽,0.0008710801393727596
2024-03-13,112800,120178,090430,아모레퍼시픽,-0.018276762402088753
2024-03-14,114200,255202,090430,아모레퍼시픽,0.012411347517730542
2024-03-15,113100,218401,090430,아모레퍼시픽,-0.009632224168126147
2024-03-18,112900,87230,090430,아모레퍼시픽,-0.0017683465959328348
2024-03-19,111700,103703,090430,아모레퍼시픽,-0.010628875110717417
2024-03-20,113200,159484,090430,아모레퍼시픽,0.013428827215756556
2024-03-21,114300,128058,090430,아모레퍼시픽,0.009717314487632578
2024-03-22,116100,455456,090430,아모레퍼시픽,0.015748031496062964
2024-03-25,118100,223691,090430,아모레퍼시픽,0.017226528854435763
2024-03-26,122400,292484,090430,아모레퍼시픽,0.036409822184589435
2024-03-27,122300,145367,090430,아모레퍼시픽,-0.0008169934640522847
2024-03-28,121200,127791,090430,아모레퍼시픽,-0.008994276369582943
2024-03-29,121400,75770,090430,아모레퍼시픽,0.0016501650165017256
2024-04-01,129100,463259,090430,아모레퍼시픽,0.06342668863261935
2024-04-02,134200,327427,090430,아모레퍼시픽,0.039504260263361735
2024-04-03,135700,327195,090430,아모레퍼시픽,0.011177347242921076
2024-04-04,132400,303868,090430,아모레퍼시픽,-0.024318349299926267
2024-04-05,133800,210633,090430,아모레퍼시픽,0.010574018126888296
2024-04-08,134300,213176,090430,아모레퍼시픽,0.0037369207772794955
2024-04-09,129200,151213,090430,아모레퍼시픽,-0.03797468354430378
2024-04-11,127400,248725,090430,아모레퍼시픽,-0.01393188854489169
2024-04-12,135000,381973,090430,아모레퍼시픽,0.05965463108320246
2024-04-15,134600,142920,090430,아모레퍼시픽,-0.002962962962962945
2024-04-16,137400,325099,090430,아모레퍼시픽,0.02080237741456159
2024-04-17,142100,435739,090430,아모레퍼시픽,0.03420669577874813
2024-04-18,146500,369131,090430,아모레퍼시픽,0.03096410978184383
2024-04-19,142800,259260,090430,아모레퍼시픽,-0.025255972696245688
2024-04-22,141700,190235,090430,아모레퍼시픽,-0.00770308123249297
2024-04-23,142200,167434,090430,아모레퍼시픽,0.003528581510232831
2024-04-24,145400,234072,090430,아모레퍼시픽,0.02250351617440227
2024-04-25,146100,325567,090430,아모레퍼시픽,0.004814305364511773
2024-04-26,150600,408132,090430,아모레퍼시픽,0.030800821355236208
2024-04-29,155900,321904,090430,아모레퍼시픽,0.035192563081009265
2024-04-30,169500,1004813,090430,아모레퍼시픽,0.08723540731237978
2024-05-02,173400,741198,090430,아모레퍼시픽,0.023008849557522026
2024-05-03,168700,260793,090430,아모레퍼시픽,-0.027104959630911196
2024-05-07,167100,381951,090430,아모레퍼시픽,-0.009484291641967957
2024-05-08,164700,189029,090430,아모레퍼시픽,-0.014362657091561926
2024-05-09,168900,390567,090430,아모레퍼시픽,0.02550091074681249
2024-05-10,170800,281028,090430,아모레퍼시픽,0.011249259917110788
2024-05-13,168800,194986,090430,아모레퍼시픽,-0.011709601873536313
2024-05-14,169000,149640,090430,아모레퍼시픽,0.0011848341232227888
2024-05-16,176400,356236,090430,아모레퍼시픽,0.04378698224852062
2024-05-17,173900,137793,090430,아모레퍼시픽,-0.014172335600907027
2024-05-20,179700,330945,090430,아모레퍼시픽,0.03335250143760793
2024-05-21,184800,297763,090430,아모레퍼시픽,0.028380634390651194
2024-05-22,188600,333982,090430,아모레퍼시픽,0.02056277056277067
2024-05-23,188000,274677,090430,아모레퍼시픽,-0.0031813361611876534
2024-05-24,184500,278995,090430,아모레퍼시픽,-0.018617021276595702
2024-05-27,181800,282997,090430,아모레퍼시픽,-0.014634146341463428
2024-05-28,178400,303540,090430,아모레퍼시픽,-0.018701870187018743
2024-05-29,186200,351606,090430,아모레퍼시픽,0.043721973094170474
2024-05-30,188000,424722,090430,아모레퍼시픽,0.009667024704618665
2024-05-31,194200,900054,090430,아모레퍼시픽,0.03297872340425534
2024-06-03,187200,521445,090430,아모레퍼시픽,-0.03604531410916578
2024-06-04,179100,489512,090430,아모레퍼시픽,-0.043269230769230727
2024-06-05,177800,347741,090430,아모레퍼시픽,-0.007258514796203208
2024-06-07,180300,262763,090430,아모레퍼시픽,0.014060742407199012
2024-06-10,176100,195519,090430,아모레퍼시픽,-0.02329450915141429
2024-06-11,178100,191562,090430,아모레퍼시픽,0.011357183418512218
2024-06-12,191700,482692,090430,아모레퍼시픽,0.07636159460976977
2024-06-13,189800,349886,090430,아모레퍼시픽,-0.009911319770474658
2024-06-14,186600,299303,090430,아모레퍼시픽,-0.01685985247629085
2024-06-17,185000,211170,090430,아모레퍼시픽,-0.008574490889603381
2024-06-18,181600,210477,090430,아모레퍼시픽,-0.018378378378378413
2024-06-19,178400,328821,090430,아모레퍼시픽,-0.017621145374449365
2024-06-20,172800,298065,090430,아모레퍼시픽,-0.03139013452914796
2024-06-21,172800,382123,090430,아모레퍼시픽,0.0
2024-06-24,172800,216322,090430,아모레퍼시픽,0.0
2024-06-25,174300,175749,090430,아모레퍼시픽,0.00868055555555558
2024-06-26,177600,258640,090430,아모레퍼시픽,0.018932874354561147
2024-06-27,176000,213451,090430,아모레퍼시픽,-0.009009009009009028
2024-06-28,167300,359622,090430,아모레퍼시픽,-0.04943181818181819
2024-07-01,167100,276943,090430,아모레퍼시픽,-0.001195457262402888
2024-07-02,158300,488601,090430,아모레퍼시픽,-0.05266307600239373
2024-07-03,151500,626286,090430,아모레퍼시픽,-0.042956411876184486
2024-07-04,148700,378157,090430,아모레퍼시픽,-0.01848184818481846
2024-07-05,149500,312915,090430,아모레퍼시픽,0.005379959650302579
2024-07-08,151400,159089,090430,아모레퍼시픽,0.012709030100334529
2024-07-09,153800,256053,090430,아모레퍼시픽,0.01585204755614278
2024-07-10,154000,129212,090430,아모레퍼시픽,0.0013003901170351995
2024-07-11,153000,210258,090430,아모레퍼시픽,-0.00649350649350644
2024-07-12,154800,198253,090430,아모레퍼시픽,0.0117647058823529
2024-07-15,150200,146403,090430,아모레퍼시픽,-0.029715762273901825
2024-07-16,149800,123002,090430,아모레퍼시픽,-0.0026631158455392434
2024-07-17,162400,600580,090430,아모레퍼시픽,0.08411214953271018
2024-07-18,167000,786048,090430,아모레퍼시픽,0.028325123152709297
2024-07-19,163200,325273,090430,아모레퍼시픽,-0.022754491017964118
2024-07-22,177700,694963,090430,아모레퍼시픽,0.08884803921568629
2024-07-23,175200,311934,090430,아모레퍼시픽,-0.014068655036578503
2024-07-24,179000,464328,090430,아모레퍼시픽,0.02168949771689488
2024-07-25,177200,375644,090430,아모레퍼시픽,-0.010055865921787754
2024-07-26,170900,271020,090430,아모레퍼시픽,-0.035553047404063176
2024-07-29,182300,403171,090430,아모레퍼시픽,0.06670567583382092
2024-07-30,178900,177973,090430,아모레퍼시픽,-0.018650575973669814
2024-07-31,181700,265304,090430,아모레퍼시픽,0.015651201788708713
2024-08-01,177800,184003,090430,아모레퍼시픽,-0.021463951568519546
2024-08-02,178100,219570,090430,아모레퍼시픽,0.0016872890888639525
2024-08-05,159700,362819,090430,아모레퍼시픽,-0.10331274564851212
2024-08-06,165800,481321,090430,아모레퍼시픽,0.03819661865998758
2024-08-07,124500,3345422,090430,아모레퍼시픽,-0.24909529553679133
2024-08-08,120500,934828,090430,아모레퍼시픽,-0.032128514056224855
2024-08-09,119000,795010,090430,아모레퍼시픽,-0.012448132780082943
2024-08-12,120600,426132,090430,아모레퍼시픽,0.013445378151260456
2024-08-13,116900,506142,090430,아모레퍼시픽,-0.03067993366500832
2024-08-14,117900,337725,090430,아모레퍼시픽,0.008554319931565413
2024-08-16,122900,592224,090430,아모레퍼시픽,0.04240882103477528
2024-08-19,122900,470198,090430,아모레퍼시픽,0.0
2024-08-20,121500,227137,090430,아모레퍼시픽,-0.011391375101708734
2024-08-21,121100,203708,090430,아모레퍼시픽,-0.003292181069958877
2024-08-22,121900,172512,090430,아모레퍼시픽,0.006606110652353392
2024-08-23,121800,143205,090430,아모레퍼시픽,-0.0008203445447088065
2024-08-26,121000,169971,090430,아모레퍼시픽,-0.006568144499178974
2024-08-27,122300,173071,090430,아모레퍼시픽,0.01074380165289246
2024-08-28,125500,554707,090430,아모레퍼시픽,0.026165167620605168
2024-08-29,123600,191182,090430,아모레퍼시픽,-0.015139442231075662
2024-08-30,124400,270574,090430,아모레퍼시픽,0.006472491909385036
2024-09-02,125300,237407,090430,아모레퍼시픽,0.007234726688102988
2024-09-03,128200,361949,090430,아모레퍼시픽,0.02314445331205106
2024-09-04,125500,217221,090430,아모레퍼시픽,-0.021060842433697324
2024-09-05,129400,313782,090430,아모레퍼시픽,0.03107569721115544
2024-09-06,130900,385445,090430,아모레퍼시픽,0.011591962905718622
2024-09-09,139300,522975,090430,아모레퍼시픽,0.06417112299465244
2024-09-10,138600,371749,090430,아모레퍼시픽,-0.005025125628140725
2024-09-11,141500,300529,090430,아모레퍼시픽,0.02092352092352101
2024-09-12,149900,542533,090430,아모레퍼시픽,0.05936395759717317
2024-09-13,140600,560521,090430,아모레퍼시픽,-0.062041360907271526
2024-09-19,140700,214272,090430,아모레퍼시픽,0.0007112375533429027
2024-09-20,137700,288616,090430,아모레퍼시픽,-0.021321961620469065
2024-09-23,139000,113698,090430,아모레퍼시픽,0.009440813362382006
2024-09-24,138200,175009,090430,아모레퍼시픽,-0.0057553956834532904
2024-09-25,150700,1317095,090430,아모레퍼시픽,0.09044862518089736
2024-09-26,146800,387698,090430,아모레퍼시픽,-0.02587923025879235
2024-09-27,152200,674934,090430,아모레퍼시픽,0.03678474114441421
2024-09-30,147700,275123,090430,아모레퍼시픽,-0.029566360052562413
2024-10-02,137300,465410,090430,아모레퍼시픽,-0.07041299932295197
2024-10-04,131600,493089,090430,아모레퍼시픽,-0.0415149308084487
2024-10-07,130300,433695,090430,아모레퍼시픽,-0.009878419452887588
2024-10-08,125200,652203,090430,아모레퍼시픽,-0.03914044512663084
2024-10-10,130100,797793,090430,아모레퍼시픽,0.039137380191693216
2024-10-11,125300,395311,090430,아모레퍼시픽,-0.03689469638739429
2024-10-14,124000,346912,090430,아모레퍼시픽,-0.010375099760574602
2024-10-15,124000,223578,090430,아모레퍼시픽,0.0
2024-10-16,122200,174810,090430,아모레퍼시픽,-0.014516129032258074
2024-10-17,122900,266681,090430,아모레퍼시픽,0.005728314238952592
2024-10-18,125100,389038,090430,아모레퍼시픽,0.017900732302685185
2024-10-21,126500,202255,090430,아모레퍼시픽,0.011191047162270262
2024-10-22,124300,167638,090430,아모레퍼시픽,-0.017391304347826098
2024-10-23,123700,175687,090430,아모레퍼시픽,-0.00482703137570395
2024-10-24,123800,241348,090430,아모레퍼시픽,0.0008084074373484462
2024-10-25,117300,448558,090430,아모레퍼시픽,-0.05250403877221321
2024-10-28,120400,218723,090430,아모레퍼시픽,0.026427962489343537
2024-10-29,120500,105574,090430,아모레퍼시픽,0.0008305647840531893
2024-10-30,120200,186832,090430,아모레퍼시픽,-0.0024896265560165887
2024-10-31,116600,318389,090430,아모레퍼시픽,-0.029950083194675514
2024-11-01,120300,984533,090430,아모레퍼시픽,0.0317324185248713
2024-11-04,125600,482400,090430,아모레퍼시픽,0.044056525353283416
2024-11-05,127000,189804,090430,아모레퍼시픽,0.011146496815286566
2024-11-06,122700,270636,090430,아모레퍼시픽,-0.03385826771653544
2024-11-07,124400,216339,090430,아모레퍼시픽,0.013854930725346382
2024-11-08,123100,158707,090430,아모레퍼시픽,-0.010450160771704131
2024-11-11,116600,432703,090430,아모레퍼시픽,-0.052802599512591364
2024-11-12,111200,398699,090430,아모레퍼시픽,-0.046312178387650116
2024-11-13,111900,306808,090430,아모레퍼시픽,0.00629496402877705
2024-11-14,107000,482218,090430,아모레퍼시픽,-0.04378909740840031
2024-11-15,108100,352147,090430,아모레퍼시픽,0.010280373831775602
2024-11-18,110000,176154,090430,아모레퍼시픽,0.01757631822386685
2024-11-19,110000,126252,090430,아모레퍼시픽,0.0
2024-11-20,110000,107610,090430,아모레퍼시픽,0.0
2024-11-21,108800,145879,090430,아모레퍼시픽,-0.010909090909090868
2024-11-22,109100,154982,090430,아모레퍼시픽,0.0027573529411764053
2024-11-25,108400,304503,090430,아모레퍼시픽,-0.006416131989000928
2024-11-26,109400,236832,090430,아모레퍼시픽,0.009225092250922495
2024-11-27,108800,152353,090430,아모레퍼시픽,-0.005484460694698323
2024-11-28,109200,158978,090430,아모레퍼시픽,0.003676470588235281
2024-11-29,104200,368136,090430,아모레퍼시픽,-0.045787545787545736
2024-12-02,103300,165400,090430,아모레퍼시픽,-0.008637236084452993
2024-12-03,109500,309770,090430,아모레퍼시픽,0.06001936108422079
2024-12-04,108800,307177,090430,아모레퍼시픽,-0.006392694063926951
2024-12-05,105100,178011,090430,아모레퍼시픽,-0.034007352941176516
2024-12-06,102800,203246,090430,아모레퍼시픽,-0.021883920076117946
2024-12-09,99500,268453,090430,아모레퍼시픽,-0.032101167315175094
2024-12-10,106700,394293,090430,아모레퍼시픽,0.07236180904522604
2024-12-11,111100,351929,090430,아모레퍼시픽,0.04123711340206193
2024-12-12,111700,540579,090430,아모레퍼시픽,0.005400540054005365
2024-12-13,111600,257494,090430,아모레퍼시픽,-0.0008952551477170445
2024-12-16,111900,208055,090430,아모레퍼시픽,0.0026881720430107503
2024-12-17,110400,225553,090430,아모레퍼시픽,-0.013404825737265424
2024-12-18,110000,200341,090430,아모레퍼시픽,-0.0036231884057971175
2024-12-19,109600,305075,090430,아모레퍼시픽,-0.0036363636363636598
2024-12-20,109400,206596,090430,아모레퍼시픽,-0.0018248175182481452
2024-12-23,110300,257933,090430,아모레퍼시픽,0.00822669104204743
2024-12-24,109100,145065,090430,아모레퍼시픽,-0.010879419764279197
2024-12-26,108100,278029,090430,아모레퍼시픽,-0.00916590284142993
2024-12-27,105100,209637,090430,아모레퍼시픽,-0.02775208140610541
2024-12-30,104800,128245,090430,아모레퍼시픽,-0.0028544243577545148
2025-01-02,103400,175447,090430,아모레퍼시픽,-0.013358778625954248
2025-01-03,108100,290349,090430,아모레퍼시픽,0.045454545454545414
2025-01-06,115800,700258,090430,아모레퍼시픽,0.0712303422756706
2025-01-07,115900,264102,090430,아모레퍼시픽,0.0008635578583764403
2025-01-08,115100,224757,090430,아모레퍼시픽,-0.00690250215703192
2025-01-09,115400,373910,090430,아모레퍼시픽,0.0026064291920069316
2025-01-10,115700,245346,090430,아모레퍼시픽,0.0025996533795493715
2025-01-13,117600,284860,090430,아모레퍼시픽,0.01642178046672438
2025-01-14,115300,175448,090430,아모레퍼시픽,-0.019557823129251695
2025-01-15,114100,172645,090430,아모레퍼시픽,-0.010407632263660038
2025-01-16,122900,560625,090430,아모레퍼시픽,0.07712532865907096
2025-01-17,124600,315655,090430,아모레퍼시픽,0.013832384052074875
2025-01-20,123300,223595,090430,아모레퍼시픽,-0.010433386837881198
2025-01-21,122900,146617,090430,아모레퍼시픽,-0.0032441200324412334
2025-01-22,125500,325407,090430,아모레퍼시픽,0.0211554109031733
2025-01-23,124600,210875,090430,아모레퍼시픽,-0.007171314741035828
2025-01-24,126000,199771,090430,아모레퍼시픽,0.011235955056179803
2025-01-31,129700,288829,090430,아모레퍼시픽,0.02936507936507926
2025-02-03,122500,232334,090430,아모레퍼시픽,-0.05551272166538168
2025-02-04,126800,232778,090430,아모레퍼시픽,0.03510204081632651
2025-02-05,122900,266225,090430,아모레퍼시픽,-0.030757097791798138
2025-02-06,126300,257223,090430,아모레퍼시픽,0.02766476810414975
2025-02-07,118700,683583,090430,아모레퍼시픽,-0.06017418844022171
2025-02-10,117500,228346,090430,아모레퍼시픽,-0.010109519797809607
2025-02-11,116600,283656,090430,아모레퍼시픽,-0.007659574468085073
2025-02-12,116300,225728,090430,아모레퍼시픽,-0.002572898799313883
2025-02-13,116700,262149,090430,아모레퍼시픽,0.0034393809114359186
2025-02-14,119100,323799,090430,아모레퍼시픽,0.020565552699228773
2025-02-17,118400,152732,090430,아모레퍼시픽,-0.005877413937867337
2025-02-18,115000,372478,090430,아모레퍼시픽,-0.028716216216216228
2025-02-19,117900,309432,090430,아모레퍼시픽,0.025217391304347858
2025-02-20,124000,895759,090430,아모레퍼시픽,0.05173876166242586
2025-02-21,119200,527787,090430,아모레퍼시픽,-0.03870967741935483
2025-02-24,118700,165416,090430,아모레퍼시픽,-0.004194630872483174
2025-02-25,119100,236225,090430,아모레퍼시픽,0.0033698399326032025
2025-02-26,118500,249423,090430,아모레퍼시픽,-0.005037783375314908
2025-02-27,120500,278871,090430,아모레퍼시픽,0.016877637130801704
2025-02-28,117200,346710,090430,아모레퍼시픽,-0.027385892116182586
2025-03-04,115700,173506,090430,아모레퍼시픽,-0.012798634812286713
2025-03-05,116400,189466,090430,아모레퍼시픽,0.006050129645635227
2025-03-06,118200,239163,090430,아모레퍼시픽,0.015463917525773141
2025-03-07,117100,179237,090430,아모레퍼시픽,-0.009306260575296155
2025-03-10,114400,279231,090430,아모레퍼시픽,-0.02305721605465416
2025-03-11,112800,235907,090430,아모레퍼시픽,-0.013986013986013957
2025-03-12,113500,187804,090430,아모레퍼시픽,0.00620567375886516
2025-03-13,112600,418402,090430,아모레퍼시픽,-0.007929515418502175
2025-03-14,112600,143705,090430,아모레퍼시픽,0.0
2025-03-17,111800,237211,090430,아모레퍼시픽,-0.007104795737122527
2025-03-18,111900,202200,090430,아모레퍼시픽,0.0008944543828264262
2025-03-19,110700,249650,090430,아모레퍼시픽,-0.01072386058981234
2025-03-20,109700,375029,090430,아모레퍼시픽,-0.009033423667569984
2025-03-21,108900,391161,090430,아모레퍼시픽,-0.007292616226071136
2025-03-24,108700,187900,090430,아모레퍼시픽,-0.0018365472910927272
2025-03-25,108800,226640,090430,아모레퍼시픽,0.0009199632014720294
2025-03-26,106700,341858,090430,아모레퍼시픽,-0.01930147058823528
2025-03-27,103000,557197,090430,아모레퍼시픽,-0.03467666354264287
2025-03-28,104500,592068,090430,아모레퍼시픽,0.014563106796116498
2025-03-31,101400,551781,090430,아모레퍼시픽,-0.02966507177033495
2025-04-01,105900,391035,090430,아모레퍼시픽,0.044378698224851965
2025-04-02,108600,654364,090430,아모레퍼시픽,0.025495750708215192
2025-04-03,107600,340931,090430,아모레퍼시픽,-0.009208103130755041
2025-04-04,110300,350485,090430,아모레퍼시픽,0.025092936802973975
2025-04-07,104000,349131,090430,아모레퍼시픽,-0.05711695376246595
2025-04-08,104100,264679,090430,아모레퍼시픽,0.0009615384615384581
2025-04-09,101200,314925,090430,아모레퍼시픽,-0.02785782901056677
2025-04-10,108600,501403,090430,아모레퍼시픽,0.0731225296442688
2025-04-11,108700,243028,090430,아모레퍼시픽,0.0009208103130755596
2025-04-14,110000,203180,090430,아모레퍼시픽,0.011959521619135272
2025-04-15,109900,131682,090430,아모레퍼시픽,-0.0009090909090908594
2025-04-16,111500,310088,090430,아모레퍼시픽,0.014558689717925288
2025-04-17,115700,392600,090430,아모레퍼시픽,0.03766816143497764
2025-04-18,115400,159918,090430,아모레퍼시픽,-0.002592912705272288
2025-04-21,115400,139883,090430,아모레퍼시픽,0.0
2025-04-22,114600,103785,090430,아모레퍼시픽,-0.006932409012131768
2025-04-23,114500,155387,090430,아모레퍼시픽,-0.0008726003490401313
2025-04-24,117400,390940,090430,아모레퍼시픽,0.02532751091703056
2025-04-25,119800,271925,090430,아모레퍼시픽,0.020442930153321992
2025-04-28,120200,199539,090430,아모레퍼시픽,0.0033388981636059967
2025-04-29,123100,431822,090430,아모레퍼시픽,0.024126455906821942
2025-04-30,124400,566831,090430,아모레퍼시픽,0.010560519902518273
2025-05-02,125600,348721,090430,아모레퍼시픽,0.009646302250803762
2025-05-07,123300,232397,090430,아모레퍼시픽,-0.018312101910827994
2025-05-08,125200,533711,090430,아모레퍼시픽,0.01540957015409572
2025-05-09,125500,215285,090430,아모레퍼시픽,0.0023961661341853624
2025-05-12,123200,282069,090430,아모레퍼시픽,-0.018326693227091684
2025-05-13,122700,204751,090430,아모레퍼시픽,-0.0040584415584415945
2025-05-14,123500,202888,090430,아모레퍼시픽,0.006519967400163029
2025-05-15,121300,106091,090430,아모레퍼시픽,-0.017813765182186247
2025-05-16,123100,134144,090430,아모레퍼시픽,0.01483924154987637
2025-05-19,121300,163997,090430,아모레퍼시픽,-0.01462225832656372
2025-05-20,122000,135675,090430,아모레퍼시픽,0.00577081615828523
2025-05-21,126200,294243,090430,아모레퍼시픽,0.03442622950819674
2025-05-22,125000,165922,090430,아모레퍼시픽,-0.009508716323296307
2025-05-23,135300,918055,090430,아모레퍼시픽,0.08240000000000003
2025-05-26,135400,341628,090430,아모레퍼시픽,0.0007390983000739038
2025-05-27,136300,241587,090430,아모레퍼시픽,0.006646971935007295
2025-05-28,135800,252994,090430,아모레퍼시픽,-0.003668378576669129
2025-05-29,134300,400786,090430,아모레퍼시픽,-0.011045655375552244
2025-05-30,133700,418641,090430,아모레퍼시픽,-0.004467609828741614
2025-06-02,134300,240937,090430,아모레퍼시픽,0.004487658937920802
2025-06-04,134100,263213,090430,아모레퍼시픽,-0.0014892032762472418
2025-06-05,137300,638348,090430,아모레퍼시픽,0.02386278896346017
2025-06-09,139900,436123,090430,아모레퍼시픽,0.01893663510560817
2025-06-10,140600,593159,090430,아모레퍼시픽,0.005003573981415377
2025-06-11,139700,309476,090430,아모레퍼시픽,-0.006401137980085347
2025-06-12,135600,531471,090430,아모레퍼시픽,-0.029348604151753777
2025-06-13,132300,379216,090430,아모레퍼시픽,-0.02433628318584069
2025-06-16,132300,250969,090430,아모레퍼시픽,0.0
2025-06-17,132700,308622,090430,아모레퍼시픽,0.003023431594860071
2025-06-18,131800,232961,090430,아모레퍼시픽,-0.0067822155237377
2025-06-19,133300,328718,090430,아모레퍼시픽,0.011380880121396153
2025-06-20,145500,1441367,090430,아모레퍼시픽,0.09152288072018
2025-06-23,142100,462297,090430,아모레퍼시픽,-0.023367697594501746
2025-06-24,145700,402774,090430,아모레퍼시픽,0.025334271639690265
2025-06-25,138800,786457,090430,아모레퍼시픽,-0.047357584076870296
2025-06-26,132900,427517,090430,아모레퍼시픽,-0.04250720461095103
2025-06-27,131200,307347,090430,아모레퍼시픽,-0.012791572610985735
2025-06-30,136700,303461,090430,아모레퍼시픽,0.04192073170731714
2025-07-01,137500,277903,090430,아모레퍼시픽,0.00585223116313105
2025-07-02,136600,232326,090430,아모레퍼시픽,-0.006545454545454521
2025-07-03,137500,195662,090430,아모레퍼시픽,0.0065885797950220315
2025-07-04,133600,205556,090430,아모레퍼시픽,-0.02836363636363637
2025-07-07,135000,238622,090430,아모레퍼시픽,0.010479041916167775
2025-07-08,133300,367939,090430,아모레퍼시픽,-0.0125925925925926
2025-07-09,134700,223345,090430,아모레퍼시픽,0.010502625656414022
2025-07-10,136600,316832,090430,아모레퍼시픽,0.01410541945063093
2025-07-11,132800,382631,090430,아모레퍼시픽,-0.027818448023426035
2025-07-14,139600,661213,090430,아모레퍼시픽,0.051204819277108404
2025-07-15,139400,294401,090430,아모레퍼시픽,-0.0014326647564469885
2025-07-16,135000,343420,090430,아모레퍼시픽,-0.031563845050215256
2025-07-17,137700,223266,090430,아모레퍼시픽,0.020000000000000018
2025-07-18,135600,186433,090430,아모레퍼시픽,-0.015250544662309351
2025-07-21,136000,143818,090430,아모레퍼시픽,0.002949852507374562
2025-07-22,134700,125201,090430,아모레퍼시픽,-0.00955882352941173
2025-07-23,134600,127178,090430,아모레퍼시픽,-0.0007423904974016571
2025-07-24,135100,164155,090430,아모레퍼시픽,0.003714710252600284
2025-07-25,133900,85484,090430,아모레퍼시픽,-0.0088823094004441
2025-07-28,130900,226502,090430,아모레퍼시픽,-0.022404779686333032
2025-07-29,131100,165763,090430,아모레퍼시픽,0.0015278838808250317
2025-07-30,133600,222641,090430,아모레퍼시픽,0.019069412662090057
2025-07-31,134700,266314,090430,아모레퍼시픽,0.008233532934131649
2025-08-01,131500,419580,090430,아모레퍼시픽,-0.02375649591685225
2025-08-04,129100,250543,090430,아모레퍼시픽,-0.018250950570342206
2025-08-05,127200,377984,090430,아모레퍼시픽,-0.014717273431448463
2025-08-06,128800,281341,090430,아모레퍼시픽,0.012578616352201255
2025-08-07,130200,312653,090430,아모레퍼시픽,0.010869565217391353
2025-08-08,128800,187834,090430,아모레퍼시픽,-0.010752688172043001
2025-08-11,126600,230744,090430,아모레퍼시픽,-0.017080745341614856
2025-08-12,122600,449593,090430,아모레퍼시픽,-0.03159557661927326
2025-08-13,122600,300761,090430,아모레퍼시픽,0.0
2025-08-14,122600,204509,090430,아모레퍼시픽,0.0
2025-08-18,121800,116032,090430,아모레퍼시픽,-0.006525285481239762
2025-08-19,122100,121184,090430,아모레퍼시픽,0.0024630541871921707
2025-08-20,123900,219435,090430,아모레퍼시픽,0.014742014742014753
2025-08-21,122400,176134,090430,아모레퍼시픽,-0.01210653753026636
2025-08-22,122200,111428,090430,아모레퍼시픽,-0.0016339869281045694
2025-08-25,122900,107658,090430,아모레퍼시픽,0.005728314238952592
2025-08-26,122300,119059,090430,아모레퍼시픽,-0.004882017900732283
2025-08-27,120600,169665,090430,아모레퍼시픽,-0.013900245298446468
2025-08-28,120000,193736,090430,아모레퍼시픽,-0.00497512437810943
2025-08-29,120300,161848,090430,아모레퍼시픽,0.0024999999999999467
2025-09-01,118000,120504,090430,아모레퍼시픽,-0.019118869492934287
2025-09-02,118100,219265,090430,아모레퍼시픽,0.0008474576271186862
2025-09-03,117300,197321,090430,아모레퍼시픽,-0.006773920406435208
2025-09-04,118700,107883,090430,아모레퍼시픽,0.011935208866155067
2025-09-05,118200,82429,090430,아모레퍼시픽,-0.004212299915754003
2025-09-08,119200,210561,090430,아모레퍼시픽,0.008460236886632888
2025-09-09,119600,213436,090430,아모레퍼시픽,0.003355704697986628
2025-09-10,119600,195304,090430,아모레퍼시픽,0.0
2025-09-11,119900,246067,090430,아모레퍼시픽,0.0025083612040133207
2025-09-12,122100,198277,090430,아모레퍼시픽,0.0183486238532109
2025-09-15,122500,346970,090430,아모레퍼시픽,0.003276003276003303
2025-09-16,121300,167585,090430,아모레퍼시픽,-0.009795918367346945
2025-09-17,123800,184261,090430,아모레퍼시픽,0.0206100577081616
2025-09-18,125900,229104,090430,아모레퍼시픽,0.01696284329563813
2025-09-19,125600,195588,090430,아모레퍼시픽,-0.002382843526608447
2025-09-22,124200,272817,090430,아모레퍼시픽,-0.011146496815286677
2025-09-23,123400,153711,090430,아모레퍼시픽,-0.006441223832528209
2025-09-24,125400,191892,090430,아모레퍼시픽,0.01620745542949753
2025-09-25,125500,204079,090430,아모레퍼시픽,0.0007974481658692412
2025-09-26,122400,163997,090430,아모레퍼시픽,-0.024701195219123506
2025-09-29,125600,228983,090430,아모레퍼시픽,0.02614379084967311
2025-09-30,122300,305406,090430,아모레퍼시픽,-0.026273885350318493
2025-10-01,123200,102586,090430,아모레퍼시픽,0.007358953393295176
2025-10-02,121900,303991,090430,아모레퍼시픽,-0.010551948051948035
2025-10-10,119800,312614,090430,아모레퍼시픽,-0.01722723543888438
2025-10-13,120600,119239,090430,아모레퍼시픽,0.006677796327211993
2025-10-14,117300,262028,090430,아모레퍼시픽,-0.027363184079602032
2025-10-15,116900,174392,090430,아모레퍼시픽,-0.0034100596760443525
2025-10-16,118500,151694,090430,아모레퍼시픽,0.01368691189050475
2025-10-17,117700,103695,090430,아모레퍼시픽,-0.006751054852320637
2025-10-20,119500,134708,090430,아모레퍼시픽,0.015293118096856517
2025-10-21,118700,151922,090430,아모레퍼시픽,-0.006694560669456062
2025-10-22,120400,170417,090430,아모레퍼시픽,0.0143218197135635
2025-10-23,119400,199189,090430,아모레퍼시픽,-0.00830564784053156
2025-10-24,118700,191315,090430,아모레퍼시픽,-0.005862646566164198
2025-10-27,119800,167675,090430,아모레퍼시픽,0.009267059814658696
2025-10-28,123700,408045,090430,아모레퍼시픽,0.03255425709515869
2025-10-29,120500,235191,090430,아모레퍼시픽,-0.025869037995149502
2025-10-30,121700,347367,090430,아모레퍼시픽,0.009958506224066355
2025-10-31,120900,175535,090430,아모레퍼시픽,-0.006573541495480728
2025-11-03,120200,342264,090430,아모레퍼시픽,-0.005789909015715522
2025-11-04,120600,217799,090430,아모레퍼시픽,0.0033277870216306127
2025-11-05,120100,269712,090430,아모레퍼시픽,-0.004145936981757914
2025-11-06,118600,199021,090430,아모레퍼시픽,-0.01248959200666111
2025-11-07,126500,1604910,090430,아모레퍼시픽,0.06661045531197307
2025-11-10,126100,299775,090430,아모레퍼시픽,-0.003162055335968361
2025-11-11,123900,291886,090430,아모레퍼시픽,-0.017446471054718526
2025-11-12,126300,199969,090430,아모레퍼시픽,0.01937046004842613
2025-11-13,127800,271643,090430,아모레퍼시픽,0.01187648456057011
2025-11-14,127400,333741,090430,아모레퍼시픽,-0.003129890453834161
2025-11-17,127200,196660,090430,아모레퍼시픽,-0.0015698587127158659
2025-11-18,123600,137604,090430,아모레퍼시픽,-0.028301886792452824
2025-11-19,127700,335387,090430,아모레퍼시픽,0.03317152103559873
2025-11-20,134800,841761,090430,아모레퍼시픽,0.055599060297572445
2025-11-21,134400,376946,090430,아모레퍼시픽,-0.0029673590504450953
2025-11-24,130900,323353,090430,아모레퍼시픽,-0.02604166666666663
2025-11-25,126400,249048,090430,아모레퍼시픽,-0.03437738731856377
2025-11-26,127500,175099,090430,아모레퍼시픽,0.008702531645569556
2025-11-27,125100,198214,090430,아모레퍼시픽,-0.018823529411764683
2025-11-28,124300,145968,090430,아모레퍼시픽,-0.006394884092725817
2025-12-01,125400,140031,090430,아모레퍼시픽,0.008849557522123908
2025-12-02,124800,188712,090430,아모레퍼시픽,-0.004784688995215336
2025-12-03,125200,92430,090430,아모레퍼시픽,0.0032051282051281937
2025-12-04,124000,153735,090430,아모레퍼시픽,-0.009584664536741228
2025-12-05,124300,196073,090430,아모레퍼시픽,0.0024193548387096975
2025-12-08,122900,115980,090430,아모레퍼시픽,-0.011263073209975882
2025-12-09,122000,109171,090430,아모레퍼시픽,-0.007323026851098424
2025-12-10,121300,112071,090430,아모레퍼시픽,-0.0057377049180328266
2025-12-11,121800,226966,090430,아모레퍼시픽,0.004122011541632276
2025-12-12,121800,100514,090430,아모레퍼시픽,0.0
2025-12-15,122700,153178,090430,아모레퍼시픽,0.00738916256157629
2025-12-16,124200,234068,090430,아모레퍼시픽,0.012224938875305513
2025-12-17,121800,178094,090430,아모레퍼시픽,-0.019323671497584516
2025-12-18,119300,137741,090430,아모레퍼시픽,-0.02052545155993435
2025-12-19,121200,136648,090430,아모레퍼시픽,0.0159262363788768
2025-12-22,121900,109240,090430,아모레퍼시픽,0.005775577557755707
2025-12-23,121000,105242,090430,아모레퍼시픽,-0.007383100902379036
2025-12-24,120500,73641,090430,아모레퍼시픽,-0.004132231404958664
2025-12-26,118900,123613,090430,아모레퍼시픽,-0.01327800829875514
2025-12-29,119700,124679,090430,아모레퍼시픽,0.006728343145500526
2025-12-30,119500,82787,090430,아모레퍼시픽,-0.001670843776106934
2026-01-02,126900,410844,090430,아모레퍼시픽,0.061924686192468714
2026-01-05,126600,301435,090430,아모레퍼시픽,-0.0023640661938534313
2026-01-06,121900,327085,090430,아모레퍼시픽,-0.03712480252764616
2026-01-07,120700,321573,090430,아모레퍼시픽,-0.009844134536505345
2026-01-08,120000,242153,090430,아모레퍼시픽,-0.0057995028997513964
2026-01-09,119200,182852,090430,아모레퍼시픽,-0.00666666666666671
2026-01-12,118800,222814,090430,아모레퍼시픽,-0.003355704697986628
2026-01-13,118600,197694,090430,아모레퍼시픽,-0.0016835016835017313
2026-01-14,119900,208480,090430,아모레퍼시픽,0.010961214165261302
2026-01-15,119800,231343,090430,아모레퍼시픽,-0.0008340283569641116
2026-01-16,121400,309954,090430,아모레퍼시픽,0.013355592654423987
2026-01-19,119700,201104,090430,아모레퍼시픽,-0.014003294892915963
2026-01-20,121300,222488,090430,아모레퍼시픽,0.013366750208855471
2026-01-21,119100,233057,090430,아모레퍼시픽,-0.018136850783182168
2026-01-22,126700,897883,090430,아모레퍼시픽,0.06381192275398817
2026-01-23,133300,774846,090430,아모레퍼시픽,0.052091554853985755
2026-01-26,131600,293219,090430,아모레퍼시픽,-0.01275318829707428
2026-01-27,133800,393030,090430,아모레퍼시픽,0.016717325227963542
2026-01-28,133900,303278,090430,아모레퍼시픽,0.0007473841554559435
2026-01-29,139500,654846,090430,아모레퍼시픽,0.041822255414488474
2026-01-30,138800,265379,090430,아모레퍼시픽,-0.00501792114695343
2026-02-02,138200,365431,090430,아모레퍼시픽,-0.004322766570605152
2026-02-03,139300,242913,090430,아모레퍼시픽,0.00795947901591898
2026-02-04,139500,221678,090430,아모레퍼시픽,0.001435750179468842
2026-02-05,139700,322283,090430,아모레퍼시픽,0.0014336917562725038
2026-02-06,137300,199172,090430,아모레퍼시픽,-0.01717967072297777
2026-02-09,165100,2440573,090430,아모레퍼시픽,0.20247632920611802
2026-02-10,164200,521508,090430,아모레퍼시픽,-0.005451241671714069
2026-02-11,163000,263373,090430,아모레퍼시픽,-0.0073081607795371095
2026-02-12,159400,396173,090430,아모레퍼시픽,-0.02208588957055213
2026-02-13,161000,323856,090430,아모레퍼시픽,0.010037641154328814
2026-02-19,161400,224050,090430,아모레퍼시픽,0.00248447204968949
2026-02-20,156000,264497,090430,아모레퍼시픽,-0.03345724907063197
2026-02-23,156600,155655,090430,아모레퍼시픽,0.0038461538461538325
2026-02-24,157700,177762,090430,아모레퍼시픽,0.007024265644955285
2026-02-25,157000,231987,090430,아모레퍼시픽,-0.00443880786303108
2026-02-26,156600,308445,090430,아모레퍼시픽,-0.002547770700636942
2026-02-27,151400,500043,090430,아모레퍼시픽,-0.033205619412515985
2026-03-03,138600,379811,090430,아모레퍼시픽,-0.08454425363276086
2026-03-04,125400,436796,090430,아모레퍼시픽,-0.09523809523809523
2026-03-05,130200,283988,090430,아모레퍼시픽,0.038277511961722466
2026-03-06,131600,192411,090430,아모레퍼시픽,0.010752688172043001
2026-03-09,128100,175790,090430,아모레퍼시픽,-0.02659574468085102
2026-03-10,129200,188804,090430,아모레퍼시픽,0.00858704137392663
2026-03-11,130900,183659,090430,아모레퍼시픽,0.013157894736842035
2026-03-12,130400,251788,090430,아모레퍼시픽,-0.0038197097020626902
2026-03-13,131000,191048,090430,아모레퍼시픽,0.004601226993865115
2026-03-16,128300,128095,090430,아모레퍼시픽,-0.02061068702290081
2026-03-17,132700,179914,090430,아모레퍼시픽,0.034294621979735096
2026-03-18,135600,222823,090430,아모레퍼시픽,0.021853805576488305
2026-03-19,134700,94559,090430,아모레퍼시픽,-0.006637168141592875
2026-03-20,140800,282631,090430,아모레퍼시픽,0.04528582034149964
2026-03-23,136000,218849,090430,아모레퍼시픽,-0.03409090909090906
2026-03-24,135700,134398,090430,아모레퍼시픽,-0.0022058823529411686
2026-03-25,136800,109261,090430,아모레퍼시픽,0.008106116433308719
2026-03-26,136000,122626,090430,아모레퍼시픽,-0.005847953216374324
2026-03-27,144400,352716,090430,아모레퍼시픽,0.061764705882352944
2026-03-30,140400,160351,090430,아모레퍼시픽,-0.027700831024930705
2026-03-31,137200,171676,090430,아모레퍼시픽,-0.022792022792022748
2026-04-01,142600,157801,090430,아모레퍼시픽,0.039358600583090375
2026-04-02,134300,195621,090430,아모레퍼시픽,-0.05820476858345025
2026-04-03,131500,116724,090430,아모레퍼시픽,-0.02084884586746094
2026-04-06,131200,122029,090430,아모레퍼시픽,-0.0022813688212928174
2026-04-07,127700,172483,090430,아모레퍼시픽,-0.026676829268292734
2026-04-08,130300,190412,090430,아모레퍼시픽,0.02036021926389986
2026-04-09,129100,248568,090430,아모레퍼시픽,-0.009209516500383708
2026-04-10,131900,138991,090430,아모레퍼시픽,0.021688613477924168
2026-04-13,130600,120703,090430,아모레퍼시픽,-0.009855951478392688
2026-04-14,129200,243994,090430,아모레퍼시픽,-0.01071975497702915
2026-04-15,130500,254727,090430,아모레퍼시픽,0.010061919504643857
2026-04-16,133200,240471,090430,아모레퍼시픽,0.020689655172413834
2026-04-17,132600,149875,090430,아모레퍼시픽,-0.0045045045045044585
2026-04-20,130700,130588,090430,아모레퍼시픽,-0.014328808446455454
2026-04-21,130600,212744,090430,아모레퍼시픽,-0.0007651109410864443
2026-04-22,131200,232274,090430,아모레퍼시픽,0.004594180704440953
2026-04-23,132200,307290,090430,아모레퍼시픽,0.007621951219512146
2026-04-24,143900,669397,090430,아모레퍼시픽,0.0885022692889561
2026-04-27,150800,516517,090430,아모레퍼시픽,0.04794996525364836
2026-04-28,146200,497376,090430,아모레퍼시픽,-0.0305039787798409
2026-04-29,141400,737238,090430,아모레퍼시픽,-0.03283173734610123
2026-04-30,135300,435705,090430,아모레퍼시픽,-0.04314002828854313
2026-05-04,134300,273854,090430,아모레퍼시픽,-0.007390983000739149
2026-05-06,130000,389675,090430,아모레퍼시픽,-0.03201787043931492
2026-05-07,129900,229755,090430,아모레퍼시픽,-0.0007692307692307443
2026-05-08,129400,297016,090430,아모레퍼시픽,-0.0038491147036181506
2026-05-11,127900,253517,090430,아모레퍼시픽,-0.011591962905718733
2026-05-12,123200,329664,090430,아모레퍼시픽,-0.036747458952306467
2026-05-13,120500,294880,090430,아모레퍼시픽,-0.021915584415584388
2026-05-14,130200,330763,090430,아모레퍼시픽,0.08049792531120326
2026-05-15,122000,350708,090430,아모레퍼시픽,-0.06298003072196623
2026-05-18,120400,177806,090430,아모레퍼시픽,-0.013114754098360604
2026-05-19,119900,202355,090430,아모레퍼시픽,-0.004152823920265836
2026-05-20,116100,273606,090430,아모레퍼시픽,-0.03169307756463724
2026-05-21,117300,249650,090430,아모레퍼시픽,0.010335917312661591
2026-05-22,120000,247858,090430,아모레퍼시픽,0.023017902813299296
2026-05-26,118700,249882,090430,아모레퍼시픽,-0.010833333333333361
2026-05-27,116600,183283,090430,아모레퍼시픽,-0.017691659646166813
2026-05-28,115400,252510,090430,아모레퍼시픽,-0.010291595197255532
2026-05-29,115100,877733,090430,아모레퍼시픽,-0.0025996533795493715
2026-06-01,111300,375897,090430,아모레퍼시픽,-0.03301476976542139
2026-06-02,109300,250136,090430,아모레퍼시픽,-0.017969451931716063
2026-06-04,111200,313061,090430,아모레퍼시픽,0.017383348581884617
2026-06-05,107500,288149,090430,아모레퍼시픽,-0.033273381294964044
2026-06-08,105000,254844,090430,아모레퍼시픽,-0.023255813953488413
2026-06-09,112000,438230,090430,아모레퍼시픽,0.06666666666666665
2026-06-10,111800,204211,090430,아모레퍼시픽,-0.0017857142857142794
2026-06-11,111800,283015,090430,아모레퍼시픽,0.0
2026-06-12,112000,215876,090430,아모레퍼시픽,0.0017889087656528524
2026-06-15,112500,157227,090430,아모레퍼시픽,0.0044642857142858094
2026-06-16,110400,170138,090430,아모레퍼시픽,-0.01866666666666672
2026-06-17,109900,178617,090430,아모레퍼시픽,-0.004528985507246341
2026-06-18,106300,279124,090430,아모레퍼시픽,-0.032757051865332065
2026-06-19,104600,332210,090430,아모레퍼시픽,-0.0159924741298213
2026-06-22,100700,189049,090430,아모레퍼시픽,-0.0372848948374761
2026-06-23,96200,338397,090430,아모레퍼시픽,-0.0446871896722939
2026-06-24,98000,234922,090430,아모레퍼시픽,0.018711018711018657
2026-06-25,97700,197884,090430,아모레퍼시픽,-0.003061224489795955
2026-06-26,97000,233133,090430,아모레퍼시픽,-0.007164790174002067
2026-06-29,111500,899464,090430,아모레퍼시픽,0.14948453608247414
2026-06-30,105700,322079,090430,아모레퍼시픽,-0.052017937219730914
2026-07-01,113600,396106,090430,아모레퍼시픽,0.07473982970671722
2026-07-02,119400,720929,090430,아모레퍼시픽,0.051056338028169
2026-07-03,121200,442863,090430,아모레퍼시픽,0.015075376884422065
2026-07-06,121400,239296,090430,아모레퍼시픽,0.0016501650165017256
2026-07-07,126500,468788,090430,아모레퍼시픽,0.042009884678748
2026-07-08,124300,617769,090430,아모레퍼시픽,-0.017391304347826098
2026-07-09,116300,424653,090430,아모레퍼시픽,-0.06436041834271922
2026-07-10,123100,406120,090430,아모레퍼시픽,0.05846947549441106
2026-07-13,121600,315935,090430,아모레퍼시픽,-0.012185215272136452
2026-07-14,120000,225035,090430,아모레퍼시픽,-0.013157894736842146
2026-07-15,120800,297784,090430,아모레퍼시픽,0.006666666666666599
2026-07-16,124400,224697,090430,아모레퍼시픽,0.0298013245033113
2026-07-20,117300,173604,090430,아모레퍼시픽,-0.05707395498392287
2026-07-21,119700,143932,090430,아모레퍼시픽,0.020460358056265893
2026-07-22,116900,163236,090430,아모레퍼시픽,-0.023391812865497075
2026-07-23,119000,181561,090430,아모레퍼시픽,0.017964071856287456
2026-07-24,118000,237151,090430,아모레퍼시픽,-0.008403361344537785
2026-07-27,123500,443289,090430,아모레퍼시픽,0.04661016949152552
2026-07-28,118800,149915,090430,아모레퍼시픽,-0.0380566801619433
2026-07-29,121900,533493,090430,아모레퍼시픽,0.02609427609427617
2026-07-30,134000,1176541,090430,아모레퍼시픽,0.09926168990976203
2026-07-31,130000,826875,090430,아모레퍼시픽,-0.02985074626865669
2026-08-03,129800,326423,090430,아모레퍼시픽,-0.0015384615384614886
2026-08-04,131900,383994,090430,아모레퍼시픽,0.016178736517719505
2026-08-05,131300,376033,090430,아모레퍼시픽,-0.004548900682335155
2026-08-06,137800,529100,090430,아모레퍼시픽,0.04950495049504955
2026-08-07,141800,435171,090430,아모레퍼시픽,0.029027576197387495
2026-08-10,135800,359628,090430,아모레퍼시픽,-0.042313117066290595
2026-08-11,137300,365683,090430,아모레퍼시픽,0.011045655375552244
2026-08-12,135700,335741,090430,아모레퍼시픽,-0.011653313911143437
2026-08-13,134500,366247,090430,아모레퍼시픽,-0.008843036109064117
2026-08-14,135700,230356,090430,아모레퍼시픽,0.008921933085501932
2026-08-18,132200,254015,090430,아모레퍼시픽,-0.025792188651436954
2026-08-19,133100,161771,090430,아모레퍼시픽,0.006807866868381307
2026-08-20,136600,188995,090430,아모레퍼시픽,0.026296018031555235
2026-08-21,136800,112249,090430,아모레퍼시픽,0.0014641288433381305
2024-02-27,63500,21833840,278470,에이피알,
2024-02-28,60800,5970590,278470,에이피알,-0.04251968503937009
2024-02-29,59600,5743355,278470,에이피알,-0.019736842105263164
2024-03-04,59900,2396830,278470,에이피알,0.005033557046979942
2024-03-05,55500,2330940,278470,에이피알,-0.07345575959933226
2024-03-06,57300,1967135,278470,에이피알,0.03243243243243232
2024-03-07,52900,1647765,278470,에이피알,-0.07678883071553233
2024-03-08,52400,1492385,278470,에이피알,-0.009451795841209809
2024-03-11,50100,1077210,278470,에이피알,-0.043893129770992356
2024-03-12,50400,755950,278470,에이피알,0.0059880239520957446
2024-03-13,57400,5254920,278470,에이피알,0.13888888888888884
2024-03-14,58000,1819845,278470,에이피알,0.010452961672473782
2024-03-15,60100,3515915,278470,에이피알,0.036206896551724155
2024-03-18,57400,1126560,278470,에이피알,-0.04492512479201327
2024-03-19,52300,1523730,278470,에이피알,-0.08885017421602792
2024-03-20,51400,875215,278470,에이피알,-0.017208413001912004
2024-03-21,51800,592770,278470,에이피알,0.0077821011673151474
2024-03-22,51700,623575,278470,에이피알,-0.0019305019305019266
2024-03-25,53800,1200130,278470,에이피알,0.04061895551257244
2024-03-26,52900,1078210,278470,에이피알,-0.016728624535315983
2024-03-27,55700,5173980,278470,에이피알,0.05293005671077511
2024-03-28,52400,1289390,278470,에이피알,-0.05924596050269304
2024-03-29,50000,1574770,278470,에이피알,-0.04580152671755722
2024-04-01,50200,1102325,278470,에이피알,0.0040000000000000036
2024-04-02,51300,832360,278470,에이피알,0.021912350597609542
2024-04-03,50200,629930,278470,에이피알,-0.021442495126705707
2024-04-04,50100,561490,278470,에이피알,-0.0019920318725099584
2024-04-05,46600,1112865,278470,에이피알,-0.06986027944111772
2024-04-08,43500,920150,278470,에이피알,-0.0665236051502146
2024-04-09,44500,553865,278470,에이피알,0.02298850574712641
2024-04-11,47200,840290,278470,에이피알,0.06067415730337089
2024-04-12,48300,504205,278470,에이피알,0.02330508474576276
2024-04-15,47500,376835,278470,에이피알,-0.0165631469979296
2024-04-16,46600,334720,278470,에이피알,-0.0189473684210526
2024-04-17,50400,1158905,278470,에이피알,0.0815450643776825
2024-04-18,49600,829620,278470,에이피알,-0.015873015873015928
2024-04-19,47800,1286290,278470,에이피알,-0.03629032258064513
2024-04-22,47700,318460,278470,에이피알,-0.0020920502092049986
2024-04-23,46400,487960,278470,에이피알,-0.027253668763102756
2024-04-24,46900,343150,278470,에이피알,0.010775862068965525
2024-04-25,50000,1316910,278470,에이피알,0.06609808102345416
2024-04-26,49900,606950,278470,에이피알,-0.0020000000000000018
2024-04-29,54000,5758405,278470,에이피알,0.0821643286573146
2024-04-30,56800,2193880,278470,에이피알,0.051851851851851816
2024-05-02,57800,4107895,278470,에이피알,0.01760563380281699
2024-05-03,59400,1309630,278470,에이피알,0.02768166089965396
2024-05-07,58700,1213730,278470,에이피알,-0.011784511784511786
2024-05-08,58400,1589590,278470,에이피알,-0.005110732538330498
2024-05-09,64000,4110645,278470,에이피알,0.09589041095890405
2024-05-10,68300,2798025,278470,에이피알,0.06718749999999996
2024-05-13,66500,1995470,278470,에이피알,-0.026354319180087793
2024-05-14,66700,1313070,278470,에이피알,0.003007518796992459
2024-05-16,66800,964670,278470,에이피알,0.0014992503748125774
2024-05-17,67200,1051775,278470,에이피알,0.0059880239520957446
2024-05-20,66100,1344295,278470,에이피알,-0.016369047619047672
2024-05-21,67100,1090960,278470,에이피알,0.015128593040847127
2024-05-22,63500,1353875,278470,에이피알,-0.05365126676602083
2024-05-23,66300,1045145,278470,에이피알,0.04409448818897643
2024-05-24,72400,2342625,278470,에이피알,0.09200603318250367
2024-05-27,70400,1517360,278470,에이피알,-0.027624309392265234
2024-05-28,73700,1335765,278470,에이피알,0.046875
2024-05-29,72300,1226825,278470,에이피알,-0.018995929443690662
2024-05-30,71700,1120765,278470,에이피알,-0.008298755186721962
2024-05-31,73900,1645795,278470,에이피알,0.030683403068340276
2024-06-03,71900,2016645,278470,에이피알,-0.02706359945872805
2024-06-04,65700,1981500,278470,에이피알,-0.08623087621696801
2024-06-05,65200,1113570,278470,에이피알,-0.007610350076103556
2024-06-07,64900,844095,278470,에이피알,-0.004601226993865004
2024-06-10,67000,1121350,278470,에이피알,0.03235747303543923
2024-06-11,72400,2532315,278470,에이피알,0.08059701492537319
2024-06-12,73700,1108675,278470,에이피알,0.017955801104972302
2024-06-13,74200,2360920,278470,에이피알,0.006784260515603879
2024-06-14,78000,3152850,278470,에이피알,0.05121293800539073
2024-06-17,78000,985525,278470,에이피알,0.0
2024-06-18,77900,1491660,278470,에이피알,-0.0012820512820512775
2024-06-19,75200,1343540,278470,에이피알,-0.03465982028241332
2024-06-20,72900,820190,278470,에이피알,-0.030585106382978733
2024-06-21,79800,2419885,278470,에이피알,0.09465020576131677
2024-06-24,80000,1807055,278470,에이피알,0.0025062656641603454
2024-06-25,75800,930125,278470,에이피알,-0.05249999999999999
2024-06-26,80500,1363970,278470,에이피알,0.06200527704485492
2024-06-27,80300,794810,278470,에이피알,-0.00248447204968949
2024-06-28,78600,686660,278470,에이피알,-0.021170610211706076
2024-07-01,76000,1205140,278470,에이피알,-0.0330788804071247
2024-07-02,75600,1405975,278470,에이피알,-0.0052631578947368585
2024-07-03,67700,2639090,278470,에이피알,-0.10449735449735453
2024-07-04,67800,1594400,278470,에이피알,0.001477104874446189
2024-07-05,63300,2630200,278470,에이피알,-0.0663716814159292
2024-07-08,64300,1177870,278470,에이피알,0.01579778830963674
2024-07-09,60200,2104325,278470,에이피알,-0.0637636080870918
2024-07-10,60300,1195095,278470,에이피알,0.0016611295681063787
2024-07-11,57700,2187085,278470,에이피알,-0.04311774461028195
2024-07-12,56700,974055,278470,에이피알,-0.017331022530329254
2024-07-15,58200,1049840,278470,에이피알,0.02645502645502651
2024-07-16,57500,796265,278470,에이피알,-0.012027491408934665
2024-07-17,59700,1095035,278470,에이피알,0.03826086956521735
2024-07-18,58300,566525,278470,에이피알,-0.02345058626465657
2024-07-19,56300,492100,278470,에이피알,-0.03430531732418529
2024-07-22,54000,854110,278470,에이피알,-0.04085257548845467
2024-07-23,56600,758315,278470,에이피알,0.04814814814814805
2024-07-24,58800,1012575,278470,에이피알,0.03886925795053009
2024-07-25,57200,466070,278470,에이피알,-0.027210884353741527
2024-07-26,55100,487640,278470,에이피알,-0.036713286713286664
2024-07-29,56600,402770,278470,에이피알,0.02722323049001818
2024-07-30,57100,363075,278470,에이피알,0.008833922261484162
2024-07-31,50100,2635595,278470,에이피알,-0.12259194395796846
2024-08-01,49900,914975,278470,에이피알,-0.003992015968063867
2024-08-02,46300,935730,278470,에이피알,-0.07214428857715427
2024-08-05,41000,1155335,278470,에이피알,-0.1144708423326134
2024-08-06,44200,739870,278470,에이피알,0.07804878048780495
2024-08-07,43800,487125,278470,에이피알,-0.009049773755656076
2024-08-08,43600,370445,278470,에이피알,-0.004566210045662156
2024-08-09,45400,583120,278470,에이피알,0.041284403669724856
2024-08-12,49400,1021170,278470,에이피알,0.08810572687224671
2024-08-13,48400,541060,278470,에이피알,-0.020242914979757054
2024-08-14,51100,617300,278470,에이피알,0.05578512396694224
2024-08-16,52100,523800,278470,에이피알,0.019569471624266255
2024-08-19,52700,424230,278470,에이피알,0.011516314779270731
2024-08-20,55000,463960,278470,에이피알,0.0436432637571158
2024-08-21,54000,566535,278470,에이피알,-0.018181818181818188
2024-08-22,52600,314385,278470,에이피알,-0.025925925925925908
2024-08-23,52900,194760,278470,에이피알,0.005703422053231932
2024-08-26,51000,333845,278470,에이피알,-0.03591682419659736
2024-08-27,50400,738620,278470,에이피알,-0.0117647058823529
2024-08-28,51200,958675,278470,에이피알,0.015873015873015817
2024-08-29,51300,382885,278470,에이피알,0.001953125
2024-08-30,51400,324940,278470,에이피알,0.0019493177387914784
2024-09-02,52900,818285,278470,에이피알,0.029182879377431803
2024-09-03,57300,1322505,278470,에이피알,0.08317580340264641
2024-09-04,55900,931235,278470,에이피알,-0.024432809773123898
2024-09-05,57200,694585,278470,에이피알,0.023255813953488413
2024-09-06,56900,624735,278470,에이피알,-0.005244755244755206
2024-09-09,58100,677975,278470,에이피알,0.02108963093145877
2024-09-10,55500,551600,278470,에이피알,-0.04475043029259895
2024-09-11,59000,1177560,278470,에이피알,0.06306306306306309
2024-09-12,58700,528510,278470,에이피알,-0.005084745762711895
2024-09-13,58900,344350,278470,에이피알,0.0034071550255536653
2024-09-19,56900,617885,278470,에이피알,-0.03395585738539897
2024-09-20,56900,1173740,278470,에이피알,0.0
2024-09-23,58300,869315,278470,에이피알,0.024604569420035194
2024-09-24,55100,652630,278470,에이피알,-0.054888507718696355
2024-09-25,52700,925415,278470,에이피알,-0.04355716878402904
2024-09-26,53200,582840,278470,에이피알,0.009487666034155628
2024-09-27,51000,611295,278470,에이피알,-0.041353383458646586
2024-09-30,53300,512105,278470,에이피알,0.045098039215686336
2024-10-02,50100,896685,278470,에이피알,-0.060037523452157626
2024-10-04,51700,566300,278470,에이피알,0.031936127744510934
2024-10-07,52800,376080,278470,에이피알,0.02127659574468077
2024-10-08,53400,384975,278470,에이피알,0.011363636363636465
2024-10-10,54400,397575,278470,에이피알,0.01872659176029967
2024-10-11,54500,354680,278470,에이피알,0.0018382352941177516
2024-10-14,54500,347330,278470,에이피알,0.0
2024-10-15,53600,528660,278470,에이피알,-0.016513761467889854
2024-10-16,51600,596975,278470,에이피알,-0.03731343283582089
2024-10-17,53300,651695,278470,에이피알,0.032945736434108586
2024-10-18,53300,0,278470,에이피알,0.0
2024-10-21,53300,0,278470,에이피알,0.0
2024-10-22,53300,0,278470,에이피알,0.0
2024-10-23,53300,0,278470,에이피알,0.0
2024-10-24,53300,0,278470,에이피알,0.0
2024-10-25,53300,0,278470,에이피알,0.0
2024-10-28,53300,0,278470,에이피알,0.0
2024-10-29,53300,0,278470,에이피알,0.0
2024-10-30,53300,0,278470,에이피알,0.0
2024-10-31,50100,706639,278470,에이피알,-0.060037523452157626
2024-11-01,46300,622175,278470,에이피알,-0.07584830339321358
2024-11-04,46650,351741,278470,에이피알,0.0075593952483801186
2024-11-05,48550,455881,278470,에이피알,0.040728831725616255
2024-11-06,52200,723758,278470,에이피알,0.0751802265705459
2024-11-07,50500,701777,278470,에이피알,-0.03256704980842917
2024-11-08,49200,375051,278470,에이피알,-0.025742574257425765
2024-11-11,47100,469670,278470,에이피알,-0.04268292682926833
2024-11-12,42050,763383,278470,에이피알,-0.10721868365180465
2024-11-13,43000,465871,278470,에이피알,0.022592152199762294
2024-11-14,41900,393450,278470,에이피알,-0.025581395348837188
2024-11-15,42950,452101,278470,에이피알,0.02505966587112174
2024-11-18,47400,527552,278470,에이피알,0.10360884749708954
2024-11-19,50000,458770,278470,에이피알,0.05485232067510548
2024-11-20,51500,547455,278470,에이피알,0.030000000000000027
2024-11-21,49100,409540,278470,에이피알,-0.04660194174757282
2024-11-22,51400,589046,278470,에이피알,0.046843177189409335
2024-11-25,53100,574155,278470,에이피알,0.0330739299610896
2024-11-26,51500,380799,278470,에이피알,-0.030131826741996215
2024-11-27,51200,301346,278470,에이피알,-0.005825242718446644
2024-11-28,51400,186065,278470,에이피알,0.00390625
2024-11-29,49250,316692,278470,에이피알,-0.04182879377431903
2024-12-02,48950,287940,278470,에이피알,-0.006091370558375608
2024-12-03,52600,830198,278470,에이피알,0.07456588355464766
2024-12-04,51100,549582,278470,에이피알,-0.028517110266159662
2024-12-05,53600,903700,278470,에이피알,0.048923679060665304
2024-12-06,53800,721156,278470,에이피알,0.003731343283582156
2024-12-09,50500,437926,278470,에이피알,-0.06133828996282531
2024-12-10,53900,629303,278470,에이피알,0.06732673267326739
2024-12-11,54900,1341236,278470,에이피알,0.01855287569573294
2024-12-12,55300,1934684,278470,에이피알,0.007285974499089187
2024-12-13,53800,520692,278470,에이피알,-0.027124773960216952
2024-12-16,54300,390099,278470,에이피알,0.009293680297397744
2024-12-17,52800,228601,278470,에이피알,-0.027624309392265234
2024-12-18,51600,263421,278470,에이피알,-0.022727272727272707
2024-12-19,49500,629317,278470,에이피알,-0.04069767441860461
2024-12-20,47250,539098,278470,에이피알,-0.045454545454545414
2024-12-23,48150,388208,278470,에이피알,0.01904761904761898
2024-12-24,50900,520069,278470,에이피알,0.05711318795430942
2024-12-26,50200,266654,278470,에이피알,-0.013752455795677854
2024-12-27,49000,269999,278470,에이피알,-0.0239043824701195
2024-12-30,50000,230639,278470,에이피알,0.020408163265306145
2025-01-02,51100,228565,278470,에이피알,0.02200000000000002
2025-01-03,54100,647644,278470,에이피알,0.05870841487279854
2025-01-06,54300,736956,278470,에이피알,0.003696857670979714
2025-01-07,54700,303999,278470,에이피알,0.007366482504604033
2025-01-08,55400,695507,278470,에이피알,0.01279707495429605
2025-01-09,54200,491611,278470,에이피알,-0.02166064981949456
2025-01-10,52100,347627,278470,에이피알,-0.03874538745387457
2025-01-13,52300,256134,278470,에이피알,0.0038387715930903177
2025-01-14,51300,302500,278470,에이피알,-0.019120458891013437
2025-01-15,50200,335135,278470,에이피알,-0.021442495126705707
2025-01-16,50900,312817,278470,에이피알,0.013944223107569709
2025-01-17,50300,303755,278470,에이피알,-0.011787819253438081
2025-01-20,49600,368768,278470,에이피알,-0.013916500994035741
2025-01-21,49550,473636,278470,에이피알,-0.0010080645161290036
2025-01-22,49700,245632,278470,에이피알,0.003027245206861817
2025-01-23,47200,563040,278470,에이피알,-0.05030181086519114
2025-01-24,46700,374871,278470,에이피알,-0.010593220338983023
2025-01-31,46200,362823,278470,에이피알,-0.010706638115631661
2025-02-03,42000,639086,278470,에이피알,-0.09090909090909094
2025-02-04,45100,657938,278470,에이피알,0.07380952380952377
2025-02-05,47500,625975,278470,에이피알,0.053215077605321515
2025-02-06,49100,375119,278470,에이피알,0.03368421052631576
2025-02-07,49500,489187,278470,에이피알,0.008146639511201537
2025-02-10,48350,842283,278470,에이피알,-0.02323232323232327
2025-02-11,51500,1800795,278470,에이피알,0.06514994829369192
2025-02-12,52000,472316,278470,에이피알,0.009708737864077666
2025-02-13,52700,392385,278470,에이피알,0.013461538461538414
2025-02-14,53800,593602,278470,에이피알,0.020872865275142205
2025-02-17,55300,879018,278470,에이피알,0.027881040892193232
2025-02-18,54000,676384,278470,에이피알,-0.023508137432188048
2025-02-19,54500,392840,278470,에이피알,0.0092592592592593
2025-02-20,54000,491110,278470,에이피알,-0.00917431192660545
2025-02-21,55600,476122,278470,에이피알,0.029629629629629672
2025-02-24,54300,225988,278470,에이피알,-0.023381294964028743
2025-02-25,55300,293835,278470,에이피알,0.018416206261510082
2025-02-26,54100,413514,278470,에이피알,-0.02169981916817365
2025-02-27,60100,4144501,278470,에이피알,0.11090573012939009
2025-02-28,58800,988210,278470,에이피알,-0.021630615640598982
2025-03-04,59500,905379,278470,에이피알,0.011904761904761862
2025-03-05,63400,1693411,278470,에이피알,0.06554621848739495
2025-03-06,64700,983816,278470,에이피알,0.020504731861198833
2025-03-07,63800,688267,278470,에이피알,-0.01391035548686248
2025-03-10,65300,671304,278470,에이피알,0.023510971786833812
2025-03-11,65800,1164741,278470,에이피알,0.007656967840734996
2025-03-12,67500,919248,278470,에이피알,0.02583586626139822
2025-03-13,67700,533059,278470,에이피알,0.002962962962963056
2025-03-14,67400,415810,278470,에이피알,-0.004431314623338234
2025-03-17,69100,464024,278470,에이피알,0.02522255192878342
2025-03-18,66900,569767,278470,에이피알,-0.03183791606367581
2025-03-19,66800,402305,278470,에이피알,-0.001494768310911776
2025-03-20,68700,949559,278470,에이피알,0.02844311377245501
2025-03-21,67800,363482,278470,에이피알,-0.013100436681222738
2025-03-24,68900,191044,278470,에이피알,0.016224188790560534
2025-03-25,68800,359895,278470,에이피알,-0.0014513788098693414
2025-03-26,69800,464806,278470,에이피알,0.014534883720930258
2025-03-27,71300,558867,278470,에이피알,0.02148997134670494
2025-03-28,70300,268284,278470,에이피알,-0.014025245441795287
2025-03-31,69800,374006,278470,에이피알,-0.007112375533428139
2025-04-01,70700,363105,278470,에이피알,0.012893982808023008
2025-04-02,64400,1492382,278470,에이피알,-0.08910891089108908
2025-04-03,63900,701653,278470,에이피알,-0.00776397515527949
2025-04-04,64300,598385,278470,에이피알,0.006259780907668322
2025-04-07,62200,505893,278470,에이피알,-0.03265940902021769
2025-04-08,62400,270861,278470,에이피알,0.003215434083601254
2025-04-09,62900,385902,278470,에이피알,0.008012820512820484
2025-04-10,65900,447862,278470,에이피알,0.04769475357710662
2025-04-11,67800,388464,278470,에이피알,0.028831562974203306
2025-04-14,67600,367207,278470,에이피알,-0.002949852507374673
2025-04-15,65800,353696,278470,에이피알,-0.026627218934911268
2025-04-16,68400,528660,278470,에이피알,0.03951367781155013
2025-04-17,71500,519409,278470,에이피알,0.04532163742690054
2025-04-18,72000,243756,278470,에이피알,0.006993006993007089
2025-04-21,71700,247458,278470,에이피알,-0.004166666666666652
2025-04-22,71700,235206,278470,에이피알,0.0
2025-04-23,71100,217400,278470,에이피알,-0.008368200836820106
2025-04-24,74800,689787,278470,에이피알,0.05203938115330531
2025-04-25,74900,297854,278470,에이피알,0.0013368983957218195
2025-04-28,75000,185061,278470,에이피알,0.001335113484646211
2025-04-29,76400,264772,278470,에이피알,0.01866666666666661
2025-04-30,75300,208412,278470,에이피알,-0.014397905759162333
2025-05-02,76200,263413,278470,에이피알,0.01195219123505975
2025-05-07,76400,417344,278470,에이피알,0.002624671916010568
2025-05-08,98400,6642662,278470,에이피알,0.287958115183246
2025-05-09,102700,2792403,278470,에이피알,0.04369918699186992
2025-05-12,102500,792584,278470,에이피알,-0.0019474196689386325
2025-05-13,109100,1184780,278470,에이피알,0.06439024390243908
2025-05-14,109400,713126,278470,에이피알,0.00274977085242889
2025-05-15,110500,549210,278470,에이피알,0.010054844606947055
2025-05-16,112600,465392,278470,에이피알,0.01900452488687776
2025-05-19,113800,427932,278470,에이피알,0.010657193605683846
2025-05-20,113100,436888,278470,에이피알,-0.0061511423550087985
2025-05-21,114800,401744,278470,에이피알,0.015030946065428763
2025-05-22,113900,455638,278470,에이피알,-0.007839721254355392
2025-05-23,111500,402186,278470,에이피알,-0.021071115013169495
2025-05-26,109900,624431,278470,에이피알,-0.014349775784753382
2025-05-27,118200,970872,278470,에이피알,0.07552320291173786
2025-05-28,115300,481231,278470,에이피알,-0.024534686971235176
2025-05-29,114300,375179,278470,에이피알,-0.008673026886383384
2025-05-30,115300,471245,278470,에이피알,0.008748906386701671
2025-06-02,123200,749381,278470,에이피알,0.06851691240242852
2025-06-04,124800,337544,278470,에이피알,0.01298701298701288
2025-06-05,120800,437164,278470,에이피알,-0.03205128205128205
2025-06-09,127900,504906,278470,에이피알,0.0587748344370862
2025-06-10,129000,597092,278470,에이피알,0.008600469116497367
2025-06-11,136000,611006,278470,에이피알,0.054263565891472965
2025-06-12,135100,458800,278470,에이피알,-0.006617647058823506
2025-06-13,131000,536455,278470,에이피알,-0.030347890451517423
2025-06-16,132600,403522,278470,에이피알,0.012213740458015376
2025-06-17,131200,273441,278470,에이피알,-0.010558069381598756
2025-06-18,133600,408295,278470,에이피알,0.018292682926829285
2025-06-19,137000,458247,278470,에이피알,0.025449101796407136
2025-06-20,139800,410881,278470,에이피알,0.020437956204379493
2025-06-23,141200,281094,278470,에이피알,0.010014306151645114
2025-06-24,141200,363828,278470,에이피알,0.0
2025-06-25,151600,600305,278470,에이피알,0.07365439093484416
2025-06-26,149300,362207,278470,에이피알,-0.01517150395778366
2025-06-27,148700,513501,278470,에이피알,-0.004018754186202234
2025-06-30,154200,472720,278470,에이피알,0.03698722259583054
2025-07-01,154200,291656,278470,에이피알,0.0
2025-07-02,146600,732179,278470,에이피알,-0.04928664072632949
2025-07-03,146700,311455,278470,에이피알,0.0006821282401090478
2025-07-04,137800,584712,278470,에이피알,-0.060668029993183326
2025-07-07,149500,612877,278470,에이피알,0.08490566037735858
2025-07-08,161200,648875,278470,에이피알,0.07826086956521738
2025-07-09,163300,343973,278470,에이피알,0.013027295285359841
2025-07-10,160800,388146,278470,에이피알,-0.015309246785058184
2025-07-11,166300,704785,278470,에이피알,0.03420398009950243
2025-07-14,174200,525328,278470,에이피알,0.047504509921828086
2025-07-15,176100,400810,278470,에이피알,0.010907003444316832
2025-07-16,172200,579368,278470,에이피알,-0.022146507666098825
2025-07-17,177800,289812,278470,에이피알,0.03252032520325199
2025-07-18,170000,569044,278470,에이피알,-0.04386951631046121
2025-07-21,172100,266777,278470,에이피알,0.012352941176470678
2025-07-22,177800,588289,278470,에이피알,0.03312027890761193
2025-07-23,179300,436701,278470,에이피알,0.00843644544431954
2025-07-24,173900,545439,278470,에이피알,-0.030117122141662067
2025-07-25,171700,272377,278470,에이피알,-0.012650948821161578
2025-07-28,167500,367970,278470,에이피알,-0.024461269656377405
2025-07-29,181300,538391,278470,에이피알,0.08238805970149254
2025-07-30,174600,320767,278470,에이피알,-0.03695532266960844
2025-07-31,183700,630657,278470,에이피알,0.052119129438717104
2025-08-01,172000,612884,278470,에이피알,-0.06369080021774631
2025-08-04,178600,334690,278470,에이피알,0.03837209302325584
2025-08-05,187300,595552,278470,에이피알,0.048712206047032414
2025-08-06,208500,2829191,278470,에이피알,0.11318739989321935
2025-08-07,219500,1187549,278470,에이피알,0.052757793764987904
2025-08-08,230000,830029,278470,에이피알,0.04783599088838275
2025-08-11,226000,820909,278470,에이피알,-0.017391304347826098
2025-08-12,219500,567327,278470,에이피알,-0.028761061946902644
2025-08-13,208500,1474533,278470,에이피알,-0.05011389521640086
2025-08-14,213500,585872,278470,에이피알,0.023980815347721895
2025-08-18,214500,277674,278470,에이피알,0.004683840749414525
2025-08-19,217000,496649,278470,에이피알,0.011655011655011593
2025-08-20,213000,479024,278470,에이피알,-0.018433179723502335
2025-08-21,218500,309979,278470,에이피알,0.025821596244131495
2025-08-22,228000,438097,278470,에이피알,0.04347826086956519
2025-08-25,226000,334046,278470,에이피알,-0.00877192982456143
2025-08-26,225500,725452,278470,에이피알,-0.0022123893805309214
2025-08-27,219000,531306,278470,에이피알,-0.02882483370288247
2025-08-28,223500,234972,278470,에이피알,0.020547945205479534
2025-08-29,227000,304681,278470,에이피알,0.015659955257270708
2025-09-01,225500,438676,278470,에이피알,-0.0066079295154185536
2025-09-02,220000,384745,278470,에이피알,-0.024390243902439046
2025-09-03,212000,772679,278470,에이피알,-0.036363636363636376
2025-09-04,217500,391877,278470,에이피알,0.02594339622641506
2025-09-05,215500,253444,278470,에이피알,-0.00919540229885063
2025-09-08,223000,270657,278470,에이피알,0.03480278422273786
2025-09-09,230000,358740,278470,에이피알,0.03139013452914807
2025-09-10,227500,352215,278470,에이피알,-0.010869565217391353
2025-09-11,229500,784241,278470,에이피알,0.00879120879120876
2025-09-12,218000,775152,278470,에이피알,-0.050108932461873645
2025-09-15,215500,496225,278470,에이피알,-0.011467889908256867
2025-09-16,213000,467174,278470,에이피알,-0.011600928074245953
2025-09-17,217000,350065,278470,에이피알,0.018779342723004744
2025-09-18,217000,381967,278470,에이피알,0.0
2025-09-19,223500,537167,278470,에이피알,0.02995391705069128
2025-09-22,225000,504654,278470,에이피알,0.006711409395973256
2025-09-23,218000,394649,278470,에이피알,-0.03111111111111109
2025-09-24,217500,361070,278470,에이피알,-0.002293577981651418
2025-09-25,223500,649983,278470,에이피알,0.02758620689655178
2025-09-26,225000,438850,278470,에이피알,0.006711409395973256
2025-09-29,246500,981236,278470,에이피알,0.09555555555555562
2025-09-30,250000,639665,278470,에이피알,0.014198782961460488
2025-10-01,261000,592613,278470,에이피알,0.04400000000000004
2025-10-02,255000,589281,278470,에이피알,-0.02298850574712641
2025-10-10,257000,563105,278470,에이피알,0.007843137254901933
2025-10-13,259000,275420,278470,에이피알,0.0077821011673151474
2025-10-14,247000,511417,278470,에이피알,-0.04633204633204635
2025-10-15,248000,251688,278470,에이피알,0.004048582995951344
2025-10-16,242500,488318,278470,에이피알,-0.022177419354838745
2025-10-17,239500,333799,278470,에이피알,-0.012371134020618513
2025-10-20,234500,571293,278470,에이피알,-0.02087682672233826
2025-10-21,231500,445815,278470,에이피알,-0.01279317697228144
2025-10-22,236500,375465,278470,에이피알,0.021598272138228847
2025-10-23,242500,472563,278470,에이피알,0.025369978858351017
2025-10-24,238500,521308,278470,에이피알,-0.016494845360824795
2025-10-27,242500,337465,278470,에이피알,0.016771488469601747
2025-10-28,246500,566514,278470,에이피알,0.016494845360824684
2025-10-29,239000,391823,278470,에이피알,-0.030425963488843855
2025-10-30,253500,645518,278470,에이피알,0.060669456066945626
2025-10-31,255000,433195,278470,에이피알,0.00591715976331364
2025-11-03,272500,504439,278470,에이피알,0.06862745098039214
2025-11-04,276000,500326,278470,에이피알,0.012844036697247763
2025-11-05,261500,571733,278470,에이피알,-0.05253623188405798
2025-11-06,234000,2241648,278470,에이피알,-0.10516252390057357
2025-11-07,234000,1031039,278470,에이피알,0.0
2025-11-10,220500,919703,278470,에이피알,-0.05769230769230771
2025-11-11,212500,1269534,278470,에이피알,-0.03628117913832196
2025-11-12,211000,580602,278470,에이피알,-0.007058823529411784
2025-11-13,213500,473309,278470,에이피알,0.011848341232227444
2025-11-14,219500,703586,278470,에이피알,0.02810304449648715
2025-11-17,218500,359136,278470,에이피알,-0.004555808656036442
2025-11-18,215000,289277,278470,에이피알,-0.016018306636155555
2025-11-19,224500,503086,278470,에이피알,0.04418604651162794
2025-11-20,237000,788441,278470,에이피알,0.055679287305122394
2025-11-21,238000,430563,278470,에이피알,0.00421940928270037
2025-11-24,247500,3242276,278470,에이피알,0.0399159663865547
2025-11-25,250500,474423,278470,에이피알,0.0121212121212122
2025-11-26,250000,421780,278470,에이피알,-0.001996007984031989
2025-11-27,266000,560962,278470,에이피알,0.06400000000000006
2025-11-28,255500,384689,278470,에이피알,-0.03947368421052633
2025-12-01,252500,357740,278470,에이피알,-0.011741682974559686
2025-12-02,247500,363437,278470,에이피알,-0.01980198019801982
2025-12-03,245000,400200,278470,에이피알,-0.010101010101010055
2025-12-04,247500,242988,278470,에이피알,0.010204081632652962
2025-12-05,254500,408476,278470,에이피알,0.028282828282828243
2025-12-08,269500,702087,278470,에이피알,0.058939096267190516
2025-12-09,260000,285095,278470,에이피알,-0.03525046382189234
2025-12-10,252000,315719,278470,에이피알,-0.03076923076923077
2025-12-11,253500,276034,278470,에이피알,0.005952380952380931
2025-12-12,247500,251507,278470,에이피알,-0.023668639053254448
2025-12-15,251000,247713,278470,에이피알,0.014141414141414232
2025-12-16,264000,745658,278470,에이피알,0.05179282868525892
2025-12-17,256500,365063,278470,에이피알,-0.02840909090909094
2025-12-18,243500,296183,278470,에이피알,-0.050682261208576995
2025-12-19,243000,293083,278470,에이피알,-0.002053388090349051
2025-12-22,244000,242519,278470,에이피알,0.004115226337448652
2025-12-23,236000,375197,278470,에이피알,-0.032786885245901676
2025-12-24,233000,284322,278470,에이피알,-0.012711864406779627
2025-12-26,230000,280736,278470,에이피알,-0.012875536480686733
2025-12-29,234500,257952,278470,에이피알,0.019565217391304346
2025-12-30,231000,184076,278470,에이피알,-0.014925373134328401
2026-01-02,233000,245044,278470,에이피알,0.008658008658008587
2026-01-05,235000,240059,278470,에이피알,0.008583690987124415
2026-01-06,216500,758254,278470,에이피알,-0.0787234042553191
2026-01-07,219500,976867,278470,에이피알,0.01385681293302543
2026-01-08,217000,582816,278470,에이피알,-0.011389521640091105
2026-01-09,228500,628551,278470,에이피알,0.05299539170506917
2026-01-12,223000,395048,278470,에이피알,-0.024070021881838044
2026-01-13,223500,401571,278470,에이피알,0.0022421524663676085
2026-01-14,230000,368984,278470,에이피알,0.029082774049216997
2026-01-15,237500,545023,278470,에이피알,0.032608695652173836
2026-01-16,240500,448478,278470,에이피알,0.012631578947368327
2026-01-19,237000,329247,278470,에이피알,-0.014553014553014498
2026-01-20,247000,523695,278470,에이피알,0.04219409282700415
2026-01-21,256500,684292,278470,에이피알,0.03846153846153855
2026-01-22,286000,1351777,278470,에이피알,0.1150097465886939
2026-01-23,276500,607531,278470,에이피알,-0.03321678321678323
2026-01-26,278000,421196,278470,에이피알,0.005424954792043302
2026-01-27,276000,435661,278470,에이피알,-0.007194244604316502
2026-01-28,271000,468014,278470,에이피알,-0.018115942028985477
2026-01-29,276500,456377,278470,에이피알,0.02029520295202958
2026-01-30,270000,372048,278470,에이피알,-0.023508137432188048
2026-02-02,274000,706595,278470,에이피알,0.014814814814814836
2026-02-03,272000,809545,278470,에이피알,-0.007299270072992692
2026-02-04,264000,2347362,278470,에이피알,-0.02941176470588236
2026-02-05,278000,1873862,278470,에이피알,0.05303030303030298
2026-02-06,256500,711817,278470,에이피알,-0.07733812949640284
2026-02-09,266000,372674,278470,에이피알,0.03703703703703698
2026-02-10,275500,921850,278470,에이피알,0.03571428571428581
2026-02-11,282000,719376,278470,에이피알,0.023593466424682408
2026-02-12,282000,377441,278470,에이피알,0.0
2026-02-13,272000,426844,278470,에이피알,-0.03546099290780147
2026-02-19,285500,433863,278470,에이피알,0.049632352941176405
2026-02-20,288500,409317,278470,에이피알,0.01050788091068311
2026-02-23,297500,576669,278470,에이피알,0.03119584055459268
2026-02-24,295000,341979,278470,에이피알,-0.008403361344537785
2026-02-25,302000,485607,278470,에이피알,0.023728813559322104
2026-02-26,317000,796820,278470,에이피알,0.04966887417218535
2026-02-27,312500,411342,278470,에이피알,-0.014195583596214534
2026-03-03,285500,434721,278470,에이피알,-0.08640000000000003
2026-03-04,267000,463608,278470,에이피알,-0.06479859894921192
2026-03-05,283000,358185,278470,에이피알,0.059925093632958726
2026-03-06,306000,385098,278470,에이피알,0.08127208480565362
2026-03-09,296500,279116,278470,에이피알,-0.03104575163398693
2026-03-10,301500,231145,278470,에이피알,0.01686340640809436
2026-03-11,319000,453117,278470,에이피알,0.05804311774461035
2026-03-12,322500,180966,278470,에이피알,0.01097178683385569
2026-03-13,342500,422239,278470,에이피알,0.0620155038759691
2026-03-16,328500,289713,278470,에이피알,-0.040875912408759096
2026-03-17,349000,348466,278470,에이피알,0.06240487062404876
2026-03-18,362000,259243,278470,에이피알,0.0372492836676217
2026-03-19,369000,294185,278470,에이피알,0.01933701657458564
2026-03-20,359500,613380,278470,에이피알,-0.0257452574525745
2026-03-23,324500,496457,278470,에이피알,-0.09735744089012521
2026-03-24,332500,182205,278470,에이피알,0.024653312788905923
2026-03-25,328500,373318,278470,에이피알,-0.012030075187969946
2026-03-26,310000,406923,278470,에이피알,-0.05631659056316596
2026-03-27,327000,225222,278470,에이피알,0.05483870967741944
2026-03-30,326000,315417,278470,에이피알,-0.003058103975535187
2026-03-31,337000,455881,278470,에이피알,0.033742331288343586
2026-04-01,344500,298013,278470,에이피알,0.022255192878338326
2026-04-02,339500,329312,278470,에이피알,-0.014513788098693747
2026-04-03,327000,152760,278470,에이피알,-0.03681885125184092
2026-04-06,336000,147052,278470,에이피알,0.02752293577981657
2026-04-07,318000,318902,278470,에이피알,-0.0535714285714286
2026-04-08,335500,393643,278470,에이피알,0.055031446540880546
2026-04-09,365500,868166,278470,에이피알,0.08941877794336817
2026-04-10,393000,496536,278470,에이피알,0.07523939808481539
2026-04-13,399500,286905,278470,에이피알,0.01653944020356235
2026-04-14,386000,519651,278470,에이피알,-0.03379224030037542
2026-04-15,413000,414029,278470,에이피알,0.06994818652849744
2026-04-16,414500,161094,278470,에이피알,0.00363196125907983
2026-04-17,419500,144741,278470,에이피알,0.012062726176115701
2026-04-20,414500,165482,278470,에이피알,-0.011918951132300348
2026-04-21,410000,202109,278470,에이피알,-0.010856453558504175
2026-04-22,434000,303221,278470,에이피알,0.05853658536585371
2026-04-23,436000,291711,278470,에이피알,0.004608294930875667
2026-04-24,450000,212848,278470,에이피알,0.032110091743119185
2026-04-27,449000,142056,278470,에이피알,-0.0022222222222222365
2026-04-28,459000,186917,278470,에이피알,0.022271714922049046
2026-04-29,451000,200648,278470,에이피알,-0.017429193899782147
2026-04-30,424500,365671,278470,에이피알,-0.05875831485587579
2026-05-04,428500,341305,278470,에이피알,0.009422850412249772
2026-05-06,422000,507545,278470,에이피알,-0.01516919486581092
2026-05-07,401500,696888,278470,에이피알,-0.048578199052132676
2026-05-08,434000,597082,278470,에이피알,0.08094645080946461
2026-05-11,438000,494206,278470,에이피알,0.009216589861751112
2026-05-12,415500,324600,278470,에이피알,-0.05136986301369861
2026-05-13,402000,321267,278470,에이피알,-0.032490974729241895
2026-05-14,425000,302102,278470,에이피알,0.05721393034825861
2026-05-15,404000,235935,278470,에이피알,-0.04941176470588238
2026-05-18,402000,195060,278470,에이피알,-0.004950495049504955
2026-05-19,397500,176938,278470,에이피알,-0.011194029850746245
2026-05-20,390000,202769,278470,에이피알,-0.018867924528301883
2026-05-21,399500,222357,278470,에이피알,0.024358974358974272
2026-05-22,391000,272303,278470,에이피알,-0.021276595744680882
2026-05-26,389500,301095,278470,에이피알,-0.0038363171355498826
2026-05-27,385000,277932,278470,에이피알,-0.011553273427471145
2026-05-28,400500,399507,278470,에이피알,0.04025974025974022
2026-05-29,395500,552743,278470,에이피알,-0.012484394506866447
2026-06-01,426500,700120,278470,에이피알,0.07838179519595445
2026-06-02,401000,255259,278470,에이피알,-0.05978898007033995
2026-06-04,405000,254543,278470,에이피알,0.009975062344139696
2026-06-05,389000,270942,278470,에이피알,-0.03950617283950619
2026-06-08,366000,164759,278470,에이피알,-0.059125964010282805
2026-06-09,405000,286296,278470,에이피알,0.10655737704918034
2026-06-10,410500,244311,278470,에이피알,0.013580246913580174
2026-06-11,410500,374470,278470,에이피알,0.0
2026-06-12,394000,221041,278470,에이피알,-0.040194884287454324
2026-06-15,416000,191462,278470,에이피알,0.055837563451776706
2026-06-16,399500,328075,278470,에이피알,-0.039663461538461564
2026-06-17,408500,210807,278470,에이피알,0.02252816020025028
2026-06-18,378000,403575,278470,에이피알,-0.07466340269277849
2026-06-19,385500,235271,278470,에이피알,0.01984126984126977
2026-06-22,373000,159830,278470,에이피알,-0.03242542153047989
2026-06-23,355500,458666,278470,에이피알,-0.046916890080428986
2026-06-24,371000,309468,278470,에이피알,0.043600562587904346
2026-06-25,381000,189664,278470,에이피알,0.02695417789757415
2026-06-26,363000,255403,278470,에이피알,-0.047244094488189003
2026-06-29,386000,226870,278470,에이피알,0.06336088154269981
2026-06-30,385500,235023,278470,에이피알,-0.0012953367875647714
2026-07-01,408000,263613,278470,에이피알,0.05836575875486383
2026-07-02,402000,492931,278470,에이피알,-0.014705882352941124
2026-07-03,382500,338841,278470,에이피알,-0.04850746268656714
2026-07-06,378500,192952,278470,에이피알,-0.010457516339869244
2026-07-07,410000,413144,278470,에이피알,0.08322324966974892
2026-07-08,385500,421108,278470,에이피알,-0.05975609756097566
2026-07-09,365500,358788,278470,에이피알,-0.05188067444876787
2026-07-10,375000,177392,278470,에이피알,0.025991792065663377
2026-07-13,380000,236838,278470,에이피알,0.01333333333333342
2026-07-14,375000,235339,278470,에이피알,-0.013157894736842146
2026-07-15,385500,197366,278470,에이피알,0.028000000000000025
2026-07-16,393000,184615,278470,에이피알,0.01945525291828787
2026-07-20,368000,146828,278470,에이피알,-0.06361323155216281
2026-07-21,365000,131440,278470,에이피알,-0.008152173913043459
2026-07-22,357500,212384,278470,에이피알,-0.020547945205479423
2026-07-23,370000,228262,278470,에이피알,0.034965034965035
2026-07-24,354000,203565,278470,에이피알,-0.043243243243243246
2026-07-27,354500,149869,278470,에이피알,0.0014124293785311437
2026-07-28,333500,189500,278470,에이피알,-0.05923836389280679
2026-07-29,325000,407887,278470,에이피알,-0.025487256371814038
2026-07-30,315000,267118,278470,에이피알,-0.03076923076923077
2026-07-31,320000,207195,278470,에이피알,0.015873015873015817
2026-08-03,338000,338024,278470,에이피알,0.05624999999999991
2026-08-04,359500,340969,278470,에이피알,0.06360946745562135
2026-08-05,357500,723829,278470,에이피알,-0.0055632823365785455
2026-08-06,378000,620227,278470,에이피알,0.05734265734265742
2026-08-07,384500,283369,278470,에이피알,0.01719576719576721
2026-08-10,387000,221912,278470,에이피알,0.006501950585175553
2026-08-11,385500,267832,278470,에이피알,-0.003875968992248069
2026-08-12,397000,392355,278470,에이피알,0.0298313878080414
2026-08-13,399500,302083,278470,에이피알,0.006297229219143663
2026-08-14,390500,215060,278470,에이피알,-0.02252816020025028
2026-08-18,396500,204722,278470,에이피알,0.015364916773367376
2026-08-19,383500,149268,278470,에이피알,-0.032786885245901676
2026-08-20,386000,361763,278470,에이피알,0.006518904823989535
2026-08-21,378500,99654,278470,에이피알,-0.01943005181347146
2021-06-01,27450,673710,237880,클리오,
2021-06-02,27700,570249,237880,클리오,0.00910746812386165
2021-06-03,27350,661499,237880,클리오,-0.012635379061371799
2021-06-04,27400,350487,237880,클리오,0.001828153564899404
2021-06-07,26500,313626,237880,클리오,-0.03284671532846717
2021-06-08,27300,347719,237880,클리오,0.030188679245283012
2021-06-09,26950,229382,237880,클리오,-0.012820512820512775
2021-06-10,27300,475656,237880,클리오,0.01298701298701288
2021-06-11,27350,178746,237880,클리오,0.001831501831501825
2021-06-14,27800,312211,237880,클리오,0.01645338208409508
2021-06-15,27800,190379,237880,클리오,0.0
2021-06-16,27400,147044,237880,클리오,-0.014388489208633115
2021-06-17,27550,177233,237880,클리오,0.005474452554744547
2021-06-18,27400,122122,237880,클리오,-0.005444646098003658
2021-06-21,26500,260044,237880,클리오,-0.03284671532846717
2021-06-22,26100,198413,237880,클리오,-0.015094339622641506
2021-06-23,25350,316066,237880,클리오,-0.028735632183908066
2021-06-24,24800,354698,237880,클리오,-0.021696252465483234
2021-06-25,25350,191936,237880,클리오,0.022177419354838745
2021-06-28,24950,176050,237880,클리오,-0.015779092702169595
2021-06-29,25400,216091,237880,클리오,0.018036072144288484
2021-06-30,25500,150006,237880,클리오,0.003937007874015741
2021-07-01,25500,97393,237880,클리오,0.0
2021-07-02,25300,83158,237880,클리오,-0.007843137254901933
2021-07-05,25200,84247,237880,클리오,-0.0039525691699604515
2021-07-06,25850,143458,237880,클리오,0.025793650793650702
2021-07-07,25150,112394,237880,클리오,-0.027079303675048405
2021-07-08,24850,122206,237880,클리오,-0.011928429423459286
2021-07-09,24000,174903,237880,클리오,-0.03420523138832998
2021-07-12,24700,106139,237880,클리오,0.029166666666666563
2021-07-13,25350,119749,237880,클리오,0.026315789473684292
2021-07-14,25300,123510,237880,클리오,-0.0019723865877712132
2021-07-15,25200,63990,237880,클리오,-0.0039525691699604515
2021-07-16,24650,88904,237880,클리오,-0.02182539682539686
2021-07-19,24050,120345,237880,클리오,-0.024340770791075106
2021-07-20,23800,67500,237880,클리오,-0.01039501039501034
2021-07-21,23500,112344,237880,클리오,-0.012605042016806678
2021-07-22,23600,77055,237880,클리오,0.004255319148936065
2021-07-23,23300,82359,237880,클리오,-0.012711864406779627
2021-07-26,22750,103655,237880,클리오,-0.023605150214592308
2021-07-27,22900,90939,237880,클리오,0.00659340659340657
2021-07-28,22650,62504,237880,클리오,-0.01091703056768556
2021-07-29,22650,61962,237880,클리오,0.0
2021-07-30,22300,73426,237880,클리오,-0.015452538631346546
2021-08-02,22050,69728,237880,클리오,-0.011210762331838597
2021-08-03,21800,133620,237880,클리오,-0.0113378684807256
2021-08-04,22400,86406,237880,클리오,0.02752293577981657
2021-08-05,22150,95803,237880,클리오,-0.011160714285714302
2021-08-06,22050,115957,237880,클리오,-0.004514672686230292
2021-08-09,22050,123341,237880,클리오,0.0
2021-08-10,21850,153540,237880,클리오,-0.009070294784580546
2021-08-11,21700,81124,237880,클리오,-0.006864988558352381
2021-08-12,21400,98645,237880,클리오,-0.01382488479262678
2021-08-13,21000,94853,237880,클리오,-0.01869158878504673
2021-08-17,20500,105398,237880,클리오,-0.023809523809523836
2021-08-18,21350,101978,237880,클리오,0.04146341463414638
2021-08-19,20350,88011,237880,클리오,-0.04683840749414525
2021-08-20,20000,96916,237880,클리오,-0.017199017199017175
2021-08-23,20450,45557,237880,클리오,0.022499999999999964
2021-08-24,21000,206644,237880,클리오,0.02689486552567244
2021-08-25,21550,95641,237880,클리오,0.026190476190476097
2021-08-26,21650,88851,237880,클리오,0.004640371229698292
2021-08-27,22500,217925,237880,클리오,0.03926096997690531
2021-08-30,22300,105987,237880,클리오,-0.008888888888888835
2021-08-31,22250,66621,237880,클리오,-0.0022421524663677195
2021-09-01,22350,90787,237880,클리오,0.004494382022471877
2021-09-02,22500,54994,237880,클리오,0.006711409395973256
2021-09-03,22750,95286,237880,클리오,0.011111111111111072
2021-09-06,22650,76411,237880,클리오,-0.00439560439560438
2021-09-07,23150,129861,237880,클리오,0.02207505518763786
2021-09-08,22200,123644,237880,클리오,-0.04103671706263501
2021-09-09,21600,180595,237880,클리오,-0.027027027027026973
2021-09-10,22150,67574,237880,클리오,0.02546296296296302
2021-09-13,21550,150752,237880,클리오,-0.02708803611738153
2021-09-14,22000,77997,237880,클리오,0.02088167053364276
2021-09-15,22000,44708,237880,클리오,0.0
2021-09-16,21450,53405,237880,클리오,-0.025000000000000022
2021-09-17,21700,70262,237880,클리오,0.011655011655011593
2021-09-23,21750,47871,237880,클리오,0.0023041474654377225
2021-09-24,21700,68587,237880,클리오,-0.0022988505747126853
2021-09-27,21400,43294,237880,클리오,-0.01382488479262678
2021-09-28,21000,46370,237880,클리오,-0.01869158878504673
2021-09-29,20750,53200,237880,클리오,-0.011904761904761862
2021-09-30,20750,35114,237880,클리오,0.0
2021-10-01,20200,93943,237880,클리오,-0.026506024096385583
2021-10-05,21000,127060,237880,클리오,0.03960396039603964
2021-10-06,20800,94908,237880,클리오,-0.00952380952380949
2021-10-07,21200,82344,237880,클리오,0.019230769230769162
2021-10-08,20850,42608,237880,클리오,-0.01650943396226412
2021-10-12,21100,56219,237880,클리오,0.011990407673860837
2021-10-13,22000,108836,237880,클리오,0.042654028436019065
2021-10-14,22250,78233,237880,클리오,0.011363636363636465
2021-10-15,22550,122227,237880,클리오,0.01348314606741563
2021-10-18,22400,56144,237880,클리오,-0.006651884700665134
2021-10-19,22450,57171,237880,클리오,0.0022321428571427937
2021-10-20,22200,48879,237880,클리오,-0.011135857461024523
2021-10-21,21850,62177,237880,클리오,-0.015765765765765716
2021-10-22,21900,29694,237880,클리오,0.0022883295194509046
2021-10-25,23500,274995,237880,클리오,0.0730593607305936
2021-10-26,24100,372832,237880,클리오,0.025531914893617058
2021-10-27,23300,185643,237880,클리오,-0.03319502074688796
2021-10-28,22500,209282,237880,클리오,-0.03433476394849788
2021-10-29,22400,124883,237880,클리오,-0.004444444444444473
2021-11-01,23000,84517,237880,클리오,0.02678571428571419
2021-11-02,22850,77530,237880,클리오,-0.006521739130434745
2021-11-03,22450,106464,237880,클리오,-0.017505470459518557
2021-11-04,21950,96290,237880,클리오,-0.022271714922049046
2021-11-05,21900,64770,237880,클리오,-0.002277904328018221
2021-11-08,22300,74272,237880,클리오,0.0182648401826484
2021-11-09,21600,82041,237880,클리오,-0.03139013452914796
2021-11-10,20900,88532,237880,클리오,-0.03240740740740744
2021-11-11,20350,115416,237880,클리오,-0.02631578947368418
2021-11-12,20800,44689,237880,클리오,0.02211302211302213
2021-11-15,20500,112786,237880,클리오,-0.014423076923076872
2021-11-16,20600,47784,237880,클리오,0.004878048780487809
2021-11-17,20150,77568,237880,클리오,-0.021844660194174748
2021-11-18,19950,76322,237880,클리오,-0.00992555831265507
2021-11-19,19850,97081,237880,클리오,-0.005012531328320802
2021-11-22,20050,47601,237880,클리오,0.010075566750629816
2021-11-23,20100,25849,237880,클리오,0.0024937655860348684
2021-11-24,20350,45577,237880,클리오,0.01243781094527363
2021-11-25,20100,37009,237880,클리오,-0.012285012285012331
2021-11-26,19250,85774,237880,클리오,-0.04228855721393032
2021-11-29,18100,152931,237880,클리오,-0.05974025974025976
2021-11-30,17350,168511,237880,클리오,-0.04143646408839774
2021-12-01,17400,111600,237880,클리오,0.0028818443804035088
2021-12-02,17750,127221,237880,클리오,0.02011494252873569
2021-12-03,18600,85538,237880,클리오,0.04788732394366191
2021-12-06,18650,42276,237880,클리오,0.0026881720430107503
2021-12-07,18900,87150,237880,클리오,0.013404825737265424
2021-12-08,18800,68324,237880,클리오,-0.005291005291005346
2021-12-09,19000,50930,237880,클리오,0.010638297872340496
2021-12-10,19250,36533,237880,클리오,0.013157894736842035
2021-12-13,19550,48821,237880,클리오,0.01558441558441559
2021-12-14,19150,32196,237880,클리오,-0.020460358056266004
2021-12-15,19350,52636,237880,클리오,0.010443864229765065
2021-12-16,19000,33809,237880,클리오,-0.018087855297157618
2021-12-17,18900,29630,237880,클리오,-0.0052631578947368585
2021-12-20,18400,41972,237880,클리오,-0.02645502645502651
2021-12-21,17400,216752,237880,클리오,-0.05434782608695654
2021-12-22,17900,75358,237880,클리오,0.028735632183908066
2021-12-23,18250,36344,237880,클리오,0.019553072625698276
2021-12-24,18050,42534,237880,클리오,-0.010958904109588996
2021-12-27,17850,32742,237880,클리오,-0.011080332409972304
2021-12-28,18000,31868,237880,클리오,0.008403361344537785
2021-12-29,18400,38961,237880,클리오,0.022222222222222143
2021-12-30,18250,31270,237880,클리오,-0.008152173913043459
2022-01-03,18200,35621,237880,클리오,-0.002739726027397249
2022-01-04,18000,47893,237880,클리오,-0.01098901098901095
2022-01-05,17850,40453,237880,클리오,-0.008333333333333304
2022-01-06,18000,75406,237880,클리오,0.008403361344537785
2022-01-07,18050,26530,237880,클리오,0.002777777777777768
2022-01-10,17550,58365,237880,클리오,-0.027700831024930705
2022-01-11,16900,120897,237880,클리오,-0.03703703703703709
2022-01-12,17450,31913,237880,클리오,0.03254437869822491
2022-01-13,17300,31670,237880,클리오,-0.008595988538681931
2022-01-14,17100,29088,237880,클리오,-0.011560693641618491
2022-01-17,16800,34737,237880,클리오,-0.01754385964912286
2022-01-18,16800,23648,237880,클리오,0.0
2022-01-19,17200,48279,237880,클리오,0.023809523809523725
2022-01-20,17450,27258,237880,클리오,0.014534883720930258
2022-01-21,17750,60237,237880,클리오,0.017191977077363862
2022-01-24,16900,54537,237880,클리오,-0.04788732394366202
2022-01-25,15950,76342,237880,클리오,-0.056213017751479244
2022-01-26,16200,27878,237880,클리오,0.01567398119122254
2022-01-27,15500,58062,237880,클리오,-0.043209876543209846
2022-01-28,16100,29061,237880,클리오,0.03870967741935494
2022-02-03,16400,14788,237880,클리오,0.01863354037267073
2022-02-04,17550,58115,237880,클리오,0.07012195121951215
2022-02-07,18250,201092,237880,클리오,0.03988603988603989
2022-02-08,18300,90309,237880,클리오,0.00273972602739736
2022-02-09,19450,177229,237880,클리오,0.06284153005464477
2022-02-10,19950,327612,237880,클리오,0.02570694087403602
2022-02-11,19350,188175,237880,클리오,-0.03007518796992481
2022-02-14,19700,181109,237880,클리오,0.01808785529715773
2022-02-15,19600,194562,237880,클리오,-0.005076142131979711
2022-02-16,20800,264655,237880,클리오,0.061224489795918435
2022-02-17,23100,3663340,237880,클리오,0.11057692307692313
2022-02-18,23900,1443844,237880,클리오,0.03463203463203457
2022-02-21,24200,480003,237880,클리오,0.012552301255230214
2022-02-22,24100,474499,237880,클리오,-0.004132231404958664
2022-02-23,23950,376860,237880,클리오,-0.006224066390041472
2022-02-24,23700,382330,237880,클리오,-0.01043841336116913
2022-02-25,24450,527038,237880,클리오,0.03164556962025311
2022-02-28,24100,229859,237880,클리오,-0.014314928425357865
2022-03-02,24150,265075,237880,클리오,0.0020746887966804906
2022-03-03,24300,219274,237880,클리오,0.006211180124223503
2022-03-04,24350,220595,237880,클리오,0.002057613168724215
2022-03-07,23750,174101,237880,클리오,-0.024640657084188944
2022-03-08,22700,285067,237880,클리오,-0.04421052631578948
2022-03-10,23400,212884,237880,클리오,0.03083700440528636
2022-03-11,24100,239160,237880,클리오,0.029914529914529808
2022-03-14,22900,257977,237880,클리오,-0.049792531120331995
2022-03-15,21800,361890,237880,클리오,-0.048034934497816595
2022-03-16,22000,244335,237880,클리오,0.00917431192660545
2022-03-17,22150,155357,237880,클리오,0.006818181818181834
2022-03-18,21700,124571,237880,클리오,-0.020316027088036148
2022-03-21,22250,201014,237880,클리오,0.025345622119815614
2022-03-22,21900,108554,237880,클리오,-0.01573033707865168
2022-03-23,21450,182249,237880,클리오,-0.020547945205479423
2022-03-24,19850,728998,237880,클리오,-0.07459207459207462
2022-03-25,19650,159165,237880,클리오,-0.010075566750629705
2022-03-28,19500,92663,237880,클리오,-0.007633587786259555
2022-03-29,19950,138999,237880,클리오,0.023076923076922995
2022-03-30,19800,117347,237880,클리오,-0.007518796992481258
2022-03-31,19850,48441,237880,클리오,0.002525252525252597
2022-04-01,20750,342717,237880,클리오,0.04534005037783384
2022-04-04,21300,239292,237880,클리오,0.026506024096385472
2022-04-05,20800,233861,237880,클리오,-0.023474178403755874
2022-04-06,20650,74859,237880,클리오,-0.007211538461538436
2022-04-07,19950,112394,237880,클리오,-0.03389830508474578
2022-04-08,19700,86949,237880,클리오,-0.01253132832080206
2022-04-11,20150,70480,237880,클리오,0.02284263959390853
2022-04-12,20050,46676,237880,클리오,-0.00496277915632759
2022-04-13,20150,83420,237880,클리오,0.004987531172069737
2022-04-14,20900,271900,237880,클리오,0.037220843672456594
2022-04-15,19750,325780,237880,클리오,-0.055023923444976086
2022-04-18,21650,554508,237880,클리오,0.09620253164556969
2022-04-19,21800,234601,237880,클리오,0.006928406466512715
2022-04-20,21700,83658,237880,클리오,-0.004587155963302725
2022-04-21,21300,117590,237880,클리오,-0.018433179723502335
2022-04-22,21550,109794,237880,클리오,0.011737089201877993
2022-04-25,20500,204186,237880,클리오,-0.04872389791183296
2022-04-26,20700,85885,237880,클리오,0.009756097560975618
2022-04-27,20250,235516,237880,클리오,-0.021739130434782594
2022-04-28,21700,401990,237880,클리오,0.07160493827160486
2022-04-29,21450,934624,237880,클리오,-0.011520737327188946
2022-05-02,21450,149211,237880,클리오,0.0
2022-05-03,20550,208375,237880,클리오,-0.04195804195804198
2022-05-04,20250,128778,237880,클리오,-0.014598540145985384
2022-05-06,20150,71547,237880,클리오,-0.004938271604938316
2022-05-09,19150,110544,237880,클리오,-0.04962779156327546
2022-05-10,18600,127791,237880,클리오,-0.02872062663185382
2022-05-11,18900,61974,237880,클리오,0.016129032258064502
2022-05-12,18100,55708,237880,클리오,-0.042328042328042326
2022-05-13,18250,56301,237880,클리오,0.008287292817679592
2022-05-16,17950,134423,237880,클리오,-0.016438356164383605
2022-05-17,17650,100087,237880,클리오,-0.01671309192200554
2022-05-18,17550,54811,237880,클리오,-0.005665722379603388
2022-05-19,17150,180283,237880,클리오,-0.022792022792022748
2022-05-20,17200,59125,237880,클리오,0.00291545189504383
2022-05-23,17550,49536,237880,클리오,0.02034883720930236
2022-05-24,17150,35222,237880,클리오,-0.022792022792022748
2022-05-25,17950,79479,237880,클리오,0.04664723032069973
2022-05-26,17550,37921,237880,클리오,-0.02228412256267409
2022-05-27,17600,34758,237880,클리오,0.002849002849002913
2022-05-30,18200,49543,237880,클리오,0.03409090909090917
2022-05-31,18350,45123,237880,클리오,0.008241758241758212
2022-06-02,18100,26413,237880,클리오,-0.013623978201634857
2022-06-03,18300,28074,237880,클리오,0.011049723756906049
2022-06-07,17800,26520,237880,클리오,-0.02732240437158473
2022-06-08,17850,24859,237880,클리오,0.002808988764045006
2022-06-09,17800,17703,237880,클리오,-0.0028011204481792618
2022-06-10,17700,52783,237880,클리오,-0.005617977528089901
2022-06-13,17000,67768,237880,클리오,-0.039548022598870025
2022-06-14,16600,59279,237880,클리오,-0.02352941176470591
2022-06-15,16200,66548,237880,클리오,-0.02409638554216864
2022-06-16,15950,24657,237880,클리오,-0.015432098765432056
2022-06-17,15950,35892,237880,클리오,0.0
2022-06-20,14700,63049,237880,클리오,-0.07836990595611282
2022-06-21,14950,42317,237880,클리오,0.017006802721088343
2022-06-22,14350,51437,237880,클리오,-0.04013377926421402
2022-06-23,13900,56774,237880,클리오,-0.03135888501742157
2022-06-24,14600,36228,237880,클리오,0.050359712230215736
2022-06-27,14800,26873,237880,클리오,0.013698630136986356
2022-06-28,14900,14586,237880,클리오,0.006756756756756799
2022-06-29,15350,50637,237880,클리오,0.030201342281879207
2022-06-30,14100,141152,237880,클리오,-0.08143322475570036
2022-07-01,13850,43710,237880,클리오,-0.01773049645390068
2022-07-04,13400,36741,237880,클리오,-0.032490974729241895
2022-07-05,13650,36158,237880,클리오,0.018656716417910557
2022-07-06,14050,50207,237880,클리오,0.0293040293040292
2022-07-07,14600,34644,237880,클리오,0.039145907473309594
2022-07-08,14400,23231,237880,클리오,-0.013698630136986356
2022-07-11,13950,22569,237880,클리오,-0.03125
2022-07-12,13400,34216,237880,클리오,-0.03942652329749108
2022-07-13,13500,23556,237880,클리오,0.00746268656716409
2022-07-14,13600,34489,237880,클리오,0.007407407407407307
2022-07-15,13700,14471,237880,클리오,0.007352941176470562
2022-07-18,13800,53503,237880,클리오,0.007299270072992803
2022-07-19,13800,17538,237880,클리오,0.0
2022-07-20,13900,30523,237880,클리오,0.007246376811594235
2022-07-21,14150,33840,237880,클리오,0.017985611510791477
2022-07-22,13800,40179,237880,클리오,-0.02473498233215543
2022-07-25,13850,24828,237880,클리오,0.0036231884057971175
2022-07-26,13850,14387,237880,클리오,0.0
2022-07-27,14100,42521,237880,클리오,0.018050541516245522
2022-07-28,13950,37010,237880,클리오,-0.010638297872340385
2022-07-29,14250,39628,237880,클리오,0.021505376344086002
2022-08-01,13950,15835,237880,클리오,-0.021052631578947323
2022-08-02,14050,19859,237880,클리오,0.007168458781362075
2022-08-03,14200,21356,237880,클리오,0.01067615658362997
2022-08-04,14000,69019,237880,클리오,-0.014084507042253502
2022-08-05,14850,201773,237880,클리오,0.06071428571428572
2022-08-08,14800,110603,237880,클리오,-0.0033670033670033517
2022-08-09,15150,204004,237880,클리오,0.023648648648648685
2022-08-10,14550,91319,237880,클리오,-0.03960396039603964
2022-08-11,15200,68283,237880,클리오,0.04467353951890041
2022-08-12,15150,39854,237880,클리오,-0.003289473684210509
2022-08-16,15250,28092,237880,클리오,0.0066006600660066805
2022-08-17,14800,45230,237880,클리오,-0.02950819672131144
2022-08-18,15200,58617,237880,클리오,0.027027027027026973
2022-08-19,15700,79852,237880,클리오,0.03289473684210531
2022-08-22,15300,32188,237880,클리오,-0.02547770700636942
2022-08-23,14650,55536,237880,클리오,-0.042483660130718914
2022-08-24,14950,46821,237880,클리오,0.020477815699658786
2022-08-25,14800,32815,237880,클리오,-0.010033444816053505
2022-08-26,14900,52730,237880,클리오,0.006756756756756799
2022-08-29,14200,67562,237880,클리오,-0.046979865771812124
2022-08-30,14700,65109,237880,클리오,0.035211267605633756
2022-08-31,15050,31595,237880,클리오,0.023809523809523725
2022-09-01,14650,30909,237880,클리오,-0.02657807308970095
2022-09-02,14300,15945,237880,클리오,-0.023890784982935176
2022-09-05,14050,31014,237880,클리오,-0.0174825174825175
2022-09-06,14150,19134,237880,클리오,0.007117437722419906
2022-09-07,13900,41834,237880,클리오,-0.017667844522968212
2022-09-08,13700,137484,237880,클리오,-0.014388489208633115
2022-09-13,14000,156861,237880,클리오,0.021897810218978186
2022-09-14,13750,29296,237880,클리오,-0.017857142857142905
2022-09-15,14300,111253,237880,클리오,0.040000000000000036
2022-09-16,15150,256029,237880,클리오,0.05944055944055937
2022-09-19,15700,303506,237880,클리오,0.03630363036303641
2022-09-20,16100,251719,237880,클리오,0.02547770700636942
2022-09-21,16450,553416,237880,클리오,0.021739130434782705
2022-09-22,16900,254119,237880,클리오,0.02735562310030404
2022-09-23,16000,203922,237880,클리오,-0.053254437869822535
2022-09-26,15150,149167,237880,클리오,-0.05312499999999998
2022-09-27,16050,141206,237880,클리오,0.05940594059405946
2022-09-28,15500,96193,237880,클리오,-0.034267912772585674
2022-09-29,14600,107635,237880,클리오,-0.058064516129032295
2022-09-30,14350,72334,237880,클리오,-0.017123287671232834
2022-10-04,14700,52854,237880,클리오,0.024390243902439046
2022-10-05,14050,72741,237880,클리오,-0.04421768707482998
2022-10-06,14200,50855,237880,클리오,0.01067615658362997
2022-10-07,14000,37134,237880,클리오,-0.014084507042253502
2022-10-11,13200,76198,237880,클리오,-0.05714285714285716
2022-10-12,13250,37000,237880,클리오,0.0037878787878788955
2022-10-13,12500,48084,237880,클리오,-0.05660377358490565
2022-10-14,12950,73803,237880,클리오,0.03600000000000003
2022-10-17,13000,19455,237880,클리오,0.0038610038610038533
2022-10-18,13200,29322,237880,클리오,0.01538461538461533
2022-10-19,13450,56941,237880,클리오,0.018939393939394034
2022-10-20,13250,21767,237880,클리오,-0.014869888475836479
2022-10-21,13000,23305,237880,클리오,-0.018867924528301883
2022-10-24,12750,53182,237880,클리오,-0.019230769230769273
2022-10-25,12400,67381,237880,클리오,-0.027450980392156876
2022-10-26,12250,44010,237880,클리오,-0.012096774193548376
2022-10-27,12400,18516,237880,클리오,0.012244897959183598
2022-10-28,12400,18682,237880,클리오,0.0
2022-10-31,12500,17194,237880,클리오,0.008064516129032251
2022-11-01,12750,91832,237880,클리오,0.020000000000000018
2022-11-02,12700,20622,237880,클리오,-0.0039215686274509665
2022-11-03,12450,22094,237880,클리오,-0.019685039370078705
2022-11-04,12850,82751,237880,클리오,0.032128514056224855
2022-11-07,12750,38074,237880,클리오,-0.0077821011673151474
2022-11-08,13300,78949,237880,클리오,0.04313725490196085
2022-11-09,13000,71727,237880,클리오,-0.022556390977443663
2022-11-10,13050,32886,237880,클리오,0.0038461538461538325
2022-11-11,13500,110524,237880,클리오,0.034482758620689724
2022-11-14,14350,136913,237880,클리오,0.06296296296296289
2022-11-15,14450,62314,237880,클리오,0.006968641114982521
2022-11-16,14050,58740,237880,클리오,-0.02768166089965396
2022-11-17,13900,35825,237880,클리오,-0.010676156583629859
2022-11-18,13700,25789,237880,클리오,-0.014388489208633115
2022-11-21,13150,36177,237880,클리오,-0.04014598540145986
2022-11-22,13150,16766,237880,클리오,0.0
2022-11-23,13400,15773,237880,클리오,0.019011406844106515
2022-11-24,13800,18415,237880,클리오,0.029850746268656803
2022-11-25,13700,28994,237880,클리오,-0.007246376811594235
2022-11-28,13400,14454,237880,클리오,-0.021897810218978075
2022-11-29,14000,106875,237880,클리오,0.04477611940298498
2022-11-30,13900,48572,237880,클리오,-0.0071428571428571175
2022-12-01,14150,79518,237880,클리오,0.017985611510791477
2022-12-02,14900,196500,237880,클리오,0.053003533568904526
2022-12-05,15700,242461,237880,클리오,0.05369127516778516
2022-12-06,15300,133232,237880,클리오,-0.02547770700636942
2022-12-07,15600,221738,237880,클리오,0.019607843137254832
2022-12-08,15500,78389,237880,클리오,-0.0064102564102563875
2022-12-09,16100,191292,237880,클리오,0.03870967741935494
2022-12-12,15400,72447,237880,클리오,-0.04347826086956519
2022-12-13,15050,79343,237880,클리오,-0.022727272727272707
2022-12-14,15050,46505,237880,클리오,0.0
2022-12-15,15200,41706,237880,클리오,0.009966777408637828
2022-12-16,15000,60776,237880,클리오,-0.013157894736842146
2022-12-19,15200,67463,237880,클리오,0.01333333333333342
2022-12-20,14600,77592,237880,클리오,-0.03947368421052633
2022-12-21,14800,67319,237880,클리오,0.013698630136986356
2022-12-22,15200,77075,237880,클리오,0.027027027027026973
2022-12-23,14500,76682,237880,클리오,-0.046052631578947345
2022-12-26,14750,62269,237880,클리오,0.01724137931034475
2022-12-27,16050,286322,237880,클리오,0.08813559322033893
2022-12-28,16300,160087,237880,클리오,0.015576323987538832
2022-12-29,16200,140925,237880,클리오,-0.006134969325153339
2023-01-02,16300,152938,237880,클리오,0.006172839506172867
2023-01-03,16200,162737,237880,클리오,-0.006134969325153339
2023-01-04,16600,267427,237880,클리오,0.024691358024691468
2023-01-05,16650,184925,237880,클리오,0.003012048192771122
2023-01-06,17000,118371,237880,클리오,0.021021021021021102
2023-01-09,17950,247765,237880,클리오,0.055882352941176494
2023-01-10,17100,242469,237880,클리오,-0.0473537604456824
2023-01-11,17650,90040,237880,클리오,0.032163742690058506
2023-01-12,18000,128632,237880,클리오,0.019830028328611915
2023-01-13,17750,70474,237880,클리오,-0.01388888888888884
2023-01-16,17900,89100,237880,클리오,0.008450704225352101
2023-01-17,17900,45521,237880,클리오,0.0
2023-01-18,18450,157714,237880,클리오,0.030726256983240274
2023-01-19,18450,105981,237880,클리오,0.0
2023-01-20,18350,79127,237880,클리오,-0.005420054200542035
2023-01-25,17530,152395,237880,클리오,-0.04468664850136239
2023-01-26,17570,115633,237880,클리오,0.0022818026240729594
2023-01-27,17790,114142,237880,클리오,0.01252134319863396
2023-01-30,17230,144578,237880,클리오,-0.03147835862844295
2023-01-31,17090,131177,237880,클리오,-0.008125362739408004
2023-02-01,17000,100348,237880,클리오,-0.0052662375658280025
2023-02-02,17650,193787,237880,클리오,0.038235294117647145
2023-02-03,17650,143338,237880,클리오,0.0
2023-02-06,18120,190660,237880,클리오,0.026628895184136026
2023-02-07,17940,84740,237880,클리오,-0.009933774834437137
2023-02-08,18010,60839,237880,클리오,0.0039018952062430667
2023-02-09,18250,101389,237880,클리오,0.013325930038867284
2023-02-10,17940,185366,237880,클리오,-0.01698630136986301
2023-02-13,18000,90445,237880,클리오,0.0033444816053511683
2023-02-14,17930,43131,237880,클리오,-0.0038888888888889417
2023-02-15,17330,104170,237880,클리오,-0.03346346904629116
2023-02-16,17270,83656,237880,클리오,-0.0034622042700519495
2023-02-17,17030,60356,237880,클리오,-0.01389693109438328
2023-02-20,17450,68773,237880,클리오,0.024662360540223194
2023-02-21,17340,52451,237880,클리오,-0.006303724928366727
2023-02-22,17210,51389,237880,클리오,-0.007497116493656253
2023-02-23,17260,36507,237880,클리오,0.0029052876234747504
2023-02-24,17900,180239,237880,클리오,0.037079953650057895
2023-02-27,17900,69844,237880,클리오,0.0
2023-02-28,18400,131795,237880,클리오,0.027932960893854775
2023-03-02,18870,173682,237880,클리오,0.025543478260869668
2023-03-03,19390,165975,237880,클리오,0.02755696873343938
2023-03-06,19450,194578,237880,클리오,0.003094378545642096
2023-03-07,19530,117489,237880,클리오,0.004113110539845755
2023-03-08,19060,56477,237880,클리오,-0.02406554019457241
2023-03-09,19210,142499,237880,클리오,0.007869884575026243
2023-03-10,19040,98479,237880,클리오,-0.008849557522123908
2023-03-13,18670,89321,237880,클리오,-0.01943277310924374
2023-03-14,17880,126743,237880,클리오,-0.04231387252276375
2023-03-15,18640,112415,237880,클리오,0.04250559284116329
2023-03-16,18700,97587,237880,클리오,0.0032188841201716833
2023-03-17,19540,191938,237880,클리오,0.044919786096256686
2023-03-20,19880,137987,237880,클리오,0.017400204708290623
2023-03-21,20350,191552,237880,클리오,0.023641851106639855
2023-03-22,20350,167706,237880,클리오,0.0
2023-03-23,21050,134464,237880,클리오,0.03439803439803435
2023-03-24,21450,216476,237880,클리오,0.019002375296912177
2023-03-27,21000,152867,237880,클리오,-0.020979020979020935
2023-03-28,21100,84385,237880,클리오,0.004761904761904745
2023-03-29,22050,188866,237880,클리오,0.04502369668246442
2023-03-30,23000,215838,237880,클리오,0.04308390022675734
2023-03-31,23100,172806,237880,클리오,0.004347826086956497
2023-04-03,23150,145866,237880,클리오,0.0021645021645022577
2023-04-04,22500,182865,237880,클리오,-0.02807775377969768
2023-04-05,23750,276376,237880,클리오,0.05555555555555558
2023-04-06,24100,154907,237880,클리오,0.01473684210526316
2023-04-07,23550,213611,237880,클리오,-0.022821576763485507
2023-04-10,22050,271012,237880,클리오,-0.06369426751592355
2023-04-11,22600,143621,237880,클리오,0.024943310657596474
2023-04-12,22500,113380,237880,클리오,-0.004424778761061954
2023-04-13,22450,64868,237880,클리오,-0.0022222222222222365
2023-04-14,21750,160159,237880,클리오,-0.031180400890868598
2023-04-17,22200,80175,237880,클리오,0.020689655172413834
2023-04-18,23300,189871,237880,클리오,0.04954954954954949
2023-04-19,23600,195066,237880,클리오,0.012875536480686733
2023-04-20,22900,83900,237880,클리오,-0.029661016949152574
2023-04-21,21750,269377,237880,클리오,-0.05021834061135366
2023-04-24,21200,160672,237880,클리오,-0.025287356321839094
2023-04-25,21150,142112,237880,클리오,-0.002358490566037763
2023-04-26,21300,104987,237880,클리오,0.007092198581560183
2023-04-27,21900,84995,237880,클리오,0.028169014084507005
2023-04-28,21500,62824,237880,클리오,-0.0182648401826484
2023-05-02,21650,36443,237880,클리오,0.006976744186046435
2023-05-03,21550,56733,237880,클리오,-0.004618937644341847
2023-05-04,21400,100518,237880,클리오,-0.00696055684454755
2023-05-08,21750,88726,237880,클리오,0.016355140186915973
2023-05-09,21850,74416,237880,클리오,0.0045977011494253706
2023-05-10,22600,462966,237880,클리오,0.034324942791762014
2023-05-11,22400,137184,237880,클리오,-0.008849557522123908
2023-05-12,22900,182756,237880,클리오,0.022321428571428603
2023-05-15,22250,174760,237880,클리오,-0.028384279475982543
2023-05-16,21850,61607,237880,클리오,-0.017977528089887618
2023-05-17,22550,89394,237880,클리오,0.03203661327231111
2023-05-18,21650,126767,237880,클리오,-0.039911308203991136
2023-05-19,21650,108151,237880,클리오,0.0
2023-05-22,21500,81709,237880,클리오,-0.006928406466512715
2023-05-23,22200,100215,237880,클리오,0.032558139534883734
2023-05-24,21500,61014,237880,클리오,-0.03153153153153154
2023-05-25,21100,87780,237880,클리오,-0.018604651162790753
2023-05-26,20950,145009,237880,클리오,-0.007109004739336511
2023-05-30,20450,72665,237880,클리오,-0.023866348448687402
2023-05-31,20300,45037,237880,클리오,-0.007334963325183352
2023-06-01,21150,83397,237880,클리오,0.041871921182266014
2023-06-02,21150,46639,237880,클리오,0.0
2023-06-05,21300,30699,237880,클리오,0.007092198581560183
2023-06-07,21400,51148,237880,클리오,0.0046948356807512415
2023-06-08,21650,80763,237880,클리오,0.011682242990654235
2023-06-09,22050,164540,237880,클리오,0.018475750577367167
2023-06-12,22200,103230,237880,클리오,0.006802721088435382
2023-06-13,22200,114260,237880,클리오,0.0
2023-06-14,21650,47298,237880,클리오,-0.024774774774774744
2023-06-15,21850,81175,237880,클리오,0.009237875288683695
2023-06-16,22650,181644,237880,클리오,0.03661327231121292
2023-06-19,21850,85654,237880,클리오,-0.03532008830022071
2023-06-20,21850,70749,237880,클리오,0.0
2023-06-21,21450,74343,237880,클리오,-0.01830663615560646
2023-06-22,20550,121735,237880,클리오,-0.04195804195804198
2023-06-23,20200,79700,237880,클리오,-0.01703163017031628
2023-06-26,19640,84505,237880,클리오,-0.027722772277227747
2023-06-27,19720,70811,237880,클리오,0.004073319755600879
2023-06-28,20400,87358,237880,클리오,0.034482758620689724
2023-06-29,20550,76904,237880,클리오,0.007352941176470562
2023-06-30,20300,26209,237880,클리오,-0.012165450121654486
2023-07-03,19640,117416,237880,클리오,-0.03251231527093601
2023-07-04,20050,68535,237880,클리오,0.020875763747454146
2023-07-05,19450,91497,237880,클리오,-0.029925187032418976
2023-07-06,19740,55636,237880,클리오,0.014910025706940777
2023-07-07,20750,460049,237880,클리오,0.05116514690982776
2023-07-10,19880,165836,237880,클리오,-0.041927710843373545
2023-07-11,20100,157803,237880,클리오,0.01106639839034207
2023-07-12,20700,103185,237880,클리오,0.029850746268656803
2023-07-13,20600,91206,237880,클리오,-0.004830917874396157
2023-07-14,20300,86624,237880,클리오,-0.014563106796116498
2023-07-17,19970,51333,237880,클리오,-0.01625615763546795
2023-07-18,20000,34495,237880,클리오,0.001502253380070151
2023-07-19,20000,40819,237880,클리오,0.0
2023-07-20,19670,71223,237880,클리오,-0.01649999999999996
2023-07-21,19060,68072,237880,클리오,-0.031011692933401114
2023-07-24,18390,142438,237880,클리오,-0.035152151101783824
2023-07-25,18180,81319,237880,클리오,-0.011419249592169667
2023-07-26,17160,99330,237880,클리오,-0.05610561056105612
2023-07-27,18490,112453,237880,클리오,0.07750582750582757
2023-07-28,17930,48486,237880,클리오,-0.0302866414277988
2023-07-31,18260,42179,237880,클리오,0.018404907975460016
2023-08-01,18260,50352,237880,클리오,0.0
2023-08-02,18030,110405,237880,클리오,-0.012595837897042661
2023-08-03,18100,27042,237880,클리오,0.0038824181919023815
2023-08-04,19040,156668,237880,클리오,0.051933701657458586
2023-08-07,19920,302905,237880,클리오,0.04621848739495804
2023-08-08,19610,192819,237880,클리오,-0.015562248995983907
2023-08-09,19040,110956,237880,클리오,-0.029066802651708357
2023-08-10,23400,2464808,237880,클리오,0.22899159663865554
2023-08-11,21700,919707,237880,클리오,-0.07264957264957261
2023-08-14,21950,325884,237880,클리오,0.011520737327188835
2023-08-16,20950,386567,237880,클리오,-0.04555808656036442
2023-08-17,20350,170819,237880,클리오,-0.02863961813842486
2023-08-18,20200,239543,237880,클리오,-0.0073710073710073765
2023-08-21,20150,103324,237880,클리오,-0.0024752475247524774
2023-08-22,20150,65900,237880,클리오,0.0
2023-08-23,19810,59820,237880,클리오,-0.016873449131513674
2023-08-24,19700,186201,237880,클리오,-0.005552751135790013
2023-08-25,20400,192621,237880,클리오,0.035532994923857864
2023-08-28,21350,228838,237880,클리오,0.04656862745098045
2023-08-29,20950,83747,237880,클리오,-0.0187353629976581
2023-08-30,21000,57475,237880,클리오,0.0023866348448686736
2023-08-31,21650,168121,237880,클리오,0.030952380952380842
2023-09-01,21650,115216,237880,클리오,0.0
2023-09-04,23250,435294,237880,클리오,0.07390300230946889
2023-09-05,25050,581952,237880,클리오,0.07741935483870965
2023-09-06,24950,369797,237880,클리오,-0.003992015968063867
2023-09-07,25000,200675,237880,클리오,0.002004008016031955
2023-09-08,25950,253337,237880,클리오,0.038000000000000034
2023-09-11,25700,203026,237880,클리오,-0.009633911368015391
2023-09-12,25000,125557,237880,클리오,-0.027237354085603127
2023-09-13,25500,146839,237880,클리오,0.020000000000000018
2023-09-14,25650,165894,237880,클리오,0.00588235294117645
2023-09-15,25850,106549,237880,클리오,0.007797270955165692
2023-09-18,28000,419268,237880,클리오,0.0831721470019342
2023-09-19,27350,448384,237880,클리오,-0.023214285714285743
2023-09-20,27400,171241,237880,클리오,0.001828153564899404
2023-09-21,26500,129139,237880,클리오,-0.03284671532846717
2023-09-22,27300,153503,237880,클리오,0.030188679245283012
2023-09-25,28650,268400,237880,클리오,0.0494505494505495
2023-09-26,28250,215412,237880,클리오,-0.013961605584642212
2023-09-27,29000,307547,237880,클리오,0.026548672566371723
2023-10-04,27000,170371,237880,클리오,-0.06896551724137934
2023-10-05,26750,99734,237880,클리오,-0.0092592592592593
2023-10-06,25900,159370,237880,클리오,-0.03177570093457949
2023-10-10,25450,122899,237880,클리오,-0.01737451737451734
2023-10-11,25300,58385,237880,클리오,-0.005893909626719096
2023-10-12,26300,124470,237880,클리오,0.03952569169960474
2023-10-13,26250,74046,237880,클리오,-0.0019011406844106071
2023-10-16,27600,218091,237880,클리오,0.05142857142857138
2023-10-17,27600,157164,237880,클리오,0.0
2023-10-18,28000,196318,237880,클리오,0.01449275362318847
2023-10-19,28000,147082,237880,클리오,0.0
2023-10-20,27650,182967,237880,클리오,-0.012499999999999956
2023-10-23,29050,160516,237880,클리오,0.05063291139240511
2023-10-24,28150,83039,237880,클리오,-0.030981067125645412
2023-10-25,28900,171425,237880,클리오,0.026642984014209503
2023-10-26,27500,154334,237880,클리오,-0.04844290657439443
2023-10-27,26950,70661,237880,클리오,-0.020000000000000018
2023-10-30,27850,56042,237880,클리오,0.033395176252319025
2023-10-31,27700,122144,237880,클리오,-0.0053859964093356805
2023-11-01,27700,96389,237880,클리오,0.0
2023-11-02,27400,90996,237880,클리오,-0.010830324909747335
2023-11-03,26850,99665,237880,클리오,-0.02007299270072993
2023-11-06,26750,190664,237880,클리오,-0.003724394785847296
2023-11-07,29300,285345,237880,클리오,0.09532710280373835
2023-11-08,31000,1117607,237880,클리오,0.058020477815699634
2023-11-09,32200,604643,237880,클리오,0.03870967741935494
2023-11-10,30850,176227,237880,클리오,-0.04192546583850931
2023-11-13,30050,91263,237880,클리오,-0.02593192868719607
2023-11-14,29700,98911,237880,클리오,-0.011647254575707144
2023-11-15,30450,122534,237880,클리오,0.025252525252525304
2023-11-16,30850,97696,237880,클리오,0.013136288998357948
2023-11-17,29750,67872,237880,클리오,-0.03565640194489461
2023-11-20,29700,82826,237880,클리오,-0.001680672268907557
2023-11-21,29250,128579,237880,클리오,-0.015151515151515138
2023-11-22,29250,53959,237880,클리오,0.0
2023-11-23,30050,116210,237880,클리오,0.027350427350427253
2023-11-24,28800,113299,237880,클리오,-0.04159733777038266
2023-11-27,28650,76308,237880,클리오,-0.00520833333333337
2023-11-28,28500,44986,237880,클리오,-0.005235602094240788
2023-11-29,29000,63231,237880,클리오,0.01754385964912286
2023-11-30,28750,45614,237880,클리오,-0.008620689655172376
2023-12-01,28750,65456,237880,클리오,0.0
2023-12-04,28300,101628,237880,클리오,-0.01565217391304352
2023-12-05,27950,309482,237880,클리오,-0.012367491166077715
2023-12-06,28200,67022,237880,클리오,0.008944543828264706
2023-12-07,28250,79814,237880,클리오,0.0017730496453900457
2023-12-08,27650,71088,237880,클리오,-0.0212389380530974
2023-12-11,28250,70026,237880,클리오,0.02169981916817365
2023-12-12,27650,55215,237880,클리오,-0.0212389380530974
2023-12-13,27800,43875,237880,클리오,0.005424954792043302
2023-12-14,28750,90213,237880,클리오,0.03417266187050361
2023-12-15,28700,58110,237880,클리오,-0.0017391304347825765
2023-12-18,27850,118579,237880,클리오,-0.029616724738675937
2023-12-19,30600,392016,237880,클리오,0.09874326750448836
2023-12-20,32500,315425,237880,클리오,0.06209150326797386
2023-12-21,33250,135146,237880,클리오,0.023076923076922995
2023-12-22,31350,81127,237880,클리오,-0.05714285714285716
2023-12-26,31400,36930,237880,클리오,0.0015948963317384823
2023-12-27,30900,33016,237880,클리오,-0.015923566878980888
2023-12-28,30800,51927,237880,클리오,-0.003236245954692518
2024-01-02,30200,49418,237880,클리오,-0.01948051948051943
2024-01-03,30500,51874,237880,클리오,0.009933774834437026
2024-01-04,30350,37814,237880,클리오,-0.004918032786885296
2024-01-05,30550,92947,237880,클리오,0.006589785831960571
2024-01-08,30150,43324,237880,클리오,-0.013093289689034338
2024-01-09,31850,81543,237880,클리오,0.056384742951907096
2024-01-10,33550,399283,237880,클리오,0.053375196232338995
2024-01-11,32800,111892,237880,클리오,-0.02235469448584204
2024-01-12,32650,65734,237880,클리오,-0.004573170731707266
2024-01-15,30600,125833,237880,클리오,-0.06278713629402755
2024-01-16,31200,47056,237880,클리오,0.019607843137254832
2024-01-17,30600,69476,237880,클리오,-0.019230769230769273
2024-01-18,31500,69721,237880,클리오,0.02941176470588225
2024-01-19,31500,54450,237880,클리오,0.0
2024-01-22,31850,60053,237880,클리오,0.011111111111111072
2024-01-23,32750,53381,237880,클리오,0.028257456828885363
2024-01-24,32550,34502,237880,클리오,-0.006106870229007688
2024-01-25,31600,29363,237880,클리오,-0.029185867895545337
2024-01-26,29150,161523,237880,클리오,-0.07753164556962022
2024-01-29,29000,94232,237880,클리오,-0.005145797598627766
2024-01-30,29000,216222,237880,클리오,0.0
2024-01-31,28450,57989,237880,클리오,-0.018965517241379293
2024-02-01,28350,89669,237880,클리오,-0.0035149384885764245
2024-02-02,27950,140672,237880,클리오,-0.014109347442680775
2024-02-05,28200,66479,237880,클리오,0.008944543828264706
2024-02-06,28300,109050,237880,클리오,0.0035460992907800915
2024-02-07,29300,95911,237880,클리오,0.035335689045936425
2024-02-08,28700,82897,237880,클리오,-0.020477815699658675
2024-02-13,29050,58187,237880,클리오,0.012195121951219523
2024-02-14,31250,164897,237880,클리오,0.07573149741824436
2024-02-15,30200,106266,237880,클리오,-0.03359999999999996
2024-02-16,30000,330524,237880,클리오,-0.0066225165562914245
2024-02-19,30400,163058,237880,클리오,0.01333333333333342
2024-02-20,29750,115649,237880,클리오,-0.021381578947368474
2024-02-21,30000,62139,237880,클리오,0.008403361344537785
2024-02-22,31200,125241,237880,클리오,0.040000000000000036
2024-02-23,30350,82816,237880,클리오,-0.027243589743589758
2024-02-26,29850,35647,237880,클리오,-0.016474464579901205
2024-02-27,29150,125056,237880,클리오,-0.02345058626465657
2024-02-28,29250,79420,237880,클리오,0.0034305317324185847
2024-02-29,30000,105629,237880,클리오,0.02564102564102555
2024-03-04,29950,89488,237880,클리오,-0.0016666666666667052
2024-03-05,30900,150339,237880,클리오,0.03171953255425719
2024-03-06,31600,107431,237880,클리오,0.02265372168284796
2024-03-07,31150,118162,237880,클리오,-0.014240506329113889
2024-03-08,29750,99094,237880,클리오,-0.0449438202247191
2024-03-11,29600,83102,237880,클리오,-0.005042016806722671
2024-03-12,28800,121431,237880,클리오,-0.027027027027026973
2024-03-13,27800,187866,237880,클리오,-0.03472222222222221
2024-03-14,28150,77030,237880,클리오,0.012589928057553879
2024-03-15,27500,146292,237880,클리오,-0.023090586145648295
2024-03-18,27550,41563,237880,클리오,0.0018181818181817189
2024-03-19,28000,69943,237880,클리오,0.016333938294010864
2024-03-20,27700,54608,237880,클리오,-0.010714285714285676
2024-03-21,27300,69964,237880,클리오,-0.014440433212996373
2024-03-22,27600,39326,237880,클리오,0.01098901098901095
2024-03-25,28250,74153,237880,클리오,0.023550724637681153
2024-03-26,28750,67774,237880,클리오,0.017699115044247815
2024-03-27,28700,93204,237880,클리오,-0.0017391304347825765
2024-03-28,29000,154147,237880,클리오,0.010452961672473782
2024-03-29,28100,77155,237880,클리오,-0.03103448275862064
2024-04-01,31500,349488,237880,클리오,0.12099644128113884
2024-04-02,30050,146988,237880,클리오,-0.04603174603174598
2024-04-03,30400,88572,237880,클리오,0.011647254575707144
2024-04-04,29900,116668,237880,클리오,-0.016447368421052655
2024-04-05,29500,74851,237880,클리오,-0.013377926421404673
2024-04-08,28600,135584,237880,클리오,-0.03050847457627115
2024-04-09,28400,93331,237880,클리오,-0.006993006993006978
2024-04-11,28300,85396,237880,클리오,-0.0035211267605633756
2024-04-12,30600,222466,237880,클리오,0.08127208480565362
2024-04-15,29550,89508,237880,클리오,-0.03431372549019607
2024-04-16,28550,70055,237880,클리오,-0.03384094754653133
2024-04-17,29950,98673,237880,클리오,0.049036777583187474
2024-04-18,30450,105166,237880,클리오,0.016694490818029983
2024-04-19,32100,385919,237880,클리오,0.054187192118226646
2024-04-22,32000,230698,237880,클리오,-0.0031152647975077885
2024-04-23,31800,132073,237880,클리오,-0.006249999999999978
2024-04-24,32700,99891,237880,클리오,0.028301886792452935
2024-04-25,31650,76614,237880,클리오,-0.032110091743119296
2024-04-26,31850,55915,237880,클리오,0.006319115323854652
2024-04-29,32250,71176,237880,클리오,0.012558869701726927
2024-04-30,35000,436783,237880,클리오,0.0852713178294573
2024-05-02,34500,253679,237880,클리오,-0.014285714285714235
2024-05-03,33900,55318,237880,클리오,-0.017391304347826098
2024-05-07,34100,137973,237880,클리오,0.005899705014749346
2024-05-08,34150,56670,237880,클리오,0.0014662756598240456
2024-05-09,34800,282393,237880,클리오,0.019033674963396807
2024-05-10,34850,507752,237880,클리오,0.001436781609195359
2024-05-13,36200,586089,237880,클리오,0.038737446197991465
2024-05-14,36850,252961,237880,클리오,0.017955801104972302
2024-05-16,35950,130695,237880,클리오,-0.024423337856173677
2024-05-17,35500,133878,237880,클리오,-0.012517385257301838
2024-05-20,35850,126990,237880,클리오,0.009859154929577452
2024-05-21,37600,244058,237880,클리오,0.04881450488145056
2024-05-22,36600,94545,237880,클리오,-0.02659574468085102
2024-05-23,38950,240371,237880,클리오,0.06420765027322406
2024-05-24,40100,394217,237880,클리오,0.029525032092426295
2024-05-27,38050,224665,237880,클리오,-0.05112219451371569
2024-05-28,38250,80296,237880,클리오,0.005256241787122251
2024-05-29,39900,249213,237880,클리오,0.04313725490196085
2024-05-30,41050,183333,237880,클리오,0.028822055137844638
2024-05-31,41350,287404,237880,클리오,0.0073081607795371095
2024-06-03,40900,155254,237880,클리오,-0.010882708585247869
2024-06-04,40250,158035,237880,클리오,-0.0158924205378973
2024-06-05,40300,148633,237880,클리오,0.001242236024844745
2024-06-07,39350,107632,237880,클리오,-0.023573200992555776
2024-06-10,39100,71117,237880,클리오,-0.006353240152477735
2024-06-11,39300,118771,237880,클리오,0.005115089514066584
2024-06-12,43150,330571,237880,클리오,0.09796437659033086
2024-06-13,43100,252866,237880,클리오,-0.0011587485515642815
2024-06-14,42400,172142,237880,클리오,-0.016241299303944357
2024-06-17,42500,93246,237880,클리오,0.002358490566037652
2024-06-18,43150,102162,237880,클리오,0.015294117647058902
2024-06-19,42250,201610,237880,클리오,-0.02085747392815762
2024-06-20,41200,115647,237880,클리오,-0.02485207100591713
2024-06-21,41050,175206,237880,클리오,-0.00364077669902918
2024-06-24,38450,280093,237880,클리오,-0.06333739342265532
2024-06-25,38600,112401,237880,클리오,0.0039011703511053764
2024-06-26,38650,100459,237880,클리오,0.0012953367875647714
2024-06-27,38100,189029,237880,클리오,-0.014230271668822736
2024-06-28,38350,97926,237880,클리오,0.006561679790026309
2024-07-01,37400,116591,237880,클리오,-0.024771838331160367
2024-07-02,37000,116202,237880,클리오,-0.010695187165775444
2024-07-03,36700,96745,237880,클리오,-0.008108108108108136
2024-07-04,36500,82539,237880,클리오,-0.00544959128065392
2024-07-05,36200,161970,237880,클리오,-0.008219178082191747
2024-07-08,36350,157036,237880,클리오,0.004143646408839796
2024-07-09,37000,90331,237880,클리오,0.017881705639614776
2024-07-10,37500,74769,237880,클리오,0.013513513513513598
2024-07-11,36500,134479,237880,클리오,-0.026666666666666616
2024-07-12,36700,87484,237880,클리오,0.005479452054794498
2024-07-15,37200,53098,237880,클리오,0.013623978201634968
2024-07-16,36400,182367,237880,클리오,-0.021505376344086002
2024-07-17,37250,102704,237880,클리오,0.02335164835164827
2024-07-18,36700,89521,237880,클리오,-0.014765100671140896
2024-07-19,35800,59045,237880,클리오,-0.02452316076294281
2024-07-22,36150,46865,237880,클리오,0.009776536312849249
2024-07-23,37900,197570,237880,클리오,0.048409405255878335
2024-07-24,38350,141846,237880,클리오,0.01187335092348274
2024-07-25,36900,91078,237880,클리오,-0.03780964797913955
2024-07-26,35050,130996,237880,클리오,-0.050135501355013545
2024-07-29,36050,106445,237880,클리오,0.02853067047075597
2024-07-30,36000,36236,237880,클리오,-0.001386962552011095
2024-07-31,34700,89887,237880,클리오,-0.036111111111111094
2024-08-01,35600,62498,237880,클리오,0.025936599423631135
2024-08-02,34150,59784,237880,클리오,-0.0407303370786517
2024-08-05,31250,107748,237880,클리오,-0.08491947291361635
2024-08-06,33950,77316,237880,클리오,0.08640000000000003
2024-08-07,33000,101849,237880,클리오,-0.027982326951399128
2024-08-08,32350,129590,237880,클리오,-0.019696969696969657
2024-08-09,32600,159004,237880,클리오,0.007727975270479082
2024-08-12,33350,93438,237880,클리오,0.02300613496932513
2024-08-13,31400,251291,237880,클리오,-0.058470764617691184
2024-08-14,31600,73643,237880,클리오,0.006369426751592355
2024-08-16,32200,80199,237880,클리오,0.018987341772152
2024-08-19,32450,55950,237880,클리오,0.007763975155279601
2024-08-20,31850,143159,237880,클리오,-0.018489984591679498
2024-08-21,31850,111024,237880,클리오,0.0
2024-08-22,31350,147598,237880,클리오,-0.015698587127158548
2024-08-23,30500,171917,237880,클리오,-0.027113237639553422
2024-08-26,30500,95303,237880,클리오,0.0
2024-08-27,30500,61352,237880,클리오,0.0
2024-08-28,30400,49342,237880,클리오,-0.003278688524590123
2024-08-29,30500,46556,237880,클리오,0.00328947368421062
2024-08-30,30500,47252,237880,클리오,0.0
2024-09-02,31100,107703,237880,클리오,0.01967213114754096
2024-09-03,32150,77460,237880,클리오,0.0337620578778135
2024-09-04,31000,106240,237880,클리오,-0.03576982892690517
2024-09-05,31050,39177,237880,클리오,0.001612903225806539
2024-09-06,30000,56062,237880,클리오,-0.033816425120772986
2024-09-09,31400,65929,237880,클리오,0.046666666666666634
2024-09-10,31150,54074,237880,클리오,-0.0079617834394905
2024-09-11,30750,59315,237880,클리오,-0.012841091492776902
2024-09-12,31750,36423,237880,클리오,0.03252032520325199
2024-09-13,31100,35060,237880,클리오,-0.020472440944881876
2024-09-19,30300,83858,237880,클리오,-0.025723472668810254
2024-09-20,30550,59284,237880,클리오,0.008250825082508184
2024-09-23,31200,33589,237880,클리오,0.02127659574468077
2024-09-24,30800,43972,237880,클리오,-0.012820512820512775
2024-09-25,31550,79698,237880,클리오,0.024350649350649345
2024-09-26,31850,50388,237880,클리오,0.009508716323296307
2024-09-27,31550,70590,237880,클리오,-0.009419152276295084
2024-09-30,31050,72239,237880,클리오,-0.015847860538827252
2024-10-02,29400,124831,237880,클리오,-0.0531400966183575
2024-10-04,28450,139366,237880,클리오,-0.03231292517006801
2024-10-07,28050,123942,237880,클리오,-0.01405975395430581
2024-10-08,27800,165207,237880,클리오,-0.0089126559714795
2024-10-10,28050,98418,237880,클리오,0.008992805755395628
2024-10-11,27300,96243,237880,클리오,-0.0267379679144385
2024-10-14,27400,99648,237880,클리오,0.00366300366300365
2024-10-15,27150,214980,237880,클리오,-0.009124087591240837
2024-10-16,26500,159308,237880,클리오,-0.023941068139963217
2024-10-17,25900,135913,237880,클리오,-0.02264150943396226
2024-10-18,25150,79159,237880,클리오,-0.02895752895752901
2024-10-21,25750,64019,237880,클리오,0.02385685884691857
2024-10-22,23150,291998,237880,클리오,-0.10097087378640779
2024-10-23,23200,101236,237880,클리오,0.002159827213822796
2024-10-24,22800,171828,237880,클리오,-0.017241379310344862
2024-10-25,22200,184874,237880,클리오,-0.02631578947368418
2024-10-28,21850,130437,237880,클리오,-0.015765765765765716
2024-10-29,21450,126295,237880,클리오,-0.01830663615560646
2024-10-30,21700,100891,237880,클리오,0.011655011655011593
2024-10-31,22200,87393,237880,클리오,0.02304147465437789
2024-11-01,21650,135354,237880,클리오,-0.024774774774774744
2024-11-04,22250,72018,237880,클리오,0.02771362586605086
2024-11-05,21750,89642,237880,클리오,-0.022471910112359605
2024-11-06,21300,73090,237880,클리오,-0.020689655172413834
2024-11-07,21400,51082,237880,클리오,0.0046948356807512415
2024-11-08,21450,74287,237880,클리오,0.002336448598130758
2024-11-11,18070,528611,237880,클리오,-0.1575757575757576
2024-11-12,17810,198633,237880,클리오,-0.014388489208633115
2024-11-13,17480,126921,237880,클리오,-0.018528916339135337
2024-11-14,17120,85417,237880,클리오,-0.020594965675057253
2024-11-15,17210,89289,237880,클리오,0.005257009345794428
2024-11-18,17420,37593,237880,클리오,0.01220220801859373
2024-11-19,17600,50233,237880,클리오,0.010332950631458004
2024-11-20,17360,43359,237880,클리오,-0.013636363636363669
2024-11-21,17130,59238,237880,클리오,-0.013248847926267238
2024-11-22,17470,42073,237880,클리오,0.019848219497956787
2024-11-25,17890,78714,237880,클리오,0.02404121350887234
2024-11-26,17960,92290,237880,클리오,0.003912800447177123
2024-11-27,17630,41168,237880,클리오,-0.01837416481069043
2024-11-28,17750,28563,237880,클리오,0.006806579693704018
2024-11-29,17140,67232,237880,클리오,-0.034366197183098635
2024-12-02,16710,44124,237880,클리오,-0.025087514585764303
2024-12-03,18280,267827,237880,클리오,0.09395571514063428
2024-12-04,17430,110159,237880,클리오,-0.046498905908096244
2024-12-05,17030,73487,237880,클리오,-0.022948938611589198
2024-12-06,16690,99919,237880,클리오,-0.01996476805637115
2024-12-09,15810,91991,237880,클리오,-0.052726183343319355
2024-12-10,16840,133345,237880,클리오,0.0651486401012018
2024-12-11,17210,113705,237880,클리오,0.02197149643705454
2024-12-12,17330,87590,237880,클리오,0.006972690296339401
2024-12-13,17630,67105,237880,클리오,0.017311021350259637
2024-12-16,17250,87995,237880,클리오,-0.021554169030062353
2024-12-17,17520,68404,237880,클리오,0.01565217391304352
2024-12-18,17780,73355,237880,클리오,0.014840182648401923
2024-12-19,18140,244432,237880,클리오,0.020247469066366763
2024-12-20,17390,74212,237880,클리오,-0.04134509371554573
2024-12-23,17880,70749,237880,클리오,0.028177113283496258
2024-12-24,18730,259705,237880,클리오,0.04753914988814323
2024-12-26,17650,150296,237880,클리오,-0.05766150560597971
2024-12-27,17280,42700,237880,클리오,-0.020963172804532526
2024-12-30,17200,35769,237880,클리오,-0.00462962962962965
2025-01-02,17500,59389,237880,클리오,0.01744186046511631
2025-01-03,17710,60721,237880,클리오,0.01200000000000001
2025-01-06,18180,140527,237880,클리오,0.026538678712591857
2025-01-07,17990,72127,237880,클리오,-0.010451045104510448
2025-01-08,18140,49177,237880,클리오,0.008337965536409087
2025-01-09,18690,210213,237880,클리오,0.030319735391400204
2025-01-10,18100,92455,237880,클리오,-0.03156768325307646
2025-01-13,17760,95305,237880,클리오,-0.018784530386740328
2025-01-14,17900,38175,237880,클리오,0.007882882882882969
2025-01-15,17800,38532,237880,클리오,-0.005586592178770999
2025-01-16,18220,83723,237880,클리오,0.02359550561797752
2025-01-17,18260,46276,237880,클리오,0.002195389681668436
2025-01-20,18360,65724,237880,클리오,0.005476451259583737
2025-01-21,18280,114716,237880,클리오,-0.004357298474945481
2025-01-22,18480,92481,237880,클리오,0.010940919037199182
2025-01-23,17980,51630,237880,클리오,-0.02705627705627711
2025-01-24,18550,101092,237880,클리오,0.03170189098998888
2025-01-31,18950,176327,237880,클리오,0.02156334231805923
2025-02-03,17980,99872,237880,클리오,-0.051187335092348296
2025-02-04,18470,68018,237880,클리오,0.02725250278086766
2025-02-05,18230,62217,237880,클리오,-0.01299404439631835
2025-02-06,18760,117410,237880,클리오,0.029072956664838223
2025-02-07,18650,77501,237880,클리오,-0.005863539445629007
2025-02-10,18800,58371,237880,클리오,0.008042895442359255
2025-02-11,18730,121893,237880,클리오,-0.0037234042553191404
2025-02-12,18440,56246,237880,클리오,-0.015483182060864964
2025-02-13,18250,53532,237880,클리오,-0.010303687635574876
2025-02-14,18650,107449,237880,클리오,0.021917808219177992
2025-02-17,18550,64860,237880,클리오,-0.00536193029490617
2025-02-18,18930,146926,237880,클리오,0.020485175202156425
2025-02-19,19660,176385,237880,클리오,0.03856312731114642
2025-02-20,19760,290725,237880,클리오,0.0050864699898269805
2025-02-21,19600,277666,237880,클리오,-0.0080971659919028
2025-02-24,18020,542358,237880,클리오,-0.08061224489795915
2025-02-25,17860,230517,237880,클리오,-0.008879023307436174
2025-02-26,17740,221236,237880,클리오,-0.006718924972004436
2025-02-27,17870,146651,237880,클리오,0.00732807215332576
2025-02-28,18150,300193,237880,클리오,0.015668718522663605
2025-03-04,17790,137802,237880,클리오,-0.01983471074380161
2025-03-05,18090,124662,237880,클리오,0.01686340640809436
2025-03-06,18170,130304,237880,클리오,0.004422332780541716
2025-03-07,19180,1089728,237880,클리오,0.055586130985140425
2025-03-10,19850,385721,237880,클리오,0.03493222106360783
2025-03-11,21100,1161040,237880,클리오,0.06297229219143574
2025-03-12,21400,873554,237880,클리오,0.014218009478673022
2025-03-13,21800,464882,237880,클리오,0.01869158878504673
2025-03-14,22200,363823,237880,클리오,0.0183486238532109
2025-03-17,21350,284808,237880,클리오,-0.03828828828828834
2025-03-18,20600,297539,237880,클리오,-0.03512880562060894
2025-03-19,20500,163926,237880,클리오,-0.004854368932038833
2025-03-20,20050,253205,237880,클리오,-0.02195121951219514
2025-03-21,20650,143910,237880,클리오,0.029925187032418865
2025-03-24,21300,223806,237880,클리오,0.0314769975786926
2025-03-25,20000,331991,237880,클리오,-0.06103286384976525
2025-03-26,19550,181483,237880,클리오,-0.022499999999999964
2025-03-27,19200,123846,237880,클리오,-0.01790281329923271
2025-03-28,18900,105166,237880,클리오,-0.015625
2025-03-31,18580,84109,237880,클리오,-0.016931216931216908
2025-04-01,19540,115274,237880,클리오,0.0516684607104414
2025-04-02,19480,145095,237880,클리오,-0.0030706243602866
2025-04-03,19390,83872,237880,클리오,-0.00462012320328542
2025-04-04,19510,127527,237880,클리오,0.006188757091284192
2025-04-07,18390,122228,237880,클리오,-0.05740645822655044
2025-04-08,18010,85780,237880,클리오,-0.02066340402392608
2025-04-09,17480,125836,237880,클리오,-0.029428095502498586
2025-04-10,18700,109820,237880,클리오,0.06979405034324948
2025-04-11,19160,52898,237880,클리오,0.024598930481283476
2025-04-14,19190,36444,237880,클리오,0.0015657620041753528
2025-04-15,19180,45671,237880,클리오,-0.0005211047420531356
2025-04-16,19100,134253,237880,클리오,-0.004171011470281538
2025-04-17,19560,85251,237880,클리오,0.02408376963350789
2025-04-18,19420,77007,237880,클리오,-0.007157464212678932
2025-04-21,18930,82461,237880,클리오,-0.025231719876416037
2025-04-22,18450,65031,237880,클리오,-0.02535657686212356
2025-04-23,18560,60552,237880,클리오,0.005962059620596261
2025-04-24,18460,109559,237880,클리오,-0.0053879310344827624
2025-04-25,18230,107633,237880,클리오,-0.012459371614301218
2025-04-28,18000,59062,237880,클리오,-0.012616566099835413
2025-04-29,18320,104592,237880,클리오,0.01777777777777767
2025-04-30,18090,160911,237880,클리오,-0.012554585152838471
2025-05-02,18630,109908,237880,클리오,0.029850746268656803
2025-05-07,18530,68895,237880,클리오,-0.005367686527106841
2025-05-08,19590,195084,237880,클리오,0.057204533189422646
2025-05-09,19130,99334,237880,클리오,-0.023481368044920847
2025-05-12,18690,91974,237880,클리오,-0.023000522739153206
2025-05-13,18840,46679,237880,클리오,0.008025682182985605
2025-05-14,18860,79437,237880,클리오,0.0010615711252655036
2025-05-15,16080,1048147,237880,클리오,-0.14740190880169668
2025-05-16,15450,344660,237880,클리오,-0.03917910447761197
2025-05-19,15600,165799,237880,클리오,0.009708737864077666
2025-05-20,15740,141439,237880,클리오,0.008974358974358942
2025-05-21,15950,131378,237880,클리오,0.013341804320203376
2025-05-22,16060,119914,237880,클리오,0.006896551724137945
2025-05-23,16140,114265,237880,클리오,0.00498132004981322
2025-05-26,16180,68286,237880,클리오,0.0024783147459728205
2025-05-27,16130,84298,237880,클리오,-0.0030902348578492056
2025-05-28,15950,111539,237880,클리오,-0.011159330440173587
2025-05-29,15870,214073,237880,클리오,-0.005015673981191182
2025-05-30,15810,199134,237880,클리오,-0.003780718336483968
2025-06-02,15950,96535,237880,클리오,0.008855154965211831
2025-06-04,16200,122004,237880,클리오,0.01567398119122254
2025-06-05,16190,92791,237880,클리오,-0.0006172839506173311
2025-06-09,16330,207168,237880,클리오,0.00864731315626921
2025-06-10,16800,209730,237880,클리오,0.028781383955909456
2025-06-11,16890,161755,237880,클리오,0.005357142857142838
2025-06-12,16820,161707,237880,클리오,-0.00414446417998815
2025-06-13,16430,161139,237880,클리오,-0.023186682520808577
2025-06-16,16150,129841,237880,클리오,-0.01704199634814363
2025-06-17,16090,129833,237880,클리오,-0.0037151702786377694
2025-06-18,16180,91469,237880,클리오,0.005593536357986428
2025-06-19,16240,128621,237880,클리오,0.003708281829418958
2025-06-20,16730,419575,237880,클리오,0.030172413793103425
2025-06-23,16430,89031,237880,클리오,-0.017931858936042988
2025-06-24,16630,121497,237880,클리오,0.012172854534388211
2025-06-25,16570,116578,237880,클리오,-0.0036079374624172766
2025-06-26,16230,96261,237880,클리오,-0.02051901025950509
2025-06-27,16120,106574,237880,클리오,-0.0067775723967961055
2025-06-30,16220,98081,237880,클리오,0.006203473945409321
2025-07-01,16190,75916,237880,클리오,-0.0018495684340320562
2025-07-02,16300,94104,237880,클리오,0.006794317479925871
2025-07-03,16210,99755,237880,클리오,-0.005521472392638005
2025-07-04,15920,134286,237880,클리오,-0.017890191239975373
2025-07-07,15820,70563,237880,클리오,-0.006281407035175879
2025-07-08,15770,122747,237880,클리오,-0.003160556257901348
2025-07-09,16040,151727,237880,클리오,0.017121116043119944
2025-07-10,16250,232159,237880,클리오,0.013092269326683281
2025-07-11,16250,110723,237880,클리오,0.0
2025-07-14,16380,178814,237880,클리오,0.008000000000000007
2025-07-15,16330,70823,237880,클리오,-0.0030525030525030417
2025-07-16,16270,128863,237880,클리오,-0.003674219228413933
2025-07-17,16260,90343,237880,클리오,-0.0006146281499692652
2025-07-18,16170,122636,237880,클리오,-0.005535055350553542
2025-07-21,16150,91940,237880,클리오,-0.0012368583797155441
2025-07-22,15900,136885,237880,클리오,-0.015479876160990669
2025-07-23,15820,120841,237880,클리오,-0.005031446540880502
2025-07-24,15510,126523,237880,클리오,-0.01959544879898867
2025-07-25,15400,89291,237880,클리오,-0.007092198581560294
2025-07-28,15090,113662,237880,클리오,-0.02012987012987011
2025-07-29,15070,81304,237880,클리오,-0.001325381047051044
2025-07-30,15110,65121,237880,클리오,0.002654280026542777
2025-07-31,15050,79464,237880,클리오,-0.00397088021178027
2025-08-01,14300,199442,237880,클리오,-0.04983388704318936
2025-08-04,14440,50269,237880,클리오,0.009790209790209836
2025-08-05,14420,59605,237880,클리오,-0.0013850415512465242
2025-08-06,14700,154349,237880,클리오,0.01941747572815533
2025-08-07,15290,221033,237880,클리오,0.0401360544217686
2025-08-08,15520,232475,237880,클리오,0.01504251144538915
2025-08-11,15040,136957,237880,클리오,-0.030927835051546393
2025-08-12,14990,80562,237880,클리오,-0.0033244680851063357
2025-08-13,14790,111988,237880,클리오,-0.013342228152101399
2025-08-14,14600,81280,237880,클리오,-0.01284651791751179
2025-08-18,14420,77601,237880,클리오,-0.012328767123287676
2025-08-19,14430,68138,237880,클리오,0.0006934812760055475
2025-08-20,14420,96318,237880,클리오,-0.0006930006930007115
2025-08-21,14450,102600,237880,클리오,0.0020804438280166426
2025-08-22,14370,105340,237880,클리오,-0.00553633217993077
2025-08-25,14870,202254,237880,클리오,0.0347947112038971
2025-08-26,14740,34989,237880,클리오,-0.008742434431741719
2025-08-27,14600,48775,237880,클리오,-0.009497964721845276
2025-08-28,14800,83787,237880,클리오,0.013698630136986356
2025-08-29,14590,57005,237880,클리오,-0.01418918918918921
2025-09-01,13980,105983,237880,클리오,-0.04180945853324192
2025-09-02,13990,88006,237880,클리오,0.0007153075822603494
2025-09-03,13890,61586,237880,클리오,-0.0071479628305932685
2025-09-04,14140,38281,237880,클리오,0.017998560115190854
2025-09-05,14110,29871,237880,클리오,-0.0021216407355021394
2025-09-08,14120,46006,237880,클리오,0.0007087172218285254
2025-09-09,14180,49696,237880,클리오,0.004249291784702569
2025-09-10,14160,51982,237880,클리오,-0.0014104372355430161
2025-09-11,14130,39534,237880,클리오,-0.0021186440677966045
2025-09-12,14230,47494,237880,클리오,0.007077140835102691
2025-09-15,14270,44786,237880,클리오,0.0028109627547434624
2025-09-16,14170,46380,237880,클리오,-0.0070077084793273015
2025-09-17,14180,118107,237880,클리오,0.0007057163020465218
2025-09-18,14620,98096,237880,클리오,0.031029619181946355
2025-09-19,14450,56877,237880,클리오,-0.011627906976744207
2025-09-22,14650,67394,237880,클리오,0.01384083044982698
2025-09-23,14350,77758,237880,클리오,-0.020477815699658675
2025-09-24,14240,43416,237880,클리오,-0.0076655052264807955
2025-09-25,14150,43711,237880,클리오,-0.006320224719101097
2025-09-26,13980,59747,237880,클리오,-0.012014134275618371
2025-09-29,14280,51270,237880,클리오,0.02145922746781115
2025-09-30,14200,62070,237880,클리오,-0.0056022408963585235
2025-10-01,14130,37872,237880,클리오,-0.004929577464788726
2025-10-02,14270,88823,237880,클리오,0.00990799716914359
2025-10-10,14200,54994,237880,클리오,-0.004905395935529078
2025-10-13,13950,39172,237880,클리오,-0.017605633802816878
2025-10-14,13520,151246,237880,클리오,-0.03082437275985661
2025-10-15,13770,53848,237880,클리오,0.01849112426035493
2025-10-16,13930,44044,237880,클리오,0.01161946259985469
2025-10-17,13770,33470,237880,클리오,-0.011486001435750182
2025-10-20,13960,58436,237880,클리오,0.013798111837327598
2025-10-21,14100,54282,237880,클리오,0.01002865329512903
2025-10-22,14190,64171,237880,클리오,0.006382978723404209
2025-10-23,14900,445387,237880,클리오,0.05003523608174776
2025-10-24,14640,129696,237880,클리오,-0.01744966442953022
2025-10-27,14500,110117,237880,클리오,-0.0095628415300546
2025-10-28,14550,99135,237880,클리오,0.0034482758620688614
2025-10-29,14380,71888,237880,클리오,-0.011683848797250818
2025-10-30,14500,136028,237880,클리오,0.008344923504867818
2025-10-31,14300,57408,237880,클리오,-0.01379310344827589
2025-11-03,14270,59891,237880,클리오,-0.00209790209790206
2025-11-04,13950,77490,237880,클리오,-0.022424667133847276
2025-11-05,13800,82066,237880,클리오,-0.010752688172043001
2025-11-06,13640,44283,237880,클리오,-0.011594202898550732
2025-11-07,13500,79670,237880,클리오,-0.01026392961876832
2025-11-10,13650,39187,237880,클리오,0.011111111111111072
2025-11-11,13640,63646,237880,클리오,-0.00073260073260073
2025-11-12,13790,32888,237880,클리오,0.010997067448680342
2025-11-13,13820,33545,237880,클리오,0.002175489485134241
2025-11-14,13450,70385,237880,클리오,-0.02677279305354563
2025-11-17,13410,40886,237880,클리오,-0.0029739776951672736
2025-11-18,13150,83538,237880,클리오,-0.01938851603281133
2025-11-19,13080,38511,237880,클리오,-0.005323193916349833
2025-11-20,13510,67291,237880,클리오,0.032874617737002954
2025-11-21,13400,56312,237880,클리오,-0.008142116950407119
2025-11-24,13390,27177,237880,클리오,-0.0007462686567164534
2025-11-25,13030,39096,237880,클리오,-0.02688573562359975
2025-11-26,13100,33386,237880,클리오,0.005372217958557135
2025-11-27,13140,30844,237880,클리오,0.003053435114503733
2025-11-28,13480,36443,237880,클리오,0.025875190258751957
2025-12-01,13650,39474,237880,클리오,0.01261127596439171
2025-12-02,13670,23890,237880,클리오,0.00146520146520146
2025-12-03,13670,20471,237880,클리오,0.0
2025-12-04,13500,30216,237880,클리오,-0.012435991221653286
2025-12-05,13510,25494,237880,클리오,0.0007407407407407085
2025-12-08,13370,35336,237880,클리오,-0.010362694300518172
2025-12-09,13290,16584,237880,클리오,-0.005983545250560995
2025-12-10,13170,26195,237880,클리오,-0.009029345372460473
2025-12-11,13350,39562,237880,클리오,0.013667425968109326
2025-12-12,13310,21258,237880,클리오,-0.002996254681647992
2025-12-15,13520,75245,237880,클리오,0.01577761081893314
2025-12-16,13630,105904,237880,클리오,0.008136094674556116
2025-12-17,13720,67128,237880,클리오,0.006603081438004477
2025-12-18,13500,29296,237880,클리오,-0.01603498542274051
2025-12-19,13490,53210,237880,클리오,-0.0007407407407407085
2025-12-22,13450,49417,237880,클리오,-0.002965159377316562
2025-12-23,13280,39602,237880,클리오,-0.01263940520446094
2025-12-24,13250,33738,237880,클리오,-0.0022590361445783413
2025-12-26,13300,36193,237880,클리오,0.0037735849056603765
2025-12-29,13090,41951,237880,클리오,-0.015789473684210575
2025-12-30,13030,24542,237880,클리오,-0.004583651642475206
2026-01-02,13900,151975,237880,클리오,0.06676899462778207
2026-01-05,13930,66246,237880,클리오,0.0021582733812950394
2026-01-06,13390,94728,237880,클리오,-0.03876525484565685
2026-01-07,13170,68248,237880,클리오,-0.01643017176997763
2026-01-08,13210,47824,237880,클리오,0.0030372057706908873
2026-01-09,13210,33049,237880,클리오,0.0
2026-01-12,13080,52488,237880,클리오,-0.009841029523088518
2026-01-13,13010,36283,237880,클리오,-0.005351681957186494
2026-01-14,13000,29175,237880,클리오,-0.000768639508070712
2026-01-15,12940,25658,237880,클리오,-0.004615384615384577
2026-01-16,12950,29709,237880,클리오,0.0007727975270479526
2026-01-19,12720,54672,237880,클리오,-0.01776061776061777
2026-01-20,12820,41561,237880,클리오,0.007861635220125729
2026-01-21,12530,53826,237880,클리오,-0.0226209048361935
2026-01-22,12790,55205,237880,클리오,0.020750199521149204
2026-01-23,13140,71950,237880,클리오,0.027365129007036693
2026-01-26,13390,62095,237880,클리오,0.01902587519025878
2026-01-27,13350,56024,237880,클리오,-0.0029873039581777006
2026-01-28,13270,73528,237880,클리오,-0.005992509363295873
2026-01-29,13330,77373,237880,클리오,0.0045214770158250595
2026-01-30,13260,97277,237880,클리오,-0.005251312828207011
2026-02-02,12980,62405,237880,클리오,-0.021116138763197623
2026-02-03,13380,70827,237880,클리오,0.03081664098613257
2026-02-04,13450,79867,237880,클리오,0.0052316890881913825
2026-02-05,13330,51151,237880,클리오,-0.00892193308550182
2026-02-06,13080,45038,237880,클리오,-0.018754688672168007
2026-02-09,13630,90700,237880,클리오,0.042048929663608625
2026-02-10,13650,49416,237880,클리오,0.0014673514306675628
2026-02-11,13580,29122,237880,클리오,-0.00512820512820511
2026-02-12,13540,47354,237880,클리오,-0.002945508100147265
2026-02-13,13510,41493,237880,클리오,-0.0022156573116691725
2026-02-19,13510,95189,237880,클리오,0.0
2026-02-20,13330,61683,237880,클리오,-0.013323464100666205
2026-02-23,13420,42673,237880,클리오,0.006751687921980443
2026-02-24,13560,46507,237880,클리오,0.010432190760059523
2026-02-25,13300,77036,237880,클리오,-0.019174041297935096
2026-02-26,13090,67161,237880,클리오,-0.015789473684210575
2026-02-27,12970,40969,237880,클리오,-0.009167303284950301
2026-03-03,12480,73723,237880,클리오,-0.037779491133384746
2026-03-04,11170,133285,237880,클리오,-0.10496794871794868
2026-03-05,11990,52026,237880,클리오,0.07341092211280209
2026-03-06,11950,38468,237880,클리오,-0.0033361134278565574
2026-03-09,11300,45621,237880,클리오,-0.05439330543933052
2026-03-10,11640,24745,237880,클리오,0.030088495575221197
2026-03-11,11610,26793,237880,클리오,-0.002577319587628857
2026-03-12,11640,26295,237880,클리오,0.0025839793281654533
2026-03-13,11690,18506,237880,클리오,0.004295532646048095
2026-03-16,11680,17320,237880,클리오,-0.0008554319931565191
2026-03-17,11810,19679,237880,클리오,0.011130136986301276
2026-03-18,11820,28443,237880,클리오,0.0008467400508043177
2026-03-19,11600,32242,237880,클리오,-0.0186125211505922
2026-03-20,11990,20496,237880,클리오,0.03362068965517251
2026-03-23,11700,27813,237880,클리오,-0.024186822351960013
2026-03-24,11890,22216,237880,클리오,0.01623931623931618
2026-03-25,12050,16187,237880,클리오,0.01345668629100083
2026-03-26,11700,24604,237880,클리오,-0.02904564315352698
2026-03-27,11930,36563,237880,클리오,0.01965811965811959
2026-03-30,11720,21607,237880,클리오,-0.017602682313495377
2026-03-31,11650,21218,237880,클리오,-0.005972696245733822
2026-04-01,11970,21963,237880,클리오,0.02746781115879826
2026-04-02,11510,48628,237880,클리오,-0.03842940685045948
2026-04-03,11660,6748,237880,클리오,0.013032145960034658
2026-04-06,11600,23422,237880,클리오,-0.005145797598627766
2026-04-07,11650,23581,237880,클리오,0.004310344827586299
2026-04-08,11860,25876,237880,클리오,0.018025751072961338
2026-04-09,12140,44341,237880,클리오,0.02360876897133224
2026-04-10,12020,15552,237880,클리오,-0.009884678747940745
2026-04-13,11900,26741,237880,클리오,-0.009983361064891838
2026-04-14,12060,19040,237880,클리오,0.013445378151260456
2026-04-15,12110,23065,237880,클리오,0.004145936981757803
2026-04-16,12440,27068,237880,클리오,0.02725020644095788
2026-04-17,12380,26050,237880,클리오,-0.004823151125401881
2026-04-20,12470,33141,237880,클리오,0.007269789983844976
2026-04-21,12450,23060,237880,클리오,-0.001603849238171584
2026-04-22,12590,16633,237880,클리오,0.011244979919678766
2026-04-23,12600,37720,237880,클리오,0.000794281175536149
2026-04-24,13410,234544,237880,클리오,0.06428571428571428
2026-04-27,13290,57777,237880,클리오,-0.008948545861297563
2026-04-28,13320,46977,237880,클리오,0.0022573363431150906
2026-04-29,13640,130852,237880,클리오,0.024024024024023927
2026-04-30,13290,41764,237880,클리오,-0.0256598240469208
2026-05-04,13220,38015,237880,클리오,-0.005267118133935322
2026-05-06,12950,43371,237880,클리오,-0.0204236006051437
2026-05-07,12920,17236,237880,클리오,-0.0023166023166023564
2026-05-08,13070,24304,237880,클리오,0.011609907120742946
2026-05-11,13750,143922,237880,클리오,0.0520275439938791
2026-05-12,12840,121579,237880,클리오,-0.06618181818181823
2026-05-13,12300,72321,237880,클리오,-0.04205607476635509
2026-05-14,12370,46771,237880,클리오,0.005691056910569037
2026-05-15,12120,56010,237880,클리오,-0.0202101859337106
2026-05-18,12260,55903,237880,클리오,0.011551155115511635
2026-05-19,12070,20053,237880,클리오,-0.015497553017944532
2026-05-20,11790,71862,237880,클리오,-0.023198011599005808
2026-05-21,11800,58805,237880,클리오,0.0008481764206955678
2026-05-22,12030,33478,237880,클리오,0.019491525423728895
2026-05-26,12050,26376,237880,클리오,0.0016625103906899863
2026-05-27,11590,33639,237880,클리오,-0.03817427385892114
2026-05-28,11160,42005,237880,클리오,-0.0371009490940466
2026-05-29,11540,65247,237880,클리오,0.03405017921146958
2026-06-01,10910,70925,237880,클리오,-0.054592720970537245
2026-06-02,10840,43445,237880,클리오,-0.006416131989000928
2026-06-04,10520,35610,237880,클리오,-0.029520295202952074
2026-06-05,10590,35149,237880,클리오,0.0066539923954371805
2026-06-08,10060,36882,237880,클리오,-0.050047214353163394
2026-06-09,10210,34814,237880,클리오,0.01491053677932408
2026-06-10,10390,49873,237880,클리오,0.01762977473065619
2026-06-11,10540,25200,237880,클리오,0.014436958614052031
2026-06-12,10740,22274,237880,클리오,0.018975332068311257
2026-06-15,10680,17829,237880,클리오,-0.005586592178770999
2026-06-16,10640,16282,237880,클리오,-0.0037453183520599342
2026-06-17,10650,19274,237880,클리오,0.0009398496240602405
2026-06-18,10320,22604,237880,클리오,-0.030985915492957705
2026-06-19,10020,52972,237880,클리오,-0.029069767441860517
2026-06-22,9980,35289,237880,클리오,-0.003992015968063867
2026-06-23,9510,47573,237880,클리오,-0.0470941883767535
2026-06-24,9430,31492,237880,클리오,-0.008412197686645584
2026-06-25,9420,24014,237880,클리오,-0.0010604453870625141
2026-06-26,9040,61408,237880,클리오,-0.04033970276008492
2026-06-29,9950,31458,237880,클리오,0.10066371681415931
2026-06-30,9600,15507,237880,클리오,-0.035175879396984966
2026-07-01,10060,29970,237880,클리오,0.04791666666666661
2026-07-02,10010,39489,237880,클리오,-0.00497017892644136
2026-07-03,10140,18396,237880,클리오,0.01298701298701288
2026-07-06,9950,16493,237880,클리오,-0.018737672583826415
2026-07-07,11230,273962,237880,클리오,0.12864321608040208
2026-07-08,12000,656302,237880,클리오,0.06856634016028496
2026-07-09,11160,297570,237880,클리오,-0.06999999999999995
2026-07-10,11560,176890,237880,클리오,0.03584229390680993
2026-07-13,11010,123495,237880,클리오,-0.047577854671280284
2026-07-14,10600,132711,237880,클리오,-0.037238873751135326
2026-07-15,10960,72622,237880,클리오,0.03396226415094339
2026-07-16,10740,61815,237880,클리오,-0.02007299270072993
2026-07-20,9980,68990,237880,클리오,-0.07076350093109873
2026-07-21,9950,57308,237880,클리오,-0.0030060120240480437
2026-07-22,9810,51810,237880,클리오,-0.014070351758794009
2026-07-23,10200,43833,237880,클리오,0.039755351681957096
2026-07-24,9950,43221,237880,클리오,-0.02450980392156865
2026-07-27,10480,62595,237880,클리오,0.05326633165829153
2026-07-28,10010,29133,237880,클리오,-0.04484732824427484
2026-07-29,9800,97122,237880,클리오,-0.020979020979020935
2026-07-30,10300,92185,237880,클리오,0.05102040816326525
2026-07-31,10820,74767,237880,클리오,0.05048543689320395
2026-08-03,10720,44180,237880,클리오,-0.009242144177449174
2026-08-04,10860,22468,237880,클리오,0.013059701492537323
2026-08-05,10850,48751,237880,클리오,-0.0009208103130755596
2026-08-06,11170,55371,237880,클리오,0.029493087557603603
2026-08-07,11190,35808,237880,클리오,0.001790510295434089
2026-08-10,11310,54612,237880,클리오,0.01072386058981234
2026-08-11,11660,97865,237880,클리오,0.030946065428824054
2026-08-12,12160,227517,237880,클리오,0.04288164665523153
2026-08-13,11500,130026,237880,클리오,-0.05427631578947367
2026-08-14,14230,1717610,237880,클리오,0.23739130434782618
2026-08-18,13500,325253,237880,클리오,-0.05130007027406891
2026-08-19,12920,269618,237880,클리오,-0.04296296296296298
2026-08-20,13040,140355,237880,클리오,0.009287925696594534
2026-08-21,12870,142418,237880,클리오,-0.0130368098159509
2021-06-01,9370,941051,018290,브이티,
2021-06-02,9460,959067,018290,브이티,0.009605122732123883
2021-06-03,9380,691079,018290,브이티,-0.008456659619450302
2021-06-04,9390,301882,018290,브이티,0.0010660980810235365
2021-06-07,9400,492422,018290,브이티,0.0010649627263046302
2021-06-08,9250,687633,018290,브이티,-0.015957446808510634
2021-06-09,9480,1555859,018290,브이티,0.024864864864864833
2021-06-10,9350,1400642,018290,브이티,-0.01371308016877637
2021-06-11,9390,411307,018290,브이티,0.004278074866310266
2021-06-14,9300,290822,018290,브이티,-0.009584664536741228
2021-06-15,9320,232552,018290,브이티,0.0021505376344086446
2021-06-16,9180,439614,018290,브이티,-0.015021459227467782
2021-06-17,9430,684162,018290,브이티,0.027233115468409563
2021-06-18,9700,3286969,018290,브이티,0.028632025450689325
2021-06-21,9720,875735,018290,브이티,0.0020618556701030855
2021-06-22,9800,807509,018290,브이티,0.008230452674897082
2021-06-23,10000,1279583,018290,브이티,0.020408163265306145
2021-06-24,9700,717866,018290,브이티,-0.030000000000000027
2021-06-25,9610,427178,018290,브이티,-0.009278350515463885
2021-06-28,9550,353209,018290,브이티,-0.00624349635796051
2021-06-29,9450,1052646,018290,브이티,-0.010471204188481686
2021-06-30,9310,486831,018290,브이티,-0.014814814814814836
2021-07-01,9090,702605,018290,브이티,-0.023630504833512367
2021-07-02,9200,439274,018290,브이티,0.012101210121012063
2021-07-05,9210,333834,018290,브이티,0.0010869565217390686
2021-07-06,9350,421959,018290,브이티,0.015200868621064068
2021-07-07,9200,593289,018290,브이티,-0.016042780748663055
2021-07-08,8990,493782,018290,브이티,-0.022826086956521774
2021-07-09,8800,543585,018290,브이티,-0.021134593993325956
2021-07-12,8890,248490,018290,브이티,0.010227272727272751
2021-07-13,8950,187434,018290,브이티,0.006749156355455588
2021-07-14,8730,375801,018290,브이티,-0.024581005586592153
2021-07-15,8840,305951,018290,브이티,0.012600229095074411
2021-07-16,8870,238602,018290,브이티,0.0033936651583710287
2021-07-19,8850,271828,018290,브이티,-0.0022547914317925244
2021-07-20,8770,326511,018290,브이티,-0.009039548022598876
2021-07-21,8830,398384,018290,브이티,0.0068415051311288
2021-07-22,8900,364601,018290,브이티,0.007927519818799578
2021-07-23,8910,175511,018290,브이티,0.0011235955056179137
2021-07-26,8710,213885,018290,브이티,-0.02244668911335579
2021-07-27,8710,209635,018290,브이티,0.0
2021-07-28,8780,278987,018290,브이티,0.008036739380022917
2021-07-29,8930,220510,018290,브이티,0.017084282460136713
2021-07-30,8740,179619,018290,브이티,-0.021276595744680882
2021-08-02,8610,224715,018290,브이티,-0.014874141876430214
2021-08-03,8540,171517,018290,브이티,-0.008130081300813052
2021-08-04,8450,513513,018290,브이티,-0.010538641686182681
2021-08-05,8800,1478429,018290,브이티,0.041420118343195256
2021-08-06,8740,256789,018290,브이티,-0.006818181818181834
2021-08-09,8870,356718,018290,브이티,0.014874141876430214
2021-08-10,9050,809084,018290,브이티,0.02029312288613294
2021-08-11,8860,338104,018290,브이티,-0.020994475138121582
2021-08-12,8820,445676,018290,브이티,-0.004514672686230292
2021-08-13,8860,484035,018290,브이티,0.0045351473922903285
2021-08-17,8600,398738,018290,브이티,-0.02934537246049662
2021-08-18,8550,403213,018290,브이티,-0.005813953488372103
2021-08-19,8240,432848,018290,브이티,-0.03625730994152043
2021-08-20,8430,410911,018290,브이티,0.02305825242718451
2021-08-23,8390,178512,018290,브이티,-0.004744958481613271
2021-08-24,8500,140505,018290,브이티,0.013110846245530494
2021-08-25,8450,161922,018290,브이티,-0.00588235294117645
2021-08-26,8390,231227,018290,브이티,-0.007100591715976323
2021-08-27,8420,101004,018290,브이티,0.0035756853396902155
2021-08-30,8690,412509,018290,브이티,0.03206650831353919
2021-08-31,8640,174945,018290,브이티,-0.005753739930955071
2021-09-01,8540,198470,018290,브이티,-0.01157407407407407
2021-09-02,8520,122573,018290,브이티,-0.0023419203747072626
2021-09-03,8600,173553,018290,브이티,0.009389671361502261
2021-09-06,8570,158787,018290,브이티,-0.0034883720930232176
2021-09-07,8580,120122,018290,브이티,0.001166861143523823
2021-09-08,8530,177840,018290,브이티,-0.005827505827505797
2021-09-09,8490,147698,018290,브이티,-0.004689331770222793
2021-09-10,8430,211560,018290,브이티,-0.007067137809187329
2021-09-13,8290,160956,018290,브이티,-0.016607354685646447
2021-09-14,8410,117911,018290,브이티,0.014475271411338975
2021-09-15,8340,127855,018290,브이티,-0.008323424494649179
2021-09-16,8280,198256,018290,브이티,-0.007194244604316502
2021-09-17,8240,96922,018290,브이티,-0.004830917874396157
2021-09-23,8210,301721,018290,브이티,-0.00364077669902918
2021-09-24,8230,128513,018290,브이티,0.0024360535931791105
2021-09-27,8140,253329,018290,브이티,-0.010935601458080146
2021-09-28,8060,172147,018290,브이티,-0.009828009828009798
2021-09-29,8030,272246,018290,브이티,-0.003722084367245637
2021-09-30,8110,108530,018290,브이티,0.00996264009962644
2021-10-01,8180,364969,018290,브이티,0.008631319358816336
2021-10-05,8240,288174,018290,브이티,0.007334963325183352
2021-10-06,8070,318552,018290,브이티,-0.020631067961165095
2021-10-07,8120,251105,018290,브이티,0.006195786864931829
2021-10-08,8020,148731,018290,브이티,-0.012315270935960632
2021-10-12,7940,149348,018290,브이티,-0.009975062344139696
2021-10-13,7930,110451,018290,브이티,-0.0012594458438287548
2021-10-14,8060,163619,018290,브이티,0.016393442622950838
2021-10-15,8050,154501,018290,브이티,-0.001240694789081842
2021-10-18,8180,185904,018290,브이티,0.016149068322981464
2021-10-19,8300,119718,018290,브이티,0.014669926650366705
2021-10-20,8120,272308,018290,브이티,-0.02168674698795181
2021-10-21,8100,125811,018290,브이티,-0.0024630541871921707
2021-10-22,8090,86814,018290,브이티,-0.0012345679012345512
2021-10-25,8140,117978,018290,브이티,0.006180469715698411
2021-10-26,8140,76855,018290,브이티,0.0
2021-10-27,8060,164004,018290,브이티,-0.009828009828009798
2021-10-28,8010,148260,018290,브이티,-0.006203473945409432
2021-10-29,7950,112248,018290,브이티,-0.0074906367041198685
2021-11-01,8130,143898,018290,브이티,0.02264150943396226
2021-11-02,8140,117511,018290,브이티,0.0012300123001229846
2021-11-03,8030,100572,018290,브이티,-0.013513513513513487
2021-11-04,8310,709313,018290,브이티,0.03486924034869232
2021-11-05,8230,522637,018290,브이티,-0.009626955475330878
2021-11-08,8170,263364,018290,브이티,-0.007290400972053468
2021-11-09,8380,417290,018290,브이티,0.025703794369644983
2021-11-10,8390,577009,018290,브이티,0.0011933174224343368
2021-11-11,8350,253960,018290,브이티,-0.004767580452920139
2021-11-12,8480,800288,018290,브이티,0.015568862275449069
2021-11-15,8340,545684,018290,브이티,-0.01650943396226412
2021-11-16,8370,253913,018290,브이티,0.003597122302158251
2021-11-17,8210,307970,018290,브이티,-0.019115890083632014
2021-11-18,8120,196352,018290,브이티,-0.010962241169305775
2021-11-19,8230,192439,018290,브이티,0.013546798029556717
2021-11-22,8230,153606,018290,브이티,0.0
2021-11-23,8100,98197,018290,브이티,-0.015795868772782495
2021-11-24,8060,128221,018290,브이티,-0.004938271604938316
2021-11-25,8000,182034,018290,브이티,-0.007444168734491274
2021-11-26,7740,499788,018290,브이티,-0.03249999999999997
2021-11-29,7520,335515,018290,브이티,-0.028423772609819098
2021-11-30,7280,544086,018290,브이티,-0.03191489361702127
2021-12-01,7380,392618,018290,브이티,0.013736263736263687
2021-12-02,7430,104066,018290,브이티,0.006775067750677488
2021-12-03,7420,122642,018290,브이티,-0.0013458950201884479
2021-12-06,7430,99870,018290,브이티,0.0013477088948787852
2021-12-07,7560,135399,018290,브이티,0.01749663526244949
2021-12-08,7490,143543,018290,브이티,-0.0092592592592593
2021-12-09,7610,170456,018290,브이티,0.01602136181575431
2021-12-10,7610,134704,018290,브이티,0.0
2021-12-13,7500,106407,018290,브이티,-0.014454664914586024
2021-12-14,7430,73421,018290,브이티,-0.009333333333333305
2021-12-15,7290,185330,018290,브이티,-0.018842530282637937
2021-12-16,7310,82592,018290,브이티,0.00274348422496562
2021-12-17,7330,73003,018290,브이티,0.002735978112175186
2021-12-20,7180,136393,018290,브이티,-0.02046384720327421
2021-12-21,7210,75293,018290,브이티,0.00417827298050133
2021-12-22,7210,73931,018290,브이티,0.0
2021-12-23,7150,94530,018290,브이티,-0.00832177531206657
2021-12-24,7270,364011,018290,브이티,0.016783216783216703
2021-12-27,7190,254379,018290,브이티,-0.011004126547455306
2021-12-28,7100,277406,018290,브이티,-0.012517385257301838
2021-12-29,7160,162375,018290,브이티,0.008450704225352101
2021-12-30,7150,144115,018290,브이티,-0.0013966480446927498
2022-01-03,7150,116709,018290,브이티,0.0
2022-01-04,7170,106307,018290,브이티,0.002797202797202747
2022-01-05,7080,261027,018290,브이티,-0.012552301255230103
2022-01-06,6970,236986,018290,브이티,-0.015536723163841804
2022-01-07,7070,65936,018290,브이티,0.01434720229555242
2022-01-10,6980,111600,018290,브이티,-0.012729844413012725
2022-01-11,6820,153581,018290,브이티,-0.022922636103151817
2022-01-12,6880,100224,018290,브이티,0.008797653958944274
2022-01-13,6890,94557,018290,브이티,0.0014534883720929148
2022-01-14,6740,115256,018290,브이티,-0.021770682148040676
2022-01-17,6520,208249,018290,브이티,-0.03264094955489616
2022-01-18,6400,103478,018290,브이티,-0.018404907975460127
2022-01-19,6460,223266,018290,브이티,0.009374999999999911
2022-01-20,6710,144402,018290,브이티,0.03869969040247678
2022-01-21,6710,90850,018290,브이티,0.0
2022-01-24,6650,93762,018290,브이티,-0.008941877794336861
2022-01-25,6480,231191,018290,브이티,-0.025563909774436122
2022-01-26,6470,101629,018290,브이티,-0.0015432098765432167
2022-01-27,6440,165135,018290,브이티,-0.004636785162287493
2022-01-28,6640,129721,018290,브이티,0.03105590062111796
2022-02-03,6750,121923,018290,브이티,0.016566265060240948
2022-02-04,6900,206509,018290,브이티,0.022222222222222143
2022-02-07,6910,65498,018290,브이티,0.0014492753623187582
2022-02-08,6940,153738,018290,브이티,0.004341534008682979
2022-02-09,7140,234206,018290,브이티,0.028818443804034644
2022-02-10,7120,117039,018290,브이티,-0.0028011204481792618
2022-02-11,7000,95215,018290,브이티,-0.016853932584269704
2022-02-14,6780,105184,018290,브이티,-0.03142857142857147
2022-02-15,6770,80492,018290,브이티,-0.001474926253687281
2022-02-16,6820,115449,018290,브이티,0.007385524372230501
2022-02-17,6860,337700,018290,브이티,0.0058651026392961825
2022-02-18,7040,168270,018290,브이티,0.026239067055393583
2022-02-21,7000,62960,018290,브이티,-0.005681818181818232
2022-02-22,6910,164443,018290,브이티,-0.0128571428571429
2022-02-23,7020,81581,018290,브이티,0.01591895803183796
2022-02-24,6880,138702,018290,브이티,-0.019943019943019946
2022-02-25,7100,202990,018290,브이티,0.03197674418604657
2022-02-28,7100,298046,018290,브이티,0.0
2022-03-02,7090,136618,018290,브이티,-0.0014084507042253502
2022-03-03,7070,68026,018290,브이티,-0.0028208744710860323
2022-03-04,7020,117435,018290,브이티,-0.007072135785007094
2022-03-07,6790,86253,018290,브이티,-0.03276353276353272
2022-03-08,6670,108751,018290,브이티,-0.0176730486008837
2022-03-10,6700,51032,018290,브이티,0.004497751124437732
2022-03-11,6790,140062,018290,브이티,0.013432835820895495
2022-03-14,6590,59909,018290,브이티,-0.02945508100147276
2022-03-15,6580,291734,018290,브이티,-0.0015174506828528056
2022-03-16,6620,194008,018290,브이티,0.006079027355623046
2022-03-17,6700,117219,018290,브이티,0.012084592145015005
2022-03-18,6720,59905,018290,브이티,0.0029850746268655914
2022-03-21,6700,80628,018290,브이티,-0.0029761904761904656
2022-03-22,6670,46999,018290,브이티,-0.004477611940298498
2022-03-23,6680,59152,018290,브이티,0.0014992503748125774
2022-03-24,6680,67316,018290,브이티,0.0
2022-03-25,6630,70792,018290,브이티,-0.007485029940119792
2022-03-28,6640,63108,018290,브이티,0.0015082956259426794
2022-03-29,6660,126086,018290,브이티,0.003012048192771122
2022-03-30,6670,61021,018290,브이티,0.0015015015015014122
2022-03-31,6730,70834,018290,브이티,0.008995502248875464
2022-04-01,6860,312091,018290,브이티,0.019316493313521477
2022-04-04,6970,273746,018290,브이티,0.016034985422740622
2022-04-05,7010,98263,018290,브이티,0.0057388809182210565
2022-04-06,7070,297896,018290,브이티,0.008559201141226769
2022-04-07,6840,121554,018290,브이티,-0.032531824611032545
2022-04-08,6840,84940,018290,브이티,0.0
2022-04-11,7210,3504401,018290,브이티,0.05409356725146197
2022-04-12,7140,418839,018290,브이티,-0.009708737864077666
2022-04-13,7130,264433,018290,브이티,-0.0014005602240896309
2022-04-14,7120,208586,018290,브이티,-0.0014025245441795509
2022-04-15,7110,159097,018290,브이티,-0.001404494382022503
2022-04-18,7150,288313,018290,브이티,0.005625879043600568
2022-04-19,7240,310188,018290,브이티,0.012587412587412583
2022-04-20,7190,148743,018290,브이티,-0.006906077348066253
2022-04-21,7190,108230,018290,브이티,0.0
2022-04-22,7170,101266,018290,브이티,-0.0027816411682892728
2022-04-25,7060,126411,018290,브이티,-0.015341701534170138
2022-04-26,7050,130284,018290,브이티,-0.0014164305949008194
2022-04-27,6970,121462,018290,브이티,-0.01134751773049647
2022-04-28,6900,235096,018290,브이티,-0.010043041606886627
2022-04-29,7000,345929,018290,브이티,0.01449275362318847
2022-05-02,7000,114041,018290,브이티,0.0
2022-05-03,7020,65257,018290,브이티,0.0028571428571428914
2022-05-04,7030,100952,018290,브이티,0.0014245014245013454
2022-05-06,6890,160357,018290,브이티,-0.019914651493598834
2022-05-09,6630,175288,018290,브이티,-0.037735849056603765
2022-05-10,6650,151925,018290,브이티,0.003016591251885359
2022-05-11,6970,265346,018290,브이티,0.048120300751879785
2022-05-12,6750,131020,018290,브이티,-0.031563845050215256
2022-05-13,6800,102024,018290,브이티,0.007407407407407307
2022-05-16,6740,90249,018290,브이티,-0.008823529411764675
2022-05-17,6760,61086,018290,브이티,0.0029673590504450953
2022-05-18,6660,97338,018290,브이티,-0.014792899408283988
2022-05-19,6560,108202,018290,브이티,-0.01501501501501501
2022-05-20,6650,56406,018290,브이티,0.013719512195121908
2022-05-23,6590,78312,018290,브이티,-0.009022556390977488
2022-05-24,6540,33694,018290,브이티,-0.007587253414264028
2022-05-25,6390,153203,018290,브이티,-0.022935779816513735
2022-05-26,6290,178297,018290,브이티,-0.015649452269170583
2022-05-27,6250,82951,018290,브이티,-0.006359300476947549
2022-05-30,6380,103112,018290,브이티,0.02079999999999993
2022-05-31,6440,94701,018290,브이티,0.00940438871473348
2022-06-02,6370,46265,018290,브이티,-0.010869565217391353
2022-06-03,6450,74419,018290,브이티,0.012558869701726927
2022-06-07,6330,137723,018290,브이티,-0.018604651162790753
2022-06-08,6350,70422,018290,브이티,0.003159557661927437
2022-06-09,6300,111901,018290,브이티,-0.007874015748031482
2022-06-10,6180,134308,018290,브이티,-0.01904761904761909
2022-06-13,5900,560158,018290,브이티,-0.04530744336569581
2022-06-14,5800,333910,018290,브이티,-0.016949152542372836
2022-06-15,5630,256077,018290,브이티,-0.02931034482758621
2022-06-16,5600,206279,018290,브이티,-0.005328596802841923
2022-06-17,5630,204875,018290,브이티,0.005357142857142838
2022-06-20,5450,224340,018290,브이티,-0.03197158081705154
2022-06-21,5600,91776,018290,브이티,0.02752293577981657
2022-06-22,5440,176726,018290,브이티,-0.02857142857142858
2022-06-23,5250,1555906,018290,브이티,-0.03492647058823528
2022-06-24,5520,246539,018290,브이티,0.05142857142857138
2022-06-27,5640,159742,018290,브이티,0.021739130434782705
2022-06-28,5650,24485,018290,브이티,0.0017730496453900457
2022-06-29,5640,119268,018290,브이티,-0.001769911504424737
2022-06-30,5590,94619,018290,브이티,-0.00886524822695034
2022-07-01,5470,86852,018290,브이티,-0.02146690518783545
2022-07-04,5250,154717,018290,브이티,-0.04021937842778789
2022-07-05,5350,110575,018290,브이티,0.01904761904761898
2022-07-06,5220,101883,018290,브이티,-0.024299065420560706
2022-07-07,5270,44236,018290,브이티,0.009578544061302763
2022-07-08,5270,56908,018290,브이티,0.0
2022-07-11,5270,50548,018290,브이티,0.0
2022-07-12,5200,81112,018290,브이티,-0.013282732447817858
2022-07-13,5170,40330,018290,브이티,-0.005769230769230749
2022-07-14,5200,24503,018290,브이티,0.005802707930367523
2022-07-15,5170,29519,018290,브이티,-0.005769230769230749
2022-07-18,5260,25773,018290,브이티,0.01740812379110257
2022-07-19,5280,26248,018290,브이티,0.0038022813688212143
2022-07-20,5280,76534,018290,브이티,0.0
2022-07-21,5230,80984,018290,브이티,-0.009469696969697017
2022-07-22,5230,62790,018290,브이티,0.0
2022-07-25,5250,58159,018290,브이티,0.003824091778202643
2022-07-26,5360,39839,018290,브이티,0.020952380952381056
2022-07-27,5480,117554,018290,브이티,0.02238805970149249
2022-07-28,5410,179442,018290,브이티,-0.012773722627737238
2022-07-29,5410,72667,018290,브이티,0.0
2022-08-01,5450,65083,018290,브이티,0.007393715341959428
2022-08-02,5390,1280681,018290,브이티,-0.011009174311926606
2022-08-03,5460,171164,018290,브이티,0.01298701298701288
2022-08-04,5520,252672,018290,브이티,0.01098901098901095
2022-08-05,5530,261559,018290,브이티,0.0018115942028984477
2022-08-08,5480,91219,018290,브이티,-0.009041591320072317
2022-08-09,5430,111570,018290,브이티,-0.009124087591240837
2022-08-10,5400,170708,018290,브이티,-0.0055248618784530246
2022-08-11,5540,140379,018290,브이티,0.025925925925925908
2022-08-12,5550,158967,018290,브이티,0.0018050541516245744
2022-08-16,5460,138487,018290,브이티,-0.01621621621621616
2022-08-17,5440,110798,018290,브이티,-0.00366300366300365
2022-08-18,5330,181156,018290,브이티,-0.020220588235294157
2022-08-19,5330,75188,018290,브이티,0.0
2022-08-22,5210,92985,018290,브이티,-0.022514071294559068
2022-08-23,5140,84353,018290,브이티,-0.013435700575815779
2022-08-24,5230,1125958,018290,브이티,0.017509727626459082
2022-08-25,5300,170823,018290,브이티,0.013384321223709472
2022-08-26,5400,296658,018290,브이티,0.018867924528301883
2022-08-29,5220,112358,018290,브이티,-0.033333333333333326
2022-08-30,5290,74908,018290,브이티,0.013409961685823646
2022-08-31,5300,47020,018290,브이티,0.001890359168241984
2022-09-01,5150,91924,018290,브이티,-0.028301886792452824
2022-09-02,5190,74022,018290,브이티,0.007766990291262044
2022-09-05,5090,66719,018290,브이티,-0.019267822736030782
2022-09-06,5100,38237,018290,브이티,0.0019646365422396617
2022-09-07,5100,101906,018290,브이티,0.0
2022-09-08,5070,33422,018290,브이티,-0.00588235294117645
2022-09-13,5200,62411,018290,브이티,0.02564102564102555
2022-09-14,5220,66696,018290,브이티,0.0038461538461538325
2022-09-15,5200,32130,018290,브이티,-0.003831417624521105
2022-09-16,5190,43073,018290,브이티,-0.0019230769230769162
2022-09-19,5080,33523,018290,브이티,-0.021194605009633882
2022-09-20,5190,74071,018290,브이티,0.021653543307086576
2022-09-21,5170,41116,018290,브이티,-0.003853564547206201
2022-09-22,5220,83802,018290,브이티,0.009671179883945946
2022-09-23,5100,90263,018290,브이티,-0.02298850574712641
2022-09-26,4965,268144,018290,브이티,-0.026470588235294135
2022-09-27,4885,113662,018290,브이티,-0.01611278952668682
2022-09-28,4765,130798,018290,브이티,-0.02456499488229269
2022-09-29,4845,86047,018290,브이티,0.016789087093389332
2022-09-30,4925,112224,018290,브이티,0.016511867905056654
2022-10-04,4945,58218,018290,브이티,0.004060913705583813
2022-10-05,4975,39146,018290,브이티,0.006066734074823055
2022-10-06,4995,31482,018290,브이티,0.004020100502512669
2022-10-07,5040,62502,018290,브이티,0.009009009009008917
2022-10-11,4940,53421,018290,브이티,-0.019841269841269882
2022-10-12,5050,120052,018290,브이티,0.022267206477732726
2022-10-13,4950,64557,018290,브이티,-0.01980198019801982
2022-10-14,5010,78189,018290,브이티,0.0121212121212122
2022-10-17,5020,86266,018290,브이티,0.001996007984031989
2022-10-18,5120,71591,018290,브이티,0.019920318725099584
2022-10-19,5380,313648,018290,브이티,0.05078125
2022-10-20,5360,100560,018290,브이티,-0.0037174721189591198
2022-10-21,5260,75542,018290,브이티,-0.018656716417910446
2022-10-24,5280,54730,018290,브이티,0.0038022813688212143
2022-10-25,5300,75182,018290,브이티,0.0037878787878788955
2022-10-26,5250,61183,018290,브이티,-0.009433962264150941
2022-10-27,5220,42721,018290,브이티,-0.005714285714285672
2022-10-28,5100,50885,018290,브이티,-0.02298850574712641
2022-10-31,5170,59178,018290,브이티,0.013725490196078383
2022-11-01,5200,42934,018290,브이티,0.005802707930367523
2022-11-02,5260,57099,018290,브이티,0.011538461538461497
2022-11-03,5240,23097,018290,브이티,-0.0038022813688213253
2022-11-04,5280,37210,018290,브이티,0.007633587786259444
2022-11-07,5360,86208,018290,브이티,0.015151515151515138
2022-11-08,5370,37983,018290,브이티,0.001865671641791078
2022-11-09,5310,53790,018290,브이티,-0.011173184357541888
2022-11-10,5400,387306,018290,브이티,0.016949152542372836
2022-11-11,5430,178578,018290,브이티,0.005555555555555536
2022-11-14,5420,73893,018290,브이티,-0.0018416206261510082
2022-11-15,5530,164136,018290,브이티,0.02029520295202958
2022-11-16,5530,144202,018290,브이티,0.0
2022-11-17,5440,61701,018290,브이티,-0.016274864376130238
2022-11-18,5440,36164,018290,브이티,0.0
2022-11-21,5400,110209,018290,브이티,-0.007352941176470562
2022-11-22,5300,45337,018290,브이티,-0.01851851851851849
2022-11-23,5390,70107,018290,브이티,0.016981132075471805
2022-11-24,5600,353475,018290,브이티,0.03896103896103886
2022-11-25,5540,68680,018290,브이티,-0.010714285714285676
2022-11-28,5480,93749,018290,브이티,-0.010830324909747335
2022-11-29,5510,74182,018290,브이티,0.005474452554744547
2022-11-30,5480,83145,018290,브이티,-0.005444646098003658
2022-12-01,5470,630140,018290,브이티,-0.0018248175182481452
2022-12-02,5470,152562,018290,브이티,0.0
2022-12-05,5540,155384,018290,브이티,0.01279707495429605
2022-12-06,5450,114746,018290,브이티,-0.016245487364620947
2022-12-07,5440,245963,018290,브이티,-0.0018348623853210455
2022-12-08,5460,122068,018290,브이티,0.003676470588235281
2022-12-09,5460,112677,018290,브이티,0.0
2022-12-12,5520,1946974,018290,브이티,0.01098901098901095
2022-12-13,5240,523200,018290,브이티,-0.050724637681159424
2022-12-14,5290,134005,018290,브이티,0.009541984732824416
2022-12-15,5260,102971,018290,브이티,-0.005671077504725952
2022-12-16,5300,149701,018290,브이티,0.0076045627376426506
2022-12-19,5330,56518,018290,브이티,0.005660377358490676
2022-12-20,5210,173065,018290,브이티,-0.022514071294559068
2022-12-21,5280,186718,018290,브이티,0.013435700575815668
2022-12-22,5270,122613,018290,브이티,-0.0018939393939394478
2022-12-23,5180,99601,018290,브이티,-0.017077798861480087
2022-12-26,5140,113845,018290,브이티,-0.007722007722007707
2022-12-27,5200,208642,018290,브이티,0.011673151750972721
2022-12-28,5280,164324,018290,브이티,0.01538461538461533
2022-12-29,5250,134857,018290,브이티,-0.005681818181818232
2023-01-02,5200,142780,018290,브이티,-0.00952380952380949
2023-01-03,5170,127929,018290,브이티,-0.005769230769230749
2023-01-04,5200,76637,018290,브이티,0.005802707930367523
2023-01-05,5160,67825,018290,브이티,-0.007692307692307665
2023-01-06,5140,74770,018290,브이티,-0.003875968992248069
2023-01-09,5290,152691,018290,브이티,0.029182879377431803
2023-01-10,5270,96188,018290,브이티,-0.003780718336483968
2023-01-11,5370,94233,018290,브이티,0.018975332068311257
2023-01-12,5350,94885,018290,브이티,-0.003724394785847296
2023-01-13,5350,84110,018290,브이티,0.0
2023-01-16,5340,96267,018290,브이티,-0.0018691588785046953
2023-01-17,5360,107204,018290,브이티,0.0037453183520599342
2023-01-18,5420,172900,018290,브이티,0.011194029850746245
2023-01-19,5550,341874,018290,브이티,0.023985239852398532
2023-01-20,5630,212394,018290,브이티,0.01441441441441449
2023-01-25,5670,181604,018290,브이티,0.007104795737122638
2023-01-26,5670,187177,018290,브이티,0.0
2023-01-27,5670,134055,018290,브이티,0.0
2023-01-30,5680,100155,018290,브이티,0.0017636684303350414
2023-01-31,5700,118936,018290,브이티,0.0035211267605634866
2023-02-01,5690,97368,018290,브이티,-0.0017543859649122862
2023-02-02,5840,231882,018290,브이티,0.026362038664323295
2023-02-03,5880,202127,018290,브이티,0.006849315068493178
2023-02-06,5810,105898,018290,브이티,-0.011904761904761862
2023-02-07,5760,256573,018290,브이티,-0.008605851979345935
2023-02-08,5760,159437,018290,브이티,0.0
2023-02-09,5760,73402,018290,브이티,0.0
2023-02-10,5810,178970,018290,브이티,0.00868055555555558
2023-02-13,5750,112614,018290,브이티,-0.0103270223752151
2023-02-14,5720,114955,018290,브이티,-0.00521739130434784
2023-02-15,5540,142110,018290,브이티,-0.03146853146853146
2023-02-16,5580,102860,018290,브이티,0.0072202166064982976
2023-02-17,5560,180359,018290,브이티,-0.0035842293906810374
2023-02-20,5630,122140,018290,브이티,0.012589928057553879
2023-02-21,5570,92957,018290,브이티,-0.010657193605683846
2023-02-22,5460,151123,018290,브이티,-0.019748653500897717
2023-02-23,5530,74727,018290,브이티,0.012820512820512775
2023-02-24,5450,77001,018290,브이티,-0.01446654611211573
2023-02-27,5360,98773,018290,브이티,-0.016513761467889854
2023-02-28,5430,75285,018290,브이티,0.013059701492537323
2023-03-02,5570,143830,018290,브이티,0.025782688766114115
2023-03-03,5570,65632,018290,브이티,0.0
2023-03-06,5560,199683,018290,브이티,-0.0017953321364452268
2023-03-07,5620,477146,018290,브이티,0.010791366906474753
2023-03-08,5570,154239,018290,브이티,-0.008896797153024938
2023-03-09,5540,83806,018290,브이티,-0.0053859964093356805
2023-03-10,5440,129033,018290,브이티,-0.018050541516245522
2023-03-13,5300,165842,018290,브이티,-0.02573529411764708
2023-03-14,5100,215319,018290,브이티,-0.037735849056603765
2023-03-15,5390,1147387,018290,브이티,0.056862745098039236
2023-03-16,5300,226494,018290,브이티,-0.016697588126159513
2023-03-17,5320,146740,018290,브이티,0.0037735849056603765
2023-03-20,5570,759346,018290,브이티,0.046992481203007586
2023-03-21,5530,188692,018290,브이티,-0.007181328545781018
2023-03-22,5460,158740,018290,브이티,-0.012658227848101222
2023-03-23,5460,473431,018290,브이티,0.0
2023-03-24,5630,282143,018290,브이티,0.031135531135531025
2023-03-27,5700,283509,018290,브이티,0.01243339253996445
2023-03-28,6170,5954047,018290,브이티,0.08245614035087723
2023-03-29,6250,1938276,018290,브이티,0.01296596434359798
2023-03-30,6290,1542492,018290,브이티,0.006399999999999961
2023-03-31,6130,745064,018290,브이티,-0.025437201907790197
2023-04-03,6250,480416,018290,브이티,0.019575856443719397
2023-04-04,6450,894721,018290,브이티,0.03200000000000003
2023-04-05,6350,3480937,018290,브이티,-0.015503875968992276
2023-04-06,6490,1135094,018290,브이티,0.022047244094488105
2023-04-07,6440,672744,018290,브이티,-0.007704160246533087
2023-04-10,6270,478734,018290,브이티,-0.026397515527950333
2023-04-11,6500,479169,018290,브이티,0.03668261562998398
2023-04-12,6740,1146329,018290,브이티,0.036923076923076836
2023-04-13,6630,1004469,018290,브이티,-0.016320474777448024
2023-04-14,6560,626804,018290,브이티,-0.010558069381598756
2023-04-17,6510,341130,018290,브이티,-0.007621951219512146
2023-04-18,6600,1203072,018290,브이티,0.01382488479262678
2023-04-19,6450,2766011,018290,브이티,-0.022727272727272707
2023-04-20,6260,708414,018290,브이티,-0.029457364341085257
2023-04-21,6170,501989,018290,브이티,-0.014376996805111841
2023-04-24,6180,320501,018290,브이티,0.0016207455429497752
2023-04-25,6000,341391,018290,브이티,-0.029126213592232997
2023-04-26,5940,201099,018290,브이티,-0.010000000000000009
2023-04-27,5860,170741,018290,브이티,-0.013468013468013518
2023-04-28,5830,276683,018290,브이티,-0.005119453924914641
2023-05-02,6120,160432,018290,브이티,0.0497427101200687
2023-05-03,6200,149753,018290,브이티,0.013071895424836555
2023-05-04,6010,203667,018290,브이티,-0.030645161290322576
2023-05-08,5990,99318,018290,브이티,-0.0033277870216306127
2023-05-09,6090,86495,018290,브이티,0.016694490818029983
2023-05-10,6170,200810,018290,브이티,0.013136288998357948
2023-05-11,6150,113775,018290,브이티,-0.0032414910858995505
2023-05-12,6140,139690,018290,브이티,-0.001626016260162566
2023-05-15,6130,161341,018290,브이티,-0.0016286644951140072
2023-05-16,6230,491777,018290,브이티,0.01631321370309946
2023-05-17,6210,256242,018290,브이티,-0.0032102728731941976
2023-05-18,6250,248492,018290,브이티,0.006441223832528209
2023-05-19,6230,119738,018290,브이티,-0.0031999999999999806
2023-05-22,6270,124420,018290,브이티,0.006420545746388395
2023-05-23,6200,113074,018290,브이티,-0.011164274322169043
2023-05-24,6190,1131599,018290,브이티,-0.001612903225806428
2023-05-25,6270,429605,018290,브이티,0.01292407108239102
2023-05-26,6290,285383,018290,브이티,0.0031897926634769647
2023-05-30,6300,90201,018290,브이티,0.0015898251192367763
2023-05-31,6280,177931,018290,브이티,-0.0031746031746031633
2023-06-01,6870,3754146,018290,브이티,0.09394904458598718
2023-06-02,7140,2507300,018290,브이티,0.0393013100436681
2023-06-05,6850,896995,018290,브이티,-0.040616246498599407
2023-06-07,7260,1614291,018290,브이티,0.05985401459854023
2023-06-08,7210,1103970,018290,브이티,-0.00688705234159781
2023-06-09,7220,948651,018290,브이티,0.001386962552011095
2023-06-12,6770,778646,018290,브이티,-0.06232686980609414
2023-06-13,7420,4046009,018290,브이티,0.09601181683899562
2023-06-14,7050,952337,018290,브이티,-0.049865229110512166
2023-06-15,7550,1847643,018290,브이티,0.07092198581560294
2023-06-16,8110,2376690,018290,브이티,0.07417218543046356
2023-06-19,8660,5685922,018290,브이티,0.06781750924784213
2023-06-20,9020,1954056,018290,브이티,0.04157043879907629
2023-06-21,9190,4553186,018290,브이티,0.018847006651884657
2023-06-22,9280,1943448,018290,브이티,0.009793253536452662
2023-06-23,9310,1098088,018290,브이티,0.003232758620689724
2023-06-26,9760,1974606,018290,브이티,0.04833512352309355
2023-06-27,9280,1958779,018290,브이티,-0.049180327868852514
2023-06-28,9280,799575,018290,브이티,0.0
2023-06-29,9130,1094502,018290,브이티,-0.016163793103448287
2023-06-30,9830,1916848,018290,브이티,0.07667031763417298
2023-07-03,9800,1208394,018290,브이티,-0.003051881993896277
2023-07-04,9920,947625,018290,브이티,0.012244897959183598
2023-07-05,10050,2029259,018290,브이티,0.013104838709677491
2023-07-06,9380,1404617,018290,브이티,-0.06666666666666665
2023-07-07,9260,1187021,018290,브이티,-0.01279317697228144
2023-07-10,9520,1608622,018290,브이티,0.02807775377969768
2023-07-11,9620,1018584,018290,브이티,0.010504201680672232
2023-07-12,9480,865813,018290,브이티,-0.014553014553014498
2023-07-13,9170,1206199,018290,브이티,-0.03270042194092826
2023-07-14,8710,2151591,018290,브이티,-0.05016357688113415
2023-07-17,8680,554067,018290,브이티,-0.003444316877152742
2023-07-18,8840,954131,018290,브이티,0.018433179723502224
2023-07-19,8800,667316,018290,브이티,-0.004524886877828038
2023-07-20,8820,1011321,018290,브이티,0.002272727272727204
2023-07-21,8830,999944,018290,브이티,0.0011337868480725266
2023-07-24,8800,1045986,018290,브이티,-0.003397508493771184
2023-07-25,8630,615713,018290,브이티,-0.01931818181818179
2023-07-26,8200,935242,018290,브이티,-0.049826187717265324
2023-07-27,8290,757294,018290,브이티,0.01097560975609757
2023-07-28,8700,582574,018290,브이티,0.049457177322074886
2023-07-31,8600,337076,018290,브이티,-0.011494252873563204
2023-08-01,9590,2425625,018290,브이티,0.11511627906976751
2023-08-02,9540,2388735,018290,브이티,-0.005213764337851923
2023-08-03,9390,1059022,018290,브이티,-0.01572327044025157
2023-08-04,9920,2485331,018290,브이티,0.056443024494142735
2023-08-07,10210,1906747,018290,브이티,0.029233870967741993
2023-08-08,10080,1302716,018290,브이티,-0.012732615083251742
2023-08-09,9730,1710247,018290,브이티,-0.03472222222222221
2023-08-10,10430,3319342,018290,브이티,0.07194244604316546
2023-08-11,10660,2897062,018290,브이티,0.02205177372962619
2023-08-14,11220,5209344,018290,브이티,0.052532833020637826
2023-08-16,10850,1396624,018290,브이티,-0.03297682709447414
2023-08-17,10460,1237640,018290,브이티,-0.03594470046082954
2023-08-18,10750,1147981,018290,브이티,0.027724665391969383
2023-08-21,10610,593104,018290,브이티,-0.013023255813953472
2023-08-22,11300,1602142,018290,브이티,0.06503298774740807
2023-08-23,11630,1381798,018290,브이티,0.02920353982300883
2023-08-24,11970,1174041,018290,브이티,0.02923473774720553
2023-08-25,11830,791025,018290,브이티,-0.011695906432748537
2023-08-28,11720,937741,018290,브이티,-0.009298393913778513
2023-08-29,12310,1381989,018290,브이티,0.05034129692832767
2023-08-30,12100,750612,018290,브이티,-0.0170593013809911
2023-08-31,12970,1302874,018290,브이티,0.07190082644628104
2023-09-01,14080,2451207,018290,브이티,0.0855821125674634
2023-09-04,14260,1604423,018290,브이티,0.012784090909090828
2023-09-05,14940,1376513,018290,브이티,0.04768583450210384
2023-09-06,14810,726505,018290,브이티,-0.00870147255689424
2023-09-07,14210,935580,018290,브이티,-0.04051316677920325
2023-09-08,15100,1304748,018290,브이티,0.06263194933145666
2023-09-11,16400,1768501,018290,브이티,0.08609271523178808
2023-09-12,16400,1489419,018290,브이티,0.0
2023-09-13,16500,1319142,018290,브이티,0.0060975609756097615
2023-09-14,16500,1391742,018290,브이티,0.0
2023-09-15,15950,1188061,018290,브이티,-0.033333333333333326
2023-09-18,17790,2169240,018290,브이티,0.11536050156739819
2023-09-19,19400,3020175,018290,브이티,0.09050028105677344
2023-09-20,19100,1436997,018290,브이티,-0.015463917525773141
2023-09-21,18710,602534,018290,브이티,-0.02041884816753925
2023-09-22,19310,721775,018290,브이티,0.032068412613575736
2023-09-25,19800,1012035,018290,브이티,0.02537545313309164
2023-09-26,19330,1071940,018290,브이티,-0.023737373737373724
2023-09-27,20300,670057,018290,브이티,0.05018106570098291
2023-10-04,17690,1598904,018290,브이티,-0.12857142857142856
2023-10-05,16500,2229295,018290,브이티,-0.06726964386659129
2023-10-06,16120,1337637,018290,브이티,-0.023030303030303068
2023-10-10,15800,1203546,018290,브이티,-0.01985111662531014
2023-10-11,16880,775144,018290,브이티,0.06835443037974676
2023-10-12,17960,1156215,018290,브이티,0.06398104265402837
2023-10-13,17650,715753,018290,브이티,-0.017260579064588
2023-10-16,17600,460913,018290,브이티,-0.0028328611898017497
2023-10-17,18630,1036591,018290,브이티,0.05852272727272734
2023-10-18,18760,923332,018290,브이티,0.006977992485238893
2023-10-19,17660,844478,018290,브이티,-0.05863539445628996
2023-10-20,17110,1008068,018290,브이티,-0.031143827859569595
2023-10-23,17370,458929,018290,브이티,0.015195791934541125
2023-10-24,18190,615609,018290,브이티,0.04720782959124925
2023-10-25,18250,724185,018290,브이티,0.0032985156679494754
2023-10-26,17960,572255,018290,브이티,-0.01589041095890409
2023-10-27,16890,625309,018290,브이티,-0.05957683741648112
2023-10-30,17150,521669,018290,브이티,0.015393724097098938
2023-10-31,17300,724000,018290,브이티,0.008746355685131268
2023-11-01,16900,772658,018290,브이티,-0.023121387283236983
2023-11-02,18420,1064059,018290,브이티,0.08994082840236683
2023-11-03,19850,1704620,018290,브이티,0.07763300760043435
2023-11-06,19500,1059296,018290,브이티,-0.017632241813602012
2023-11-07,19610,928270,018290,브이티,0.005641025641025532
2023-11-08,19620,1190980,018290,브이티,0.0005099439061704292
2023-11-09,19110,1675236,018290,브이티,-0.025993883792048922
2023-11-10,19540,2684034,018290,브이티,0.02250130821559404
2023-11-13,18550,1233874,018290,브이티,-0.050665301944728736
2023-11-14,19200,688074,018290,브이티,0.03504043126684642
2023-11-15,20300,1259653,018290,브이티,0.05729166666666674
2023-11-16,21400,1657656,018290,브이티,0.054187192118226646
2023-11-17,20800,616886,018290,브이티,-0.028037383177570097
2023-11-20,21000,620385,018290,브이티,0.009615384615384581
2023-11-21,20250,581210,018290,브이티,-0.0357142857142857
2023-11-22,18910,3293780,018290,브이티,-0.06617283950617281
2023-11-23,18210,1450617,018290,브이티,-0.0370174510840825
2023-11-24,17930,1559306,018290,브이티,-0.01537616694124111
2023-11-27,17650,1051914,018290,브이티,-0.015616285554935883
2023-11-28,17650,1139076,018290,브이티,0.0
2023-11-29,18300,1215590,018290,브이티,0.03682719546742219
2023-11-30,18090,1287338,018290,브이티,-0.011475409836065542
2023-12-01,15860,3787408,018290,브이티,-0.12327252625760088
2023-12-04,16500,2036899,018290,브이티,0.04035308953341743
2023-12-05,15780,1084464,018290,브이티,-0.043636363636363584
2023-12-06,16580,1072453,018290,브이티,0.05069708491761715
2023-12-07,15940,775366,018290,브이티,-0.0386007237635706
2023-12-08,16670,791645,018290,브이티,0.04579673776662485
2023-12-11,16720,658837,018290,브이티,0.0029994001199760145
2023-12-12,16170,1034372,018290,브이티,-0.03289473684210531
2023-12-13,15840,428158,018290,브이티,-0.020408163265306145
2023-12-14,15780,779994,018290,브이티,-0.0037878787878787845
2023-12-15,15780,457231,018290,브이티,0.0
2023-12-18,16860,995131,018290,브이티,0.06844106463878319
2023-12-19,16990,911441,018290,브이티,0.007710557532621509
2023-12-20,16940,631613,018290,브이티,-0.002942907592701549
2023-12-21,16740,606207,018290,브이티,-0.011806375442739103
2023-12-22,16670,650372,018290,브이티,-0.004181600955794451
2023-12-26,16310,542783,018290,브이티,-0.021595680863827238
2023-12-27,16410,568287,018290,브이티,0.006131207847946074
2023-12-28,16320,626477,018290,브이티,-0.005484460694698323
2024-01-02,17330,1039638,018290,브이티,0.061887254901960675
2024-01-03,16400,942092,018290,브이티,-0.05366416618580494
2024-01-04,15300,9968685,018290,브이티,-0.06707317073170727
2024-01-05,15250,2723464,018290,브이티,-0.0032679738562091387
2024-01-08,15750,2064161,018290,브이티,0.032786885245901676
2024-01-09,15910,793796,018290,브이티,0.010158730158730256
2024-01-10,15930,690274,018290,브이티,0.0012570710245127792
2024-01-11,16690,910153,018290,브이티,0.047708725674827424
2024-01-12,16750,956837,018290,브이티,0.003594967046135489
2024-01-15,15560,934857,018290,브이티,-0.07104477611940296
2024-01-16,15700,759215,018290,브이티,0.008997429305912519
2024-01-17,14950,741799,018290,브이티,-0.047770700636942665
2024-01-18,15970,748123,018290,브이티,0.06822742474916388
2024-01-19,15790,348937,018290,브이티,-0.011271133375078235
2024-01-22,15490,517106,018290,브이티,-0.01899936668777702
2024-01-23,16540,1034161,018290,브이티,0.0677856681730149
2024-01-24,17730,1512668,018290,브이티,0.07194679564691664
2024-01-25,17220,902545,018290,브이티,-0.02876480541455162
2024-01-26,16740,488346,018290,브이티,-0.027874564459930307
2024-01-29,16130,561165,018290,브이티,-0.036439665471923566
2024-01-30,17320,888521,018290,브이티,0.07377557346559205
2024-01-31,16600,659819,018290,브이티,-0.04157043879907618
2024-02-01,15690,691814,018290,브이티,-0.054819277108433706
2024-02-02,15600,499286,018290,브이티,-0.005736137667303964
2024-02-05,15460,392260,018290,브이티,-0.008974358974358942
2024-02-06,16140,375076,018290,브이티,0.043984476067270295
2024-02-07,16000,323113,018290,브이티,-0.008674101610904539
2024-02-08,15580,462121,018290,브이티,-0.026249999999999996
2024-02-13,15950,412124,018290,브이티,0.023748395378690557
2024-02-14,18940,3168568,018290,브이티,0.18746081504702183
2024-02-15,17930,1153331,018290,브이티,-0.053326293558606075
2024-02-16,17500,710069,018290,브이티,-0.023982152816508617
2024-02-19,17560,680676,018290,브이티,0.0034285714285713365
2024-02-20,17000,517437,018290,브이티,-0.03189066059225509
2024-02-21,18050,1113856,018290,브이티,0.061764705882352944
2024-02-22,18550,1083525,018290,브이티,0.027700831024930705
2024-02-23,18060,1109458,018290,브이티,-0.026415094339622636
2024-02-26,17880,538955,018290,브이티,-0.009966777408637828
2024-02-27,16290,2542552,018290,브이티,-0.0889261744966443
2024-02-28,16700,962042,018290,브이티,0.02516881522406389
2024-02-29,16620,449034,018290,브이티,-0.004790419161676662
2024-03-04,15440,2233577,018290,브이티,-0.07099879663056563
2024-03-05,15260,1214280,018290,브이티,-0.011658031088082943
2024-03-06,15610,623755,018290,브이티,0.022935779816513735
2024-03-07,15520,620013,018290,브이티,-0.005765534913516945
2024-03-08,15450,463260,018290,브이티,-0.0045103092783504994
2024-03-11,15680,402234,018290,브이티,0.014886731391585695
2024-03-12,15410,365086,018290,브이티,-0.01721938775510201
2024-03-13,16300,1054566,018290,브이티,0.05775470473718358
2024-03-14,17160,1255264,018290,브이티,0.052760736196318936
2024-03-15,16170,637279,018290,브이티,-0.05769230769230771
2024-03-18,16650,835535,018290,브이티,0.029684601113172615
2024-03-19,17090,686828,018290,브이티,0.026426426426426453
2024-03-20,17160,413459,018290,브이티,0.0040959625511995945
2024-03-21,16370,1388455,018290,브이티,-0.046037296037296005
2024-03-22,16080,899708,018290,브이티,-0.017715332926084293
2024-03-25,16750,702562,018290,브이티,0.04166666666666674
2024-03-26,16780,822219,018290,브이티,0.0017910447761193549
2024-03-27,17420,1144134,018290,브이티,0.038140643623361115
2024-03-28,17530,2791852,018290,브이티,0.006314580941446657
2024-03-29,18100,1192296,018290,브이티,0.03251568739304056
2024-04-01,19150,2218062,018290,브이티,0.058011049723756924
2024-04-02,19390,2189768,018290,브이티,0.012532637075717945
2024-04-03,22250,3912967,018290,브이티,0.14749871067560605
2024-04-04,21350,2549166,018290,브이티,-0.04044943820224722
2024-04-05,21050,1895009,018290,브이티,-0.014051522248243575
2024-04-08,19700,1690515,018290,브이티,-0.06413301662707838
2024-04-09,19610,937411,018290,브이티,-0.004568527918781706
2024-04-11,20050,1057657,018290,브이티,0.02243753187149422
2024-04-12,20750,1228206,018290,브이티,0.034912718204488824
2024-04-15,19620,897859,018290,브이티,-0.05445783132530124
2024-04-16,18700,910637,018290,브이티,-0.04689092762487257
2024-04-17,19520,983695,018290,브이티,0.04385026737967923
2024-04-18,20750,1258003,018290,브이티,0.06301229508196715
2024-04-19,20900,1659991,018290,브이티,0.0072289156626506035
2024-04-22,20850,1162081,018290,브이티,-0.0023923444976076125
2024-04-23,22250,2886154,018290,브이티,0.06714628297362113
2024-04-24,22300,1221735,018290,브이티,0.0022471910112360494
2024-04-25,21250,1344403,018290,브이티,-0.047085201793722
2024-04-26,21700,949813,018290,브이티,0.021176470588235352
2024-04-29,21450,876778,018290,브이티,-0.011520737327188946
2024-04-30,22100,1490635,018290,브이티,0.030303030303030276
2024-05-02,21500,1913879,018290,브이티,-0.02714932126696834
2024-05-03,21400,701169,018290,브이티,-0.0046511627906976605
2024-05-07,21000,866663,018290,브이티,-0.01869158878504673
2024-05-08,20900,520008,018290,브이티,-0.004761904761904745
2024-05-09,22000,1726831,018290,브이티,0.05263157894736836
2024-05-10,25400,6214999,018290,브이티,0.15454545454545454
2024-05-13,24000,3569780,018290,브이티,-0.055118110236220486
2024-05-14,25500,7836617,018290,브이티,0.0625
2024-05-16,25550,2550879,018290,브이티,0.0019607843137254832
2024-05-17,26600,4464960,018290,브이티,0.041095890410958846
2024-05-20,26500,1362231,018290,브이티,-0.003759398496240629
2024-05-21,27450,3521781,018290,브이티,0.03584905660377369
2024-05-22,26350,1332301,018290,브이티,-0.04007285974499086
2024-05-23,27350,1190912,018290,브이티,0.03795066413662229
2024-05-24,27000,1183259,018290,브이티,-0.012797074954296161
2024-05-27,27000,1152107,018290,브이티,0.0
2024-05-28,29500,4516208,018290,브이티,0.09259259259259256
2024-05-29,31000,2444201,018290,브이티,0.05084745762711873
2024-05-30,31500,2081322,018290,브이티,0.016129032258064502
2024-05-31,31900,1860359,018290,브이티,0.012698412698412653
2024-06-03,33900,3651363,018290,브이티,0.06269592476489039
2024-06-04,33100,2425743,018290,브이티,-0.02359882005899705
2024-06-05,34800,2214131,018290,브이티,0.051359516616314105
2024-06-07,34650,1432480,018290,브이티,-0.004310344827586188
2024-06-10,34450,1431110,018290,브이티,-0.005772005772005762
2024-06-11,33750,1332128,018290,브이티,-0.020319303338171224
2024-06-12,35000,1648540,018290,브이티,0.03703703703703698
2024-06-13,38000,3400891,018290,브이티,0.08571428571428563
2024-06-14,37600,1407039,018290,브이티,-0.010526315789473717
2024-06-17,37500,1063218,018290,브이티,-0.0026595744680850686
2024-06-18,38400,1073364,018290,브이티,0.02400000000000002
2024-06-19,36450,1801712,018290,브이티,-0.05078125
2024-06-20,34200,1671468,018290,브이티,-0.06172839506172845
2024-06-21,34500,1495934,018290,브이티,0.00877192982456143
2024-06-24,33100,998823,018290,브이티,-0.04057971014492756
2024-06-25,32300,885843,018290,브이티,-0.024169184290030232
2024-06-26,32350,870415,018290,브이티,0.001547987616099089
2024-06-27,34250,1680958,018290,브이티,0.05873261205564151
2024-06-28,31900,1259983,018290,브이티,-0.06861313868613139
2024-07-01,31250,1049282,018290,브이티,-0.020376175548589393
2024-07-02,30000,1624823,018290,브이티,-0.040000000000000036
2024-07-03,29350,1421977,018290,브이티,-0.021666666666666612
2024-07-04,29400,863571,018290,브이티,0.0017035775127767216
2024-07-05,29450,1129365,018290,브이티,0.001700680272108901
2024-07-08,30550,815867,018290,브이티,0.03735144312393879
2024-07-09,30450,700805,018290,브이티,-0.00327332242225864
2024-07-10,31150,765523,018290,브이티,0.02298850574712641
2024-07-11,30850,1382237,018290,브이티,-0.009630818619582704
2024-07-12,31850,1024812,018290,브이티,0.03241491085899506
2024-07-15,31300,738962,018290,브이티,-0.017268445839874413
2024-07-16,30950,844071,018290,브이티,-0.011182108626198062
2024-07-17,35400,5477728,018290,브이티,0.14378029079159926
2024-07-18,33450,1443144,018290,브이티,-0.05508474576271183
2024-07-19,37850,3472197,018290,브이티,0.13153961136023917
2024-07-22,37900,1616938,018290,브이티,0.0013210039630118242
2024-07-23,38000,3011178,018290,브이티,0.0026385224274405594
2024-07-24,37250,1475042,018290,브이티,-0.019736842105263164
2024-07-25,35200,1357816,018290,브이티,-0.055033557046979875
2024-07-26,34450,929389,018290,브이티,-0.021306818181818232
2024-07-29,37500,1222522,018290,브이티,0.08853410740203183
2024-07-30,36700,697412,018290,브이티,-0.021333333333333315
2024-07-31,34800,1339062,018290,브이티,-0.05177111716621252
2024-08-01,36000,946550,018290,브이티,0.034482758620689724
2024-08-02,32350,1532794,018290,브이티,-0.10138888888888886
2024-08-05,28900,2137434,018290,브이티,-0.10664605873261201
2024-08-06,32150,1431900,018290,브이티,0.11245674740484435
2024-08-07,33600,989474,018290,브이티,0.04510108864696738
2024-08-08,34650,965862,018290,브이티,0.03125
2024-08-09,36950,957843,018290,브이티,0.06637806637806642
2024-08-12,35150,1541524,018290,브이티,-0.048714479025710467
2024-08-13,31200,3959562,018290,브이티,-0.11237553342816498
2024-08-14,30300,1682052,018290,브이티,-0.028846153846153855
2024-08-16,32300,1654602,018290,브이티,0.06600660066006592
2024-08-19,31900,786271,018290,브이티,-0.012383900928792602
2024-08-20,32000,562752,018290,브이티,0.0031347962382444194
2024-08-21,30650,732123,018290,브이티,-0.042187500000000044
2024-08-22,30000,649800,018290,브이티,-0.021207177814029365
2024-08-23,29800,754449,018290,브이티,-0.00666666666666671
2024-08-26,28900,743422,018290,브이티,-0.030201342281879207
2024-08-27,30000,985758,018290,브이티,0.03806228373702414
2024-08-28,30350,704384,018290,브이티,0.011666666666666714
2024-08-29,28750,526686,018290,브이티,-0.05271828665568368
2024-08-30,29550,410172,018290,브이티,0.027826086956521667
2024-09-02,31000,1127576,018290,브이티,0.04906937394247035
2024-09-03,31250,1072714,018290,브이티,0.008064516129032251
2024-09-04,30050,650731,018290,브이티,-0.03839999999999999
2024-09-05,29450,542700,018290,브이티,-0.019966722129783676
2024-09-06,30800,918095,018290,브이티,0.045840407470288724
2024-09-09,33400,1482540,018290,브이티,0.0844155844155845
2024-09-10,33950,1439956,018290,브이티,0.01646706586826352
2024-09-11,33600,811710,018290,브이티,-0.010309278350515427
2024-09-12,35200,973075,018290,브이티,0.04761904761904767
2024-09-13,35850,613114,018290,브이티,0.01846590909090917
2024-09-19,36400,715777,018290,브이티,0.015341701534170138
2024-09-20,38000,1668299,018290,브이티,0.04395604395604402
2024-09-23,37050,701389,018290,브이티,-0.025000000000000022
2024-09-24,34500,1163721,018290,브이티,-0.06882591093117407
2024-09-25,33600,855681,018290,브이티,-0.02608695652173909
2024-09-26,34200,590434,018290,브이티,0.017857142857142794
2024-09-27,34050,724380,018290,브이티,-0.004385964912280715
2024-09-30,33800,724807,018290,브이티,-0.007342143906020504
2024-10-02,32250,499565,018290,브이티,-0.04585798816568043
2024-10-04,33550,614513,018290,브이티,0.04031007751937987
2024-10-07,34350,497909,018290,브이티,0.023845007451564815
2024-10-08,32250,926870,018290,브이티,-0.06113537117903933
2024-10-10,36000,1865868,018290,브이티,0.11627906976744184
2024-10-11,34200,1128659,018290,브이티,-0.050000000000000044
2024-10-14,33100,705927,018290,브이티,-0.032163742690058506
2024-10-15,33100,648084,018290,브이티,0.0
2024-10-16,31850,487273,018290,브이티,-0.03776435045317217
2024-10-17,32550,452442,018290,브이티,0.0219780219780219
2024-10-18,31500,624517,018290,브이티,-0.032258064516129004
2024-10-21,32300,517393,018290,브이티,0.025396825396825307
2024-10-22,30900,550005,018290,브이티,-0.04334365325077394
2024-10-23,30500,459523,018290,브이티,-0.012944983818770184
2024-10-24,31650,383598,018290,브이티,0.03770491803278686
2024-10-25,30350,422656,018290,브이티,-0.041074249605055346
2024-10-28,30950,384881,018290,브이티,0.01976935749588149
2024-10-29,31500,385183,018290,브이티,0.017770597738287597
2024-10-30,31850,566519,018290,브이티,0.011111111111111072
2024-10-31,34000,1574318,018290,브이티,0.0675039246467819
2024-11-01,32500,918836,018290,브이티,-0.044117647058823484
2024-11-04,33150,1911652,018290,브이티,0.020000000000000018
2024-11-05,33100,444658,018290,브이티,-0.0015082956259426794
2024-11-06,33350,524360,018290,브이티,0.007552870090634434
2024-11-07,33000,415097,018290,브이티,-0.010494752623688153
2024-11-08,34850,874631,018290,브이티,0.056060606060606144
2024-11-11,33900,720796,018290,브이티,-0.027259684361549463
2024-11-12,31550,783975,018290,브이티,-0.06932153392330387
2024-11-13,30700,739253,018290,브이티,-0.02694136291600635
2024-11-14,29100,1033854,018290,브이티,-0.05211726384364823
2024-11-15,30950,1468205,018290,브이티,0.06357388316151202
2024-11-18,29650,656777,018290,브이티,-0.04200323101777059
2024-11-19,29500,481726,018290,브이티,-0.005059021922428353
2024-11-20,30000,414923,018290,브이티,0.016949152542372836
2024-11-21,30250,365282,018290,브이티,0.008333333333333304
2024-11-22,28900,539789,018290,브이티,-0.044628099173553704
2024-11-25,29550,443931,018290,브이티,0.02249134948096887
2024-11-26,30000,506232,018290,브이티,0.015228426395939021
2024-11-27,30050,288194,018290,브이티,0.0016666666666667052
2024-11-28,30200,232556,018290,브이티,0.004991680532445919
2024-11-29,29100,387567,018290,브이티,-0.03642384105960261
2024-12-02,28100,2356366,018290,브이티,-0.03436426116838487
2024-12-03,35700,4725240,018290,브이티,0.2704626334519573
2024-12-04,37300,3260051,018290,브이티,0.04481792717086841
2024-12-05,37250,1323186,018290,브이티,-0.0013404825737265424
2024-12-06,36750,2012971,018290,브이티,-0.01342281879194629
2024-12-09,34300,1541489,018290,브이티,-0.06666666666666665
2024-12-10,42550,5886851,018290,브이티,0.24052478134110777
2024-12-11,42500,2048500,018290,브이티,-0.001175088131609825
2024-12-12,42200,1323709,018290,브이티,-0.007058823529411784
2024-12-13,42700,1340371,018290,브이티,0.011848341232227444
2024-12-16,43300,1432121,018290,브이티,0.014051522248243575
2024-12-17,43200,735884,018290,브이티,-0.002309468822170868
2024-12-18,42050,938743,018290,브이티,-0.02662037037037035
2024-12-19,42100,1013447,018290,브이티,0.0011890606420927874
2024-12-20,39700,987707,018290,브이티,-0.05700712589073631
2024-12-23,39450,924061,018290,브이티,-0.006297229219143552
2024-12-24,39650,1388673,018290,브이티,0.005069708491761693
2024-12-26,39900,757500,018290,브이티,0.006305170239596425
2024-12-27,38550,1010905,018290,브이티,-0.03383458646616544
2024-12-30,40000,632900,018290,브이티,0.03761348897535677
2025-01-02,40700,918246,018290,브이티,0.01750000000000007
2025-01-03,39150,1081384,018290,브이티,-0.03808353808353804
2025-01-06,36900,2358999,018290,브이티,-0.05747126436781613
2025-01-07,37650,1563174,018290,브이티,0.020325203252032464
2025-01-08,38550,839148,018290,브이티,0.0239043824701195
2025-01-09,38700,542077,018290,브이티,0.0038910505836575737
2025-01-10,35850,2119360,018290,브이티,-0.0736434108527132
2025-01-13,35700,816921,018290,브이티,-0.004184100418409997
2025-01-14,34750,887879,018290,브이티,-0.026610644257703098
2025-01-15,34550,425945,018290,브이티,-0.0057553956834532904
2025-01-16,35250,977834,018290,브이티,0.02026049204052094
2025-01-17,35100,716807,018290,브이티,-0.004255319148936176
2025-01-20,34950,614269,018290,브이티,-0.004273504273504258
2025-01-21,35900,801407,018290,브이티,0.027181688125894166
2025-01-22,37150,5819598,018290,브이티,0.03481894150417819
2025-01-23,34400,2103810,018290,브이티,-0.07402422611036341
2025-01-24,33000,2026725,018290,브이티,-0.04069767441860461
2025-01-31,32250,887434,018290,브이티,-0.022727272727272707
2025-02-03,31850,643276,018290,브이티,-0.012403100775193798
2025-02-04,33900,1003234,018290,브이티,0.06436420722135017
2025-02-05,34000,444393,018290,브이티,0.002949852507374562
2025-02-06,35400,816294,018290,브이티,0.04117647058823537
2025-02-07,34900,563275,018290,브이티,-0.01412429378531077
2025-02-10,34500,792464,018290,브이티,-0.011461318051575908
2025-02-11,36400,907121,018290,브이티,0.05507246376811592
2025-02-12,34850,871905,018290,브이티,-0.04258241758241754
2025-02-13,33850,654692,018290,브이티,-0.028694404591104727
2025-02-14,33900,599270,018290,브이티,0.001477104874446189
2025-02-17,33950,474923,018290,브이티,0.001474926253687281
2025-02-18,35000,989213,018290,브이티,0.030927835051546282
2025-02-19,34900,628718,018290,브이티,-0.0028571428571428914
2025-02-20,34850,893633,018290,브이티,-0.0014326647564469885
2025-02-21,37050,1672213,018290,브이티,0.06312769010043051
2025-02-24,37100,1040943,018290,브이티,0.0013495276653170407
2025-02-25,37400,1352778,018290,브이티,0.008086253369272267
2025-02-26,34500,2231241,018290,브이티,-0.07754010695187163
2025-02-27,35300,3604946,018290,브이티,0.023188405797101463
2025-02-28,33850,1383878,018290,브이티,-0.04107648725212465
2025-03-04,34400,875026,018290,브이티,0.01624815361890697
2025-03-05,33600,813760,018290,브이티,-0.023255813953488413
2025-03-06,34350,734090,018290,브이티,0.022321428571428603
2025-03-07,34150,774181,018290,브이티,-0.005822416302765698
2025-03-10,33850,371745,018290,브이티,-0.008784773060029227
2025-03-11,33450,658133,018290,브이티,-0.011816838995568735
2025-03-12,35550,1143367,018290,브이티,0.06278026905829592
2025-03-13,35250,634647,018290,브이티,-0.008438818565400852
2025-03-14,35400,306135,018290,브이티,0.004255319148936065
2025-03-17,35600,525440,018290,브이티,0.005649717514124353
2025-03-18,35600,491414,018290,브이티,0.0
2025-03-19,35650,806097,018290,브이티,0.001404494382022392
2025-03-20,34400,1105325,018290,브이티,-0.035063113604488105
2025-03-21,34350,781918,018290,브이티,-0.0014534883720930258
2025-03-24,33900,355810,018290,브이티,-0.013100436681222738
2025-03-25,32500,909610,018290,브이티,-0.041297935103244865
2025-03-26,33200,332343,018290,브이티,0.021538461538461506
2025-03-27,32650,276183,018290,브이티,-0.016566265060240948
2025-03-28,31950,302170,018290,브이티,-0.02143950995405819
2025-03-31,31050,544290,018290,브이티,-0.028169014084507005
2025-04-01,33550,744685,018290,브이티,0.08051529790660217
2025-04-02,33850,409633,018290,브이티,0.008941877794336861
2025-04-03,33700,302499,018290,브이티,-0.004431314623338234
2025-04-04,33550,501828,018290,브이티,-0.004451038575667643
2025-04-07,31000,451765,018290,브이티,-0.07600596125186287
2025-04-08,31400,228500,018290,브이티,0.012903225806451646
2025-04-09,30100,670564,018290,브이티,-0.04140127388535031
2025-04-10,32600,622281,018290,브이티,0.0830564784053156
2025-04-11,32700,483692,018290,브이티,0.0030674846625766694
2025-04-14,32750,299799,018290,브이티,0.001529051987767538
2025-04-15,32700,357267,018290,브이티,-0.0015267175572518665
2025-04-16,34500,1188523,018290,브이티,0.05504587155963292
2025-04-17,36550,1180214,018290,브이티,0.05942028985507242
2025-04-18,36450,399319,018290,브이티,-0.002735978112175075
2025-04-21,37300,559715,018290,브이티,0.023319615912208436
2025-04-22,37800,394075,018290,브이티,0.013404825737265424
2025-04-23,36750,429212,018290,브이티,-0.02777777777777779
2025-04-24,37600,333109,018290,브이티,0.023129251700680253
2025-04-25,37700,348489,018290,브이티,0.0026595744680850686
2025-04-28,38500,423622,018290,브이티,0.021220159151193574
2025-04-29,38600,347771,018290,브이티,0.0025974025974024872
2025-04-30,38300,243103,018290,브이티,-0.007772020725388629
2025-05-02,38350,256297,018290,브이티,0.0013054830287206887
2025-05-07,37800,396578,018290,브이티,-0.014341590612777066
2025-05-08,40850,1158821,018290,브이티,0.0806878306878307
2025-05-09,41000,593072,018290,브이티,0.003671970624234966
2025-05-12,38450,821967,018290,브이티,-0.06219512195121957
2025-05-13,39000,644954,018290,브이티,0.014304291287386306
2025-05-14,40300,1299557,018290,브이티,0.03333333333333344
2025-05-15,41050,544543,018290,브이티,0.018610421836228186
2025-05-16,40150,341337,018290,브이티,-0.02192448233861144
2025-05-19,40400,380456,018290,브이티,0.0062266500622665255
2025-05-20,42150,603621,018290,브이티,0.043316831683168244
2025-05-21,42000,408473,018290,브이티,-0.003558718861209953
2025-05-22,40750,492509,018290,브이티,-0.029761904761904767
2025-05-23,41950,435497,018290,브이티,0.02944785276073625
2025-05-26,41100,526303,018290,브이티,-0.020262216924910592
2025-05-27,41100,1527496,018290,브이티,0.0
2025-05-28,40450,583222,018290,브이티,-0.015815085158150888
2025-05-29,40350,378171,018290,브이티,-0.0024721878862793423
2025-05-30,40800,1263961,018290,브이티,0.011152416356877248
2025-06-02,44400,1224433,018290,브이티,0.08823529411764697
2025-06-04,44100,542292,018290,브이티,-0.006756756756756799
2025-06-05,43250,815934,018290,브이티,-0.019274376417233507
2025-06-09,42900,344015,018290,브이티,-0.008092485549133
2025-06-10,43000,789482,018290,브이티,0.002331002331002363
2025-06-11,43800,1084929,018290,브이티,0.018604651162790642
2025-06-12,42600,499318,018290,브이티,-0.0273972602739726
2025-06-13,41250,771816,018290,브이티,-0.03169014084507038
2025-06-16,41100,519695,018290,브이티,-0.0036363636363636598
2025-06-17,39800,766143,018290,브이티,-0.031630170316301665
2025-06-18,38850,819105,018290,브이티,-0.023869346733668362
2025-06-19,38450,647893,018290,브이티,-0.01029601029601035
2025-06-20,39350,1051145,018290,브이티,0.023407022106632036
2025-06-23,38450,517657,018290,브이티,-0.02287166454891998
2025-06-24,36100,1718286,018290,브이티,-0.061118335500650156
2025-06-25,34600,973628,018290,브이티,-0.04155124653739617
2025-06-26,34300,497533,018290,브이티,-0.00867052023121384
2025-06-27,34250,633874,018290,브이티,-0.001457725947521915
2025-06-30,35300,725842,018290,브이티,0.03065693430656924
2025-07-01,34950,553718,018290,브이티,-0.009915014164305958
2025-07-02,35750,701372,018290,브이티,0.022889842632331847
2025-07-03,35400,410334,018290,브이티,-0.009790209790209836
2025-07-04,34100,443503,018290,브이티,-0.03672316384180796
2025-07-07,34000,248907,018290,브이티,-0.0029325513196480912
2025-07-08,34300,311970,018290,브이티,0.008823529411764675
2025-07-09,35950,770262,018290,브이티,0.048104956268221644
2025-07-10,34250,893717,018290,브이티,-0.04728789986091797
2025-07-11,34550,348438,018290,브이티,0.008759124087591275
2025-07-14,35100,389919,018290,브이티,0.01591895803183796
2025-07-15,36500,1014771,018290,브이티,0.03988603988603989
2025-07-16,36900,420793,018290,브이티,0.010958904109588996
2025-07-17,38000,665441,018290,브이티,0.02981029810298108
2025-07-18,37450,343775,018290,브이티,-0.014473684210526305
2025-07-21,36750,219191,018290,브이티,-0.01869158878504673
2025-07-22,36650,294829,018290,브이티,-0.0027210884353741083
2025-07-23,35950,166519,018290,브이티,-0.019099590723055893
2025-07-24,35850,226343,018290,브이티,-0.0027816411682892728
2025-07-25,35600,261312,018290,브이티,-0.006973500697350032
2025-07-28,34500,352480,018290,브이티,-0.030898876404494402
2025-07-29,37500,684390,018290,브이티,0.08695652173913038
2025-07-30,37650,545643,018290,브이티,0.0040000000000000036
2025-07-31,36100,656440,018290,브이티,-0.04116865869853914
2025-08-01,35500,401116,018290,브이티,-0.0166204986149584
2025-08-04,35750,370153,018290,브이티,0.007042253521126751
2025-08-05,35000,416653,018290,브이티,-0.020979020979020935
2025-08-06,35800,549699,018290,브이티,0.02285714285714291
2025-08-07,37100,547988,018290,브이티,0.036312849162011274
2025-08-08,36850,284993,018290,브이티,-0.006738544474393482
2025-08-11,36550,565297,018290,브이티,-0.008141112618724522
2025-08-12,36350,482089,018290,브이티,-0.005471956224350261
2025-08-13,36350,1153238,018290,브이티,0.0
2025-08-14,37950,646077,018290,브이티,0.044016506189821225
2025-08-18,37500,196240,018290,브이티,-0.011857707509881465
2025-08-19,36950,362619,018290,브이티,-0.014666666666666717
2025-08-20,37150,315360,018290,브이티,0.005412719891745521
2025-08-21,39150,779034,018290,브이티,0.053835800807537026
2025-08-22,38900,278917,018290,브이티,-0.0063856960408684715
2025-08-25,38500,269840,018290,브이티,-0.010282776349614386
2025-08-26,37350,473280,018290,브이티,-0.029870129870129825
2025-08-27,38150,341565,018290,브이티,0.021419009370816644
2025-08-28,37250,312740,018290,브이티,-0.023591087811271283
2025-08-29,36750,436049,018290,브이티,-0.01342281879194629
2025-09-01,33400,1300471,018290,브이티,-0.09115646258503396
2025-09-02,32850,451804,018290,브이티,-0.01646706586826352
2025-09-03,32800,276489,018290,브이티,-0.0015220700152207556
2025-09-04,34200,359735,018290,브이티,0.04268292682926833
2025-09-05,31650,1469386,018290,브이티,-0.07456140350877194
2025-09-08,31850,792384,018290,브이티,0.006319115323854652
2025-09-09,31350,1071945,018290,브이티,-0.015698587127158548
2025-09-10,31150,454894,018290,브이티,-0.006379585326953707
2025-09-11,30450,631872,018290,브이티,-0.022471910112359605
2025-09-12,30400,491801,018290,브이티,-0.0016420361247947435
2025-09-15,30150,475311,018290,브이티,-0.008223684210526327
2025-09-16,30150,470911,018290,브이티,0.0
2025-09-17,29800,437838,018290,브이티,-0.011608623548922004
2025-09-18,29800,494463,018290,브이티,0.0
2025-09-19,30150,422007,018290,브이티,0.011744966442952975
2025-09-22,30350,441330,018290,브이티,0.0066334991708125735
2025-09-23,29950,320826,018290,브이티,-0.01317957166392092
2025-09-24,30050,300403,018290,브이티,0.0033388981636059967
2025-09-25,30650,639953,018290,브이티,0.019966722129783676
2025-09-26,31050,590100,018290,브이티,0.013050570962479524
2025-09-29,31100,356207,018290,브이티,0.0016103059581320522
2025-09-30,30350,265977,018290,브이티,-0.024115755627009627
2025-10-01,29850,353555,018290,브이티,-0.016474464579901205
2025-10-02,29750,245618,018290,브이티,-0.00335008375209378
2025-10-10,29150,360451,018290,브이티,-0.020168067226890796
2025-10-13,28350,384092,018290,브이티,-0.027444253859348233
2025-10-14,27000,798010,018290,브이티,-0.04761904761904767
2025-10-15,27100,302338,018290,브이티,0.0037037037037037646
2025-10-16,26700,449532,018290,브이티,-0.014760147601476037
2025-10-17,26150,385112,018290,브이티,-0.02059925093632964
2025-10-20,26050,541635,018290,브이티,-0.003824091778202643
2025-10-21,25850,364864,018290,브이티,-0.007677543186180413
2025-10-22,25900,197939,018290,브이티,0.0019342359767891004
2025-10-23,25800,448454,018290,브이티,-0.0038610038610038533
2025-10-24,25500,332885,018290,브이티,-0.011627906976744207
2025-10-27,25850,299547,018290,브이티,0.013725490196078383
2025-10-28,25850,380365,018290,브이티,0.0
2025-10-29,25050,361323,018290,브이티,-0.030947775628626717
2025-10-30,25450,343313,018290,브이티,0.015968063872255467
2025-10-31,25000,296883,018290,브이티,-0.017681728880157177
2025-11-03,25650,364397,018290,브이티,0.026000000000000023
2025-11-04,25300,251408,018290,브이티,-0.013645224171540016
2025-11-05,24500,496296,018290,브이티,-0.031620553359683834
2025-11-06,23550,364993,018290,브이티,-0.038775510204081653
2025-11-07,23350,311707,018290,브이티,-0.00849256900212314
2025-11-10,23850,293269,018290,브이티,0.021413276231263323
2025-11-11,23250,311919,018290,브이티,-0.02515723270440251
2025-11-12,23450,270353,018290,브이티,0.008602150537634357
2025-11-13,23500,207078,018290,브이티,0.002132196162046851
2025-11-14,22700,211663,018290,브이티,-0.03404255319148941
2025-11-17,21800,765001,018290,브이티,-0.03964757709251099
2025-11-18,20900,459645,018290,브이티,-0.041284403669724745
2025-11-19,20200,557297,018290,브이티,-0.03349282296650713
2025-11-20,20550,404614,018290,브이티,0.017326732673267342
2025-11-21,20000,323348,018290,브이티,-0.02676399026763987
2025-11-24,19970,249416,018290,브이티,-0.0014999999999999458
2025-11-25,19450,245170,018290,브이티,-0.026039058587881803
2025-11-26,20050,282999,018290,브이티,0.03084832904884327
2025-11-27,19810,225154,018290,브이티,-0.011970074812967635
2025-11-28,20300,267786,018290,브이티,0.02473498233215543
2025-12-01,19660,394858,018290,브이티,-0.0315270935960591
2025-12-02,20200,244143,018290,브이티,0.02746693794506605
2025-12-03,20150,205938,018290,브이티,-0.0024752475247524774
2025-12-04,19640,299040,018290,브이티,-0.02531017369727051
2025-12-05,19560,264886,018290,브이티,-0.004073319755600768
2025-12-08,19470,253544,018290,브이티,-0.004601226993865004
2025-12-09,19040,199731,018290,브이티,-0.022085259373395005
2025-12-10,18900,169482,018290,브이티,-0.007352941176470562
2025-12-11,18740,271309,018290,브이티,-0.00846560846560851
2025-12-12,18630,214666,018290,브이티,-0.005869797225186768
2025-12-15,18280,257064,018290,브이티,-0.018786902844873832
2025-12-16,18250,309135,018290,브이티,-0.001641137855579844
2025-12-17,18200,270080,018290,브이티,-0.002739726027397249
2025-12-18,17830,170283,018290,브이티,-0.02032967032967037
2025-12-19,17710,218210,018290,브이티,-0.006730229949523325
2025-12-22,18120,203772,018290,브이티,0.023150762281197057
2025-12-23,18000,171749,018290,브이티,-0.0066225165562914245
2025-12-24,17720,165383,018290,브이티,-0.015555555555555545
2025-12-26,17250,232970,018290,브이티,-0.026523702031602703
2025-12-29,17820,188852,018290,브이티,0.03304347826086951
2025-12-30,17510,121433,018290,브이티,-0.017396184062850706
2026-01-02,18450,291625,018290,브이티,0.053683609366076634
2026-01-05,18700,382766,018290,브이티,0.013550135501354976
2026-01-06,18140,251900,018290,브이티,-0.029946524064171087
2026-01-07,18040,295489,018290,브이티,-0.005512679162072764
2026-01-08,17850,238153,018290,브이티,-0.010532150776053184
2026-01-09,17690,382212,018290,브이티,-0.008963585434173638
2026-01-12,17360,342456,018290,브이티,-0.0186546071226682
2026-01-13,16640,444219,018290,브이티,-0.04147465437788023
2026-01-14,16650,289301,018290,브이티,0.0006009615384614531
2026-01-15,16470,242350,018290,브이티,-0.010810810810810811
2026-01-16,16160,190648,018290,브이티,-0.0188221007893139
2026-01-19,16070,225874,018290,브이티,-0.005569306930693019
2026-01-20,16780,365266,018290,브이티,0.04418170504044805
2026-01-21,16140,255904,018290,브이티,-0.038140643623361115
2026-01-22,16660,339309,018290,브이티,0.03221809169764556
2026-01-23,17550,428642,018290,브이티,0.05342136854741897
2026-01-26,18880,902145,018290,브이티,0.07578347578347588
2026-01-27,18970,620826,018290,브이티,0.004766949152542388
2026-01-28,19820,604599,018290,브이티,0.04480759093305209
2026-01-29,19720,639400,018290,브이티,-0.005045408678102881
2026-01-30,20600,949925,018290,브이티,0.04462474645030423
2026-02-02,19820,631268,018290,브이티,-0.03786407766990296
2026-02-03,19920,462664,018290,브이티,0.005045408678102881
2026-02-04,20100,315566,018290,브이티,0.009036144578313143
2026-02-05,19370,377217,018290,브이티,-0.03631840796019903
2026-02-06,18860,252062,018290,브이티,-0.026329375322663884
2026-02-09,20950,646061,018290,브이티,0.11081654294803811
2026-02-10,20800,361171,018290,브이티,-0.007159904534606243
2026-02-11,20550,324735,018290,브이티,-0.012019230769230727
2026-02-12,20350,359443,018290,브이티,-0.009732360097323589
2026-02-13,20000,268207,018290,브이티,-0.017199017199017175
2026-02-19,19620,416806,018290,브이티,-0.019000000000000017
2026-02-20,19250,315115,018290,브이티,-0.01885830784913356
2026-02-23,19210,331090,018290,브이티,-0.002077922077922123
2026-02-24,18710,343431,018290,브이티,-0.02602811035918795
2026-02-25,17920,455718,018290,브이티,-0.04222340994120788
2026-02-26,17510,382909,018290,브이티,-0.0228794642857143
2026-02-27,17300,726876,018290,브이티,-0.011993146773272456
2026-03-03,16340,303720,018290,브이티,-0.05549132947976876
2026-03-04,14310,596918,018290,브이티,-0.12423500611995109
2026-03-05,15330,710370,018290,브이티,0.07127882599580704
2026-03-06,15320,427210,018290,브이티,-0.000652315720808927
2026-03-09,14510,547339,018290,브이티,-0.05287206266318534
2026-03-10,15280,232025,018290,브이티,0.053066850447966996
2026-03-11,15170,257211,018290,브이티,-0.007198952879581166
2026-03-12,14870,339609,018290,브이티,-0.019775873434410007
2026-03-13,15060,123921,018290,브이티,0.01277740416946882
2026-03-16,14600,143166,018290,브이티,-0.030544488711819362
2026-03-17,14980,141707,018290,브이티,0.026027397260274032
2026-03-18,15090,133782,018290,브이티,0.00734312416555416
2026-03-19,14650,127247,018290,브이티,-0.029158383035122637
2026-03-20,15820,481030,018290,브이티,0.07986348122866893
2026-03-23,14710,255574,018290,브이티,-0.0701643489254109
2026-03-24,15110,126762,018290,브이티,0.027192386131883017
2026-03-25,15140,92281,018290,브이티,0.0019854401058900795
2026-03-26,14660,170194,018290,브이티,-0.031704095112285335
2026-03-27,15730,315065,018290,브이티,0.07298772169167811
2026-03-30,15130,132317,018290,브이티,-0.03814367450731082
2026-03-31,15090,192520,018290,브이티,-0.0026437541308658163
2026-04-01,15540,156763,018290,브이티,0.02982107355864816
2026-04-02,14940,205343,018290,브이티,-0.038610038610038644
2026-04-03,14970,130046,018290,브이티,0.002008032128514081
2026-04-06,14520,148020,018290,브이티,-0.030060120240480992
2026-04-07,14550,170808,018290,브이티,0.0020661157024792765
2026-04-08,14990,157437,018290,브이티,0.030240549828178587
2026-04-09,16070,515932,018290,브이티,0.07204803202134746
2026-04-10,15650,275498,018290,브이티,-0.026135656502800253
2026-04-13,15720,129643,018290,브이티,0.004472843450479269
2026-04-14,15880,125983,018290,브이티,0.010178117048346147
2026-04-15,15990,137222,018290,브이티,0.006926952141057985
2026-04-16,16040,132418,018290,브이티,0.0031269543464664817
2026-04-17,16130,163626,018290,브이티,0.005610972568578454
2026-04-20,15820,129555,018290,브이티,-0.019218846869187844
2026-04-21,15620,124319,018290,브이티,-0.012642225031605614
2026-04-22,15630,144933,018290,브이티,0.000640204865556937
2026-04-23,15370,206196,018290,브이티,-0.016634676903390933
2026-04-24,16950,1025215,018290,브이티,0.10279765777488614
2026-04-27,17120,376153,018290,브이티,0.010029498525073732
2026-04-28,16610,283568,018290,브이티,-0.029789719626168276
2026-04-29,17470,566037,018290,브이티,0.05177603853100532
2026-04-30,16960,282489,018290,브이티,-0.029192902117916475
2026-05-04,16730,253280,018290,브이티,-0.013561320754716943
2026-05-06,16410,213930,018290,브이티,-0.019127316198445876
2026-05-07,16170,181842,018290,브이티,-0.014625228519195566
2026-05-08,16170,164654,018290,브이티,0.0
2026-05-11,15700,302668,018290,브이티,-0.029066171923314732
2026-05-12,15990,547541,018290,브이티,0.01847133757961794
2026-05-13,15730,207624,018290,브이티,-0.016260162601625994
2026-05-14,15570,208952,018290,브이티,-0.010171646535282908
2026-05-15,14820,249144,018290,브이티,-0.048169556840077066
2026-05-18,14930,172284,018290,브이티,0.007422402159244168
2026-05-19,14710,193023,018290,브이티,-0.014735432016074967
2026-05-20,14080,192612,018290,브이티,-0.04282800815771581
2026-05-21,14030,175538,018290,브이티,-0.0035511363636363535
2026-05-22,15050,246495,018290,브이티,0.07270135424091229
2026-05-26,14590,201506,018290,브이티,-0.030564784053156102
2026-05-27,13940,205604,018290,브이티,-0.044551062371487316
2026-05-28,13420,218820,018290,브이티,-0.0373027259684362
2026-05-29,13310,148745,018290,브이티,-0.008196721311475419
2026-06-01,13000,242829,018290,브이티,-0.023290758827948954
2026-06-02,12740,215822,018290,브이티,-0.020000000000000018
2026-06-04,12670,136354,018290,브이티,-0.005494505494505475
2026-06-05,12320,178939,018290,브이티,-0.027624309392265234
2026-06-08,11380,207482,018290,브이티,-0.07629870129870131
2026-06-09,12420,331534,018290,브이티,0.0913884007029877
2026-06-10,12420,142730,018290,브이티,0.0
2026-06-11,12350,225926,018290,브이티,-0.005636070853462183
2026-06-12,12880,193071,018290,브이티,0.042914979757084915
2026-06-15,12820,107461,018290,브이티,-0.004658385093167738
2026-06-16,12650,114048,018290,브이티,-0.013260530421216887
2026-06-17,12900,138877,018290,브이티,0.01976284584980248
2026-06-18,12210,97055,018290,브이티,-0.05348837209302326
2026-06-19,11850,190987,018290,브이티,-0.029484029484029506
2026-06-22,11580,87685,018290,브이티,-0.02278481012658229
2026-06-23,11170,160127,018290,브이티,-0.03540587219343694
2026-06-24,11380,138798,018290,브이티,0.018800358102059045
2026-06-25,11300,130395,018290,브이티,-0.007029876977152849
2026-06-26,10720,178073,018290,브이티,-0.0513274336283186
2026-06-29,12510,277090,018290,브이티,0.1669776119402986
2026-06-30,11530,189563,018290,브이티,-0.07833733013589128
2026-07-01,12280,201321,018290,브이티,0.06504770164787521
2026-07-02,12040,202167,018290,브이티,-0.019543973941368087
2026-07-03,11880,113826,018290,브이티,-0.013289036544850474
2026-07-06,11890,91507,018290,브이티,0.0008417508417508657
2026-07-07,12180,187978,018290,브이티,0.024390243902439046
2026-07-08,11780,262679,018290,브이티,-0.03284072249589487
2026-07-09,11880,237504,018290,브이티,0.008488964346349714
2026-07-10,12230,180818,018290,브이티,0.02946127946127941
2026-07-13,12010,228157,018290,브이티,-0.017988552739165997
2026-07-14,11660,222683,018290,브이티,-0.029142381348875923
2026-07-15,12080,117809,018290,브이티,0.036020583190394584
2026-07-16,11820,186764,018290,브이티,-0.021523178807947074
2026-07-20,11160,105075,018290,브이티,-0.055837563451776595
2026-07-21,11190,131654,018290,브이티,0.0026881720430107503
2026-07-22,11030,153302,018290,브이티,-0.01429848078641649
2026-07-23,11660,138897,018290,브이티,0.05711695376246606
2026-07-24,11580,132177,018290,브이티,-0.006861063464837058
2026-07-27,11970,164037,018290,브이티,0.033678756476683835
2026-07-28,11420,143046,018290,브이티,-0.04594820384294074
2026-07-29,10780,331023,018290,브이티,-0.05604203152364273
2026-07-30,10950,206687,018290,브이티,0.01576994434137302
2026-07-31,11690,182467,018290,브이티,0.0675799086757991
2026-08-03,11930,134063,018290,브이티,0.020530367835757124
2026-08-04,12860,199231,018290,브이티,0.07795473595976521
2026-08-05,13140,188167,018290,브이티,0.021772939346811793
2026-08-06,13500,251834,018290,브이티,0.027397260273972712
2026-08-07,13580,210258,018290,브이티,0.00592592592592589
2026-08-10,13870,241169,018290,브이티,0.02135493372606767
2026-08-11,14910,400173,018290,브이티,0.07498197548666186
2026-08-12,14750,591699,018290,브이티,-0.010731052984574108
2026-08-13,13380,436505,018290,브이티,-0.09288135593220337
2026-08-14,12990,469208,018290,브이티,-0.029147982062780242
2026-08-18,12520,383037,018290,브이티,-0.03618167821401075
2026-08-19,12210,213221,018290,브이티,-0.024760383386581486
2026-08-20,12620,170923,018290,브이티,0.03357903357903358
2026-08-21,12150,110589,018290,브이티,-0.03724247226624411
2021-06-01,18844,489550,092730,네오팜,
2021-06-02,19305,179147,092730,네오팜,0.024464020377839013
2021-06-03,18946,172166,092730,네오팜,-0.018596218596218628
2021-06-04,18588,136061,092730,네오팜,-0.018895809141771358
2021-06-07,18639,139506,092730,네오팜,0.0027437056165267037
2021-06-08,18383,121782,092730,네오팜,-0.013734642416438625
2021-06-09,18306,89377,092730,네오팜,-0.004188652559429906
2021-06-10,19023,406488,092730,네오팜,0.03916748607014098
2021-06-11,19074,131131,092730,네오팜,0.002680965147453085
2021-06-14,19151,96804,092730,네오팜,0.0040369088811995635
2021-06-15,18998,71823,092730,네오팜,-0.007989138948357843
2021-06-16,18793,103818,092730,네오팜,-0.010790609537846052
2021-06-17,18639,101102,092730,네오팜,-0.008194540520406579
2021-06-18,18511,100065,092730,네오팜,-0.0068673212082193125
2021-06-21,18434,109202,092730,네오팜,-0.004159688833666464
2021-06-22,18332,85590,092730,네오팜,-0.0055332537702071916
2021-06-23,18101,140205,092730,네오팜,-0.012600916430285825
2021-06-24,17692,180701,092730,네오팜,-0.022595436716203565
2021-06-25,17922,73106,092730,네오팜,0.013000226090888578
2021-06-28,17564,123286,092730,네오팜,-0.019975449168619597
2021-06-29,17897,84501,092730,네오팜,0.018959234798451297
2021-06-30,17922,117369,092730,네오팜,0.0013968821590211178
2021-07-01,17948,135009,092730,네오팜,0.0014507309452069794
2021-07-02,17769,157931,092730,네오팜,-0.009973256073100067
2021-07-05,17948,84284,092730,네오팜,0.010073723901176113
2021-07-06,17845,61326,092730,네오팜,-0.005738800980610637
2021-07-07,17589,98645,092730,네오팜,-0.014345755113477132
2021-07-08,17128,147987,092730,네오팜,-0.026209562794928698
2021-07-09,16796,154996,092730,네오팜,-0.019383465670247513
2021-07-12,17180,74127,092730,네오팜,0.02286258633007865
2021-07-13,17410,77597,092730,네오팜,0.013387660069848595
2021-07-14,17308,54118,092730,네오팜,-0.005858701895462337
2021-07-15,17333,74233,092730,네오팜,0.0014444187658886332
2021-07-16,17282,36488,092730,네오팜,-0.0029423642762360647
2021-07-19,17103,50316,092730,네오팜,-0.010357597500289306
2021-07-20,16898,67115,092730,네오팜,-0.011986201251242501
2021-07-21,16847,62416,092730,네오팜,-0.003018108651911433
2021-07-22,16949,43089,092730,네오팜,0.006054490413723412
2021-07-23,16949,36256,092730,네오팜,0.0
2021-07-26,16668,129723,092730,네오팜,-0.016579149212342936
2021-07-27,16719,41296,092730,네오팜,0.0030597552195823496
2021-07-28,16540,75684,092730,네오팜,-0.010706381960643552
2021-07-29,16514,48641,092730,네오팜,-0.0015719467956468725
2021-07-30,16207,96819,092730,네오팜,-0.018590287029187302
2021-08-02,16104,55950,092730,네오팜,-0.006355278583328183
2021-08-03,16079,59014,092730,네오팜,-0.0015524093392945693
2021-08-04,16463,42454,092730,네오팜,0.023882082219043532
2021-08-05,16540,36402,092730,네오팜,0.00467715483204767
2021-08-06,16565,26427,092730,네오팜,0.0015114873035066978
2021-08-09,16565,44915,092730,네오팜,0.0
2021-08-10,16335,69243,092730,네오팜,-0.013884696649562378
2021-08-11,16335,67119,092730,네오팜,0.0
2021-08-12,16232,57425,092730,네오팜,-0.006305479032751804
2021-08-13,15848,124735,092730,네오팜,-0.02365697387875798
2021-08-17,15439,85344,092730,네오팜,-0.02580767289247854
2021-08-18,15797,54407,092730,네오팜,0.023188030312844
2021-08-19,15183,86770,092730,네오팜,-0.038868139520162104
2021-08-20,14747,163727,092730,네오팜,-0.028716327471514203
2021-08-23,15464,77603,092730,네오팜,0.048620058316945824
2021-08-24,16027,78847,092730,네오팜,0.03640713916192451
2021-08-25,16053,57432,092730,네오팜,0.0016222624321458046
2021-08-26,15848,46073,092730,네오팜,-0.01277019871675078
2021-08-27,15925,27673,092730,네오팜,0.004858657243816289
2021-08-30,15951,31868,092730,네오팜,0.0016326530612245094
2021-08-31,16079,57100,092730,네오팜,0.008024575261739164
2021-09-01,15976,42933,092730,네오팜,-0.006405871011878839
2021-09-02,15951,40915,092730,네오팜,-0.0015648472709063332
2021-09-03,15951,55898,092730,네오팜,0.0
2021-09-06,15797,55362,092730,네오팜,-0.00965456711177981
2021-09-07,16002,26759,092730,네오팜,0.012977147559663171
2021-09-08,15771,46126,092730,네오팜,-0.014435695538057791
2021-09-09,15285,75781,092730,네오팜,-0.030816054784097435
2021-09-10,15823,57464,092730,네오팜,0.03519790644422627
2021-09-13,15669,47534,092730,네오팜,-0.009732667635720116
2021-09-14,15695,30714,092730,네오팜,0.0016593273342269121
2021-09-15,15490,29187,092730,네오팜,-0.013061484549219515
2021-09-16,15131,73149,092730,네오팜,-0.02317624273724983
2021-09-17,15259,33963,092730,네오팜,0.00845945410085247
2021-09-23,14978,37859,092730,네오팜,-0.018415361426043608
2021-09-24,14952,40714,092730,네오팜,-0.0017358792896248199
2021-09-27,15029,26921,092730,네오팜,0.005149812734082326
2021-09-28,14568,145894,092730,네오팜,-0.03067403020826398
2021-09-29,14158,119769,092730,네오팜,-0.02814387699066445
2021-09-30,14338,28929,092730,네오팜,0.012713660121486114
2021-10-01,14030,97108,092730,네오팜,-0.021481378155949193
2021-10-05,13954,158494,092730,네오팜,-0.00541696364932287
2021-10-06,13365,85276,092730,네오팜,-0.042210118962304755
2021-10-07,13672,68966,092730,네오팜,0.022970445192667333
2021-10-08,13877,51308,092730,네오팜,0.014994148624926762
2021-10-12,13544,56060,092730,네오팜,-0.023996541039129515
2021-10-13,13570,28042,092730,네오팜,0.001919669226225551
2021-10-14,14210,52728,092730,네오팜,0.04716285924834196
2021-10-15,14158,39261,092730,네오팜,-0.0036593947923997394
2021-10-18,14107,42384,092730,네오팜,-0.0036022037010877694
2021-10-19,14107,33616,092730,네오팜,0.0
2021-10-20,14107,26375,092730,네오팜,0.0
2021-10-21,13954,27454,092730,네오팜,-0.010845679449918433
2021-10-22,13877,41476,092730,네오팜,-0.005518131001863269
2021-10-25,14261,44218,092730,네오팜,0.02767168696404121
2021-10-26,14261,49416,092730,네오팜,0.0
2021-10-27,14030,35809,092730,네오팜,-0.016198022579061777
2021-10-28,13646,112461,092730,네오팜,-0.027369921596578806
2021-10-29,13672,38090,092730,네오팜,0.001905320240363384
2021-11-01,13646,39923,092730,네오팜,-0.0019016968987711769
2021-11-02,13749,36316,092730,네오팜,0.007547999413747508
2021-11-03,13570,34707,092730,네오팜,-0.013019128663902868
2021-11-04,13390,82626,092730,네오팜,-0.013264554163596176
2021-11-05,13262,42851,092730,네오팜,-0.009559372666168797
2021-11-08,13313,54837,092730,네오팜,0.003845573819936554
2021-11-09,13211,36314,092730,네오팜,-0.007661684068204
2021-11-10,13134,49832,092730,네오팜,-0.005828476269775229
2021-11-11,13185,58698,092730,네오팜,0.0038830516217451816
2021-11-12,13288,62498,092730,네오팜,0.007811907470610446
2021-11-15,13390,54126,092730,네오팜,0.007676098735701409
2021-11-16,13211,70349,092730,네오팜,-0.01336818521284544
2021-11-17,13160,57415,092730,네오팜,-0.0038604193475134663
2021-11-18,13109,53433,092730,네오팜,-0.003875379939209722
2021-11-19,13288,29620,092730,네오팜,0.013654741017621541
2021-11-22,13313,22764,092730,네오팜,0.0018813967489463845
2021-11-23,13339,36311,092730,네오팜,0.0019529782918952243
2021-11-24,13237,33307,092730,네오팜,-0.007646750131194202
2021-11-25,13211,23910,092730,네오팜,-0.0019641912820125285
2021-11-26,12981,70337,092730,네오팜,-0.017409734312315517
2021-11-29,12571,79777,092730,네오팜,-0.0315846236807642
2021-11-30,11931,132341,092730,네오팜,-0.05091082650544909
2021-12-01,12008,49006,092730,네오팜,0.006453775877965029
2021-12-02,12545,35940,092730,네오팜,0.04472018654230503
2021-12-03,12776,36525,092730,네오팜,0.01841371064168995
2021-12-06,12622,31407,092730,네오팜,-0.012053850970569768
2021-12-07,12955,45395,092730,네오팜,0.02638250673427356
2021-12-08,13134,104394,092730,네오팜,0.013817059050559521
2021-12-09,13006,24713,092730,네오팜,-0.009745698187909269
2021-12-10,12725,122399,092730,네오팜,-0.021605412886360087
2021-12-13,12417,188786,092730,네오팜,-0.024204322200392925
2021-12-14,12469,46817,092730,네오팜,0.0041878070387371125
2021-12-15,12494,25947,092730,네오팜,0.002004972331381749
2021-12-16,12545,34951,092730,네오팜,0.004081959340483499
2021-12-17,12571,21942,092730,네오팜,0.002072538860103723
2021-12-20,12289,58760,092730,네오팜,-0.02243258292896344
2021-12-21,12289,40085,092730,네오팜,0.0
2021-12-22,12469,30101,092730,네오팜,0.01464724550410934
2021-12-23,12494,29429,092730,네오팜,0.002004972331381749
2021-12-24,12622,30101,092730,네오팜,0.010244917560429112
2021-12-27,12801,49252,092730,네오팜,0.014181587704008791
2021-12-28,13006,54972,092730,네오팜,0.016014373877040855
2021-12-29,12853,31026,092730,네오팜,-0.011763801322466572
2021-12-30,12699,23412,092730,네오팜,-0.011981638527970073
2022-01-03,12725,19909,092730,네오팜,0.0020474053075045795
2022-01-04,12801,24767,092730,네오팜,0.00597249508840858
2022-01-05,12520,32731,092730,네오팜,-0.021951410046090136
2022-01-06,12469,36889,092730,네오팜,-0.004073482428115005
2022-01-07,12622,15948,092730,네오팜,0.012270430668056775
2022-01-10,12366,29804,092730,네오팜,-0.020282047219141175
2022-01-11,12187,38394,092730,네오팜,-0.014475173863820134
2022-01-12,12187,26144,092730,네오팜,0.0
2022-01-13,12213,44155,092730,네오팜,0.0021334208582917125
2022-01-14,12187,26269,092730,네오팜,-0.0021288790632931764
2022-01-17,12776,561770,092730,네오팜,0.04833018790514476
2022-01-18,12801,100036,092730,네오팜,0.0019567939887288333
2022-01-19,12699,76389,092730,네오팜,-0.007968127490039834
2022-01-20,12750,32961,092730,네오팜,0.004016064257028162
2022-01-21,12853,57475,092730,네오팜,0.008078431372549044
2022-01-24,12469,58747,092730,네오팜,-0.02987629347234111
2022-01-25,12033,64344,092730,네오팜,-0.034966717459299024
2022-01-26,12033,22852,092730,네오팜,0.0
2022-01-27,11700,70958,092730,네오팜,-0.027673896783844465
2022-01-28,11777,72770,092730,네오팜,0.006581196581196602
2022-02-03,12033,32098,092730,네오팜,0.02173728453765822
2022-02-04,12264,31950,092730,네오팜,0.01919720767888311
2022-02-07,12520,20869,092730,네오팜,0.020874103065883887
2022-02-08,12392,36742,092730,네오팜,-0.010223642172523917
2022-02-09,12597,22264,092730,네오팜,0.016542930923176158
2022-02-10,12827,54652,092730,네오팜,0.01825831547193779
2022-02-11,12750,54919,092730,네오팜,-0.00600296250097454
2022-02-14,12494,28704,092730,네오팜,-0.020078431372549055
2022-02-15,12443,32282,092730,네오팜,-0.004081959340483388
2022-02-16,12725,34569,092730,네오팜,0.022663344852527523
2022-02-17,13109,189753,092730,네오팜,0.030176817288801505
2022-02-18,13313,114088,092730,네오팜,0.01556182775192605
2022-02-21,13390,81312,092730,네오팜,0.005783820325997224
2022-02-22,13313,53464,092730,네오팜,-0.005750560119492154
2022-02-23,13211,51931,092730,네오팜,-0.007661684068204
2022-02-24,12776,79414,092730,네오팜,-0.03292710619937933
2022-02-25,12853,42403,092730,네오팜,0.00602692548528494
2022-02-28,12929,16554,092730,네오팜,0.00591301641640074
2022-03-02,13160,30809,092730,네오팜,0.017866811044937814
2022-03-03,13160,33584,092730,네오팜,0.0
2022-03-04,13057,33088,092730,네오팜,-0.007826747720364735
2022-03-07,12801,40495,092730,네오팜,-0.019606341426054996
2022-03-08,12699,29079,092730,네오팜,-0.007968127490039834
2022-03-10,12878,25728,092730,네오팜,0.014095598078588845
2022-03-11,12904,16290,092730,네오팜,0.0020189470414659905
2022-03-14,12520,46598,092730,네오팜,-0.029758214507129566
2022-03-15,12392,39917,092730,네오팜,-0.010223642172523917
2022-03-16,12469,19198,092730,네오팜,0.006213686249193051
2022-03-17,12648,21740,092730,네오팜,0.014355601892693803
2022-03-18,12699,22289,092730,네오팜,0.0040322580645162365
2022-03-21,12673,30511,092730,네오팜,-0.0020474053075045795
2022-03-22,12750,23549,092730,네오팜,0.0060759094137141645
2022-03-23,12776,37168,092730,네오팜,0.0020392156862745203
2022-03-24,12648,26144,092730,네오팜,-0.010018785222291826
2022-03-25,12597,31577,092730,네오팜,-0.0040322580645161255
2022-03-28,12597,24711,092730,네오팜,0.0
2022-03-29,12801,46547,092730,네오팜,0.0161943319838056
2022-03-30,12929,50551,092730,네오팜,0.009999218811030497
2022-03-31,12929,30087,092730,네오팜,0.0
2022-04-01,13365,172035,092730,네오팜,0.03372263902854056
2022-04-04,13570,137468,092730,네오팜,0.015338570894126491
2022-04-05,13570,38140,092730,네오팜,0.0
2022-04-06,13467,38488,092730,네오팜,-0.007590272660280006
2022-04-07,13211,50426,092730,네오팜,-0.019009430459642096
2022-04-08,13237,33282,092730,네오팜,0.0019680569222617628
2022-04-11,13365,30815,092730,네오팜,0.009669864772984926
2022-04-12,13185,36113,092730,네오팜,-0.013468013468013518
2022-04-13,13262,31739,092730,네오팜,0.005839969662495337
2022-04-14,13313,111210,092730,네오팜,0.003845573819936554
2022-04-15,13083,36822,092730,네오팜,-0.017276346428303113
2022-04-18,13467,70575,092730,네오팜,0.02935106626920425
2022-04-19,13544,41095,092730,네오팜,0.005717680255439284
2022-04-20,13595,55521,092730,네오팜,0.0037655050206732987
2022-04-21,13672,61727,092730,네오팜,0.005663847002574496
2022-04-22,13544,62311,092730,네오팜,-0.009362200117027486
2022-04-25,13237,52683,092730,네오팜,-0.02266686355581804
2022-04-26,13365,34221,092730,네오팜,0.009669864772984926
2022-04-27,13185,33846,092730,네오팜,-0.013468013468013518
2022-04-28,13134,52896,092730,네오팜,-0.003868031854380005
2022-04-29,13390,119183,092730,네오팜,0.019491396375818537
2022-05-02,13672,134855,092730,네오팜,0.021060492905152994
2022-05-03,13441,75690,092730,네오팜,-0.01689584552369805
2022-05-04,13185,65771,092730,네오팜,-0.019046201919500017
2022-05-06,13057,39371,092730,네오팜,-0.009708001516875231
2022-05-09,12469,86245,092730,네오팜,-0.04503331546297007
2022-05-10,12417,90650,092730,네오팜,-0.004170342449274167
2022-05-11,12315,37525,092730,네오팜,-0.008214544575984584
2022-05-12,11956,56809,092730,네오팜,-0.029151441331709327
2022-05-13,12008,58622,092730,네오팜,0.004349280695884916
2022-05-16,12136,26414,092730,네오팜,0.01065956029313786
2022-05-17,12084,34284,092730,네오팜,-0.00428477257745552
2022-05-18,12059,15812,092730,네오팜,-0.002068851373717262
2022-05-19,11982,26361,092730,네오팜,-0.00638527241064768
2022-05-20,11956,27728,092730,네오팜,-0.0021699215489902057
2022-05-23,11931,25515,092730,네오팜,-0.0020910003345600003
2022-05-24,11777,22494,092730,네오팜,-0.012907551755929947
2022-05-25,11777,27843,092730,네오팜,0.0
2022-05-26,11752,20776,092730,네오팜,-0.0021227816931306265
2022-05-27,11752,21418,092730,네오팜,0.0
2022-05-30,11905,29255,092730,네오팜,0.01301906058543234
2022-05-31,11931,31667,092730,네오팜,0.002183956320873648
2022-06-02,11854,11398,092730,네오팜,-0.006453775877964918
2022-06-03,11905,26232,092730,네오팜,0.004302345199932445
2022-06-07,11828,26533,092730,네오팜,-0.006467870642587137
2022-06-08,11828,15630,092730,네오팜,0.0
2022-06-09,12008,33555,092730,네오팜,0.015218126479540128
2022-06-10,11854,20196,092730,네오팜,-0.012824783477681567
2022-06-13,11496,53214,092730,네오팜,-0.03020077610933014
2022-06-14,11316,60598,092730,네오팜,-0.01565762004175364
2022-06-15,10856,51894,092730,네오팜,-0.04065040650406504
2022-06-16,10727,26314,092730,네오팜,-0.01188282977155486
2022-06-17,10574,30272,092730,네오팜,-0.014263074484944571
2022-06-20,10113,43946,092730,네오팜,-0.04359750331000567
2022-06-21,10292,40126,092730,네오팜,0.017699990111737396
2022-06-22,10190,36582,092730,네오팜,-0.009910610182666146
2022-06-23,9780,50943,092730,네오팜,-0.04023552502453387
2022-06-24,10087,26080,092730,네오팜,0.03139059304703484
2022-06-27,10343,26191,092730,네오팜,0.02537920095171997
2022-06-28,10420,10412,092730,네오팜,0.007444648554578048
2022-06-29,10497,19766,092730,네오팜,0.007389635316698673
2022-06-30,10241,25234,092730,네오팜,-0.02438792035819759
2022-07-01,10011,26021,092730,네오팜,-0.02245874426325556
2022-07-04,9703,45616,092730,네오팜,-0.030766157227050228
2022-07-05,10062,50271,092730,네오팜,0.036998866330000935
2022-07-06,10292,45104,092730,네오팜,0.022858278672232224
2022-07-07,10318,20582,092730,네오팜,0.0025262339681306756
2022-07-08,10318,20485,092730,네오팜,0.0
2022-07-11,10241,9801,092730,네오팜,-0.007462686567164201
2022-07-12,10011,12138,092730,네오팜,-0.02245874426325556
2022-07-13,10241,30968,092730,네오팜,0.022974727799420558
2022-07-14,10702,47489,092730,네오팜,0.04501513524069911
2022-07-15,10625,28435,092730,네오팜,-0.007194916837974241
2022-07-18,10599,12480,092730,네오팜,-0.0024470588235293578
2022-07-19,10625,16171,092730,네오팜,0.002453061609585916
2022-07-20,10625,10541,092730,네오팜,0.0
2022-07-21,10523,32247,092730,네오팜,-0.009600000000000053
2022-07-22,10625,23025,092730,네오팜,0.009693053311793154
2022-07-25,10548,7284,092730,네오팜,-0.007247058823529384
2022-07-26,10471,10844,092730,네오팜,-0.0072999620781191155
2022-07-27,10471,21514,092730,네오팜,0.0
2022-07-28,10497,23234,092730,네오팜,0.002483048419444245
2022-07-29,10574,17391,092730,네오팜,0.007335429170239216
2022-08-01,10625,12238,092730,네오팜,0.004823151125401992
2022-08-02,10599,7784,092730,네오팜,-0.0024470588235293578
2022-08-03,10625,7610,092730,네오팜,0.002453061609585916
2022-08-04,10702,20247,092730,네오팜,0.007247058823529384
2022-08-05,10702,10465,092730,네오팜,0.0
2022-08-08,10625,23547,092730,네오팜,-0.007194916837974241
2022-08-09,10497,22690,092730,네오팜,-0.01204705882352941
2022-08-10,10292,44128,092730,네오팜,-0.0195293893493379
2022-08-11,10446,16944,092730,네오팜,0.014963078118927386
2022-08-12,10497,19684,092730,네오팜,0.004882251579551911
2022-08-16,10446,23469,092730,네오팜,-0.00485853100885969
2022-08-17,10369,28974,092730,네오팜,-0.007371242580892168
2022-08-18,10369,89551,092730,네오팜,0.0
2022-08-19,10292,17716,092730,네오팜,-0.007425981290384853
2022-08-22,10011,44253,092730,네오팜,-0.027302759424795986
2022-08-23,9780,52099,092730,네오팜,-0.023074617920287643
2022-08-24,9959,18083,092730,네오팜,0.018302658486707646
2022-08-25,9985,16280,092730,네오팜,0.0026107038859324305
2022-08-26,10036,12834,092730,네오팜,0.005107661492238291
2022-08-29,9703,22805,092730,네오팜,-0.03318055001992826
2022-08-30,9908,11974,092730,네오팜,0.021127486344429514
2022-08-31,10011,17255,092730,네오팜,0.010395639886960018
2022-09-01,9755,16052,092730,네오팜,-0.025571870941963892
2022-09-02,9729,21922,092730,네오팜,-0.0026652998462326494
2022-09-05,9601,18600,092730,네오팜,-0.013156542296227758
2022-09-06,9652,15833,092730,네오팜,0.005311946672221568
2022-09-07,9524,21274,092730,네오팜,-0.013261500207210952
2022-09-08,9524,11015,092730,네오팜,0.0
2022-09-13,9729,34617,092730,네오팜,0.021524569508609925
2022-09-14,9652,10295,092730,네오팜,-0.007914482475074536
2022-09-15,9627,10728,092730,네오팜,-0.002590136759220929
2022-09-16,9601,11599,092730,네오팜,-0.0027007375090890573
2022-09-19,9601,13970,092730,네오팜,0.0
2022-09-20,9959,39697,092730,네오팜,0.037287782522653856
2022-09-21,10087,19504,092730,네오팜,0.012852696053820667
2022-09-22,10062,39691,092730,네오팜,-0.002478437592941418
2022-09-23,9780,31003,092730,네오팜,-0.02802623732856291
2022-09-26,9447,74317,092730,네오팜,-0.03404907975460125
2022-09-27,9370,56620,092730,네오팜,-0.008150735683285726
2022-09-28,8858,79392,092730,네오팜,-0.054642475987193184
2022-09-29,8654,144504,092730,네오팜,-0.02303002935199816
2022-09-30,8628,36930,092730,네오팜,-0.0030043910330482815
2022-10-04,8961,41952,092730,네오팜,0.03859527121001394
2022-10-05,8858,9108,092730,네오팜,-0.011494252873563204
2022-10-06,8986,18842,092730,네오팜,0.014450214495371316
2022-10-07,8961,7030,092730,네오팜,-0.0027821054974405124
2022-10-11,8551,37611,092730,네오팜,-0.04575382211806722
2022-10-12,8449,59762,092730,네오팜,-0.011928429423459286
2022-10-13,8193,42392,092730,네오팜,-0.030299443721150454
2022-10-14,8628,27339,092730,네오팜,0.05309410472354448
2022-10-17,8628,10639,092730,네오팜,0.0
2022-10-18,8756,11998,092730,네오팜,0.014835419564209529
2022-10-19,8730,18387,092730,네오팜,-0.0029693924166286356
2022-10-20,8730,10566,092730,네오팜,0.0
2022-10-21,8935,16192,092730,네오팜,0.023482245131729584
2022-10-24,8858,19936,092730,네오팜,-0.008617795187464972
2022-10-25,8730,7252,092730,네오팜,-0.014450214495371427
2022-10-26,8833,8844,092730,네오팜,0.011798396334478767
2022-10-27,8807,24943,092730,네오팜,-0.002943507302162307
2022-10-28,8833,15073,092730,네오팜,0.0029521971159305327
2022-10-31,8833,8280,092730,네오팜,0.0
2022-11-01,8782,28597,092730,네오팜,-0.005773802785010718
2022-11-02,8884,15972,092730,네오팜,0.011614666363015225
2022-11-03,8961,17362,092730,네오팜,0.008667266996848166
2022-11-04,9063,15325,092730,네오팜,0.011382658185470351
2022-11-07,9191,16808,092730,네오팜,0.014123358711243483
2022-11-08,9396,27521,092730,네오팜,0.022304428245022212
2022-11-09,9370,11244,092730,네오팜,-0.002767134951042971
2022-11-10,9396,12783,092730,네오팜,0.002774813233724638
2022-11-11,9447,11900,092730,네오팜,0.005427841634738195
2022-11-14,9473,17142,092730,네오팜,0.0027521964644861008
2022-11-15,9524,18760,092730,네오팜,0.005383722157711324
2022-11-16,9422,9865,092730,네오팜,-0.010709785804283944
2022-11-17,9499,5702,092730,네오팜,0.008172362555720625
2022-11-18,9575,10691,092730,네오팜,0.008000842193915059
2022-11-21,9422,9211,092730,네오팜,-0.015979112271540474
2022-11-22,9345,4118,092730,네오팜,-0.008172362555720625
2022-11-23,9370,5239,092730,네오팜,0.002675227394328461
2022-11-24,9447,6432,092730,네오팜,0.008217716115261453
2022-11-25,9217,36344,092730,네오팜,-0.0243463533396846
2022-11-28,9063,8422,092730,네오팜,-0.01670825648258656
2022-11-29,9396,23949,092730,네오팜,0.036742800397219444
2022-11-30,9499,18067,092730,네오팜,0.010962111536824137
2022-12-01,9550,11949,092730,네오팜,0.0053689862090746665
2022-12-02,9652,22939,092730,네오팜,0.010680628272251358
2022-12-05,10062,70384,092730,네오팜,0.04247824285122248
2022-12-06,9755,34785,092730,네오팜,-0.030510832836414203
2022-12-07,9806,18784,092730,네오팜,0.005228088159918043
2022-12-08,9857,26201,092730,네오팜,0.00520089740974905
2022-12-09,9985,45442,092730,네오팜,0.0129856954448615
2022-12-12,9883,18344,092730,네오팜,-0.010215322984476694
2022-12-13,9806,10223,092730,네오팜,-0.007791156531417598
2022-12-14,9806,15689,092730,네오팜,0.0
2022-12-15,9780,14011,092730,네오팜,-0.0026514378951661977
2022-12-16,9908,19415,092730,네오팜,0.013087934560327197
2022-12-19,9959,13531,092730,네오팜,0.005147355672184162
2022-12-20,9729,21705,092730,네오팜,-0.023094688221709014
2022-12-21,9780,8467,092730,네오팜,0.005242059821153333
2022-12-22,9883,14421,092730,네오팜,0.010531697341513269
2022-12-23,9703,10176,092730,네오팜,-0.018213093190326823
2022-12-26,9703,9965,092730,네오팜,0.0
2022-12-27,10215,69710,092730,네오팜,0.05276718540657521
2022-12-28,9601,46569,092730,네오팜,-0.06010768477728834
2022-12-29,9831,22697,092730,네오팜,0.023955837933548496
2023-01-02,9857,32858,092730,네오팜,0.002644695351439408
2023-01-03,9575,23443,092730,네오팜,-0.02860911027696056
2023-01-04,9780,13199,092730,네오팜,0.021409921671018184
2023-01-05,9831,16640,092730,네오팜,0.005214723926380449
2023-01-06,9780,9937,092730,네오팜,-0.005187671650900172
2023-01-09,10036,35936,092730,네오팜,0.026175869120654394
2023-01-10,10395,74487,092730,네오팜,0.0357712235950578
2023-01-11,10267,23531,092730,네오팜,-0.012313612313612277
2023-01-12,10420,41515,092730,네오팜,0.014902113567741404
2023-01-13,10471,31954,092730,네오팜,0.004894433781190033
2023-01-16,10471,15564,092730,네오팜,0.0
2023-01-17,10139,32358,092730,네오팜,-0.03170661827905641
2023-01-18,10215,6331,092730,네오팜,0.007495808265114867
2023-01-19,10548,21824,092730,네오팜,0.032599118942731264
2023-01-20,10599,17721,092730,네오팜,0.004835039817975062
2023-01-25,10446,15630,092730,네오팜,-0.01443532408717807
2023-01-26,10471,9818,092730,네오팜,0.0023932605782117644
2023-01-27,10446,19044,092730,네오팜,-0.0023875465571578935
2023-01-30,10420,21030,092730,네오팜,-0.002488991001340257
2023-01-31,10420,13664,092730,네오팜,0.0
2023-02-01,10523,15058,092730,네오팜,0.009884836852207313
2023-02-02,10446,27876,092730,네오팜,-0.007317304951059533
2023-02-03,10241,32038,092730,네오팜,-0.019624736741336357
2023-02-06,10139,18727,092730,네오팜,-0.009959964847182867
2023-02-07,10057,27074,092730,네오팜,-0.008087582601834509
2023-02-08,10087,45128,092730,네오팜,0.002982996917569869
2023-02-09,10072,23307,092730,네오팜,-0.0014870625557648065
2023-02-10,10021,28814,092730,네오팜,-0.005063542494042839
2023-02-13,10000,18674,092730,네오팜,-0.0020955992415926383
2023-02-14,10154,18965,092730,네오팜,0.01540000000000008
2023-02-15,9872,32938,092730,네오팜,-0.0277723064802049
2023-02-16,9801,26291,092730,네오팜,-0.007192058346839558
2023-02-17,9708,30374,092730,네오팜,-0.00948882767064585
2023-02-20,9539,70692,092730,네오팜,-0.017408323032550466
2023-02-21,9447,49328,092730,네오팜,-0.009644616836146369
2023-02-22,9319,39259,092730,네오팜,-0.013549274902085351
2023-02-23,9319,43657,092730,네오팜,0.0
2023-02-24,9319,37264,092730,네오팜,0.0
2023-02-27,9319,22463,092730,네오팜,0.0
2023-02-28,9488,30907,092730,네오팜,0.018134993025002766
2023-03-02,9483,32686,092730,네오팜,-0.0005269814502529835
2023-03-03,9519,45633,092730,네오팜,0.00379626700411273
2023-03-06,9575,35594,092730,네오팜,0.0058829709003047626
2023-03-07,9427,51886,092730,네오팜,-0.015456919060052199
2023-03-08,9191,58419,092730,네오팜,-0.025034475442876847
2023-03-09,9191,19202,092730,네오팜,0.0
2023-03-10,9099,20274,092730,네오팜,-0.010009792188010014
2023-03-13,9201,20295,092730,네오팜,0.011210023079459175
2023-03-14,8884,37777,092730,네오팜,-0.03445277687207915
2023-03-15,8961,19981,092730,네오팜,0.008667266996848166
2023-03-16,8940,19668,092730,네오팜,-0.0023434884499498043
2023-03-17,9027,6989,092730,네오팜,0.009731543624161176
2023-03-20,9150,15968,092730,네오팜,0.013625789298770341
2023-03-21,9176,11576,092730,네오팜,0.002841530054644714
2023-03-22,9099,16026,092730,네오팜,-0.008391455972101114
2023-03-23,9114,16040,092730,네오팜,0.0016485328058029047
2023-03-24,9186,22477,092730,네오팜,0.007899934167215239
2023-03-27,9161,6122,092730,네오팜,-0.0027215327672545087
2023-03-28,9222,15429,092730,네오팜,0.006658661718152992
2023-03-29,9212,10963,092730,네오팜,-0.0010843634786380507
2023-03-30,9319,10207,092730,네오팜,0.011615284411637061
2023-03-31,9309,19657,092730,네오팜,-0.0010730765103551532
2023-04-03,9227,15189,092730,네오팜,-0.008808679772263406
2023-04-04,9314,58428,092730,네오팜,0.009428850113796461
2023-04-05,9319,76869,092730,네오팜,0.0005368262830147685
2023-04-06,9263,35164,092730,네오팜,-0.006009228457989013
2023-04-07,9350,17673,092730,네오팜,0.009392205548958144
2023-04-10,9304,27046,092730,네오팜,-0.004919786096256651
2023-04-11,9268,18303,092730,네오팜,-0.0038693035253654084
2023-04-12,9268,21725,092730,네오팜,0.0
2023-04-13,9217,26695,092730,네오팜,-0.005502805351747964
2023-04-14,9248,24084,092730,네오팜,0.0033633503309102863
2023-04-17,9253,15384,092730,네오팜,0.0005406574394464236
2023-04-18,9370,55152,092730,네오팜,0.012644547714254939
2023-04-19,9411,100248,092730,네오팜,0.004375667022411989
2023-04-20,9242,54704,092730,네오팜,-0.017957709063861405
2023-04-21,9278,23510,092730,네오팜,0.003895260766068054
2023-04-24,9099,23105,092730,네오팜,-0.01929295106704032
2023-04-25,9176,27195,092730,네오팜,0.008462468403121148
2023-04-26,9166,11039,092730,네오팜,-0.0010897994768962471
2023-04-27,9058,26673,092730,네오팜,-0.011782675103643947
2023-04-28,8961,27939,092730,네오팜,-0.010708765731949677
2023-05-02,9012,21809,092730,네오팜,0.005691329092735176
2023-05-03,9150,18493,092730,네오팜,0.015312916111850816
2023-05-04,9073,25746,092730,네오팜,-0.008415300546448123
2023-05-08,10318,2680556,092730,네오팜,0.1372203240383556
2023-05-09,10907,640261,092730,네오팜,0.05708470633843765
2023-05-10,10804,332997,092730,네오팜,-0.009443476666361028
2023-05-11,11316,607607,092730,네오팜,0.04738985560903375
2023-05-12,11112,244120,092730,네오팜,-0.018027571580063628
2023-05-15,11214,242876,092730,네오팜,0.009179265658747271
2023-05-16,11163,235932,092730,네오팜,-0.004547886570358428
2023-05-17,11342,193543,092730,네오팜,0.01603511600824148
2023-05-18,11163,95714,092730,네오팜,-0.01578204902133662
2023-05-19,11188,86967,092730,네오팜,0.00223954134193316
2023-05-22,10804,151464,092730,네오팜,-0.034322488380407634
2023-05-23,11188,137190,092730,네오팜,0.0355423917067752
2023-05-24,11060,61697,092730,네오팜,-0.011440829460135915
2023-05-25,10932,65712,092730,네오팜,-0.011573236889692584
2023-05-26,10651,99250,092730,네오팜,-0.025704354189535317
2023-05-30,10446,117752,092730,네오팜,-0.01924701905924331
2023-05-31,10343,59979,092730,네오팜,-0.009860233582232425
2023-06-01,10343,86688,092730,네오팜,0.0
2023-06-02,10164,106415,092730,네오팜,-0.017306390795707283
2023-06-05,10497,130873,092730,네오팜,0.032762691853601034
2023-06-07,10497,41015,092730,네오팜,0.0
2023-06-08,10523,53658,092730,네오팜,0.002476898161379415
2023-06-09,10676,122294,092730,네오팜,0.01453957996768973
2023-06-12,10625,64822,092730,네오팜,-0.004777070063694322
2023-06-13,10523,104031,092730,네오팜,-0.009600000000000053
2023-06-14,10292,104285,092730,네오팜,-0.02195191485317871
2023-06-15,11931,1298382,092730,네오팜,0.159249902837155
2023-06-16,12084,380264,092730,네오팜,0.012823736484787629
2023-06-19,11496,175355,092730,네오팜,-0.04865938430983119
2023-06-20,12161,559960,092730,네오팜,0.05784620737647872
2023-06-21,12417,322573,092730,네오팜,0.021050900419373297
2023-06-22,12699,195975,092730,네오팜,0.022710799710074836
2023-06-23,12341,203165,092730,네오팜,-0.02819119615717769
2023-06-26,12264,61164,092730,네오팜,-0.006239364719228591
2023-06-27,12213,64832,092730,네오팜,-0.004158512720156549
2023-06-28,12750,198459,092730,네오팜,0.043969540653402195
2023-06-29,12878,148005,092730,네오팜,0.010039215686274527
2023-06-30,13288,168527,092730,네오팜,0.03183724180773417
2023-07-03,13006,191856,092730,네오팜,-0.021222155328115555
2023-07-04,12725,250658,092730,네오팜,-0.021605412886360087
2023-07-05,12597,172509,092730,네오팜,-0.010058939096267205
2023-07-06,12238,95915,092730,네오팜,-0.028498848932285492
2023-07-07,12341,72678,092730,네오팜,0.008416407909789259
2023-07-10,12110,57977,092730,네오팜,-0.018718094157685772
2023-07-11,11931,81060,092730,네오팜,-0.014781172584640845
2023-07-12,12161,120148,092730,네오팜,0.019277512362752436
2023-07-13,12084,216733,092730,네오팜,-0.006331716141764643
2023-07-14,11649,157441,092730,네오팜,-0.0359980139026812
2023-07-17,11496,86821,092730,네오팜,-0.013134174607262405
2023-07-18,11675,119214,092730,네오팜,0.015570633263743971
2023-07-19,11598,60442,092730,네오팜,-0.0065952890792291274
2023-07-20,11419,55907,092730,네오팜,-0.015433695464735275
2023-07-21,11419,45762,092730,네오팜,0.0
2023-07-24,11265,70764,092730,네오팜,-0.013486294771871465
2023-07-25,11316,67040,092730,네오팜,0.004527296937416825
2023-07-26,11137,214220,092730,네오팜,-0.01581831035701664
2023-07-27,11291,224670,092730,네오팜,0.013827781269641681
2023-07-28,11700,98001,092730,네오팜,0.03622354087326185
2023-07-31,12136,117490,092730,네오팜,0.037264957264957266
2023-08-01,12392,166086,092730,네오팜,0.021094264996704082
2023-08-02,12110,70745,092730,네오팜,-0.02275661717236932
2023-08-03,12136,72204,092730,네오팜,0.0021469859620149023
2023-08-04,13416,644408,092730,네오팜,0.10547132498352019
2023-08-07,13160,535173,092730,네오팜,-0.019081693500298202
2023-08-08,13160,525182,092730,네오팜,0.0
2023-08-09,12776,188753,092730,네오팜,-0.029179331306990908
2023-08-10,13416,510934,092730,네오팜,0.05009392611145902
2023-08-11,13339,195549,092730,네오팜,-0.005739415623136512
2023-08-14,13211,228312,092730,네오팜,-0.009595921733263402
2023-08-16,12622,198240,092730,네오팜,-0.04458405873892968
2023-08-17,12571,171789,092730,네오팜,-0.004040564094438315
2023-08-18,12545,131699,092730,네오팜,-0.0020682523267838704
2023-08-21,12494,93607,092730,네오팜,-0.0040653646871263716
2023-08-22,12264,89801,092730,네오팜,-0.018408836241395887
2023-08-23,12264,54038,092730,네오팜,0.0
2023-08-24,12392,88133,092730,네오팜,0.010437051532941943
2023-08-25,12801,143164,092730,네오팜,0.033005164622337047
2023-08-28,13262,118630,092730,네오팜,0.03601281149910163
2023-08-29,13211,330642,092730,네오팜,-0.003845573819936665
2023-08-30,13134,82767,092730,네오팜,-0.005828476269775229
2023-08-31,13954,503992,092730,네오팜,0.062433379016293644
2023-09-01,13595,173517,092730,네오팜,-0.025727389995700123
2023-09-04,13749,106492,092730,네오팜,0.011327694005148992
2023-09-05,13698,98729,092730,네오팜,-0.003709360680776763
2023-09-06,13237,97733,092730,네오팜,-0.03365454810921298
2023-09-07,12929,217001,092730,네오팜,-0.023268112109994687
2023-09-08,13467,132917,092730,네오팜,0.041611880269162294
2023-09-11,13570,115637,092730,네오팜,0.007648325536496525
2023-09-12,12853,101471,092730,네오팜,-0.05283714075165802
2023-09-13,12725,64156,092730,네오팜,-0.00995876449078037
2023-09-14,12827,42105,092730,네오팜,0.008015717092337837
2023-09-15,12648,37502,092730,네오팜,-0.013954938800966765
2023-09-18,12853,47684,092730,네오팜,0.016208096141682393
2023-09-19,12750,75404,092730,네오팜,-0.008013693301174851
2023-09-20,12981,109718,092730,네오팜,0.01811764705882357
2023-09-21,12750,46625,092730,네오팜,-0.01779523919574766
2023-09-22,12648,52378,092730,네오팜,-0.008000000000000007
2023-09-25,13134,86807,092730,네오팜,0.038425047438330084
2023-09-26,12801,134058,092730,네오팜,-0.025354042941982624
2023-09-27,13057,81345,092730,네오팜,0.019998437622060772
2023-10-04,12827,118861,092730,네오팜,-0.017615072374971286
2023-10-05,12853,57220,092730,네오팜,0.0020269743509784277
2023-10-06,12955,40706,092730,네오팜,0.007935890453590666
2023-10-10,12878,85256,092730,네오팜,-0.005943651099961422
2023-10-11,12827,40025,092730,네오팜,-0.003960242273644998
2023-10-12,12955,52164,092730,네오팜,0.009978950650970653
2023-10-13,13390,91076,092730,네오팜,0.033577769201080576
2023-10-16,13057,87934,092730,네오팜,-0.02486930545182975
2023-10-17,13313,50474,092730,네오팜,0.019606341426054996
2023-10-18,13390,64291,092730,네오팜,0.005783820325997224
2023-10-19,12801,75561,092730,네오팜,-0.04398805078416734
2023-10-20,12545,89793,092730,네오팜,-0.019998437622060772
2023-10-23,12341,33825,092730,네오팜,-0.016261458748505375
2023-10-24,12520,43460,092730,네오팜,0.01450449720444058
2023-10-25,12827,106144,092730,네오팜,0.02452076677316284
2023-10-26,12520,65207,092730,네오팜,-0.023933889451937307
2023-10-27,12443,40314,092730,네오팜,-0.006150159744408912
2023-10-30,12161,58069,092730,네오팜,-0.022663344852527523
2023-10-31,12699,114123,092730,네오팜,0.04423978291258934
2023-11-01,13160,96118,092730,네오팜,0.03630207102921479
2023-11-02,13109,102014,092730,네오팜,-0.003875379939209722
2023-11-03,13006,46700,092730,네오팜,-0.007857197345335298
2023-11-06,12673,126912,092730,네오팜,-0.02560356758419191
2023-11-07,12545,117055,092730,네오팜,-0.0101002130513691
2023-11-08,12571,59227,092730,네오팜,0.002072538860103723
2023-11-09,12392,45751,092730,네오팜,-0.014239121788242826
2023-11-10,12264,25802,092730,네오팜,-0.010329244673983218
2023-11-13,12264,46198,092730,네오팜,0.0
2023-11-14,12289,42138,092730,네오팜,0.0020384866275278135
2023-11-15,12238,61801,092730,네오팜,-0.004150052892830991
2023-11-16,12213,28669,092730,네오팜,-0.0020428174538322796
2023-11-17,12161,33557,092730,네오팜,-0.004257758126586464
2023-11-20,11956,40406,092730,네오팜,-0.016857166351451403
2023-11-21,11726,129137,092730,네오팜,-0.019237203077952514
2023-11-22,11777,41913,092730,네오팜,0.0043493092273581
2023-11-23,11521,116838,092730,네오팜,-0.021737284537658108
2023-11-24,11547,29259,092730,네오팜,0.002256748546133114
2023-11-27,11726,65445,092730,네오팜,0.015501861955486307
2023-11-28,12033,80095,092730,네오팜,0.02618113593723348
2023-11-29,12084,59772,092730,네오팜,0.004238344552480733
2023-11-30,11700,53437,092730,네오팜,-0.03177755710029795
2023-12-01,11982,26871,092730,네오팜,0.02410256410256406
2023-12-04,12059,38502,092730,네오팜,0.006426306125855374
2023-12-05,11982,44557,092730,네오팜,-0.00638527241064768
2023-12-06,11956,36832,092730,네오팜,-0.0021699215489902057
2023-12-07,11880,64703,092730,네오팜,-0.00635664101706257
2023-12-08,11931,30889,092730,네오팜,0.004292929292929237
2023-12-11,11982,16483,092730,네오팜,0.004274578828262543
2023-12-12,12136,88117,092730,네오팜,0.012852612251710971
2023-12-13,12084,65351,092730,네오팜,-0.00428477257745552
2023-12-14,12187,71487,092730,네오팜,0.00852366765971535
2023-12-15,12161,60143,092730,네오팜,-0.0021334208582916014
2023-12-18,12264,27056,092730,네오팜,0.008469698215607169
2023-12-19,12238,32130,092730,네오팜,-0.002120026092628846
2023-12-20,12238,41167,092730,네오팜,0.0
2023-12-21,12443,86336,092730,네오팜,0.016751103121425137
2023-12-22,13134,289361,092730,네오팜,0.05553323153580325
2023-12-26,13185,151954,092730,네오팜,0.0038830516217451816
2023-12-27,13262,67890,092730,네오팜,0.005839969662495337
2023-12-28,13237,136667,092730,네오팜,-0.001885085205851289
2024-01-02,12878,90926,092730,네오팜,-0.027120948855480886
2024-01-03,13441,164932,092730,네오팜,0.04371796862866906
2024-01-04,13134,75615,092730,네오팜,-0.02284056245815047
2024-01-05,13774,200427,092730,네오팜,0.04872849093954623
2024-01-08,13698,134224,092730,네오팜,-0.005517641934078665
2024-01-09,13774,43099,092730,네오팜,0.005548255219740117
2024-01-10,14901,346210,092730,네오팜,0.0818208218382459
2024-01-11,14542,138780,092730,네오팜,-0.024092342795785537
2024-01-12,14747,125772,092730,네오팜,0.014097098060789515
2024-01-15,14645,68392,092730,네오팜,-0.0069166610157997965
2024-01-16,14542,110868,092730,네오팜,-0.007033117104813913
2024-01-17,14082,112542,092730,네오팜,-0.031632512721771366
2024-01-18,14363,160679,092730,네오팜,0.01995455191023998
2024-01-19,14005,90158,092730,네오팜,-0.024925154911926484
2024-01-22,13979,68448,092730,네오팜,-0.0018564798286326845
2024-01-23,13928,68214,092730,네오팜,-0.003648329637313097
2024-01-24,13851,121005,092730,네오팜,-0.005528431935669209
2024-01-25,14568,156310,092730,네오팜,0.05176521550790558
2024-01-26,13979,78050,092730,네오팜,-0.04043108182317412
2024-01-29,13672,125959,092730,네오팜,-0.02196151369912014
2024-01-30,13723,51265,092730,네오팜,0.00373025160912821
2024-01-31,13467,52593,092730,네오팜,-0.018654813087517264
2024-02-01,13441,75049,092730,네오팜,-0.0019306452810573527
2024-02-02,13211,74473,092730,네오팜,-0.01711182203705086
2024-02-05,13826,132660,092730,네오팜,0.04655211566119144
2024-02-06,14184,150143,092730,네오팜,0.025893244611601363
2024-02-07,13902,55460,092730,네오팜,-0.019881556683587154
2024-02-08,13621,98993,092730,네오팜,-0.020212919004459762
2024-02-13,13851,51383,092730,네오팜,0.01688569121209893
2024-02-14,13877,73217,092730,네오팜,0.0018771207855028393
2024-02-15,13749,29712,092730,네오팜,-0.009223895654680403
2024-02-16,13493,86409,092730,네오팜,-0.0186195359662521
2024-02-19,13723,62340,092730,네오팜,0.017045875639220442
2024-02-20,13672,37920,092730,네오팜,-0.003716388544778848
2024-02-21,13800,75240,092730,네오팜,0.009362200117027486
2024-02-22,14312,106183,092730,네오팜,0.0371014492753623
2024-02-23,14107,52945,092730,네오팜,-0.014323644494130816
2024-02-26,13749,156375,092730,네오팜,-0.025377472176933424
2024-02-27,13826,123468,092730,네오팜,0.005600407302349231
2024-02-28,13493,122905,092730,네오팜,-0.02408505713872411
2024-02-29,13313,84296,092730,네오팜,-0.013340250500259443
2024-03-04,12878,238831,092730,네오팜,-0.03267482911439945
2024-03-05,12955,42230,092730,네오팜,0.0059791893151111
2024-03-06,13057,38927,092730,네오팜,0.00787340795059821
2024-03-07,12571,87729,092730,네오팜,-0.03722141380102628
2024-03-08,12776,32760,092730,네오팜,0.016307374115026585
2024-03-11,13006,106494,092730,네오팜,0.018002504696305488
2024-03-12,12878,48455,092730,네오팜,-0.009841611563893626
2024-03-13,12981,41741,092730,네오팜,0.00799813635657709
2024-03-14,13057,37133,092730,네오팜,0.005854710731068469
2024-03-15,12750,53330,092730,네오팜,-0.02351229225702689
2024-03-18,12648,31581,092730,네오팜,-0.008000000000000007
2024-03-19,12520,88178,092730,네오팜,-0.010120177103099315
2024-03-20,12520,36254,092730,네오팜,0.0
2024-03-21,12289,164690,092730,네오팜,-0.018450479233226846
2024-03-22,12238,57788,092730,네오팜,-0.004150052892830991
2024-03-25,12213,43062,092730,네오팜,-0.0020428174538322796
2024-03-26,11982,102977,092730,네오팜,-0.018914271677720418
2024-03-27,12392,82624,092730,네오팜,0.0342179936571525
2024-03-28,12801,154574,092730,네오팜,0.033005164622337047
2024-03-29,12571,83087,092730,네오팜,-0.01796734630107022
2024-04-01,12955,90574,092730,네오팜,0.03054649590326952
2024-04-02,12648,64726,092730,네오팜,-0.02369741412582016
2024-04-03,12443,115326,092730,네오팜,-0.016208096141682504
2024-04-04,12366,80538,092730,네오팜,-0.006188218275335555
2024-04-05,12520,40072,092730,네오팜,0.012453501536471068
2024-04-08,12033,80503,092730,네오팜,-0.03889776357827479
2024-04-09,11777,106376,092730,네오팜,-0.021274827557550058
2024-04-11,11854,77125,092730,네오팜,0.006538167614842383
2024-04-12,12033,87789,092730,네오팜,0.015100388054665181
2024-04-15,11726,59059,092730,네오팜,-0.02551317211003079
2024-04-16,11572,57780,092730,네오팜,-0.013133208255159512
2024-04-17,11828,66523,092730,네오팜,0.02212236432768755
2024-04-18,12084,32993,092730,네오팜,0.021643557659790424
2024-04-19,11905,66785,092730,네오팜,-0.014812975835815978
2024-04-22,12059,40392,092730,네오팜,0.012935741285174274
2024-04-23,12392,94818,092730,네오팜,0.027614230035658105
2024-04-24,13211,228595,092730,네오팜,0.06609102646868958
2024-04-25,13211,186685,092730,네오팜,0.0
2024-04-26,13185,54308,092730,네오팜,-0.0019680569222617628
2024-04-29,13032,60744,092730,네오팜,-0.011604095563139905
2024-04-30,13313,131953,092730,네오팜,0.021562308164518207
2024-05-02,13390,114344,092730,네오팜,0.005783820325997224
2024-05-03,13185,35209,092730,네오팜,-0.015309932785660951
2024-05-07,13032,80083,092730,네오팜,-0.011604095563139905
2024-05-08,13006,57628,092730,네오팜,-0.0019950890116635644
2024-05-09,13083,117533,092730,네오팜,0.005920344456404658
2024-05-10,13467,174048,092730,네오팜,0.02935106626920425
2024-05-13,13288,164516,092730,네오팜,-0.013291750204202812
2024-05-14,12776,270942,092730,네오팜,-0.03853100541842269
2024-05-16,13416,193637,092730,네오팜,0.05009392611145902
2024-05-17,13365,101412,092730,네오팜,-0.003801431127012478
2024-05-20,13467,53058,092730,네오팜,0.007631874298541064
2024-05-21,13800,181168,092730,네오팜,0.02472711071508127
2024-05-22,14133,269925,092730,네오팜,0.02413043478260879
2024-05-23,14235,107849,092730,네오팜,0.007217151347909123
2024-05-24,14338,185312,092730,네오팜,0.007235686687741438
2024-05-27,14082,100338,092730,네오팜,-0.017854651973776003
2024-05-28,14542,152692,092730,네오팜,0.03266581451498363
2024-05-29,14466,121601,092730,네오팜,-0.00522624123229265
2024-05-30,14363,103514,092730,네오팜,-0.007120143785427913
2024-05-31,14338,154342,092730,네오팜,-0.0017405834435703094
2024-06-03,14594,141082,092730,네오팜,0.017854651973775892
2024-06-04,15055,819242,092730,네오팜,0.03158832396875422
2024-06-05,15208,251753,092730,네오팜,0.010162736632348013
2024-06-07,15131,87426,092730,네오팜,-0.005063124671225716
2024-06-10,15362,137723,092730,네오팜,0.015266671072632354
2024-06-11,15413,109843,092730,네오팜,0.0033198802239291503
2024-06-12,15899,207520,092730,네오팜,0.03153182378511654
2024-06-13,17000,419705,092730,네오팜,0.06924963834203401
2024-06-14,16616,255405,092730,네오팜,-0.022588235294117687
2024-06-17,16155,158627,092730,네오팜,-0.02774434280211846
2024-06-18,16053,133290,092730,네오팜,-0.006313834726091039
2024-06-19,15541,254792,092730,네오팜,-0.03189434996573848
2024-06-20,15055,239273,092730,네오팜,-0.03127211891126702
2024-06-21,15131,149054,092730,네오팜,0.00504815675855208
2024-06-24,15541,168686,092730,네오팜,0.0270966889167934
2024-06-25,15336,127694,092730,네오팜,-0.013190914355575623
2024-06-26,15080,188204,092730,네오팜,-0.016692749087115266
2024-06-27,14747,197258,092730,네오팜,-0.0220822281167109
2024-06-28,15131,92671,092730,네오팜,0.026039194412422972
2024-07-01,15055,90529,092730,네오팜,-0.005022800872381161
2024-07-02,14798,71067,092730,네오팜,-0.017070740617734947
2024-07-03,14440,101281,092730,네오팜,-0.0241924584403298
2024-07-04,14619,169736,092730,네오팜,0.012396121883656575
2024-07-05,14286,77707,092730,네오팜,-0.022778575825979863
2024-07-08,14082,124169,092730,네오팜,-0.014279714405711852
2024-07-09,14005,55556,092730,네오팜,-0.0054679732992473085
2024-07-10,14056,30673,092730,네오팜,0.0036415565869332145
2024-07-11,13467,278472,092730,네오팜,-0.04190381331815596
2024-07-12,13723,102287,092730,네오팜,0.019009430459641985
2024-07-15,13723,88709,092730,네오팜,0.0
2024-07-16,13467,47815,092730,네오팜,-0.018654813087517264
2024-07-17,13723,70477,092730,네오팜,0.019009430459641985
2024-07-18,13672,59215,092730,네오팜,-0.003716388544778848
2024-07-19,13467,42362,092730,네오팜,-0.014994148624926873
2024-07-22,13339,35389,092730,네오팜,-0.009504715229820992
2024-07-23,13339,29731,092730,네오팜,0.0
2024-07-24,13365,26746,092730,네오팜,0.0019491716020691996
2024-07-25,13057,48129,092730,네오팜,-0.023045267489711918
2024-07-26,12955,60787,092730,네오팜,-0.0078119016619437875
2024-07-29,13416,40029,092730,네오팜,0.035584716325743004
2024-07-30,13313,35338,092730,네오팜,-0.007677400119260547
2024-07-31,13134,20321,092730,네오팜,-0.013445504394201113
2024-08-01,13134,29853,092730,네오팜,0.0
2024-08-02,12827,88756,092730,네오팜,-0.023374447997563608
2024-08-05,11828,250013,092730,네오팜,-0.0778825914087472
2024-08-06,11521,123233,092730,네오팜,-0.02595536016232669
2024-08-07,11470,72053,092730,네오팜,-0.004426699071261142
2024-08-08,11240,52164,092730,네오팜,-0.02005231037489097
2024-08-09,11188,83126,092730,네오팜,-0.00462633451957295
2024-08-12,11393,42437,092730,네오팜,0.018323203432248913
2024-08-13,11137,273291,092730,네오팜,-0.022469937681032226
2024-08-14,10958,123390,092730,네오팜,-0.016072550956271914
2024-08-16,10907,197488,092730,네오팜,-0.004654133966052187
2024-08-19,10676,149573,092730,네오팜,-0.021179059319702986
2024-08-20,10881,102641,092730,네오팜,0.01920194829524169
2024-08-21,11188,80982,092730,네오팜,0.028214318536899263
2024-08-22,11291,72971,092730,네오팜,0.00920629245620308
2024-08-23,11188,39365,092730,네오팜,-0.009122309804268869
2024-08-26,11137,28310,092730,네오팜,-0.004558455488022917
2024-08-27,11112,51336,092730,네오팜,-0.0022447696866301214
2024-08-28,11112,30011,092730,네오팜,0.0
2024-08-29,10958,24297,092730,네오팜,-0.013858891288696884
2024-08-30,11112,29536,092730,네오팜,0.014053659426902732
2024-09-02,11240,52882,092730,네오팜,0.011519078473722022
2024-09-03,11316,35223,092730,네오팜,0.006761565836298944
2024-09-04,11009,40445,092730,네오팜,-0.027129727819017346
2024-09-05,10958,34565,092730,네오팜,-0.004632573349078073
2024-09-06,10753,42038,092730,네오팜,-0.01870779339295492
2024-09-09,11009,44360,092730,네오팜,0.02380730958802202
2024-09-10,11880,1074650,092730,네오팜,0.07911708602052858
2024-09-11,11956,206936,092730,네오팜,0.0063973063973064015
2024-09-12,12033,144070,092730,네오팜,0.0064402810304449165
2024-09-13,11828,95894,092730,네오팜,-0.017036483005069436
2024-09-19,11470,102498,092730,네오팜,-0.030267162664863068
2024-09-20,11547,93911,092730,네오팜,0.006713164777680802
2024-09-23,11726,51785,092730,네오팜,0.015501861955486307
2024-09-24,11521,44120,092730,네오팜,-0.0174825174825175
2024-09-25,11828,131707,092730,네오팜,0.02664699244857216
2024-09-26,12776,249303,092730,네오팜,0.08014879945891096
2024-09-27,13493,325799,092730,네오팜,0.05612085159674396
2024-09-30,13518,247488,092730,네오팜,0.0018528125694805553
2024-10-02,12904,211132,092730,네오팜,-0.04542092025447553
2024-10-04,12955,177555,092730,네오팜,0.003952262864228118
2024-10-07,13109,97495,092730,네오팜,0.011887302199922845
2024-10-08,12520,64853,092730,네오팜,-0.04493096346021819
2024-10-10,12955,105033,092730,네오팜,0.03474440894568698
2024-10-11,12801,77289,092730,네오팜,-0.011887302199922845
2024-10-14,12801,51265,092730,네오팜,0.0
2024-10-15,13134,50162,092730,네오팜,0.026013592688071352
2024-10-16,13467,505298,092730,네오팜,0.025354042941982735
2024-10-17,13262,150462,092730,네오팜,-0.015222395485260276
2024-10-18,12904,103435,092730,네오팜,-0.026994420147790632
2024-10-21,13057,67156,092730,네오팜,0.011856788592684353
2024-10-22,13185,104953,092730,네오팜,0.009803170713027498
2024-10-23,13672,210693,092730,네오팜,0.03693591202123625
2024-10-24,14005,171074,092730,네오팜,0.02435634874195447
2024-10-25,13774,147316,092730,네오팜,-0.016494109246697586
2024-10-28,13723,156402,092730,네오팜,-0.003702628139973907
2024-10-29,13570,224222,092730,네오팜,-0.011149165634336544
2024-10-30,13400,112652,092730,네오팜,-0.012527634487840777
2024-10-31,12920,59999,092730,네오팜,-0.035820895522388096
2024-11-01,13200,67682,092730,네오팜,0.021671826625387025
2024-11-04,14150,270127,092730,네오팜,0.07196969696969702
2024-11-05,14230,64441,092730,네오팜,0.00565371024734973
2024-11-06,14620,145971,092730,네오팜,0.027406886858749147
2024-11-07,14100,144057,092730,네오팜,-0.035567715458276306
2024-11-08,14050,36906,092730,네오팜,-0.0035460992907800915
2024-11-11,13570,41234,092730,네오팜,-0.03416370106761568
2024-11-12,12850,69615,092730,네오팜,-0.053058216654384704
2024-11-13,13020,70953,092730,네오팜,0.01322957198443575
2024-11-14,13010,36047,092730,네오팜,-0.0007680491551459445
2024-11-15,13070,19060,092730,네오팜,0.004611837048424272
2024-11-18,12890,33243,092730,네오팜,-0.01377199693955622
2024-11-19,12370,55667,092730,네오팜,-0.040341349883630695
2024-11-20,11840,100815,092730,네오팜,-0.04284559417946643
2024-11-21,11840,32758,092730,네오팜,0.0
2024-11-22,11580,167246,092730,네오팜,-0.02195945945945943
2024-11-25,12000,145639,092730,네오팜,0.03626943005181338
2024-11-26,12400,88518,092730,네오팜,0.03333333333333344
2024-11-27,12400,139907,092730,네오팜,0.0
2024-11-28,12280,57718,092730,네오팜,-0.009677419354838679
2024-11-29,12100,53441,092730,네오팜,-0.014657980456026065
2024-12-02,11730,49163,092730,네오팜,-0.03057851239669418
2024-12-03,12040,74768,092730,네오팜,0.026427962489343537
2024-12-04,12000,53686,092730,네오팜,-0.0033222591362126463
2024-12-05,11890,66729,092730,네오팜,-0.009166666666666656
2024-12-06,11600,88699,092730,네오팜,-0.024390243902439046
2024-12-09,11090,130667,092730,네오팜,-0.043965517241379315
2024-12-10,11590,49730,092730,네오팜,0.04508566275924264
2024-12-11,11850,51612,092730,네오팜,0.022433132010353685
2024-12-12,11940,33443,092730,네오팜,0.0075949367088608
2024-12-13,11950,41262,092730,네오팜,0.0008375209380233617
2024-12-16,12090,55484,092730,네오팜,0.011715481171548081
2024-12-17,12000,28898,092730,네오팜,-0.007444168734491274
2024-12-18,12000,40709,092730,네오팜,0.0
2024-12-19,11980,45338,092730,네오팜,-0.0016666666666667052
2024-12-20,11860,36657,092730,네오팜,-0.01001669449081799
2024-12-23,12170,51465,092730,네오팜,0.02613827993254647
2024-12-24,12310,71978,092730,네오팜,0.011503697617091246
2024-12-26,12290,82556,092730,네오팜,-0.0016246953696181787
2024-12-27,11790,123284,092730,네오팜,-0.04068348250610254
2024-12-30,11850,42753,092730,네오팜,0.0050890585241729624
2025-01-02,11530,55176,092730,네오팜,-0.02700421940928266
2025-01-03,11600,65514,092730,네오팜,0.006071118820468291
2025-01-06,11660,67438,092730,네오팜,0.005172413793103514
2025-01-07,11440,81306,092730,네오팜,-0.018867924528301883
2025-01-08,11650,48727,092730,네오팜,0.018356643356643332
2025-01-09,11650,33239,092730,네오팜,0.0
2025-01-10,11530,31574,092730,네오팜,-0.01030042918454932
2025-01-13,11160,76960,092730,네오팜,-0.03209019947961844
2025-01-14,11150,51802,092730,네오팜,-0.0008960573476702871
2025-01-15,11150,35355,092730,네오팜,0.0
2025-01-16,11290,44062,092730,네오팜,0.01255605381165914
2025-01-17,11370,41753,092730,네오팜,0.007085916740478204
2025-01-20,11150,43915,092730,네오팜,-0.019349164467898028
2025-01-21,11290,70288,092730,네오팜,0.01255605381165914
2025-01-22,11200,33920,092730,네오팜,-0.00797165633303809
2025-01-23,10900,73249,092730,네오팜,-0.0267857142857143
2025-01-24,10810,47942,092730,네오팜,-0.008256880733944927
2025-01-31,11070,43421,092730,네오팜,0.02405180388529149
2025-02-03,10880,53962,092730,네오팜,-0.017163504968383037
2025-02-04,11210,54557,092730,네오팜,0.030330882352941124
2025-02-05,11700,154640,092730,네오팜,0.043710972346119537
2025-02-06,11780,74053,092730,네오팜,0.006837606837606813
2025-02-07,11840,31057,092730,네오팜,0.005093378607809784
2025-02-10,11540,42025,092730,네오팜,-0.02533783783783783
2025-02-11,11500,53622,092730,네오팜,-0.0034662045060658286
2025-02-12,11500,24073,092730,네오팜,0.0
2025-02-13,11460,23797,092730,네오팜,-0.003478260869565264
2025-02-14,11540,37552,092730,네오팜,0.00698080279232105
2025-02-17,11590,27179,092730,네오팜,0.004332755632582286
2025-02-18,11600,41120,092730,네오팜,0.0008628127696290733
2025-02-19,11700,35342,092730,네오팜,0.008620689655172376
2025-02-20,11860,87883,092730,네오팜,0.013675213675213627
2025-02-21,11930,25560,092730,네오팜,0.00590219224283306
2025-02-24,11810,22111,092730,네오팜,-0.010058675607711676
2025-02-25,11780,24833,092730,네오팜,-0.002540220152413175
2025-02-26,11760,24308,092730,네오팜,-0.001697792869269965
2025-02-27,11760,31063,092730,네오팜,0.0
2025-02-28,11560,43559,092730,네오팜,-0.017006802721088454
2025-03-04,11520,58919,092730,네오팜,-0.0034602076124568004
2025-03-05,11660,22037,092730,네오팜,0.012152777777777679
2025-03-06,11750,55131,092730,네오팜,0.007718696397941649
2025-03-07,11720,26387,092730,네오팜,-0.002553191489361728
2025-03-10,11660,24159,092730,네오팜,-0.005119453924914641
2025-03-11,11580,38320,092730,네오팜,-0.006861063464837058
2025-03-12,11670,38950,092730,네오팜,0.007772020725388629
2025-03-13,11600,27720,092730,네오팜,-0.005998286203941716
2025-03-14,11790,40962,092730,네오팜,0.016379310344827536
2025-03-17,12690,311645,092730,네오팜,0.07633587786259532
2025-03-18,12680,153030,092730,네오팜,-0.0007880220646178104
2025-03-19,12550,60653,092730,네오팜,-0.010252365930599416
2025-03-20,12680,89828,092730,네오팜,0.01035856573705174
2025-03-21,12770,60537,092730,네오팜,0.007097791798107211
2025-03-24,12830,69038,092730,네오팜,0.00469851213782313
2025-03-25,12740,53125,092730,네오팜,-0.007014809041309467
2025-03-26,12720,47227,092730,네오팜,-0.0015698587127158659
2025-03-27,13160,141517,092730,네오팜,0.03459119496855356
2025-03-28,13060,100791,092730,네오팜,-0.0075987841945288626
2025-03-31,13120,87848,092730,네오팜,0.004594180704440953
2025-04-01,13460,113270,092730,네오팜,0.02591463414634143
2025-04-02,13760,173902,092730,네오팜,0.022288261515601704
2025-04-03,13730,87637,092730,네오팜,-0.0021802325581394832
2025-04-04,13440,136018,092730,네오팜,-0.02112163146394752
2025-04-07,12780,167785,092730,네오팜,-0.049107142857142905
2025-04-08,12830,114553,092730,네오팜,0.00391236306729259
2025-04-09,12540,79735,092730,네오팜,-0.02260327357755265
2025-04-10,12850,138876,092730,네오팜,0.02472089314194581
2025-04-11,12960,74162,092730,네오팜,0.008560311284046662
2025-04-14,13260,62604,092730,네오팜,0.02314814814814814
2025-04-15,13080,72016,092730,네오팜,-0.013574660633484115
2025-04-16,13190,78257,092730,네오팜,0.00840978593272168
2025-04-17,13430,76682,092730,네오팜,0.0181956027293404
2025-04-18,13020,88302,092730,네오팜,-0.03052866716306779
2025-04-21,13010,39905,092730,네오팜,-0.0007680491551459445
2025-04-22,13040,84872,092730,네오팜,0.002305918524212247
2025-04-23,12970,47339,092730,네오팜,-0.005368098159509227
2025-04-24,13240,79903,092730,네오팜,0.020817270624518214
2025-04-25,13230,46191,092730,네오팜,-0.0007552870090634656
2025-04-28,13060,46860,092730,네오팜,-0.012849584278155746
2025-04-29,13280,62468,092730,네오팜,0.016845329249617125
2025-04-30,13730,135233,092730,네오팜,0.03388554216867479
2025-05-02,13680,75654,092730,네오팜,-0.0036416605972323657
2025-05-07,13650,34728,092730,네오팜,-0.002192982456140302
2025-05-08,14380,153963,092730,네오팜,0.05347985347985351
2025-05-09,14500,76885,092730,네오팜,0.008344923504867818
2025-05-12,14160,127061,092730,네오팜,-0.02344827586206899
2025-05-13,14020,63043,092730,네오팜,-0.009887005649717562
2025-05-14,13800,85952,092730,네오팜,-0.015691868758915817
2025-05-15,13650,57257,092730,네오팜,-0.010869565217391353
2025-05-16,13440,89171,092730,네오팜,-0.01538461538461533
2025-05-19,13280,50142,092730,네오팜,-0.011904761904761862
2025-05-20,14030,107549,092730,네오팜,0.056475903614457756
2025-05-21,13910,37140,092730,네오팜,-0.008553100498930877
2025-05-22,14560,257475,092730,네오팜,0.04672897196261672
2025-05-23,14690,145763,092730,네오팜,0.008928571428571397
2025-05-26,14900,115644,092730,네오팜,0.014295439074200056
2025-05-27,14710,126184,092730,네오팜,-0.012751677852348986
2025-05-28,14430,71699,092730,네오팜,-0.0190346702923182
2025-05-29,14330,46578,092730,네오팜,-0.006930006930006893
2025-05-30,14270,59170,092730,네오팜,-0.004187020237264472
2025-06-02,14940,152865,092730,네오팜,0.04695164681149255
2025-06-04,14770,73372,092730,네오팜,-0.011378848728246349
2025-06-05,14620,109588,092730,네오팜,-0.010155721056195
2025-06-09,15200,140206,092730,네오팜,0.039671682626539084
2025-06-10,15040,54211,092730,네오팜,-0.010526315789473717
2025-06-11,15230,49211,092730,네오팜,0.012632978723404298
2025-06-12,15200,58033,092730,네오팜,-0.001969796454366346
2025-06-13,14540,86736,092730,네오팜,-0.043421052631578916
2025-06-16,14720,65733,092730,네오팜,0.012379642365887289
2025-06-17,14640,76459,092730,네오팜,-0.005434782608695676
2025-06-18,14710,73530,092730,네오팜,0.004781420765027411
2025-06-19,14760,57553,092730,네오팜,0.003399048266485405
2025-06-20,14930,134167,092730,네오팜,0.011517615176151796
2025-06-23,14320,117526,092730,네오팜,-0.04085733422638982
2025-06-24,14280,124792,092730,네오팜,-0.0027932960893854997
2025-06-25,14290,78769,092730,네오팜,0.0007002801120448154
2025-06-26,14120,90248,092730,네오팜,-0.011896431070678837
2025-06-27,13940,50539,092730,네오팜,-0.012747875354107596
2025-06-30,14320,77582,092730,네오팜,0.027259684361549574
2025-07-01,14470,106526,092730,네오팜,0.010474860335195624
2025-07-02,14620,66861,092730,네오팜,0.010366275051831408
2025-07-03,14370,59456,092730,네오팜,-0.017099863201094356
2025-07-04,14060,48631,092730,네오팜,-0.021572720946416157
2025-07-07,14500,92093,092730,네오팜,0.031294452347083945
2025-07-08,14820,92581,092730,네오팜,0.022068965517241468
2025-07-09,15350,173043,092730,네오팜,0.03576248313090424
2025-07-10,15500,119557,092730,네오팜,0.009771986970684043
2025-07-11,15330,63916,092730,네오팜,-0.010967741935483888
2025-07-14,15560,107776,092730,네오팜,0.015003261578603988
2025-07-15,15690,104512,092730,네오팜,0.008354755784061751
2025-07-16,17000,1451875,092730,네오팜,0.08349267049075837
2025-07-17,16800,306472,092730,네오팜,-0.0117647058823529
2025-07-18,16070,226621,092730,네오팜,-0.04345238095238091
2025-07-21,16670,304587,092730,네오팜,0.03733665214685744
2025-07-22,17960,686062,092730,네오팜,0.07738452309538091
2025-07-23,19640,1067305,092730,네오팜,0.09354120267260568
2025-07-24,19340,480923,092730,네오팜,-0.01527494908350302
2025-07-25,18790,300479,092730,네오팜,-0.028438469493278218
2025-07-28,17770,384621,092730,네오팜,-0.05428419372006388
2025-07-29,19050,298417,092730,네오팜,0.07203151378728201
2025-07-30,18750,152175,092730,네오팜,-0.015748031496062964
2025-07-31,18500,144747,092730,네오팜,-0.013333333333333308
2025-08-01,17320,363465,092730,네오팜,-0.0637837837837838
2025-08-04,17900,202888,092730,네오팜,0.033487297921477976
2025-08-05,17790,180431,092730,네오팜,-0.0061452513966480105
2025-08-06,18050,160111,092730,네오팜,0.014614952220348476
2025-08-07,18870,315000,092730,네오팜,0.04542936288088639
2025-08-08,18820,219120,092730,네오팜,-0.002649708532061479
2025-08-11,17860,292021,092730,네오팜,-0.05100956429330494
2025-08-12,17790,124091,092730,네오팜,-0.003919372900335949
2025-08-13,17410,205513,092730,네오팜,-0.021360314783586243
2025-08-14,18750,324647,092730,네오팜,0.07696726019528999
2025-08-18,18260,179705,092730,네오팜,-0.026133333333333342
2025-08-19,18600,140440,092730,네오팜,0.018619934282584794
2025-08-20,19500,419767,092730,네오팜,0.048387096774193505
2025-08-21,19190,199625,092730,네오팜,-0.015897435897435863
2025-08-22,19750,282340,092730,네오팜,0.029181865554976483
2025-08-25,19310,120152,092730,네오팜,-0.02227848101265828
2025-08-26,18870,128420,092730,네오팜,-0.02278612118073542
2025-08-27,18650,139696,092730,네오팜,-0.011658717541070507
2025-08-28,18670,107164,092730,네오팜,0.0010723860589811895
2025-08-29,19080,101649,092730,네오팜,0.021960364220674933
2025-09-01,18730,177489,092730,네오팜,-0.01834381551362685
2025-09-02,18430,120698,092730,네오팜,-0.01601708489054987
2025-09-03,19160,120680,092730,네오팜,0.0396093326098752
2025-09-04,19470,98031,092730,네오팜,0.0161795407098122
2025-09-05,19270,75171,092730,네오팜,-0.010272213662044116
2025-09-08,19670,74139,092730,네오팜,0.020757654385054503
2025-09-09,21700,785632,092730,네오팜,0.10320284697508897
2025-09-10,21200,205821,092730,네오팜,-0.02304147465437789
2025-09-11,19740,396296,092730,네오팜,-0.06886792452830193
2025-09-12,19510,341225,092730,네오팜,-0.011651469098277634
2025-09-15,19130,232815,092730,네오팜,-0.019477191184008147
2025-09-16,18800,207313,092730,네오팜,-0.01725039205436485
2025-09-17,18650,139166,092730,네오팜,-0.007978723404255317
2025-09-18,18450,258924,092730,네오팜,-0.01072386058981234
2025-09-19,18360,124445,092730,네오팜,-0.004878048780487809
2025-09-22,18020,144126,092730,네오팜,-0.01851851851851849
2025-09-23,17930,184269,092730,네오팜,-0.004994450610432799
2025-09-24,17440,105714,092730,네오팜,-0.02732849972113771
2025-09-25,17270,118597,092730,네오팜,-0.009747706422018387
2025-09-26,17160,98268,092730,네오팜,-0.006369426751592355
2025-09-29,17700,104914,092730,네오팜,0.03146853146853146
2025-09-30,17660,62957,092730,네오팜,-0.002259887005649719
2025-10-01,17930,78902,092730,네오팜,0.01528878822197055
2025-10-02,17290,185816,092730,네오팜,-0.03569436698271056
2025-10-10,17160,89532,092730,네오팜,-0.007518796992481258
2025-10-13,17190,64043,092730,네오팜,0.0017482517482516613
2025-10-14,16500,151362,092730,네오팜,-0.04013961605584637
2025-10-15,16780,115643,092730,네오팜,0.01696969696969708
2025-10-16,16700,113077,092730,네오팜,-0.004767580452920139
2025-10-17,16340,142035,092730,네오팜,-0.021556886227544925
2025-10-20,16540,70355,092730,네오팜,0.012239902080783294
2025-10-21,16510,68331,092730,네오팜,-0.0018137847642080152
2025-10-22,17390,206040,092730,네오팜,0.053301029678982426
2025-10-23,17740,183942,092730,네오팜,0.020126509488211708
2025-10-24,17660,94854,092730,네오팜,-0.00450958286358516
2025-10-27,17500,89255,092730,네오팜,-0.009060022650056676
2025-10-28,17270,59247,092730,네오팜,-0.013142857142857123
2025-10-29,17090,67366,092730,네오팜,-0.01042269832078746
2025-10-30,17320,49162,092730,네오팜,0.01345816266822708
2025-10-31,17120,58839,092730,네오팜,-0.011547344110854452
2025-11-03,16880,70283,092730,네오팜,-0.014018691588784993
2025-11-04,16910,53804,092730,네오팜,0.0017772511848341832
2025-11-05,16810,55685,092730,네오팜,-0.005913660555884048
2025-11-06,16610,55523,092730,네오팜,-0.011897679952409312
2025-11-07,16880,92025,092730,네오팜,0.016255267910897153
2025-11-10,17870,220900,092730,네오팜,0.05864928909952605
2025-11-11,17610,103712,092730,네오팜,-0.014549524342473474
2025-11-12,18500,229683,092730,네오팜,0.05053946621237926
2025-11-13,18560,132360,092730,네오팜,0.00324324324324321
2025-11-14,18640,109001,092730,네오팜,0.004310344827586299
2025-11-17,18400,95987,092730,네오팜,-0.012875536480686733
2025-11-18,18030,57905,092730,네오팜,-0.02010869565217388
2025-11-19,18510,103533,092730,네오팜,0.0266222961730449
2025-11-20,19340,158758,092730,네오팜,0.0448406266882766
2025-11-21,18830,89806,092730,네오팜,-0.026370217166494347
2025-11-24,18740,53820,092730,네오팜,-0.004779607010090281
2025-11-25,18180,60819,092730,네오팜,-0.029882604055496254
2025-11-26,18470,25316,092730,네오팜,0.01595159515951594
2025-11-27,19100,68403,092730,네오팜,0.034109366540335584
2025-11-28,19530,129228,092730,네오팜,0.02251308900523563
2025-12-01,18970,108568,092730,네오팜,-0.028673835125448077
2025-12-02,19220,45348,092730,네오팜,0.01317870321560366
2025-12-03,18890,94696,092730,네오팜,-0.01716961498439129
2025-12-04,19700,207081,092730,네오팜,0.04287983059820011
2025-12-05,19450,77321,092730,네오팜,-0.012690355329949221
2025-12-08,19950,165333,092730,네오팜,0.02570694087403602
2025-12-09,19490,53643,092730,네오팜,-0.023057644110275666
2025-12-10,20000,105215,092730,네오팜,0.02616726526423796
2025-12-11,19920,69345,092730,네오팜,-0.0040000000000000036
2025-12-12,19800,58357,092730,네오팜,-0.0060240963855421326
2025-12-15,19820,45342,092730,네오팜,0.0010101010101009056
2025-12-16,19910,113690,092730,네오팜,0.004540867810292726
2025-12-17,19970,52109,092730,네오팜,0.0030135610246107003
2025-12-18,19590,33101,092730,네오팜,-0.019028542814221283
2025-12-19,19250,119172,092730,네오팜,-0.017355793772332873
2025-12-22,19450,63230,092730,네오팜,0.010389610389610393
2025-12-23,19030,108057,092730,네오팜,-0.021593830334190267
2025-12-24,19290,42758,092730,네오팜,0.01366263794009459
2025-12-26,19100,87793,092730,네오팜,-0.009849663037843404
2025-12-29,18470,83335,092730,네오팜,-0.03298429319371732
2025-12-30,18370,37136,092730,네오팜,-0.005414185165132701
2026-01-02,18990,50914,092730,네오팜,0.03375068045726737
2026-01-05,18350,70275,092730,네오팜,-0.03370194839389151
2026-01-06,18000,54818,092730,네오팜,-0.019073569482288777
2026-01-07,17800,43959,092730,네오팜,-0.011111111111111072
2026-01-08,17350,59024,092730,네오팜,-0.0252808988764045
2026-01-09,17420,44738,092730,네오팜,0.004034582132564912
2026-01-12,17620,41218,092730,네오팜,0.01148105625717566
2026-01-13,17400,43536,092730,네오팜,-0.012485811577752526
2026-01-14,17400,27442,092730,네오팜,0.0
2026-01-15,17350,45641,092730,네오팜,-0.002873563218390829
2026-01-16,17170,42892,092730,네오팜,-0.01037463976945241
2026-01-19,17130,33487,092730,네오팜,-0.002329644729178848
2026-01-20,17420,41850,092730,네오팜,0.016929363689433652
2026-01-21,17440,50472,092730,네오팜,0.0011481056257176547
2026-01-22,19110,157891,092730,네오팜,0.09575688073394506
2026-01-23,18770,84245,092730,네오팜,-0.01779173207744633
2026-01-26,19210,129046,092730,네오팜,0.023441662226957982
2026-01-27,18920,86443,092730,네오팜,-0.015096304008328953
2026-01-28,18950,85384,092730,네오팜,0.001585623678646897
2026-01-29,18760,66889,092730,네오팜,-0.010026385224274459
2026-01-30,18700,99490,092730,네오팜,-0.0031982942430703876
2026-02-02,20200,420306,092730,네오팜,0.0802139037433156
2026-02-03,19880,206887,092730,네오팜,-0.015841584158415856
2026-02-04,20900,155129,092730,네오팜,0.05130784708249503
2026-02-05,20750,143270,092730,네오팜,-0.0071770334928229484
2026-02-06,19610,62509,092730,네오팜,-0.054939759036144564
2026-02-09,20300,54544,092730,네오팜,0.03518612952575206
2026-02-10,19990,33110,092730,네오팜,-0.015270935960591148
2026-02-11,20200,49112,092730,네오팜,0.010505252626313188
2026-02-12,20200,46179,092730,네오팜,0.0
2026-02-13,19850,35653,092730,네오팜,-0.017326732673267342
2026-02-19,20500,84654,092730,네오팜,0.032745591939546514
2026-02-20,20200,36112,092730,네오팜,-0.014634146341463428
2026-02-23,19990,41161,092730,네오팜,-0.010396039603960405
2026-02-24,19590,95945,092730,네오팜,-0.020010005002501274
2026-02-25,19350,55069,092730,네오팜,-0.01225114854517606
2026-02-26,19140,66150,092730,네오팜,-0.010852713178294615
2026-02-27,18900,43569,092730,네오팜,-0.01253918495297801
2026-03-03,17940,98478,092730,네오팜,-0.050793650793650835
2026-03-04,16950,90509,092730,네오팜,-0.05518394648829428
2026-03-05,17870,53124,092730,네오팜,0.05427728613569327
2026-03-06,17790,45171,092730,네오팜,-0.004476776720761078
2026-03-09,17160,27511,092730,네오팜,-0.03541315345699836
2026-03-10,17590,28557,092730,네오팜,0.02505827505827507
2026-03-11,17790,44643,092730,네오팜,0.011370096645821448
2026-03-12,17710,14502,092730,네오팜,-0.0044969083754918815
2026-03-13,17640,30902,092730,네오팜,-0.0039525691699604515
2026-03-16,17760,60363,092730,네오팜,0.006802721088435382
2026-03-17,17690,144294,092730,네오팜,-0.0039414414414414845
2026-03-18,18130,36782,092730,네오팜,0.024872809496890858
2026-03-19,17650,66115,092730,네오팜,-0.026475455046883645
2026-03-20,17790,35422,092730,네오팜,0.007932011331444722
2026-03-23,16850,29011,092730,네오팜,-0.05283867341202919
2026-03-24,17350,35420,092730,네오팜,0.029673590504450953
2026-03-25,17510,28265,092730,네오팜,0.009221902017291006
2026-03-26,17090,36035,092730,네오팜,-0.0239862935465448
2026-03-27,17620,67164,092730,네오팜,0.031012287887653534
2026-03-30,16940,30645,092730,네오팜,-0.0385925085130534
2026-03-31,16950,19541,092730,네오팜,0.0005903187721369996
2026-04-01,17460,30840,092730,네오팜,0.030088495575221197
2026-04-02,17090,41295,092730,네오팜,-0.02119129438717071
2026-04-03,17310,28164,092730,네오팜,0.012873025160912821
2026-04-06,16990,32165,092730,네오팜,-0.018486424032351234
2026-04-07,16970,42539,092730,네오팜,-0.0011771630370805974
2026-04-08,17280,59483,092730,네오팜,0.01826753093694755
2026-04-09,17170,34308,092730,네오팜,-0.0063657407407407
2026-04-10,17170,46104,092730,네오팜,0.0
2026-04-13,17180,53749,092730,네오팜,0.0005824111822947398
2026-04-14,17560,46244,092730,네오팜,0.022118742724097862
2026-04-15,17790,61811,092730,네오팜,0.013097949886104798
2026-04-16,18030,64818,092730,네오팜,0.013490725126475533
2026-04-17,18980,153263,092730,네오팜,0.052689961175818034
2026-04-20,18920,96072,092730,네오팜,-0.0031612223393044925
2026-04-21,19440,90915,092730,네오팜,0.02748414376321362
2026-04-22,19700,84759,092730,네오팜,0.01337448559670773
2026-04-23,19850,60198,092730,네오팜,0.0076142131979695105
2026-04-24,20300,77299,092730,네오팜,0.02267002518891692
2026-04-27,20100,39657,092730,네오팜,-0.009852216748768461
2026-04-28,21200,233831,092730,네오팜,0.054726368159204064
2026-04-29,22150,135897,092730,네오팜,0.04481132075471694
2026-04-30,20400,74458,092730,네오팜,-0.07900677200902939
2026-05-04,20950,43267,092730,네오팜,0.026960784313725394
2026-05-06,19690,106709,092730,네오팜,-0.06014319809069213
2026-05-07,20100,75543,092730,네오팜,0.020822752666328048
2026-05-08,20150,63615,092730,네오팜,0.0024875621890547706
2026-05-11,19480,84014,092730,네오팜,-0.033250620347394566
2026-05-12,19540,78457,092730,네오팜,0.0030800821355236874
2026-05-13,19190,33956,092730,네오팜,-0.017911975435005112
2026-05-14,19430,35630,092730,네오팜,0.012506513809275699
2026-05-15,18680,50954,092730,네오팜,-0.03860010293360783
2026-05-18,18850,29393,092730,네오팜,0.009100642398286896
2026-05-19,18360,41241,092730,네오팜,-0.025994694960212228
2026-05-20,18100,51894,092730,네오팜,-0.014161220043573008
2026-05-21,18000,30513,092730,네오팜,-0.0055248618784530246
2026-05-22,18570,34484,092730,네오팜,0.03166666666666673
2026-05-26,18430,41585,092730,네오팜,-0.007539041464728058
2026-05-27,18450,66753,092730,네오팜,0.0010851871947910041
2026-05-28,18190,50059,092730,네오팜,-0.014092140921409202
2026-05-29,17820,46169,092730,네오팜,-0.02034084661902147
2026-06-01,17350,58156,092730,네오팜,-0.026374859708193088
2026-06-02,17200,39196,092730,네오팜,-0.008645533141210415
2026-06-04,17070,36652,092730,네오팜,-0.007558139534883712
2026-06-05,16840,62594,092730,네오팜,-0.013473930872876405
2026-06-08,16420,24529,092730,네오팜,-0.02494061757719712
2026-06-09,17170,46855,092730,네오팜,0.04567600487210721
2026-06-10,17020,27742,092730,네오팜,-0.008736167734420541
2026-06-11,16850,30526,092730,네오팜,-0.0099882491186839
2026-06-12,17130,37726,092730,네오팜,0.016617210682492667
2026-06-15,17230,30691,092730,네오팜,0.005837711617046049
2026-06-16,16900,27450,092730,네오팜,-0.01915264074289036
2026-06-17,17600,51823,092730,네오팜,0.041420118343195256
2026-06-18,17530,56452,092730,네오팜,-0.003977272727272774
2026-06-19,16970,35828,092730,네오팜,-0.03194523673702221
2026-06-22,16380,44690,092730,네오팜,-0.034767236299351745
2026-06-23,15760,40458,092730,네오팜,-0.03785103785103783
2026-06-24,16140,32897,092730,네오팜,0.024111675126903487
2026-06-25,16940,61395,092730,네오팜,0.049566294919454856
2026-06-26,16840,50321,092730,네오팜,-0.005903187721369552
2026-06-29,17650,31379,092730,네오팜,0.04809976247030878
2026-06-30,18240,60846,092730,네오팜,0.033427762039660136
2026-07-01,18500,38538,092730,네오팜,0.014254385964912242
2026-07-02,18590,61191,092730,네오팜,0.004864864864864815
2026-07-03,18590,23248,092730,네오팜,0.0
2026-07-06,18300,28525,092730,네오팜,-0.01559978483055402
2026-07-07,19750,182118,092730,네오팜,0.0792349726775956
2026-07-08,19530,104042,092730,네오팜,-0.011139240506329084
2026-07-09,18920,77828,092730,네오팜,-0.031233998975934485
2026-07-10,19640,66525,092730,네오팜,0.038054968287526414
2026-07-13,19100,50460,092730,네오팜,-0.027494908350305547
2026-07-14,19130,100655,092730,네오팜,0.0015706806282722585
2026-07-15,19600,35726,092730,네오팜,0.02456874019864097
2026-07-16,19150,19552,092730,네오팜,-0.022959183673469385
2026-07-20,18680,33758,092730,네오팜,-0.024543080939947726
2026-07-21,19240,31275,092730,네오팜,0.02997858672376874
2026-07-22,18630,71278,092730,네오팜,-0.03170478170478175
2026-07-23,19210,32680,092730,네오팜,0.031132581857219455
2026-07-24,18620,32330,092730,네오팜,-0.03071317022384179
2026-07-27,19300,14416,092730,네오팜,0.036519871106337254
2026-07-28,18920,66648,092730,네오팜,-0.01968911917098448
2026-07-29,18600,45340,092730,네오팜,-0.016913319238900604
2026-07-30,18550,36984,092730,네오팜,-0.0026881720430107503
2026-07-31,19120,26811,092730,네오팜,0.030727762803234526
2026-08-03,19810,46861,092730,네오팜,0.03608786610878667
2026-08-04,20000,65204,092730,네오팜,0.009591115598182709
2026-08-05,20150,53707,092730,네오팜,0.007500000000000062
2026-08-06,21500,83346,092730,네오팜,0.06699751861042191
2026-08-07,21150,67564,092730,네오팜,-0.016279069767441867
2026-08-10,24100,286395,092730,네오팜,0.13947990543735234
2026-08-11,25450,196309,092730,네오팜,0.05601659751037347
2026-08-12,25200,125212,092730,네오팜,-0.00982318271119842
2026-08-13,24400,108723,092730,네오팜,-0.031746031746031744
2026-08-14,24250,47636,092730,네오팜,-0.006147540983606592
2026-08-18,22650,147384,092730,네오팜,-0.06597938144329896
2026-08-19,23200,68602,092730,네오팜,0.024282560706401668
2026-08-20,23050,71114,092730,네오팜,-0.006465517241379337
2026-08-21,22500,32530,092730,네오팜,-0.02386117136659438
2025-05-22,110100,7190988,483650,달바글로벌,
2025-05-23,120500,1678716,483650,달바글로벌,0.09445958219800188
2025-05-26,141500,2025875,483650,달바글로벌,0.17427385892116187
2025-05-27,144300,1185386,483650,달바글로벌,0.01978798586572439
2025-05-28,136100,596602,483650,달바글로벌,-0.05682605682605679
2025-05-29,136400,656427,483650,달바글로벌,0.0022042615723731895
2025-05-30,150000,1279342,483650,달바글로벌,0.0997067448680351
2025-06-02,152000,586570,483650,달바글로벌,0.01333333333333342
2025-06-04,145200,328408,483650,달바글로벌,-0.044736842105263186
2025-06-05,140100,391209,483650,달바글로벌,-0.03512396694214881
2025-06-09,144900,499865,483650,달바글로벌,0.03426124197002145
2025-06-10,140700,259280,483650,달바글로벌,-0.02898550724637683
2025-06-11,147500,533713,483650,달바글로벌,0.04832977967306329
2025-06-12,164600,1040195,483650,달바글로벌,0.11593220338983046
2025-06-13,165300,417367,483650,달바글로벌,0.004252733900364625
2025-06-16,162600,236906,483650,달바글로벌,-0.016333938294010864
2025-06-17,157400,207250,483650,달바글로벌,-0.03198031980319804
2025-06-18,175000,436205,483650,달바글로벌,0.11181702668360871
2025-06-19,175000,340824,483650,달바글로벌,0.0
2025-06-20,172500,251274,483650,달바글로벌,-0.014285714285714235
2025-06-23,183200,814599,483650,달바글로벌,0.06202898550724645
2025-06-24,190200,368416,483650,달바글로벌,0.03820960698689957
2025-06-25,187000,252694,483650,달바글로벌,-0.01682439537329128
2025-06-26,185000,189477,483650,달바글로벌,-0.010695187165775444
2025-06-27,185000,182428,483650,달바글로벌,0.0
2025-06-30,196900,390973,483650,달바글로벌,0.06432432432432433
2025-07-01,192500,230001,483650,달바글로벌,-0.022346368715083775
2025-07-02,185900,237529,483650,달바글로벌,-0.03428571428571425
2025-07-03,185600,162311,483650,달바글로벌,-0.0016137708445400634
2025-07-04,176900,243904,483650,달바글로벌,-0.046875
2025-07-07,195100,447507,483650,달바글로벌,0.10288298473713953
2025-07-08,213500,686016,483650,달바글로벌,0.09431060994361862
2025-07-09,223500,410255,483650,달바글로벌,0.04683840749414525
2025-07-10,228500,399411,483650,달바글로벌,0.02237136465324374
2025-07-11,230000,212388,483650,달바글로벌,0.006564551422319376
2025-07-14,238000,236332,483650,달바글로벌,0.034782608695652195
2025-07-15,233500,201958,483650,달바글로벌,-0.018907563025210128
2025-07-16,212000,727861,483650,달바글로벌,-0.09207708779443258
2025-07-17,216500,252879,483650,달바글로벌,0.021226415094339535
2025-07-18,211000,283588,483650,달바글로벌,-0.025404157043879882
2025-07-21,211000,112032,483650,달바글로벌,0.0
2025-07-22,207500,201589,483650,달바글로벌,-0.016587677725118488
2025-07-23,210000,133614,483650,달바글로벌,0.012048192771084265
2025-07-24,204500,182020,483650,달바글로벌,-0.02619047619047621
2025-07-25,204500,122667,483650,달바글로벌,0.0
2025-07-28,200500,112447,483650,달바글로벌,-0.019559902200488977
2025-07-29,204500,162037,483650,달바글로벌,0.01995012468827939
2025-07-30,202000,93588,483650,달바글로벌,-0.012224938875305624
2025-07-31,201500,140943,483650,달바글로벌,-0.0024752475247524774
2025-08-01,191100,220803,483650,달바글로벌,-0.05161290322580647
2025-08-04,198200,89249,483650,달바글로벌,0.03715332286760864
2025-08-05,208500,195451,483650,달바글로벌,0.05196770938446016
2025-08-06,217500,483767,483650,달바글로벌,0.043165467625899234
2025-08-07,238000,536902,483650,달바글로벌,0.09425287356321843
2025-08-08,239500,561596,483650,달바글로벌,0.006302521008403339
2025-08-11,191900,895514,483650,달바글로벌,-0.19874739039665967
2025-08-12,178500,578882,483650,달바글로벌,-0.0698280354351225
2025-08-13,170300,550539,483650,달바글로벌,-0.045938375350140004
2025-08-14,170400,243134,483650,달바글로벌,0.0005871990604815469
2025-08-18,172800,212958,483650,달바글로벌,0.014084507042253502
2025-08-19,173200,176746,483650,달바글로벌,0.0023148148148148806
2025-08-20,170900,118751,483650,달바글로벌,-0.01327944572748263
2025-08-21,179100,268147,483650,달바글로벌,0.04798127559976595
2025-08-22,186500,463798,483650,달바글로벌,0.04131769960915688
2025-08-25,184900,152478,483650,달바글로벌,-0.00857908847184985
2025-08-26,179700,189270,483650,달바글로벌,-0.028123309897241766
2025-08-27,179500,88854,483650,달바글로벌,-0.0011129660545353692
2025-08-28,182500,162673,483650,달바글로벌,0.01671309192200554
2025-08-29,178700,106213,483650,달바글로벌,-0.02082191780821918
2025-09-01,174500,120256,483650,달바글로벌,-0.02350307778399552
2025-09-02,171200,152081,483650,달바글로벌,-0.018911174785100293
2025-09-03,164300,247605,483650,달바글로벌,-0.04030373831775702
2025-09-04,166600,124536,483650,달바글로벌,0.013998782714546465
2025-09-05,161900,214807,483650,달바글로벌,-0.0282112845138055
2025-09-08,163000,117322,483650,달바글로벌,0.006794317479925871
2025-09-09,169000,222078,483650,달바글로벌,0.036809815950920255
2025-09-10,168700,136047,483650,달바글로벌,-0.0017751479289941363
2025-09-11,167000,130901,483650,달바글로벌,-0.010077059869590954
2025-09-12,162800,182497,483650,달바글로벌,-0.025149700598802394
2025-09-15,165900,124904,483650,달바글로벌,0.01904176904176902
2025-09-16,169700,251241,483650,달바글로벌,0.022905364677516582
2025-09-17,168600,78734,483650,달바글로벌,-0.006482027106658794
2025-09-18,170900,138291,483650,달바글로벌,0.013641755634638209
2025-09-19,167300,86084,483650,달바글로벌,-0.0210649502633119
2025-09-22,165900,95108,483650,달바글로벌,-0.008368200836820106
2025-09-23,163400,149167,483650,달바글로벌,-0.015069318866787196
2025-09-24,161000,122764,483650,달바글로벌,-0.014687882496939975
2025-09-25,161800,120000,483650,달바글로벌,0.00496894409937898
2025-09-26,160000,80355,483650,달바글로벌,-0.011124845488257096
2025-09-29,164000,118225,483650,달바글로벌,0.02499999999999991
2025-09-30,163600,57971,483650,달바글로벌,-0.0024390243902439046
2025-10-01,160900,76304,483650,달바글로벌,-0.016503667481662543
2025-10-02,163600,183899,483650,달바글로벌,0.016780609073959063
2025-10-10,159400,113727,483650,달바글로벌,-0.025672371638141844
2025-10-13,156600,86394,483650,달바글로벌,-0.017565872020075313
2025-10-14,150000,142051,483650,달바글로벌,-0.04214559386973182
2025-10-15,152000,69723,483650,달바글로벌,0.01333333333333342
2025-10-16,145100,333033,483650,달바글로벌,-0.045394736842105265
2025-10-17,142000,209451,483650,달바글로벌,-0.021364576154376258
2025-10-20,141300,146904,483650,달바글로벌,-0.004929577464788726
2025-10-21,141600,176414,483650,달바글로벌,0.002123142250530785
2025-10-22,148100,200182,483650,달바글로벌,0.04590395480225995
2025-10-23,154400,320549,483650,달바글로벌,0.042538825118163315
2025-10-24,151600,151814,483650,달바글로벌,-0.01813471502590669
2025-10-27,151700,112356,483650,달바글로벌,0.0006596306068602509
2025-10-28,152200,238748,483650,달바글로벌,0.003295978905734964
2025-10-29,148900,112067,483650,달바글로벌,-0.021681997371879147
2025-10-30,148400,198965,483650,달바글로벌,-0.00335795836131636
2025-10-31,149900,112415,483650,달바글로벌,0.010107816711590223
2025-11-03,158400,241980,483650,달바글로벌,0.056704469646430944
2025-11-04,165000,280930,483650,달바글로벌,0.04166666666666674
2025-11-05,160900,192678,483650,달바글로벌,-0.024848484848484897
2025-11-06,127900,1023196,483650,달바글로벌,-0.20509633312616538
2025-11-07,121900,257902,483650,달바글로벌,-0.04691164972634876
2025-11-10,121200,248680,483650,달바글로벌,-0.005742411812961423
2025-11-11,122100,216968,483650,달바글로벌,0.007425742574257432
2025-11-12,126300,198182,483650,달바글로벌,0.03439803439803435
2025-11-13,127800,91769,483650,달바글로벌,0.01187648456057011
2025-11-14,127900,106081,483650,달바글로벌,0.0007824726134584292
2025-11-17,130000,90680,483650,달바글로벌,0.016419077404222104
2025-11-18,131000,80572,483650,달바글로벌,0.007692307692307665
2025-11-19,133300,126759,483650,달바글로벌,0.017557251908396854
2025-11-20,133300,84212,483650,달바글로벌,0.0
2025-11-21,131800,104850,483650,달바글로벌,-0.011252813203300849
2025-11-24,130100,138032,483650,달바글로벌,-0.012898330804248848
2025-11-25,130700,99082,483650,달바글로벌,0.004611837048424272
2025-11-26,129200,51905,483650,달바글로벌,-0.011476664116296886
2025-11-27,129300,86759,483650,달바글로벌,0.0007739938080495445
2025-11-28,135000,162633,483650,달바글로벌,0.044083526682134666
2025-12-01,131200,122913,483650,달바글로벌,-0.028148148148148144
2025-12-02,131400,67250,483650,달바글로벌,0.0015243902439023849
2025-12-03,129700,64267,483650,달바글로벌,-0.012937595129375978
2025-12-04,130000,47719,483650,달바글로벌,0.0023130300693909867
2025-12-05,129500,63878,483650,달바글로벌,-0.0038461538461538325
2025-12-08,136100,182419,483650,달바글로벌,0.05096525096525095
2025-12-09,138200,123080,483650,달바글로벌,0.01542983100661277
2025-12-10,143500,183111,483650,달바글로벌,0.0383502170767005
2025-12-11,149500,202970,483650,달바글로벌,0.04181184668989557
2025-12-12,151000,149510,483650,달바글로벌,0.010033444816053505
2025-12-15,152800,142806,483650,달바글로벌,0.01192052980132452
2025-12-16,158100,363778,483650,달바글로벌,0.03468586387434547
2025-12-17,155400,135713,483650,달바글로벌,-0.017077798861480087
2025-12-18,158900,140834,483650,달바글로벌,0.022522522522522515
2025-12-19,161000,306231,483650,달바글로벌,0.013215859030837107
2025-12-22,156700,113617,483650,달바글로벌,-0.026708074534161463
2025-12-23,149000,192903,483650,달바글로벌,-0.04913848117421826
2025-12-24,145100,104021,483650,달바글로벌,-0.026174496644295275
2025-12-26,140500,122385,483650,달바글로벌,-0.03170227429359063
2025-12-29,144700,73107,483650,달바글로벌,0.029893238434163694
2025-12-30,147500,65686,483650,달바글로벌,0.01935038009675183
2026-01-02,153200,107957,483650,달바글로벌,0.038644067796610226
2026-01-05,149700,79969,483650,달바글로벌,-0.02284595300261094
2026-01-06,141700,143265,483650,달바글로벌,-0.05344021376085506
2026-01-07,143400,119932,483650,달바글로벌,0.011997177134791759
2026-01-08,140000,83277,483650,달바글로벌,-0.023709902370990243
2026-01-09,151400,174809,483650,달바글로벌,0.0814285714285714
2026-01-12,148200,76598,483650,달바글로벌,-0.021136063408190187
2026-01-13,145100,86224,483650,달바글로벌,-0.020917678812415685
2026-01-14,143600,63818,483650,달바글로벌,-0.010337698139214369
2026-01-15,142300,85181,483650,달바글로벌,-0.009052924791086325
2026-01-16,141300,107629,483650,달바글로벌,-0.007027406886858767
2026-01-19,139800,87894,483650,달바글로벌,-0.010615711252653925
2026-01-20,143000,115345,483650,달바글로벌,0.022889842632331847
2026-01-21,140100,98363,483650,달바글로벌,-0.020279720279720248
2026-01-22,147600,288188,483650,달바글로벌,0.05353319057815842
2026-01-23,147600,102142,483650,달바글로벌,0.0
2026-01-26,152600,134980,483650,달바글로벌,0.03387533875338744
2026-01-27,155000,149105,483650,달바글로벌,0.01572739187418093
2026-01-28,160000,200752,483650,달바글로벌,0.032258064516129004
2026-01-29,159800,157355,483650,달바글로벌,-0.0012499999999999734
2026-01-30,161000,234989,483650,달바글로벌,0.007509386733416834
2026-02-02,158600,197977,483650,달바글로벌,-0.014906832298136607
2026-02-03,157800,196567,483650,달바글로벌,-0.0050441361916772065
2026-02-04,160100,213412,483650,달바글로벌,0.014575411913815062
2026-02-05,169400,470486,483650,달바글로벌,0.05808869456589627
2026-02-06,169100,277552,483650,달바글로벌,-0.0017709563164108877
2026-02-09,173600,211203,483650,달바글로벌,0.026611472501478328
2026-02-10,171700,118057,483650,달바글로벌,-0.010944700460829515
2026-02-11,169200,166864,483650,달바글로벌,-0.014560279557367495
2026-02-12,172400,119007,483650,달바글로벌,0.01891252955082745
2026-02-13,173700,168178,483650,달바글로벌,0.007540603248259892
2026-02-19,171300,132357,483650,달바글로벌,-0.013816925734024155
2026-02-20,171800,336154,483650,달바글로벌,0.0029188558085231353
2026-02-23,170100,167705,483650,달바글로벌,-0.009895227008149043
2026-02-24,171100,129448,483650,달바글로벌,0.005878894767783693
2026-02-25,170300,126104,483650,달바글로벌,-0.004675628287551192
2026-02-26,171900,130016,483650,달바글로벌,0.009395184967704084
2026-02-27,169500,117022,483650,달바글로벌,-0.013961605584642212
2026-03-03,158600,128804,483650,달바글로벌,-0.064306784660767
2026-03-04,141500,136439,483650,달바글로벌,-0.10781841109709966
2026-03-05,149400,113712,483650,달바글로벌,0.0558303886925795
2026-03-06,150300,69312,483650,달바글로벌,0.006024096385542244
2026-03-09,140100,57542,483650,달바글로벌,-0.06786427145708585
2026-03-10,150000,56254,483650,달바글로벌,0.07066381156316925
2026-03-11,148200,66515,483650,달바글로벌,-0.01200000000000001
2026-03-12,146500,46086,483650,달바글로벌,-0.011470985155195734
2026-03-13,150500,61232,483650,달바글로벌,0.027303754266211566
2026-03-16,146600,33980,483650,달바글로벌,-0.02591362126245844
2026-03-17,153500,63306,483650,달바글로벌,0.04706684856753074
2026-03-18,156400,56875,483650,달바글로벌,0.01889250814332244
2026-03-19,154900,62816,483650,달바글로벌,-0.009590792838874651
2026-03-20,158900,73259,483650,달바글로벌,0.0258231116849581
2026-03-23,148500,61248,483650,달바글로벌,-0.06544996853366902
2026-03-24,150200,33973,483650,달바글로벌,0.011447811447811373
2026-03-25,155900,77302,483650,달바글로벌,0.03794940079893472
2026-03-26,143500,115002,483650,달바글로벌,-0.07953816549069914
2026-03-27,154500,127239,483650,달바글로벌,0.0766550522648084
2026-03-30,148400,107303,483650,달바글로벌,-0.039482200647249166
2026-03-31,142000,129493,483650,달바글로벌,-0.04312668463611857
2026-04-01,152600,63272,483650,달바글로벌,0.07464788732394356
2026-04-02,147200,104165,483650,달바글로벌,-0.035386631716906924
2026-04-03,147500,34673,483650,달바글로벌,0.0020380434782609758
2026-04-06,151700,57117,483650,달바글로벌,0.028474576271186436
2026-04-07,161800,249814,483650,달바글로벌,0.06657877389584699
2026-04-08,166400,94282,483650,달바글로벌,0.028430160692212603
2026-04-09,177000,550885,483650,달바글로벌,0.06370192307692313
2026-04-10,179000,242981,483650,달바글로벌,0.011299435028248483
2026-04-13,188600,303398,483650,달바글로벌,0.05363128491620106
2026-04-14,184200,242661,483650,달바글로벌,-0.02332979851537642
2026-04-15,190000,197817,483650,달바글로벌,0.03148751357220414
2026-04-16,188700,127473,483650,달바글로벌,-0.006842105263157872
2026-04-17,197800,262336,483650,달바글로벌,0.048224695283518804
2026-04-20,200500,198307,483650,달바글로벌,0.013650151668351818
2026-04-21,198700,161224,483650,달바글로벌,-0.008977556109725726
2026-04-22,213000,356637,483650,달바글로벌,0.07196779063915448
2026-04-23,229500,360871,483650,달바글로벌,0.07746478873239426
2026-04-24,241000,271894,483650,달바글로벌,0.050108932461873534
2026-04-27,234500,150251,483650,달바글로벌,-0.026970954356846488
2026-04-28,235500,96392,483650,달바글로벌,0.004264392324093924
2026-04-29,238500,116856,483650,달바글로벌,0.01273885350318471
2026-04-30,226000,171189,483650,달바글로벌,-0.052410901467505266
2026-05-04,223500,105162,483650,달바글로벌,-0.011061946902654829
2026-05-06,217500,159028,483650,달바글로벌,-0.02684563758389258
2026-05-07,215000,172812,483650,달바글로벌,-0.011494252873563204
2026-05-08,212000,198369,483650,달바글로벌,-0.013953488372092981
2026-05-11,218500,195514,483650,달바글로벌,0.030660377358490587
2026-05-12,247000,1127069,483650,달바글로벌,0.13043478260869557
2026-05-13,250500,339812,483650,달바글로벌,0.014170040485830038
2026-05-14,260000,216009,483650,달바글로벌,0.03792415169660668
2026-05-15,236500,310883,483650,달바글로벌,-0.0903846153846154
2026-05-18,228500,177629,483650,달바글로벌,-0.03382663847780132
2026-05-19,218000,182271,483650,달바글로벌,-0.045951859956236296
2026-05-20,215500,180966,483650,달바글로벌,-0.011467889908256867
2026-05-21,212500,231091,483650,달바글로벌,-0.0139211136890951
2026-05-22,219000,127512,483650,달바글로벌,0.030588235294117583
2026-05-26,213000,157538,483650,달바글로벌,-0.0273972602739726
2026-05-27,207000,152359,483650,달바글로벌,-0.028169014084507005
2026-05-28,202000,135498,483650,달바글로벌,-0.024154589371980673
2026-05-29,197000,285436,483650,달바글로벌,-0.024752475247524774
2026-06-01,202500,177649,483650,달바글로벌,0.027918781725888353
2026-06-02,187400,296701,483650,달바글로벌,-0.07456790123456791
2026-06-04,198100,261115,483650,달바글로벌,0.05709711846318033
2026-06-05,193900,170614,483650,달바글로벌,-0.021201413427561877
2026-06-08,184000,120024,483650,달바글로벌,-0.05105724600309436
2026-06-09,198200,118719,483650,달바글로벌,0.07717391304347831
2026-06-10,202000,154099,483650,달바글로벌,0.019172552976791213
2026-06-11,211000,493622,483650,달바글로벌,0.044554455445544594
2026-06-12,193700,282588,483650,달바글로벌,-0.08199052132701423
2026-06-15,196900,170036,483650,달바글로벌,0.01652039235931846
2026-06-16,194000,119128,483650,달바글로벌,-0.014728288471305251
2026-06-17,205500,140376,483650,달바글로벌,0.05927835051546393
2026-06-18,200500,116782,483650,달바글로벌,-0.024330900243308973
2026-06-19,214000,158855,483650,달바글로벌,0.06733167082294256
2026-06-22,200500,126992,483650,달바글로벌,-0.06308411214953269
2026-06-23,207500,220213,483650,달바글로벌,0.034912718204488824
2026-06-24,226000,233459,483650,달바글로벌,0.08915662650602418
2026-06-25,232000,328529,483650,달바글로벌,0.026548672566371723
2026-06-26,237500,194830,483650,달바글로벌,0.0237068965517242
2026-06-29,233000,121627,483650,달바글로벌,-0.0189473684210526
2026-06-30,231500,135383,483650,달바글로벌,-0.006437768240343367
2026-07-01,241500,140793,483650,달바글로벌,0.043196544276457916
2026-07-02,227000,330196,483650,달바글로벌,-0.06004140786749479
2026-07-03,215500,240554,483650,달바글로벌,-0.0506607929515418
2026-07-06,218000,105658,483650,달바글로벌,0.011600928074245953
2026-07-07,230000,155282,483650,달바글로벌,0.05504587155963292
2026-07-08,217500,131493,483650,달바글로벌,-0.05434782608695654
2026-07-09,199900,154428,483650,달바글로벌,-0.08091954022988501
2026-07-10,197900,152366,483650,달바글로벌,-0.010005002501250582
2026-07-13,199500,109507,483650,달바글로벌,0.008084891359272373
2026-07-14,197900,92539,483650,달바글로벌,-0.00802005012531326
2026-07-15,198400,67849,483650,달바글로벌,0.002526528549772644
2026-07-16,208500,123921,483650,달바글로벌,0.050907258064516236
2026-07-20,217000,125644,483650,달바글로벌,0.04076738609112707
2026-07-21,236000,242587,483650,달바글로벌,0.0875576036866359
2026-07-22,222000,162110,483650,달바글로벌,-0.05932203389830504
2026-07-23,240000,156690,483650,달바글로벌,0.08108108108108114
2026-07-24,240500,111889,483650,달바글로벌,0.002083333333333437
2026-07-27,259500,202908,483650,달바글로벌,0.0790020790020789
2026-07-28,256000,232897,483650,달바글로벌,-0.013487475915221592
2026-07-29,265000,529304,483650,달바글로벌,0.03515625
2026-07-30,233500,352925,483650,달바글로벌,-0.11886792452830186
2026-07-31,221000,278132,483650,달바글로벌,-0.05353319057815842
2026-08-03,223500,112172,483650,달바글로벌,0.011312217194570096
2026-08-04,239500,183388,483650,달바글로벌,0.07158836689038028
2026-08-05,232000,103468,483650,달바글로벌,-0.03131524008350728
2026-08-06,247000,141517,483650,달바글로벌,0.06465517241379315
2026-08-07,246000,100362,483650,달바글로벌,-0.004048582995951455
2026-08-10,241500,80694,483650,달바글로벌,-0.018292682926829285
2026-08-11,246000,108430,483650,달바글로벌,0.01863354037267073
2026-08-12,262000,304863,483650,달바글로벌,0.06504065040650397
2026-08-13,236000,629477,483650,달바글로벌,-0.0992366412213741
2026-08-14,228500,238990,483650,달바글로벌,-0.03177966101694918
2026-08-18,220000,127746,483650,달바글로벌,-0.03719912472647702
2026-08-19,218000,127843,483650,달바글로벌,-0.009090909090909038
2026-08-20,225000,121968,483650,달바글로벌,0.032110091743119185
2026-08-21,213500,59577,483650,달바글로벌,-0.05111111111111111
2021-06-01,59500,171656,161890,한국콜마,
2021-06-02,61800,608465,161890,한국콜마,0.038655462184874034
2021-06-03,61700,298575,161890,한국콜마,-0.0016181229773463146
2021-06-04,60900,204905,161890,한국콜마,-0.012965964343598091
2021-06-07,60600,203512,161890,한국콜마,-0.0049261083743842304
2021-06-08,60200,120749,161890,한국콜마,-0.0066006600660065695
2021-06-09,59700,141562,161890,한국콜마,-0.00830564784053156
2021-06-10,60500,233444,161890,한국콜마,0.01340033500837512
2021-06-11,60300,145416,161890,한국콜마,-0.0033057851239669533
2021-06-14,60500,124887,161890,한국콜마,0.0033167495854062867
2021-06-15,60200,118021,161890,한국콜마,-0.0049586776859503745
2021-06-16,60400,82280,161890,한국콜마,0.0033222591362125353
2021-06-17,60300,99046,161890,한국콜마,-0.0016556291390728006
2021-06-18,60000,111407,161890,한국콜마,-0.00497512437810943
2021-06-21,58400,211784,161890,한국콜마,-0.026666666666666616
2021-06-22,58500,123045,161890,한국콜마,0.001712328767123239
2021-06-23,57500,201998,161890,한국콜마,-0.017094017094017144
2021-06-24,57000,144704,161890,한국콜마,-0.008695652173912993
2021-06-25,57900,190474,161890,한국콜마,0.015789473684210575
2021-06-28,57700,127488,161890,한국콜마,-0.003454231433506094
2021-06-29,57800,114462,161890,한국콜마,0.0017331022530329143
2021-06-30,58000,105743,161890,한국콜마,0.0034602076124568004
2021-07-01,58000,120333,161890,한국콜마,0.0
2021-07-02,57300,187332,161890,한국콜마,-0.012068965517241348
2021-07-05,57000,143297,161890,한국콜마,-0.005235602094240788
2021-07-06,58000,146526,161890,한국콜마,0.01754385964912286
2021-07-07,57400,107388,161890,한국콜마,-0.010344827586206917
2021-07-08,56000,295670,161890,한국콜마,-0.024390243902439046
2021-07-09,54400,431575,161890,한국콜마,-0.02857142857142858
2021-07-12,55300,121263,161890,한국콜마,0.016544117647058876
2021-07-13,55600,138657,161890,한국콜마,0.005424954792043302
2021-07-14,55200,94712,161890,한국콜마,-0.007194244604316502
2021-07-15,55900,103198,161890,한국콜마,0.0126811594202898
2021-07-16,55900,73896,161890,한국콜마,0.0
2021-07-19,54900,111773,161890,한국콜마,-0.017889087656529523
2021-07-20,54500,124850,161890,한국콜마,-0.007285974499089298
2021-07-21,55100,93788,161890,한국콜마,0.011009174311926495
2021-07-22,55100,102576,161890,한국콜마,0.0
2021-07-23,55300,179337,161890,한국콜마,0.003629764065335772
2021-07-26,55200,90359,161890,한국콜마,-0.001808318264014508
2021-07-27,56100,114838,161890,한국콜마,0.016304347826086918
2021-07-28,55400,97873,161890,한국콜마,-0.012477718360071277
2021-07-29,55700,89745,161890,한국콜마,0.005415162454873723
2021-07-30,54900,184378,161890,한국콜마,-0.014362657091561926
2021-08-02,54300,142872,161890,한국콜마,-0.010928961748633892
2021-08-03,53200,165382,161890,한국콜마,-0.02025782688766109
2021-08-04,54000,106664,161890,한국콜마,0.015037593984962516
2021-08-05,54000,101641,161890,한국콜마,0.0
2021-08-06,54600,75213,161890,한국콜마,0.011111111111111072
2021-08-09,53100,342933,161890,한국콜마,-0.027472527472527486
2021-08-10,51300,380230,161890,한국콜마,-0.03389830508474578
2021-08-11,51400,161829,161890,한국콜마,0.0019493177387914784
2021-08-12,51300,145647,161890,한국콜마,-0.0019455252918287869
2021-08-13,50000,316748,161890,한국콜마,-0.025341130604288553
2021-08-17,49500,148824,161890,한국콜마,-0.010000000000000009
2021-08-18,49300,131603,161890,한국콜마,-0.004040404040404066
2021-08-19,46450,315062,161890,한국콜마,-0.057809330628803224
2021-08-20,45650,185110,161890,한국콜마,-0.017222820236813763
2021-08-23,46100,105088,161890,한국콜마,0.009857612267250904
2021-08-24,47800,109420,161890,한국콜마,0.03687635574837311
2021-08-25,47750,84932,161890,한국콜마,-0.0010460251046024993
2021-08-26,47750,97466,161890,한국콜마,0.0
2021-08-27,48100,83736,161890,한국콜마,0.00732984293193728
2021-08-30,48550,74305,161890,한국콜마,0.009355509355509328
2021-08-31,48250,76299,161890,한국콜마,-0.006179196704428458
2021-09-01,48850,93483,161890,한국콜마,0.012435233160621673
2021-09-02,48450,110675,161890,한국콜마,-0.008188331627430934
2021-09-03,48200,76927,161890,한국콜마,-0.00515995872033026
2021-09-06,48250,86573,161890,한국콜마,0.0010373443983402453
2021-09-07,49300,110572,161890,한국콜마,0.021761658031087983
2021-09-08,48100,130783,161890,한국콜마,-0.024340770791075106
2021-09-09,46800,173907,161890,한국콜마,-0.027027027027026973
2021-09-10,47500,87761,161890,한국콜마,0.014957264957264904
2021-09-13,48250,119480,161890,한국콜마,0.015789473684210575
2021-09-14,48300,147813,161890,한국콜마,0.0010362694300518616
2021-09-15,48050,71802,161890,한국콜마,-0.005175983436852993
2021-09-16,47400,76154,161890,한국콜마,-0.013527575442247697
2021-09-17,47150,103604,161890,한국콜마,-0.0052742616033755185
2021-09-23,46150,109309,161890,한국콜마,-0.02120890774125128
2021-09-24,45950,71212,161890,한국콜마,-0.004333694474539573
2021-09-27,45700,101069,161890,한국콜마,-0.005440696409140355
2021-09-28,45050,100977,161890,한국콜마,-0.01422319474835887
2021-09-29,44300,139932,161890,한국콜마,-0.01664816870144281
2021-09-30,44500,76662,161890,한국콜마,0.004514672686230181
2021-10-01,43100,123011,161890,한국콜마,-0.03146067415730336
2021-10-05,46100,446448,161890,한국콜마,0.06960556844547572
2021-10-06,45800,349028,161890,한국콜마,-0.006507592190889366
2021-10-07,47250,234708,161890,한국콜마,0.031659388646288145
2021-10-08,47050,106439,161890,한국콜마,-0.004232804232804255
2021-10-12,44250,229265,161890,한국콜마,-0.05951115834218912
2021-10-13,44500,95108,161890,한국콜마,0.005649717514124353
2021-10-14,45800,87729,161890,한국콜마,0.02921348314606731
2021-10-15,46750,110193,161890,한국콜마,0.020742358078602585
2021-10-18,46900,71998,161890,한국콜마,0.0032085561497325887
2021-10-19,46850,49853,161890,한국콜마,-0.0010660980810234255
2021-10-20,46750,56954,161890,한국콜마,-0.002134471718249764
2021-10-21,46250,59902,161890,한국콜마,-0.010695187165775444
2021-10-22,46700,63822,161890,한국콜마,0.00972972972972963
2021-10-25,47450,116590,161890,한국콜마,0.016059957173447437
2021-10-26,47300,78442,161890,한국콜마,-0.0031612223393044925
2021-10-27,46500,74532,161890,한국콜마,-0.016913319238900604
2021-10-28,45350,104647,161890,한국콜마,-0.02473118279569897
2021-10-29,44650,104037,161890,한국콜마,-0.015435501653803696
2021-11-01,45050,75138,161890,한국콜마,0.008958566629339249
2021-11-02,45400,62714,161890,한국콜마,0.007769145394006749
2021-11-03,44750,60783,161890,한국콜마,-0.014317180616740033
2021-11-04,44350,81136,161890,한국콜마,-0.00893854748603351
2021-11-05,43950,93672,161890,한국콜마,-0.009019165727170209
2021-11-08,44300,78816,161890,한국콜마,0.007963594994311762
2021-11-09,44200,64732,161890,한국콜마,-0.0022573363431150906
2021-11-10,42750,160158,161890,한국콜마,-0.03280542986425339
2021-11-11,41900,149920,161890,한국콜마,-0.019883040935672502
2021-11-12,42550,55965,161890,한국콜마,0.015513126491646823
2021-11-15,42950,63181,161890,한국콜마,0.009400705052879044
2021-11-16,42200,94244,161890,한국콜마,-0.0174621653084982
2021-11-17,41500,117526,161890,한국콜마,-0.016587677725118488
2021-11-18,41350,55973,161890,한국콜마,-0.0036144578313253017
2021-11-19,41350,64940,161890,한국콜마,0.0
2021-11-22,41600,65458,161890,한국콜마,0.006045949214026569
2021-11-23,41350,59318,161890,한국콜마,-0.006009615384615419
2021-11-24,40950,79643,161890,한국콜마,-0.0096735187424426
2021-11-25,40350,72975,161890,한국콜마,-0.0146520146520146
2021-11-26,39750,105534,161890,한국콜마,-0.014869888475836479
2021-11-29,38350,134311,161890,한국콜마,-0.035220125786163514
2021-11-30,37000,142155,161890,한국콜마,-0.03520208604954367
2021-12-01,37500,86041,161890,한국콜마,0.013513513513513598
2021-12-02,39150,112339,161890,한국콜마,0.04400000000000004
2021-12-03,39700,74344,161890,한국콜마,0.01404853128991057
2021-12-06,40000,71664,161890,한국콜마,0.007556675062972307
2021-12-07,41150,152650,161890,한국콜마,0.028750000000000053
2021-12-08,40950,78740,161890,한국콜마,-0.004860267314702349
2021-12-09,41550,68299,161890,한국콜마,0.0146520146520146
2021-12-10,41500,37032,161890,한국콜마,-0.001203369434416346
2021-12-13,41250,52687,161890,한국콜마,-0.0060240963855421326
2021-12-14,41200,49282,161890,한국콜마,-0.00121212121212122
2021-12-15,40800,44058,161890,한국콜마,-0.009708737864077666
2021-12-16,41150,42031,161890,한국콜마,0.008578431372548989
2021-12-17,41050,37822,161890,한국콜마,-0.002430133657351119
2021-12-20,40350,63644,161890,한국콜마,-0.01705237515225333
2021-12-21,40500,47991,161890,한국콜마,0.0037174721189590088
2021-12-22,40550,36289,161890,한국콜마,0.0012345679012346622
2021-12-23,41100,33423,161890,한국콜마,0.013563501849568338
2021-12-24,41300,40654,161890,한국콜마,0.0048661800486617945
2021-12-27,41100,22527,161890,한국콜마,-0.004842615012106588
2021-12-28,41550,58201,161890,한국콜마,0.010948905109489093
2021-12-29,40950,64035,161890,한국콜마,-0.014440433212996373
2021-12-30,40250,65184,161890,한국콜마,-0.017094017094017144
2022-01-03,40200,36268,161890,한국콜마,-0.001242236024844745
2022-01-04,40000,57715,161890,한국콜마,-0.00497512437810943
2022-01-05,39050,99140,161890,한국콜마,-0.02375000000000005
2022-01-06,38850,67093,161890,한국콜마,-0.005121638924455829
2022-01-07,39300,50499,161890,한국콜마,0.01158301158301156
2022-01-10,38650,81976,161890,한국콜마,-0.01653944020356235
2022-01-11,38000,70536,161890,한국콜마,-0.01681759379042691
2022-01-12,38700,92942,161890,한국콜마,0.018421052631578894
2022-01-13,38950,54006,161890,한국콜마,0.006459948320413522
2022-01-14,38550,64845,161890,한국콜마,-0.010269576379974277
2022-01-17,37800,64381,161890,한국콜마,-0.01945525291828798
2022-01-18,37100,61108,161890,한국콜마,-0.01851851851851849
2022-01-19,36850,85959,161890,한국콜마,-0.006738544474393482
2022-01-20,37550,52805,161890,한국콜마,0.01899592944369055
2022-01-21,37800,57725,161890,한국콜마,0.0066577896138482195
2022-01-24,37300,74371,161890,한국콜마,-0.013227513227513255
2022-01-25,36000,84911,161890,한국콜마,-0.034852546916890104
2022-01-26,36000,54195,161890,한국콜마,0.0
2022-01-27,34150,104015,161890,한국콜마,-0.05138888888888893
2022-01-28,34700,152729,161890,한국콜마,0.016105417276720324
2022-02-03,36550,85978,161890,한국콜마,0.05331412103746391
2022-02-04,37550,66017,161890,한국콜마,0.02735978112175097
2022-02-07,37550,69019,161890,한국콜마,0.0
2022-02-08,38300,79264,161890,한국콜마,0.01997336884154466
2022-02-09,38950,54105,161890,한국콜마,0.016971279373368064
2022-02-10,39900,170471,161890,한국콜마,0.024390243902439046
2022-02-11,39350,96448,161890,한국콜마,-0.013784461152882233
2022-02-14,38600,76426,161890,한국콜마,-0.019059720457433316
2022-02-15,39150,89314,161890,한국콜마,0.014248704663212486
2022-02-16,39400,61539,161890,한국콜마,0.0063856960408683605
2022-02-17,41450,381467,161890,한국콜마,0.05203045685279184
2022-02-18,42200,204464,161890,한국콜마,0.018094089264173663
2022-02-21,43900,247230,161890,한국콜마,0.04028436018957349
2022-02-22,46650,916070,161890,한국콜마,0.06264236902050113
2022-02-23,46700,291335,161890,한국콜마,0.001071811361200492
2022-02-24,45500,272150,161890,한국콜마,-0.025695931477516032
2022-02-25,46300,271161,161890,한국콜마,0.01758241758241752
2022-02-28,46100,182540,161890,한국콜마,-0.004319654427645814
2022-03-02,45850,141196,161890,한국콜마,-0.005422993492407824
2022-03-03,45550,150265,161890,한국콜마,-0.0065430752453653485
2022-03-04,44800,194765,161890,한국콜마,-0.016465422612513714
2022-03-07,43400,106720,161890,한국콜마,-0.03125
2022-03-08,41650,126305,161890,한국콜마,-0.040322580645161255
2022-03-10,43850,190894,161890,한국콜마,0.05282112845138065
2022-03-11,44450,107252,161890,한국콜마,0.0136830102622576
2022-03-14,41750,181505,161890,한국콜마,-0.06074240719910007
2022-03-15,41050,114631,161890,한국콜마,-0.016766467065868262
2022-03-16,42350,90175,161890,한국콜마,0.03166869671132755
2022-03-17,43550,151598,161890,한국콜마,0.02833530106257376
2022-03-18,42500,118433,161890,한국콜마,-0.024110218140068862
2022-03-21,43350,96266,161890,한국콜마,0.020000000000000018
2022-03-22,43350,61737,161890,한국콜마,0.0
2022-03-23,42600,111197,161890,한국콜마,-0.01730103806228378
2022-03-24,42450,97535,161890,한국콜마,-0.0035211267605633756
2022-03-25,41950,74734,161890,한국콜마,-0.011778563015312105
2022-03-28,42100,62088,161890,한국콜마,0.0035756853396902155
2022-03-29,43600,159785,161890,한국콜마,0.03562945368171011
2022-03-30,44000,123664,161890,한국콜마,0.00917431192660545
2022-03-31,43500,58940,161890,한국콜마,-0.011363636363636354
2022-04-01,46650,504701,161890,한국콜마,0.07241379310344831
2022-04-04,47800,397024,161890,한국콜마,0.024651661307609762
2022-04-05,48200,215805,161890,한국콜마,0.008368200836819994
2022-04-06,48100,155553,161890,한국콜마,-0.0020746887966804906
2022-04-07,45700,208496,161890,한국콜마,-0.0498960498960499
2022-04-08,44850,191036,161890,한국콜마,-0.018599562363238564
2022-04-11,46150,211765,161890,한국콜마,0.02898550724637672
2022-04-12,46600,120246,161890,한국콜마,0.009750812567713929
2022-04-13,46850,148223,161890,한국콜마,0.005364806866952732
2022-04-14,46850,690715,161890,한국콜마,0.0
2022-04-15,46650,171268,161890,한국콜마,-0.004268943436499417
2022-04-18,48000,354433,161890,한국콜마,0.02893890675241151
2022-04-19,47300,185476,161890,한국콜마,-0.014583333333333282
2022-04-20,47100,145632,161890,한국콜마,-0.0042283298097252064
2022-04-21,46800,94675,161890,한국콜마,-0.006369426751592355
2022-04-22,46350,118758,161890,한국콜마,-0.009615384615384581
2022-04-25,44500,132897,161890,한국콜마,-0.03991370010787487
2022-04-26,44900,84809,161890,한국콜마,0.008988764044943753
2022-04-27,43950,126022,161890,한국콜마,-0.021158129175946505
2022-04-28,46800,265894,161890,한국콜마,0.06484641638225264
2022-04-29,47000,429711,161890,한국콜마,0.004273504273504258
2022-05-02,47050,119434,161890,한국콜마,0.0010638297872340718
2022-05-03,45850,121452,161890,한국콜마,-0.025504782146652527
2022-05-04,44750,139026,161890,한국콜마,-0.02399127589967287
2022-05-06,44550,89161,161890,한국콜마,-0.004469273743016755
2022-05-09,43350,106438,161890,한국콜마,-0.026936026936026924
2022-05-10,42600,187543,161890,한국콜마,-0.01730103806228378
2022-05-11,43700,90450,161890,한국콜마,0.025821596244131495
2022-05-12,41800,150243,161890,한국콜마,-0.04347826086956519
2022-05-13,42300,82930,161890,한국콜마,0.011961722488038173
2022-05-16,42200,56243,161890,한국콜마,-0.0023640661938534313
2022-05-17,39650,572301,161890,한국콜마,-0.06042654028436023
2022-05-18,39600,151333,161890,한국콜마,-0.0012610340479193294
2022-05-19,38700,219081,161890,한국콜마,-0.022727272727272707
2022-05-20,39300,114419,161890,한국콜마,0.015503875968992276
2022-05-23,41300,466994,161890,한국콜마,0.05089058524173029
2022-05-24,41050,121670,161890,한국콜마,-0.006053268765133124
2022-05-25,41250,95251,161890,한국콜마,0.004872107186357999
2022-05-26,40750,69625,161890,한국콜마,-0.012121212121212088
2022-05-27,40800,66357,161890,한국콜마,0.0012269938650306678
2022-05-30,41600,78403,161890,한국콜마,0.019607843137254832
2022-05-31,41750,71365,161890,한국콜마,0.0036057692307691624
2022-06-02,41650,63615,161890,한국콜마,-0.0023952095808382756
2022-06-03,42700,172609,161890,한국콜마,0.025210084033613356
2022-06-07,40950,121734,161890,한국콜마,-0.040983606557377095
2022-06-08,40650,52830,161890,한국콜마,-0.0073260073260073
2022-06-09,40850,114588,161890,한국콜마,0.004920049200491938
2022-06-10,39850,67505,161890,한국콜마,-0.0244798041615667
2022-06-13,38050,136868,161890,한국콜마,-0.04516938519447933
2022-06-14,37400,126761,161890,한국콜마,-0.01708278580814715
2022-06-15,36300,131980,161890,한국콜마,-0.02941176470588236
2022-06-16,36300,122590,161890,한국콜마,0.0
2022-06-17,36550,85919,161890,한국콜마,0.00688705234159781
2022-06-20,35700,69215,161890,한국콜마,-0.023255813953488413
2022-06-21,36450,72707,161890,한국콜마,0.021008403361344463
2022-06-22,34900,109414,161890,한국콜마,-0.04252400548696844
2022-06-23,34250,102333,161890,한국콜마,-0.01862464183381085
2022-06-24,35800,133152,161890,한국콜마,0.045255474452554845
2022-06-27,36300,72369,161890,한국콜마,0.013966480446927276
2022-06-28,36200,71379,161890,한국콜마,-0.0027548209366391463
2022-06-29,38900,260197,161890,한국콜마,0.07458563535911611
2022-06-30,38150,104315,161890,한국콜마,-0.019280205655527016
2022-07-01,36750,147504,161890,한국콜마,-0.03669724770642202
2022-07-04,36800,63993,161890,한국콜마,0.0013605442176871652
2022-07-05,37300,94537,161890,한국콜마,0.013586956521739024
2022-07-06,37350,114531,161890,한국콜마,0.0013404825737264314
2022-07-07,38550,78453,161890,한국콜마,0.032128514056224855
2022-07-08,38600,94134,161890,한국콜마,0.0012970168612191912
2022-07-11,37550,67350,161890,한국콜마,-0.02720207253886009
2022-07-12,36500,84644,161890,한국콜마,-0.0279627163781625
2022-07-13,38450,136629,161890,한국콜마,0.05342465753424652
2022-07-14,38050,173323,161890,한국콜마,-0.01040312093628093
2022-07-15,38050,69715,161890,한국콜마,0.0
2022-07-18,38050,59169,161890,한국콜마,0.0
2022-07-19,37400,82306,161890,한국콜마,-0.01708278580814715
2022-07-20,38100,101688,161890,한국콜마,0.018716577540107027
2022-07-21,38400,62829,161890,한국콜마,0.007874015748031482
2022-07-22,38150,73988,161890,한국콜마,-0.00651041666666663
2022-07-25,38400,30342,161890,한국콜마,0.006553079947575258
2022-07-26,38950,60656,161890,한국콜마,0.01432291666666674
2022-07-27,40150,155693,161890,한국콜마,0.030808729139923052
2022-07-28,38800,116686,161890,한국콜마,-0.03362391033623913
2022-07-29,38850,67869,161890,한국콜마,0.0012886597938144284
2022-08-01,38850,53000,161890,한국콜마,0.0
2022-08-02,37850,79140,161890,한국콜마,-0.025740025740025763
2022-08-03,38050,29064,161890,한국콜마,0.005284015852047519
2022-08-04,37750,89542,161890,한국콜마,-0.007884362680683266
2022-08-05,37900,102509,161890,한국콜마,0.003973509933774766
2022-08-08,38050,134685,161890,한국콜마,0.003957783641160839
2022-08-09,37700,102388,161890,한국콜마,-0.009198423127463884
2022-08-10,37250,75986,161890,한국콜마,-0.011936339522546469
2022-08-11,37650,58504,161890,한국콜마,0.010738255033557076
2022-08-12,38300,149603,161890,한국콜마,0.01726427622841964
2022-08-16,38500,104246,161890,한국콜마,0.005221932114882533
2022-08-17,39900,216370,161890,한국콜마,0.036363636363636376
2022-08-18,40050,77535,161890,한국콜마,0.003759398496240518
2022-08-19,39800,80617,161890,한국콜마,-0.006242197253433224
2022-08-22,38950,39282,161890,한국콜마,-0.021356783919597944
2022-08-23,37500,125319,161890,한국콜마,-0.03722721437740695
2022-08-24,37200,115437,161890,한국콜마,-0.008000000000000007
2022-08-25,38100,65421,161890,한국콜마,0.024193548387096753
2022-08-26,38250,51608,161890,한국콜마,0.003937007874015741
2022-08-29,37200,71289,161890,한국콜마,-0.027450980392156876
2022-08-30,37900,68656,161890,한국콜마,0.018817204301075252
2022-08-31,38350,69908,161890,한국콜마,0.01187335092348274
2022-09-01,37450,74552,161890,한국콜마,-0.023468057366362483
2022-09-02,37650,44669,161890,한국콜마,0.005340453938584844
2022-09-05,37350,41741,161890,한국콜마,-0.007968127490039834
2022-09-06,37550,49859,161890,한국콜마,0.0053547523427042165
2022-09-07,37300,51149,161890,한국콜마,-0.0066577896138482195
2022-09-08,37550,67163,161890,한국콜마,0.006702412868632601
2022-09-13,39200,123390,161890,한국콜마,0.04394141145139807
2022-09-14,38300,53664,161890,한국콜마,-0.022959183673469385
2022-09-15,39650,141372,161890,한국콜마,0.03524804177545682
2022-09-16,39450,69470,161890,한국콜마,-0.0050441361916772065
2022-09-19,39050,62360,161890,한국콜마,-0.010139416983523497
2022-09-20,41100,216127,161890,한국콜마,0.052496798975672165
2022-09-21,41000,177242,161890,한국콜마,-0.0024330900243308973
2022-09-22,40800,88430,161890,한국콜마,-0.004878048780487809
2022-09-23,38800,179803,161890,한국콜마,-0.0490196078431373
2022-09-26,37650,124358,161890,한국콜마,-0.029639175257731964
2022-09-27,39950,163622,161890,한국콜마,0.061088977423638724
2022-09-28,38750,116844,161890,한국콜마,-0.030037546933667114
2022-09-29,38350,109524,161890,한국콜마,-0.010322580645161339
2022-09-30,38000,76169,161890,한국콜마,-0.009126466753585416
2022-10-04,38150,52991,161890,한국콜마,0.003947368421052699
2022-10-05,37450,76823,161890,한국콜마,-0.01834862385321101
2022-10-06,37900,51164,161890,한국콜마,0.012016021361815676
2022-10-07,37700,42389,161890,한국콜마,-0.00527704485488123
2022-10-11,35100,105120,161890,한국콜마,-0.06896551724137934
2022-10-12,33800,168605,161890,한국콜마,-0.03703703703703709
2022-10-13,32350,105770,161890,한국콜마,-0.04289940828402372
2022-10-14,33700,78491,161890,한국콜마,0.04173106646058722
2022-10-17,33150,42642,161890,한국콜마,-0.016320474777448024
2022-10-18,34150,75389,161890,한국콜마,0.030165912518853588
2022-10-19,33600,59310,161890,한국콜마,-0.016105417276720324
2022-10-20,33950,61097,161890,한국콜마,0.01041666666666674
2022-10-21,33950,51324,161890,한국콜마,0.0
2022-10-24,34250,62601,161890,한국콜마,0.008836524300441795
2022-10-25,34050,33272,161890,한국콜마,-0.005839416058394109
2022-10-26,33900,37546,161890,한국콜마,-0.004405286343612369
2022-10-27,34200,57058,161890,한국콜마,0.008849557522123908
2022-10-28,34150,45174,161890,한국콜마,-0.0014619883040936088
2022-10-31,34250,29545,161890,한국콜마,0.002928257686676483
2022-11-01,34800,61064,161890,한국콜마,0.016058394160583855
2022-11-02,34850,40734,161890,한국콜마,0.001436781609195359
2022-11-03,34450,40140,161890,한국콜마,-0.011477761836441891
2022-11-04,36000,108132,161890,한국콜마,0.044992743105950694
2022-11-07,36150,46257,161890,한국콜마,0.004166666666666652
2022-11-08,36400,66466,161890,한국콜마,0.006915629322268302
2022-11-09,36750,56761,161890,한국콜마,0.009615384615384581
2022-11-10,36550,60915,161890,한국콜마,-0.0054421768707483276
2022-11-11,39250,202885,161890,한국콜마,0.0738714090287278
2022-11-14,39100,143408,161890,한국콜마,-0.003821656050955413
2022-11-15,39850,76916,161890,한국콜마,0.019181585677749302
2022-11-16,39600,55320,161890,한국콜마,-0.006273525721455453
2022-11-17,39600,46235,161890,한국콜마,0.0
2022-11-18,38650,95771,161890,한국콜마,-0.023989898989899006
2022-11-21,38300,49292,161890,한국콜마,-0.009055627425614499
2022-11-22,37700,36472,161890,한국콜마,-0.015665796344647487
2022-11-23,38350,68970,161890,한국콜마,0.01724137931034475
2022-11-24,38750,39826,161890,한국콜마,0.010430247718383301
2022-11-25,38150,29426,161890,한국콜마,-0.015483870967741953
2022-11-28,37900,66075,161890,한국콜마,-0.006553079947575369
2022-11-29,40000,95571,161890,한국콜마,0.0554089709762533
2022-11-30,38750,80857,161890,한국콜마,-0.03125
2022-12-01,39900,123596,161890,한국콜마,0.029677419354838808
2022-12-02,41650,319993,161890,한국콜마,0.04385964912280693
2022-12-05,42500,186794,161890,한국콜마,0.020408163265306145
2022-12-06,40800,117112,161890,한국콜마,-0.040000000000000036
2022-12-07,42550,195511,161890,한국콜마,0.04289215686274517
2022-12-08,41500,128855,161890,한국콜마,-0.024676850763807323
2022-12-09,42600,136769,161890,한국콜마,0.026506024096385472
2022-12-12,42100,90049,161890,한국콜마,-0.011737089201877882
2022-12-13,42050,60802,161890,한국콜마,-0.001187648456057011
2022-12-14,42100,55984,161890,한국콜마,0.0011890606420927874
2022-12-15,41400,38675,161890,한국콜마,-0.016627078384798155
2022-12-16,41800,77235,161890,한국콜마,0.009661835748792313
2022-12-19,41950,43475,161890,한국콜마,0.0035885167464115852
2022-12-20,41550,45221,161890,한국콜마,-0.009535160905840279
2022-12-21,41950,42251,161890,한국콜마,0.00962695547533099
2022-12-22,42700,105146,161890,한국콜마,0.017878426698450633
2022-12-23,42400,87190,161890,한국콜마,-0.007025761124121788
2022-12-26,41900,53155,161890,한국콜마,-0.011792452830188704
2022-12-27,44100,215445,161890,한국콜마,0.05250596658711215
2022-12-28,43200,90339,161890,한국콜마,-0.020408163265306145
2022-12-29,42600,74992,161890,한국콜마,-0.01388888888888884
2023-01-02,40850,118307,161890,한국콜마,-0.04107981220657275
2023-01-03,41650,70214,161890,한국콜마,0.019583843329253448
2023-01-04,41050,61422,161890,한국콜마,-0.014405762304921965
2023-01-05,41400,58913,161890,한국콜마,0.008526187576126665
2023-01-06,40700,77028,161890,한국콜마,-0.016908212560386437
2023-01-09,42400,70660,161890,한국콜마,0.041769041769041726
2023-01-10,42250,115380,161890,한국콜마,-0.003537735849056589
2023-01-11,43550,105410,161890,한국콜마,0.03076923076923066
2023-01-12,42500,120181,161890,한국콜마,-0.024110218140068862
2023-01-13,42850,83671,161890,한국콜마,0.008235294117647118
2023-01-16,43700,147551,161890,한국콜마,0.019836639439906545
2023-01-17,43500,72393,161890,한국콜마,-0.004576659038901587
2023-01-18,43450,133348,161890,한국콜마,-0.0011494252873562871
2023-01-19,44350,210886,161890,한국콜마,0.020713463751438344
2023-01-20,43850,105908,161890,한국콜마,-0.011273957158962844
2023-01-25,43600,87144,161890,한국콜마,-0.005701254275940704
2023-01-26,43300,86454,161890,한국콜마,-0.006880733944954143
2023-01-27,44450,114486,161890,한국콜마,0.02655889145496526
2023-01-30,43800,107611,161890,한국콜마,-0.01462317210348707
2023-01-31,44450,95880,161890,한국콜마,0.014840182648401923
2023-02-01,43650,145950,161890,한국콜마,-0.017997750281214864
2023-02-02,44350,175146,161890,한국콜마,0.016036655211912887
2023-02-03,43800,88542,161890,한국콜마,-0.012401352874859106
2023-02-06,43650,57846,161890,한국콜마,-0.003424657534246589
2023-02-07,43950,63401,161890,한국콜마,0.0068728522336769515
2023-02-08,43250,109845,161890,한국콜마,-0.015927189988623414
2023-02-09,43700,136621,161890,한국콜마,0.010404624277456698
2023-02-10,44350,145289,161890,한국콜마,0.014874141876430214
2023-02-13,43450,98576,161890,한국콜마,-0.020293122886133053
2023-02-14,43650,51415,161890,한국콜마,0.004602991944764101
2023-02-15,42550,85038,161890,한국콜마,-0.025200458190148933
2023-02-16,43000,51714,161890,한국콜마,0.010575793184488758
2023-02-17,42450,45832,161890,한국콜마,-0.01279069767441865
2023-02-20,42950,48856,161890,한국콜마,0.011778563015312216
2023-02-21,42350,76851,161890,한국콜마,-0.01396973224679865
2023-02-22,41500,61000,161890,한국콜마,-0.02007083825265643
2023-02-23,41800,30101,161890,한국콜마,0.0072289156626506035
2023-02-24,41800,34595,161890,한국콜마,0.0
2023-02-27,40800,95049,161890,한국콜마,-0.02392344497607657
2023-02-28,40700,125528,161890,한국콜마,-0.002450980392156854
2023-03-02,41800,137515,161890,한국콜마,0.027027027027026973
2023-03-03,42450,107148,161890,한국콜마,0.015550239234449759
2023-03-06,41700,107527,161890,한국콜마,-0.017667844522968212
2023-03-07,41300,70623,161890,한국콜마,-0.00959232613908878
2023-03-08,40000,121995,161890,한국콜마,-0.03147699757869249
2023-03-09,40600,97118,161890,한국콜마,0.014999999999999902
2023-03-10,39350,78212,161890,한국콜마,-0.030788177339901468
2023-03-13,38850,90152,161890,한국콜마,-0.01270648030495558
2023-03-14,37750,52018,161890,한국콜마,-0.028314028314028294
2023-03-15,38200,72162,161890,한국콜마,0.01192052980132452
2023-03-16,37250,67628,161890,한국콜마,-0.02486910994764402
2023-03-17,37950,47053,161890,한국콜마,0.01879194630872494
2023-03-20,38600,73731,161890,한국콜마,0.017127799736495364
2023-03-21,39050,64355,161890,한국콜마,0.011658031088082943
2023-03-22,38450,77555,161890,한국콜마,-0.015364916773367487
2023-03-23,38600,59574,161890,한국콜마,0.0039011703511053764
2023-03-24,38750,61453,161890,한국콜마,0.0038860103626943143
2023-03-27,39050,44709,161890,한국콜마,0.007741935483871032
2023-03-28,42150,267941,161890,한국콜마,0.0793854033290653
2023-03-29,42200,157469,161890,한국콜마,0.0011862396204034287
2023-03-30,41600,93024,161890,한국콜마,-0.014218009478673022
2023-03-31,41900,88483,161890,한국콜마,0.007211538461538547
2023-04-03,41550,59737,161890,한국콜마,-0.00835322195704058
2023-04-04,41550,58009,161890,한국콜마,0.0
2023-04-05,41400,84349,161890,한국콜마,-0.0036101083032491488
2023-04-06,40800,67312,161890,한국콜마,-0.01449275362318836
2023-04-07,41550,77004,161890,한국콜마,0.018382352941176405
2023-04-10,40900,57401,161890,한국콜마,-0.01564380264741272
2023-04-11,42250,103504,161890,한국콜마,0.033007334963325086
2023-04-12,42450,115579,161890,한국콜마,0.004733727810650956
2023-04-13,43450,201395,161890,한국콜마,0.02355712603062421
2023-04-14,43200,667214,161890,한국콜마,-0.005753739930955071
2023-04-17,42600,77541,161890,한국콜마,-0.01388888888888884
2023-04-18,44500,304350,161890,한국콜마,0.04460093896713624
2023-04-19,44800,217553,161890,한국콜마,0.006741573033707926
2023-04-20,43050,137935,161890,한국콜마,-0.0390625
2023-04-21,41350,197180,161890,한국콜마,-0.03948896631823462
2023-04-24,40550,109338,161890,한국콜마,-0.019347037484885088
2023-04-25,39650,102808,161890,한국콜마,-0.022194821208384674
2023-04-26,40100,78159,161890,한국콜마,0.011349306431273742
2023-04-27,39850,53205,161890,한국콜마,-0.006234413965087282
2023-04-28,40450,87337,161890,한국콜마,0.015056461731492998
2023-05-02,40500,70438,161890,한국콜마,0.0012360939431397266
2023-05-03,39550,136538,161890,한국콜마,-0.023456790123456805
2023-05-04,39500,65173,161890,한국콜마,-0.0012642225031606058
2023-05-08,39400,83032,161890,한국콜마,-0.0025316455696202667
2023-05-09,39100,67731,161890,한국콜마,-0.0076142131979695105
2023-05-10,40700,184961,161890,한국콜마,0.04092071611253201
2023-05-11,41700,185863,161890,한국콜마,0.024570024570024662
2023-05-12,40100,155172,161890,한국콜마,-0.0383693045563549
2023-05-15,38350,339251,161890,한국콜마,-0.043640897755610975
2023-05-16,38000,211922,161890,한국콜마,-0.009126466753585416
2023-05-17,38000,96877,161890,한국콜마,0.0
2023-05-18,37850,87104,161890,한국콜마,-0.003947368421052588
2023-05-19,38050,99414,161890,한국콜마,0.005284015852047519
2023-05-22,38250,71209,161890,한국콜마,0.005256241787122251
2023-05-23,39400,129773,161890,한국콜마,0.030065359477124076
2023-05-24,39300,113689,161890,한국콜마,-0.0025380710659898
2023-05-25,39100,76794,161890,한국콜마,-0.0050890585241730735
2023-05-26,38600,55948,161890,한국콜마,-0.012787723785166238
2023-05-30,38000,97631,161890,한국콜마,-0.015544041450777257
2023-05-31,37600,86068,161890,한국콜마,-0.010526315789473717
2023-06-01,38350,77380,161890,한국콜마,0.019946808510638236
2023-06-02,38900,56801,161890,한국콜마,0.014341590612777066
2023-06-05,41200,366266,161890,한국콜마,0.059125964010282805
2023-06-07,41350,134532,161890,한국콜마,0.00364077669902918
2023-06-08,41250,128606,161890,한국콜마,-0.00241837968561065
2023-06-09,41600,144189,161890,한국콜마,0.00848484848484854
2023-06-12,41250,74537,161890,한국콜마,-0.008413461538461564
2023-06-13,41250,59837,161890,한국콜마,0.0
2023-06-14,41800,90940,161890,한국콜마,0.01333333333333342
2023-06-15,42500,148524,161890,한국콜마,0.01674641148325362
2023-06-16,43500,187942,161890,한국콜마,0.0235294117647058
2023-06-19,43700,139194,161890,한국콜마,0.0045977011494253706
2023-06-20,43750,145753,161890,한국콜마,0.0011441647597254523
2023-06-21,44300,145958,161890,한국콜마,0.012571428571428678
2023-06-22,43450,75085,161890,한국콜마,-0.019187358916478603
2023-06-23,43700,79023,161890,한국콜마,0.005753739930955071
2023-06-26,43100,54184,161890,한국콜마,-0.013729977116704761
2023-06-27,43750,119451,161890,한국콜마,0.015081206496519783
2023-06-28,44250,89219,161890,한국콜마,0.011428571428571344
2023-06-29,43750,85915,161890,한국콜마,-0.011299435028248594
2023-06-30,44000,58682,161890,한국콜마,0.005714285714285783
2023-07-03,42700,166662,161890,한국콜마,-0.02954545454545454
2023-07-04,46000,610416,161890,한국콜마,0.07728337236533966
2023-07-05,46000,188014,161890,한국콜마,0.0
2023-07-06,45800,122582,161890,한국콜마,-0.004347826086956497
2023-07-07,46700,212440,161890,한국콜마,0.01965065502183405
2023-07-10,45400,108364,161890,한국콜마,-0.027837259100642386
2023-07-11,45850,46657,161890,한국콜마,0.009911894273127775
2023-07-12,47250,163400,161890,한국콜마,0.03053435114503822
2023-07-13,46400,160243,161890,한국콜마,-0.017989417989418
2023-07-14,46800,131887,161890,한국콜마,0.008620689655172376
2023-07-17,46400,70343,161890,한국콜마,-0.008547008547008517
2023-07-18,46400,129042,161890,한국콜마,0.0
2023-07-19,45500,96947,161890,한국콜마,-0.0193965517241379
2023-07-20,46200,94199,161890,한국콜마,0.01538461538461533
2023-07-21,46700,147887,161890,한국콜마,0.010822510822510845
2023-07-24,45750,126211,161890,한국콜마,-0.020342612419700257
2023-07-25,46600,109567,161890,한국콜마,0.01857923497267766
2023-07-26,44600,195960,161890,한국콜마,-0.0429184549356223
2023-07-27,47250,316486,161890,한국콜마,0.0594170403587444
2023-07-28,47550,138883,161890,한국콜마,0.006349206349206327
2023-07-31,48350,141241,161890,한국콜마,0.016824395373291168
2023-08-01,48850,135235,161890,한국콜마,0.010341261633919352
2023-08-02,47950,140039,161890,한국콜마,-0.0184237461617196
2023-08-03,48300,89551,161890,한국콜마,0.007299270072992803
2023-08-04,48850,141278,161890,한국콜마,0.011387163561076497
2023-08-07,51700,485297,161890,한국콜마,0.05834186284544529
2023-08-08,52000,222214,161890,한국콜마,0.005802707930367523
2023-08-09,51200,185993,161890,한국콜마,-0.01538461538461533
2023-08-10,54800,1032259,161890,한국콜마,0.0703125
2023-08-11,56800,1874297,161890,한국콜마,0.03649635036496357
2023-08-14,58100,906785,161890,한국콜마,0.022887323943661997
2023-08-16,58000,545881,161890,한국콜마,-0.0017211703958691649
2023-08-17,56200,343206,161890,한국콜마,-0.03103448275862064
2023-08-18,57200,372044,161890,한국콜마,0.017793594306049876
2023-08-21,56600,246017,161890,한국콜마,-0.010489510489510523
2023-08-22,55500,202345,161890,한국콜마,-0.019434628975265045
2023-08-23,56100,141494,161890,한국콜마,0.0108108108108107
2023-08-24,55900,168344,161890,한국콜마,-0.0035650623885917776
2023-08-25,57300,228495,161890,한국콜마,0.025044722719141266
2023-08-28,57300,183331,161890,한국콜마,0.0
2023-08-29,57300,158202,161890,한국콜마,0.0
2023-08-30,57200,148345,161890,한국콜마,-0.0017452006980802626
2023-08-31,57800,153785,161890,한국콜마,0.010489510489510412
2023-09-01,53600,508156,161890,한국콜마,-0.0726643598615917
2023-09-04,53100,240605,161890,한국콜마,-0.009328358208955279
2023-09-05,52900,127794,161890,한국콜마,-0.0037664783427495685
2023-09-06,52900,108453,161890,한국콜마,0.0
2023-09-07,52900,90899,161890,한국콜마,0.0
2023-09-08,53500,120754,161890,한국콜마,0.011342155009451904
2023-09-11,53700,76099,161890,한국콜마,0.0037383177570093906
2023-09-12,53000,113815,161890,한국콜마,-0.013035381750465591
2023-09-13,51100,154415,161890,한국콜마,-0.03584905660377358
2023-09-14,51800,154377,161890,한국콜마,0.013698630136986356
2023-09-15,51700,103520,161890,한국콜마,-0.0019305019305019266
2023-09-18,52400,77589,161890,한국콜마,0.013539651837524147
2023-09-19,53000,121170,161890,한국콜마,0.011450381679389388
2023-09-20,52500,88447,161890,한국콜마,-0.009433962264150941
2023-09-21,51000,71627,161890,한국콜마,-0.02857142857142858
2023-09-22,49600,128697,161890,한국콜마,-0.027450980392156876
2023-09-25,51700,148690,161890,한국콜마,0.04233870967741926
2023-09-26,50700,68979,161890,한국콜마,-0.01934235976789167
2023-09-27,51100,92619,161890,한국콜마,0.007889546351084853
2023-10-04,49650,80345,161890,한국콜마,-0.02837573385518588
2023-10-05,48750,87700,161890,한국콜마,-0.01812688821752262
2023-10-06,47950,60488,161890,한국콜마,-0.016410256410256396
2023-10-10,47400,120495,161890,한국콜마,-0.01147028154327423
2023-10-11,47950,111028,161890,한국콜마,0.011603375527426074
2023-10-12,48550,120995,161890,한국콜마,0.012513034410844615
2023-10-13,49400,180279,161890,한국콜마,0.01750772399588052
2023-10-16,49550,151242,161890,한국콜마,0.0030364372469635637
2023-10-17,52200,200602,161890,한국콜마,0.05348133198789107
2023-10-18,52600,195906,161890,한국콜마,0.00766283524904221
2023-10-19,52000,244736,161890,한국콜마,-0.011406844106463865
2023-10-20,51600,126162,161890,한국콜마,-0.007692307692307665
2023-10-23,52700,105487,161890,한국콜마,0.02131782945736438
2023-10-24,51700,93534,161890,한국콜마,-0.018975332068311146
2023-10-25,54800,419529,161890,한국콜마,0.05996131528046411
2023-10-26,53800,172605,161890,한국콜마,-0.018248175182481785
2023-10-27,53600,117433,161890,한국콜마,-0.0037174721189591198
2023-10-30,54300,73100,161890,한국콜마,0.013059701492537323
2023-10-31,53600,166845,161890,한국콜마,-0.012891344383057057
2023-11-01,54500,110194,161890,한국콜마,0.01679104477611948
2023-11-02,54100,166953,161890,한국콜마,-0.007339449541284404
2023-11-03,52100,162823,161890,한국콜마,-0.0369685767097967
2023-11-06,51600,231196,161890,한국콜마,-0.009596928982725572
2023-11-07,54200,256521,161890,한국콜마,0.050387596899224896
2023-11-08,55100,159604,161890,한국콜마,0.016605166051660625
2023-11-09,55700,114637,161890,한국콜마,0.010889292196007316
2023-11-10,49400,916108,161890,한국콜마,-0.11310592459605029
2023-11-13,47050,365853,161890,한국콜마,-0.04757085020242913
2023-11-14,47300,163500,161890,한국콜마,0.005313496280552554
2023-11-15,47150,252955,161890,한국콜마,-0.003171247357293905
2023-11-16,46600,142442,161890,한국콜마,-0.01166489925768821
2023-11-17,45500,210441,161890,한국콜마,-0.023605150214592308
2023-11-20,46750,156309,161890,한국콜마,0.027472527472527375
2023-11-21,48900,259991,161890,한국콜마,0.04598930481283414
2023-11-22,49000,166047,161890,한국콜마,0.002044989775051187
2023-11-23,48850,113417,161890,한국콜마,-0.003061224489795955
2023-11-24,48400,65286,161890,한국콜마,-0.0092118730808598
2023-11-27,47950,63601,161890,한국콜마,-0.009297520661157077
2023-11-28,47200,139510,161890,한국콜마,-0.015641293013555768
2023-11-29,47150,63547,161890,한국콜마,-0.0010593220338983578
2023-11-30,47450,100111,161890,한국콜마,0.006362672322375307
2023-12-01,47350,50355,161890,한국콜마,-0.0021074815595363283
2023-12-04,48200,122331,161890,한국콜마,0.017951425554382228
2023-12-05,49550,230765,161890,한국콜마,0.028008298755186622
2023-12-06,50000,111878,161890,한국콜마,0.00908173562058523
2023-12-07,51100,233533,161890,한국콜마,0.02200000000000002
2023-12-08,50900,99393,161890,한국콜마,-0.003913894324853229
2023-12-11,51600,118849,161890,한국콜마,0.013752455795677854
2023-12-12,50700,97945,161890,한국콜마,-0.01744186046511631
2023-12-13,51500,98741,161890,한국콜마,0.015779092702169706
2023-12-14,54300,375592,161890,한국콜마,0.05436893203883497
2023-12-15,53400,105121,161890,한국콜마,-0.016574585635359074
2023-12-18,54100,113597,161890,한국콜마,0.013108614232209659
2023-12-19,54600,110554,161890,한국콜마,0.009242144177449063
2023-12-20,53600,85608,161890,한국콜마,-0.01831501831501836
2023-12-21,53300,122229,161890,한국콜마,-0.005597014925373123
2023-12-22,52900,92034,161890,한국콜마,-0.007504690431519689
2023-12-26,52700,63215,161890,한국콜마,-0.003780718336483968
2023-12-27,51900,99383,161890,한국콜마,-0.015180265654648917
2023-12-28,53600,103115,161890,한국콜마,0.032755298651252485
2024-01-02,53500,57977,161890,한국콜마,-0.001865671641791078
2024-01-03,53000,71088,161890,한국콜마,-0.009345794392523366
2024-01-04,53500,81529,161890,한국콜마,0.009433962264151052
2024-01-05,54100,104402,161890,한국콜마,0.01121495327102795
2024-01-08,53700,64444,161890,한국콜마,-0.007393715341959317
2024-01-09,55400,95094,161890,한국콜마,0.03165735567970196
2024-01-10,55500,85716,161890,한국콜마,0.0018050541516245744
2024-01-11,54500,80823,161890,한국콜마,-0.018018018018018056
2024-01-12,54300,59370,161890,한국콜마,-0.003669724770642202
2024-01-15,52300,82214,161890,한국콜마,-0.036832412523020275
2024-01-16,52600,38450,161890,한국콜마,0.005736137667303964
2024-01-17,52100,107254,161890,한국콜마,-0.009505703422053258
2024-01-18,52100,42744,161890,한국콜마,0.0
2024-01-19,52000,47508,161890,한국콜마,-0.0019193857965451588
2024-01-22,52700,48908,161890,한국콜마,0.013461538461538414
2024-01-23,53500,65099,161890,한국콜마,0.015180265654648917
2024-01-24,53800,61473,161890,한국콜마,0.005607476635514086
2024-01-25,53500,57425,161890,한국콜마,-0.005576208178438624
2024-01-26,52300,62252,161890,한국콜마,-0.02242990654205612
2024-01-29,50500,82473,161890,한국콜마,-0.03441682600382412
2024-01-30,50000,107933,161890,한국콜마,-0.00990099009900991
2024-01-31,48800,93855,161890,한국콜마,-0.02400000000000002
2024-02-01,49150,102819,161890,한국콜마,0.0071721311475410054
2024-02-02,48950,119339,161890,한국콜마,-0.004069175991861629
2024-02-05,48400,119889,161890,한국콜마,-0.011235955056179803
2024-02-06,49100,72670,161890,한국콜마,0.01446280991735538
2024-02-07,48900,75969,161890,한국콜마,-0.004073319755600768
2024-02-08,48700,105835,161890,한국콜마,-0.004089979550102263
2024-02-13,48300,110267,161890,한국콜마,-0.008213552361396315
2024-02-14,48100,107083,161890,한국콜마,-0.0041407867494823725
2024-02-15,48250,126181,161890,한국콜마,0.0031185031185030354
2024-02-16,48650,102407,161890,한국콜마,0.008290155440414448
2024-02-19,48700,93376,161890,한국콜마,0.0010277492291881352
2024-02-20,49050,80833,161890,한국콜마,0.007186858316221789
2024-02-21,49000,74352,161890,한국콜마,-0.0010193679918450993
2024-02-22,48600,184152,161890,한국콜마,-0.008163265306122436
2024-02-23,47600,192166,161890,한국콜마,-0.020576131687242816
2024-02-26,46200,149621,161890,한국콜마,-0.02941176470588236
2024-02-27,45850,156925,161890,한국콜마,-0.007575757575757569
2024-02-28,48100,263912,161890,한국콜마,0.04907306434023995
2024-02-29,47450,148702,161890,한국콜마,-0.013513513513513487
2024-03-04,45750,164366,161890,한국콜마,-0.035827186512118026
2024-03-05,45950,154133,161890,한국콜마,0.004371584699453646
2024-03-06,47200,157386,161890,한국콜마,0.027203482045701888
2024-03-07,45900,147434,161890,한국콜마,-0.02754237288135597
2024-03-08,45650,129420,161890,한국콜마,-0.005446623093681935
2024-03-11,45300,132562,161890,한국콜마,-0.00766703176341732
2024-03-12,44250,194987,161890,한국콜마,-0.023178807947019875
2024-03-13,43500,227700,161890,한국콜마,-0.016949152542372836
2024-03-14,43850,138459,161890,한국콜마,0.008045977011494232
2024-03-15,43750,120329,161890,한국콜마,-0.0022805017103763037
2024-03-18,45000,192683,161890,한국콜마,0.02857142857142847
2024-03-19,44400,142288,161890,한국콜마,-0.013333333333333308
2024-03-20,45650,208994,161890,한국콜마,0.028153153153153143
2024-03-21,45800,101254,161890,한국콜마,0.0032858707557503752
2024-03-22,46050,102675,161890,한국콜마,0.005458515283842891
2024-03-25,45850,121429,161890,한국콜마,-0.004343105320304019
2024-03-26,45950,73861,161890,한국콜마,0.0021810250817884125
2024-03-27,47150,153056,161890,한국콜마,0.02611534276387384
2024-03-28,47500,259736,161890,한국콜마,0.007423117709437932
2024-03-29,46600,111073,161890,한국콜마,-0.0189473684210526
2024-04-01,51500,729290,161890,한국콜마,0.1051502145922747
2024-04-02,50700,209324,161890,한국콜마,-0.01553398058252431
2024-04-03,50900,206983,161890,한국콜마,0.0039447731755424265
2024-04-04,50800,310180,161890,한국콜마,-0.0019646365422396617
2024-04-05,50700,113558,161890,한국콜마,-0.0019685039370078705
2024-04-08,51400,207086,161890,한국콜마,0.013806706114398493
2024-04-09,50000,120465,161890,한국콜마,-0.027237354085603127
2024-04-11,48650,213259,161890,한국콜마,-0.027000000000000024
2024-04-12,50000,167819,161890,한국콜마,0.027749229188078095
2024-04-15,48850,112634,161890,한국콜마,-0.02300000000000002
2024-04-16,47950,101843,161890,한국콜마,-0.0184237461617196
2024-04-17,48750,106821,161890,한국콜마,0.016684045881126153
2024-04-18,50500,124664,161890,한국콜마,0.03589743589743599
2024-04-19,49400,135469,161890,한국콜마,-0.0217821782178218
2024-04-22,49000,117395,161890,한국콜마,-0.0080971659919028
2024-04-23,48450,114556,161890,한국콜마,-0.011224489795918391
2024-04-24,48700,74848,161890,한국콜마,0.005159958720330149
2024-04-25,48300,68921,161890,한국콜마,-0.008213552361396315
2024-04-26,48450,100344,161890,한국콜마,0.0031055900621117516
2024-04-29,49300,139165,161890,한국콜마,0.01754385964912286
2024-04-30,50200,251082,161890,한국콜마,0.018255578093306246
2024-05-02,49400,200659,161890,한국콜마,-0.015936254980079667
2024-05-03,50100,123741,161890,한국콜마,0.014170040485830038
2024-05-07,50600,120035,161890,한국콜마,0.009980039920159722
2024-05-08,50600,126186,161890,한국콜마,0.0
2024-05-09,51100,380426,161890,한국콜마,0.009881422924901129
2024-05-10,55200,1199974,161890,한국콜마,0.08023483365949113
2024-05-13,55000,482739,161890,한국콜마,-0.0036231884057971175
2024-05-14,53600,367271,161890,한국콜마,-0.025454545454545507
2024-05-16,53500,183127,161890,한국콜마,-0.001865671641791078
2024-05-17,52900,115422,161890,한국콜마,-0.01121495327102806
2024-05-20,54200,207996,161890,한국콜마,0.02457466918714557
2024-05-21,57500,597804,161890,한국콜마,0.06088560885608851
2024-05-22,55700,285332,161890,한국콜마,-0.03130434782608693
2024-05-23,55500,218196,161890,한국콜마,-0.0035906642728904536
2024-05-24,54500,242351,161890,한국콜마,-0.018018018018018056
2024-05-27,53700,165683,161890,한국콜마,-0.014678899082568808
2024-05-28,53200,164718,161890,한국콜마,-0.009310986964618295
2024-05-29,56700,538074,161890,한국콜마,0.06578947368421062
2024-05-30,59000,655670,161890,한국콜마,0.040564373897707284
2024-05-31,64300,1358061,161890,한국콜마,0.0898305084745763
2024-06-03,65600,758352,161890,한국콜마,0.02021772939346822
2024-06-04,64000,585878,161890,한국콜마,-0.024390243902439046
2024-06-05,62700,396109,161890,한국콜마,-0.020312499999999956
2024-06-07,63200,245182,161890,한국콜마,0.00797448165869219
2024-06-10,62700,459246,161890,한국콜마,-0.007911392405063333
2024-06-11,61800,306952,161890,한국콜마,-0.014354066985645897
2024-06-12,67200,784714,161890,한국콜마,0.08737864077669899
2024-06-13,68400,587957,161890,한국콜마,0.017857142857142794
2024-06-14,68000,571196,161890,한국콜마,-0.005847953216374324
2024-06-17,66900,357676,161890,한국콜마,-0.016176470588235348
2024-06-18,69900,426928,161890,한국콜마,0.04484304932735417
2024-06-19,68600,809351,161890,한국콜마,-0.01859799713876964
2024-06-20,67600,454150,161890,한국콜마,-0.014577259475218707
2024-06-21,67200,546040,161890,한국콜마,-0.00591715976331364
2024-06-24,67100,302395,161890,한국콜마,-0.0014880952380952328
2024-06-25,66400,283608,161890,한국콜마,-0.010432190760059634
2024-06-26,68400,334330,161890,한국콜마,0.030120481927710774
2024-06-27,73000,1119385,161890,한국콜마,0.067251461988304
2024-06-28,71200,502942,161890,한국콜마,-0.024657534246575352
2024-07-01,67000,711411,161890,한국콜마,-0.0589887640449438
2024-07-02,63800,705432,161890,한국콜마,-0.047761194029850795
2024-07-03,61900,577045,161890,한국콜마,-0.029780564263322873
2024-07-04,62600,319958,161890,한국콜마,0.011308562197092087
2024-07-05,62200,503718,161890,한국콜마,-0.006389776357827448
2024-07-08,61400,647669,161890,한국콜마,-0.012861736334405127
2024-07-09,61000,513829,161890,한국콜마,-0.006514657980456029
2024-07-10,64400,760899,161890,한국콜마,0.05573770491803276
2024-07-11,61600,759706,161890,한국콜마,-0.04347826086956519
2024-07-12,60900,251252,161890,한국콜마,-0.011363636363636354
2024-07-15,59700,327754,161890,한국콜마,-0.019704433497536922
2024-07-16,58700,447355,161890,한국콜마,-0.01675041876046901
2024-07-17,60300,392778,161890,한국콜마,0.027257240204429323
2024-07-18,59600,316223,161890,한국콜마,-0.011608623548922004
2024-07-19,58200,321178,161890,한국콜마,-0.023489932885906062
2024-07-22,60800,467326,161890,한국콜마,0.04467353951890041
2024-07-23,62900,577500,161890,한국콜마,0.03453947368421062
2024-07-24,64600,496173,161890,한국콜마,0.027027027027026973
2024-07-25,63500,314312,161890,한국콜마,-0.017027863777089758
2024-07-26,61700,301779,161890,한국콜마,-0.028346456692913358
2024-07-29,64300,248362,161890,한국콜마,0.04213938411669371
2024-07-30,63900,243121,161890,한국콜마,-0.0062208398133748455
2024-07-31,64700,254476,161890,한국콜마,0.012519561815336422
2024-08-01,66100,259259,161890,한국콜마,0.021638330757341562
2024-08-02,64000,314695,161890,한국콜마,-0.0317700453857791
2024-08-05,56900,522043,161890,한국콜마,-0.11093750000000002
2024-08-06,59800,340646,161890,한국콜마,0.05096660808435849
2024-08-07,58300,509129,161890,한국콜마,-0.025083612040133763
2024-08-08,59800,349240,161890,한국콜마,0.02572898799313883
2024-08-09,66300,1507177,161890,한국콜마,0.10869565217391308
2024-08-12,66300,531903,161890,한국콜마,0.0
2024-08-13,61600,641664,161890,한국콜마,-0.07088989441930615
2024-08-14,63000,239115,161890,한국콜마,0.022727272727272707
2024-08-16,66000,472589,161890,한국콜마,0.04761904761904767
2024-08-19,64500,297141,161890,한국콜마,-0.022727272727272707
2024-08-20,64800,185682,161890,한국콜마,0.0046511627906977715
2024-08-21,66000,312937,161890,한국콜마,0.0185185185185186
2024-08-22,70500,842000,161890,한국콜마,0.06818181818181812
2024-08-23,70100,330524,161890,한국콜마,-0.005673758865248235
2024-08-26,65800,414671,161890,한국콜마,-0.061340941512125546
2024-08-27,66700,303353,161890,한국콜마,0.013677811550151908
2024-08-28,66000,234407,161890,한국콜마,-0.010494752623688153
2024-08-29,65200,159173,161890,한국콜마,-0.012121212121212088
2024-08-30,65100,182618,161890,한국콜마,-0.0015337423312883347
2024-09-02,67700,379078,161890,한국콜마,0.03993855606758823
2024-09-03,69800,433449,161890,한국콜마,0.03101920236336775
2024-09-04,67100,342019,161890,한국콜마,-0.0386819484240688
2024-09-05,70000,424656,161890,한국콜마,0.0432190760059612
2024-09-06,70400,371835,161890,한국콜마,0.005714285714285783
2024-09-09,71800,333647,161890,한국콜마,0.019886363636363535
2024-09-10,76200,1440011,161890,한국콜마,0.06128133704735372
2024-09-11,74700,466546,161890,한국콜마,-0.019685039370078705
2024-09-12,73700,648388,161890,한국콜마,-0.01338688085676043
2024-09-13,72800,286889,161890,한국콜마,-0.012211668928086894
2024-09-19,71900,349818,161890,한국콜마,-0.012362637362637319
2024-09-20,71800,362277,161890,한국콜마,-0.0013908205841446364
2024-09-23,73500,217605,161890,한국콜마,0.023676880222841312
2024-09-24,71800,223896,161890,한국콜마,-0.023129251700680253
2024-09-25,72600,385468,161890,한국콜마,0.011142061281337101
2024-09-26,74700,283728,161890,한국콜마,0.02892561983471076
2024-09-27,76000,441421,161890,한국콜마,0.01740294511378848
2024-09-30,74400,395026,161890,한국콜마,-0.021052631578947323
2024-10-02,73400,171646,161890,한국콜마,-0.013440860215053752
2024-10-04,70500,291871,161890,한국콜마,-0.03950953678474112
2024-10-07,72300,157019,161890,한국콜마,0.025531914893617058
2024-10-08,69100,397950,161890,한국콜마,-0.04426002766251724
2024-10-10,71600,234870,161890,한국콜마,0.0361794500723589
2024-10-11,69200,224233,161890,한국콜마,-0.03351955307262566
2024-10-14,69500,234815,161890,한국콜마,0.004335260115607031
2024-10-15,70600,325743,161890,한국콜마,0.015827338129496438
2024-10-16,70100,202051,161890,한국콜마,-0.007082152974504208
2024-10-17,70900,226964,161890,한국콜마,0.011412268188302432
2024-10-18,72100,289915,161890,한국콜마,0.016925246826516194
2024-10-21,70800,245849,161890,한국콜마,-0.018030513176144236
2024-10-22,70200,351812,161890,한국콜마,-0.008474576271186418
2024-10-23,69000,226652,161890,한국콜마,-0.017094017094017144
2024-10-24,70200,116299,161890,한국콜마,0.017391304347825987
2024-10-25,66400,377455,161890,한국콜마,-0.054131054131054124
2024-10-28,67700,166378,161890,한국콜마,0.01957831325301207
2024-10-29,67300,72663,161890,한국콜마,-0.005908419497784312
2024-10-30,69000,148706,161890,한국콜마,0.02526002971768193
2024-10-31,70900,239929,161890,한국콜마,0.02753623188405796
2024-11-01,67800,217973,161890,한국콜마,-0.04372355430183361
2024-11-04,69900,201688,161890,한국콜마,0.030973451327433565
2024-11-05,69300,139868,161890,한국콜마,-0.008583690987124415
2024-11-06,69600,199151,161890,한국콜마,0.0043290043290042934
2024-11-07,66500,352260,161890,한국콜마,-0.04454022988505746
2024-11-08,61200,1288158,161890,한국콜마,-0.07969924812030071
2024-11-11,58500,696177,161890,한국콜마,-0.044117647058823484
2024-11-12,55800,415845,161890,한국콜마,-0.0461538461538461
2024-11-13,55800,239675,161890,한국콜마,0.0
2024-11-14,53400,291381,161890,한국콜마,-0.043010752688172005
2024-11-15,54300,324793,161890,한국콜마,0.016853932584269593
2024-11-18,56000,192442,161890,한국콜마,0.03130755064456725
2024-11-19,54800,153219,161890,한국콜마,-0.021428571428571463
2024-11-20,53700,151910,161890,한국콜마,-0.02007299270072993
2024-11-21,53100,139853,161890,한국콜마,-0.011173184357541888
2024-11-22,54100,196022,161890,한국콜마,0.01883239171374762
2024-11-25,54100,175398,161890,한국콜마,0.0
2024-11-26,54500,190402,161890,한국콜마,0.007393715341959428
2024-11-27,54200,198614,161890,한국콜마,-0.0055045871559632475
2024-11-28,54400,91251,161890,한국콜마,0.0036900369003689537
2024-11-29,52800,156643,161890,한국콜마,-0.02941176470588236
2024-12-02,52600,141938,161890,한국콜마,-0.0037878787878787845
2024-12-03,55800,244014,161890,한국콜마,0.06083650190114076
2024-12-04,54200,170850,161890,한국콜마,-0.028673835125448077
2024-12-05,52500,242679,161890,한국콜마,-0.03136531365313655
2024-12-06,51600,263847,161890,한국콜마,-0.017142857142857126
2024-12-09,49800,186724,161890,한국콜마,-0.03488372093023251
2024-12-10,53300,194622,161890,한국콜마,0.07028112449799195
2024-12-11,54800,157376,161890,한국콜마,0.02814258911819878
2024-12-12,54200,240225,161890,한국콜마,-0.010948905109489093
2024-12-13,55800,187912,161890,한국콜마,0.029520295202952074
2024-12-16,55200,156857,161890,한국콜마,-0.010752688172043001
2024-12-17,55100,182018,161890,한국콜마,-0.0018115942028985588
2024-12-18,54300,151901,161890,한국콜마,-0.014519056261342977
2024-12-19,55000,301209,161890,한국콜마,0.012891344383057168
2024-12-20,53600,119212,161890,한국콜마,-0.025454545454545507
2024-12-23,54400,93477,161890,한국콜마,0.014925373134328401
2024-12-24,54500,244470,161890,한국콜마,0.0018382352941177516
2024-12-26,55000,129218,161890,한국콜마,0.00917431192660545
2024-12-27,53900,92322,161890,한국콜마,-0.020000000000000018
2024-12-30,55100,119702,161890,한국콜마,0.02226345083487935
2025-01-02,57000,233952,161890,한국콜마,0.034482758620689724
2025-01-03,56300,223723,161890,한국콜마,-0.012280701754386003
2025-01-06,56900,218230,161890,한국콜마,0.010657193605683846
2025-01-07,56500,220129,161890,한국콜마,-0.007029876977152849
2025-01-08,57200,220578,161890,한국콜마,0.012389380530973382
2025-01-09,57300,327956,161890,한국콜마,0.0017482517482516613
2025-01-10,56600,245456,161890,한국콜마,-0.012216404886561949
2025-01-13,57500,377553,161890,한국콜마,0.01590106007067127
2025-01-14,57100,226658,161890,한국콜마,-0.006956521739130417
2025-01-15,56400,170411,161890,한국콜마,-0.012259194395796813
2025-01-16,59800,467018,161890,한국콜마,0.06028368794326244
2025-01-17,60400,215275,161890,한국콜마,0.010033444816053505
2025-01-20,60700,168921,161890,한국콜마,0.004966887417218624
2025-01-21,62400,338756,161890,한국콜마,0.028006589785831926
2025-01-22,62000,159627,161890,한국콜마,-0.0064102564102563875
2025-01-23,60800,186840,161890,한국콜마,-0.01935483870967747
2025-01-24,60000,180866,161890,한국콜마,-0.013157894736842146
2025-01-31,60600,134152,161890,한국콜마,0.010000000000000009
2025-02-03,58700,147937,161890,한국콜마,-0.031353135313531344
2025-02-04,60600,154784,161890,한국콜마,0.03236797274275971
2025-02-05,60200,135512,161890,한국콜마,-0.0066006600660065695
2025-02-06,61000,143056,161890,한국콜마,0.013289036544850585
2025-02-07,60000,127383,161890,한국콜마,-0.016393442622950838
2025-02-10,59700,112040,161890,한국콜마,-0.0050000000000000044
2025-02-11,58500,234171,161890,한국콜마,-0.02010050251256279
2025-02-12,58400,127484,161890,한국콜마,-0.0017094017094017033
2025-02-13,59000,199262,161890,한국콜마,0.010273972602739656
2025-02-14,58300,170759,161890,한국콜마,-0.011864406779661052
2025-02-17,57400,225299,161890,한국콜마,-0.015437392795883409
2025-02-18,56500,268412,161890,한국콜마,-0.015679442508710784
2025-02-19,56900,263029,161890,한국콜마,0.0070796460176991705
2025-02-20,56700,415866,161890,한국콜마,-0.0035149384885764245
2025-02-21,58800,375892,161890,한국콜마,0.03703703703703698
2025-02-24,57700,288974,161890,한국콜마,-0.018707482993197244
2025-02-25,58000,424002,161890,한국콜마,0.005199306759098743
2025-02-26,60000,525604,161890,한국콜마,0.034482758620689724
2025-02-27,60600,368012,161890,한국콜마,0.010000000000000009
2025-02-28,61400,494772,161890,한국콜마,0.013201320132013139
2025-03-04,60100,221563,161890,한국콜마,-0.021172638436482094
2025-03-05,62100,275623,161890,한국콜마,0.03327787021630613
2025-03-06,63200,271391,161890,한국콜마,0.017713365539452575
2025-03-07,63400,218092,161890,한국콜마,0.0031645569620253333
2025-03-10,61900,191348,161890,한국콜마,-0.023659305993690816
2025-03-11,61500,230850,161890,한국콜마,-0.00646203554119551
2025-03-12,64800,411224,161890,한국콜마,0.0536585365853659
2025-03-13,66700,496830,161890,한국콜마,0.029320987654321007
2025-03-14,66100,196425,161890,한국콜마,-0.008995502248875575
2025-03-17,66600,372471,161890,한국콜마,0.0075642965204236745
2025-03-18,65600,224585,161890,한국콜마,-0.01501501501501501
2025-03-19,65300,133544,161890,한국콜마,-0.004573170731707266
2025-03-20,65800,195569,161890,한국콜마,0.007656967840734996
2025-03-21,66100,153885,161890,한국콜마,0.004559270516717229
2025-03-24,65400,110105,161890,한국콜마,-0.010590015128593033
2025-03-25,64300,126777,161890,한국콜마,-0.016819571865443472
2025-03-26,63800,77313,161890,한국콜마,-0.007776049766718529
2025-03-27,64300,103509,161890,한국콜마,0.00783699059561127
2025-03-28,64300,117505,161890,한국콜마,0.0
2025-03-31,62700,152708,161890,한국콜마,-0.02488335925349927
2025-04-01,65000,217199,161890,한국콜마,0.03668261562998398
2025-04-02,67100,356123,161890,한국콜마,0.03230769230769237
2025-04-03,67600,276252,161890,한국콜마,0.007451564828613977
2025-04-04,68200,401211,161890,한국콜마,0.008875739644970349
2025-04-07,64500,322694,161890,한국콜마,-0.05425219941348969
2025-04-08,65700,155786,161890,한국콜마,0.018604651162790642
2025-04-09,64600,184413,161890,한국콜마,-0.016742770167427756
2025-04-10,67200,267976,161890,한국콜마,0.04024767801857587
2025-04-11,70900,353086,161890,한국콜마,0.055059523809523725
2025-04-14,73000,317647,161890,한국콜마,0.02961918194640334
2025-04-15,72400,168511,161890,한국콜마,-0.008219178082191747
2025-04-16,72600,214458,161890,한국콜마,0.0027624309392264568
2025-04-17,73400,202636,161890,한국콜마,0.011019283746556363
2025-04-18,73500,94957,161890,한국콜마,0.0013623978201635634
2025-04-21,74000,126585,161890,한국콜마,0.006802721088435382
2025-04-22,73800,148773,161890,한국콜마,-0.002702702702702675
2025-04-23,72700,166860,161890,한국콜마,-0.01490514905149054
2025-04-24,75500,572124,161890,한국콜마,0.038514442916093516
2025-04-25,74600,242945,161890,한국콜마,-0.01192052980132452
2025-04-28,75500,152673,161890,한국콜마,0.012064343163538771
2025-04-29,75700,132072,161890,한국콜마,0.0026490066225166586
2025-04-30,75900,106684,161890,한국콜마,0.0026420079260238705
2025-05-02,75600,82274,161890,한국콜마,-0.0039525691699604515
2025-05-07,75500,94220,161890,한국콜마,-0.001322751322751281
2025-05-08,79600,378755,161890,한국콜마,0.054304635761589504
2025-05-09,83600,1181581,161890,한국콜마,0.05025125628140703
2025-05-12,82100,259202,161890,한국콜마,-0.01794258373205737
2025-05-13,83500,169647,161890,한국콜마,0.01705237515225333
2025-05-14,84400,254481,161890,한국콜마,0.010778443113772518
2025-05-15,83500,169151,161890,한국콜마,-0.010663507109004766
2025-05-16,82800,118078,161890,한국콜마,-0.008383233532934131
2025-05-19,82800,88269,161890,한국콜마,0.0
2025-05-20,84500,156714,161890,한국콜마,0.020531400966183666
2025-05-21,85600,166552,161890,한국콜마,0.013017751479289963
2025-05-22,85000,126286,161890,한국콜마,-0.007009345794392496
2025-05-23,84600,199531,161890,한국콜마,-0.004705882352941226
2025-05-26,83900,229041,161890,한국콜마,-0.008274231678486954
2025-05-27,83900,151440,161890,한국콜마,0.0
2025-05-28,82100,233056,161890,한국콜마,-0.021454112038140627
2025-05-29,83000,155909,161890,한국콜마,0.010962241169305775
2025-05-30,83000,150371,161890,한국콜마,0.0
2025-06-02,84900,221233,161890,한국콜마,0.02289156626506017
2025-06-04,86000,210516,161890,한국콜마,0.012956419316843437
2025-06-05,85000,210111,161890,한국콜마,-0.011627906976744207
2025-06-09,86600,182361,161890,한국콜마,0.018823529411764683
2025-06-10,90000,273828,161890,한국콜마,0.03926096997690531
2025-06-11,92100,203977,161890,한국콜마,0.023333333333333428
2025-06-12,90500,161158,161890,한국콜마,-0.017372421281216077
2025-06-13,88300,279109,161890,한국콜마,-0.024309392265193353
2025-06-16,89600,122336,161890,한국콜마,0.014722536806341946
2025-06-17,88000,208304,161890,한국콜마,-0.017857142857142905
2025-06-18,89800,275378,161890,한국콜마,0.020454545454545503
2025-06-19,88000,248139,161890,한국콜마,-0.020044543429844075
2025-06-20,90300,249185,161890,한국콜마,0.026136363636363624
2025-06-23,88700,121303,161890,한국콜마,-0.017718715393133966
2025-06-24,89800,155033,161890,한국콜마,0.012401352874858995
2025-06-25,89700,177996,161890,한국콜마,-0.00111358574610243
2025-06-26,88400,166560,161890,한국콜마,-0.01449275362318836
2025-06-27,91700,275484,161890,한국콜마,0.03733031674208154
2025-06-30,99800,499123,161890,한국콜마,0.08833151581243182
2025-07-01,100100,292289,161890,한국콜마,0.0030060120240480437
2025-07-02,99500,239448,161890,한국콜마,-0.005994005994006013
2025-07-03,99900,176087,161890,한국콜마,0.004020100502512669
2025-07-04,95600,206741,161890,한국콜마,-0.04304304304304307
2025-07-07,99100,211162,161890,한국콜마,0.03661087866108792
2025-07-08,102600,185418,161890,한국콜마,0.035317860746720386
2025-07-09,106000,210443,161890,한국콜마,0.033138401559454245
2025-07-10,109200,300721,161890,한국콜마,0.030188679245283012
2025-07-11,105900,224431,161890,한국콜마,-0.030219780219780223
2025-07-14,108000,143042,161890,한국콜마,0.019830028328611915
2025-07-15,108700,157264,161890,한국콜마,0.0064814814814815325
2025-07-16,107000,148381,161890,한국콜마,-0.015639374425022945
2025-07-17,108200,133565,161890,한국콜마,0.01121495327102795
2025-07-18,98300,628794,161890,한국콜마,-0.09149722735674681
2025-07-21,97300,279585,161890,한국콜마,-0.010172939979654072
2025-07-22,96800,172643,161890,한국콜마,-0.005138746145940343
2025-07-23,95900,141728,161890,한국콜마,-0.009297520661157077
2025-07-24,93300,222581,161890,한국콜마,-0.027111574556829998
2025-07-25,94100,104149,161890,한국콜마,0.008574490889603492
2025-07-28,92700,115639,161890,한국콜마,-0.014877789585547307
2025-07-29,93900,159086,161890,한국콜마,0.012944983818770295
2025-07-30,94900,153529,161890,한국콜마,0.010649627263045858
2025-07-31,97500,362180,161890,한국콜마,0.027397260273972712
2025-08-01,93000,229728,161890,한국콜마,-0.0461538461538461
2025-08-04,92700,108390,161890,한국콜마,-0.003225806451612856
2025-08-05,96700,225335,161890,한국콜마,0.0431499460625675
2025-08-06,99400,278642,161890,한국콜마,0.02792140641158225
2025-08-07,102100,263340,161890,한국콜마,0.02716297786720312
2025-08-08,88900,1477137,161890,한국콜마,-0.1292850146914789
2025-08-11,80600,1045324,161890,한국콜마,-0.093363329583802
2025-08-12,80000,524251,161890,한국콜마,-0.007444168734491274
2025-08-13,78700,511389,161890,한국콜마,-0.016249999999999987
2025-08-14,79700,273697,161890,한국콜마,0.01270648030495547
2025-08-18,79500,203141,161890,한국콜마,-0.0025094102885822034
2025-08-19,79000,178344,161890,한국콜마,-0.0062893081761006275
2025-08-20,79300,320793,161890,한국콜마,0.0037974683544304
2025-08-21,79600,277948,161890,한국콜마,0.003783102143757988
2025-08-22,79100,173518,161890,한국콜마,-0.006281407035175879
2025-08-25,79200,158329,161890,한국콜마,0.0012642225031604948
2025-08-26,78800,178369,161890,한국콜마,-0.005050505050505083
2025-08-27,78300,133674,161890,한국콜마,-0.006345177664974666
2025-08-28,77800,185801,161890,한국콜마,-0.0063856960408684715
2025-08-29,77800,143258,161890,한국콜마,0.0
2025-09-01,75900,140306,161890,한국콜마,-0.024421593830334154
2025-09-02,75400,259053,161890,한국콜마,-0.006587615283267456
2025-09-03,74600,154149,161890,한국콜마,-0.010610079575596787
2025-09-04,75900,188669,161890,한국콜마,0.01742627345844494
2025-09-05,75800,110237,161890,한국콜마,-0.0013175230566534468
2025-09-08,76800,150729,161890,한국콜마,0.013192612137203241
2025-09-09,78200,236907,161890,한국콜마,0.01822916666666674
2025-09-10,78400,165488,161890,한국콜마,0.002557544757033181
2025-09-11,79000,261093,161890,한국콜마,0.007653061224489832
2025-09-12,79100,169555,161890,한국콜마,0.0012658227848101333
2025-09-15,79100,204915,161890,한국콜마,0.0
2025-09-16,78400,192985,161890,한국콜마,-0.008849557522123908
2025-09-17,78900,162244,161890,한국콜마,0.0063775510204082675
2025-09-18,80300,304715,161890,한국콜마,0.017743979721166037
2025-09-19,79700,117105,161890,한국콜마,-0.007471980074719831
2025-09-22,80700,221871,161890,한국콜마,0.012547051442910906
2025-09-23,79100,156447,161890,한국콜마,-0.019826517967781898
2025-09-24,78900,123697,161890,한국콜마,-0.0025284450063211006
2025-09-25,78300,138011,161890,한국콜마,-0.0076045627376425395
2025-09-26,77800,171559,161890,한국콜마,-0.0063856960408684715
2025-09-29,79300,152198,161890,한국콜마,0.019280205655527016
2025-09-30,77800,122203,161890,한국콜마,-0.018915510718789386
2025-10-01,76700,164532,161890,한국콜마,-0.014138817480719768
2025-10-02,77300,313151,161890,한국콜마,0.007822685788787531
2025-10-10,75500,263611,161890,한국콜마,-0.023285899094437235
2025-10-13,76000,170956,161890,한국콜마,0.0066225165562914245
2025-10-14,74100,182011,161890,한국콜마,-0.025000000000000022
2025-10-15,75700,87835,161890,한국콜마,0.021592442645074206
2025-10-16,75100,129273,161890,한국콜마,-0.00792602377807139
2025-10-17,74300,105200,161890,한국콜마,-0.010652463382157085
2025-10-20,76200,145546,161890,한국콜마,0.025572005383580176
2025-10-21,77000,162812,161890,한국콜마,0.01049868766404205
2025-10-22,77000,117020,161890,한국콜마,0.0
2025-10-23,76300,143682,161890,한국콜마,-0.009090909090909038
2025-10-24,75200,138431,161890,한국콜마,-0.014416775884665833
2025-10-27,74800,148613,161890,한국콜마,-0.005319148936170248
2025-10-28,77700,323673,161890,한국콜마,0.03877005347593587
2025-10-29,76100,223191,161890,한국콜마,-0.020592020592020588
2025-10-30,76400,220502,161890,한국콜마,0.003942181340341744
2025-10-31,77000,141265,161890,한국콜마,0.007853403141361293
2025-11-03,75900,157614,161890,한국콜마,-0.014285714285714235
2025-11-04,75300,158077,161890,한국콜마,-0.007905138339920903
2025-11-05,74500,180663,161890,한국콜마,-0.010624169986719778
2025-11-06,72800,201195,161890,한국콜마,-0.02281879194630876
2025-11-07,72100,390579,161890,한국콜마,-0.009615384615384581
2025-11-10,66000,645826,161890,한국콜마,-0.0846047156726768
2025-11-11,63600,699012,161890,한국콜마,-0.036363636363636376
2025-11-12,64800,244709,161890,한국콜마,0.018867924528301883
2025-11-13,65400,213672,161890,한국콜마,0.0092592592592593
2025-11-14,64200,185901,161890,한국콜마,-0.01834862385321101
2025-11-17,65400,151336,161890,한국콜마,0.01869158878504673
2025-11-18,63700,178717,161890,한국콜마,-0.025993883792048922
2025-11-19,64800,162886,161890,한국콜마,0.017268445839874413
2025-11-20,66200,292748,161890,한국콜마,0.021604938271605034
2025-11-21,67200,185991,161890,한국콜마,0.015105740181268867
2025-11-24,66700,161014,161890,한국콜마,-0.007440476190476164
2025-11-25,65300,151464,161890,한국콜마,-0.020989505247376306
2025-11-26,65800,112323,161890,한국콜마,0.007656967840734996
2025-11-27,65800,133096,161890,한국콜마,0.0
2025-11-28,66700,73439,161890,한국콜마,0.013677811550151908
2025-12-01,65400,100478,161890,한국콜마,-0.019490254872563728
2025-12-02,65700,105957,161890,한국콜마,0.004587155963302836
2025-12-03,65900,73718,161890,한국콜마,0.003044140030441511
2025-12-04,65300,102375,161890,한국콜마,-0.009104704097116834
2025-12-05,65500,62955,161890,한국콜마,0.003062787136294043
2025-12-08,65700,104290,161890,한국콜마,0.003053435114503733
2025-12-09,65400,73814,161890,한국콜마,-0.004566210045662156
2025-12-10,64400,110366,161890,한국콜마,-0.015290519877675823
2025-12-11,63800,169701,161890,한국콜마,-0.009316770186335366
2025-12-12,64200,68896,161890,한국콜마,0.006269592476489061
2025-12-15,63200,98889,161890,한국콜마,-0.015576323987538943
2025-12-16,65100,284251,161890,한국콜마,0.030063291139240444
2025-12-17,64100,127107,161890,한국콜마,-0.015360983102918557
2025-12-18,62500,113438,161890,한국콜마,-0.0249609984399376
2025-12-19,62800,102421,161890,한국콜마,0.0047999999999999154
2025-12-22,63000,75891,161890,한국콜마,0.0031847133757962887
2025-12-23,62100,112848,161890,한국콜마,-0.014285714285714235
2025-12-24,62000,64926,161890,한국콜마,-0.0016103059581320522
2025-12-26,61100,102485,161890,한국콜마,-0.014516129032258074
2025-12-29,62100,84975,161890,한국콜마,0.016366612111292866
2025-12-30,62100,88928,161890,한국콜마,0.0
2026-01-02,65400,271649,161890,한국콜마,0.0531400966183575
2026-01-05,65000,197150,161890,한국콜마,-0.006116207951070374
2026-01-06,64400,150541,161890,한국콜마,-0.009230769230769265
2026-01-07,63600,204731,161890,한국콜마,-0.012422360248447228
2026-01-08,63000,232035,161890,한국콜마,-0.009433962264150941
2026-01-09,63300,169650,161890,한국콜마,0.004761904761904745
2026-01-12,63900,150494,161890,한국콜마,0.009478672985782088
2026-01-13,63200,134271,161890,한국콜마,-0.010954616588419452
2026-01-14,64200,213913,161890,한국콜마,0.015822784810126667
2026-01-15,64300,139078,161890,한국콜마,0.0015576323987538387
2026-01-16,63900,117155,161890,한국콜마,-0.0062208398133748455
2026-01-19,64100,161392,161890,한국콜마,0.003129890453834161
2026-01-20,64900,192233,161890,한국콜마,0.012480499219968744
2026-01-21,64500,194545,161890,한국콜마,-0.006163328197226536
2026-01-22,66400,421348,161890,한국콜마,0.029457364341085368
2026-01-23,66700,179406,161890,한국콜마,0.004518072289156683
2026-01-26,66700,218648,161890,한국콜마,0.0
2026-01-27,67100,171785,161890,한국콜마,0.0059970014992503096
2026-01-28,68100,287252,161890,한국콜마,0.014903129657227954
2026-01-29,69200,321523,161890,한국콜마,0.01615271659324513
2026-01-30,69900,339458,161890,한국콜마,0.01011560693641611
2026-02-02,67300,255217,161890,한국콜마,-0.03719599427753939
2026-02-03,69000,190545,161890,한국콜마,0.02526002971768193
2026-02-04,68400,186329,161890,한국콜마,-0.008695652173912993
2026-02-05,68600,254561,161890,한국콜마,0.0029239766081872176
2026-02-06,69100,202627,161890,한국콜마,0.007288629737609353
2026-02-09,72700,450322,161890,한국콜마,0.05209840810419686
2026-02-10,72800,170759,161890,한국콜마,0.0013755158184318717
2026-02-11,73500,170191,161890,한국콜마,0.009615384615384581
2026-02-12,72400,244609,161890,한국콜마,-0.014965986394557818
2026-02-13,72400,267865,161890,한국콜마,0.0
2026-02-19,73700,199014,161890,한국콜마,0.017955801104972302
2026-02-20,72400,157581,161890,한국콜마,-0.01763907734056991
2026-02-23,71600,143675,161890,한국콜마,-0.011049723756906049
2026-02-24,71200,175460,161890,한국콜마,-0.005586592178770999
2026-02-25,71600,223225,161890,한국콜마,0.00561797752808979
2026-02-26,75000,723753,161890,한국콜마,0.04748603351955305
2026-02-27,76300,349615,161890,한국콜마,0.017333333333333423
2026-03-03,72800,285110,161890,한국콜마,-0.04587155963302747
2026-03-04,64200,382024,161890,한국콜마,-0.11813186813186816
2026-03-05,69200,291711,161890,한국콜마,0.0778816199376946
2026-03-06,70000,157551,161890,한국콜마,0.011560693641618602
2026-03-09,66300,108298,161890,한국콜마,-0.052857142857142825
2026-03-10,70000,150420,161890,한국콜마,0.05580693815987936
2026-03-11,69400,144121,161890,한국콜마,-0.008571428571428563
2026-03-12,71700,166611,161890,한국콜마,0.033141210374639796
2026-03-13,71700,139179,161890,한국콜마,0.0
2026-03-16,69500,104262,161890,한국콜마,-0.030683403068340276
2026-03-17,70200,57507,161890,한국콜마,0.010071942446043147
2026-03-18,70300,111422,161890,한국콜마,0.0014245014245013454
2026-03-19,69800,113677,161890,한국콜마,-0.007112375533428139
2026-03-20,76700,595679,161890,한국콜마,0.09885386819484232
2026-03-23,76700,692940,161890,한국콜마,0.0
2026-03-24,78200,260262,161890,한국콜마,0.019556714471968606
2026-03-25,79600,286654,161890,한국콜마,0.01790281329923271
2026-03-26,77400,162299,161890,한국콜마,-0.027638190954773822
2026-03-27,80200,484072,161890,한국콜마,0.036175710594315236
2026-03-30,76600,207451,161890,한국콜마,-0.04488778054862841
2026-03-31,76000,322209,161890,한국콜마,-0.007832898172323799
2026-04-01,78600,214838,161890,한국콜마,0.03421052631578947
2026-04-02,76100,267630,161890,한국콜마,-0.03180661577608146
2026-04-03,76100,121611,161890,한국콜마,0.0
2026-04-06,75700,180102,161890,한국콜마,-0.005256241787122251
2026-04-07,74700,181186,161890,한국콜마,-0.013210039630118908
2026-04-08,76800,155134,161890,한국콜마,0.028112449799196693
2026-04-09,78400,396949,161890,한국콜마,0.02083333333333326
2026-04-10,78900,195726,161890,한국콜마,0.0063775510204082675
2026-04-13,81900,340967,161890,한국콜마,0.03802281368821303
2026-04-14,80000,242954,161890,한국콜마,-0.023199023199023228
2026-04-15,82800,254819,161890,한국콜마,0.03499999999999992
2026-04-16,84500,198037,161890,한국콜마,0.020531400966183666
2026-04-17,86800,378390,161890,한국콜마,0.02721893491124261
2026-04-20,87000,148824,161890,한국콜마,0.0023041474654377225
2026-04-21,86300,152277,161890,한국콜마,-0.008045977011494232
2026-04-22,87000,190481,161890,한국콜마,0.008111239860950192
2026-04-23,88000,203911,161890,한국콜마,0.011494252873563315
2026-04-24,91600,281632,161890,한국콜마,0.040909090909091006
2026-04-27,91000,183745,161890,한국콜마,-0.0065502183406113135
2026-04-28,89900,230242,161890,한국콜마,-0.012087912087912045
2026-04-29,89500,286091,161890,한국콜마,-0.004449388209121219
2026-04-30,88700,325146,161890,한국콜마,-0.00893854748603351
2026-05-04,88700,164345,161890,한국콜마,0.0
2026-05-06,86900,187709,161890,한국콜마,-0.020293122886133053
2026-05-07,86900,148245,161890,한국콜마,0.0
2026-05-08,93600,671390,161890,한국콜마,0.07710011507479853
2026-05-11,99900,698214,161890,한국콜마,0.06730769230769229
2026-05-12,100100,429640,161890,한국콜마,0.002002002002001957
2026-05-13,97400,263204,161890,한국콜마,-0.026973026973026948
2026-05-14,100800,324242,161890,한국콜마,0.03490759753593431
2026-05-15,97100,227042,161890,한국콜마,-0.03670634920634919
2026-05-18,92200,209820,161890,한국콜마,-0.050463439752832184
2026-05-19,91800,212667,161890,한국콜마,-0.004338394793926281
2026-05-20,89200,230415,161890,한국콜마,-0.028322440087146017
2026-05-21,89200,319662,161890,한국콜마,0.0
2026-05-22,91200,128696,161890,한국콜마,0.022421524663677195
2026-05-26,89800,188473,161890,한국콜마,-0.015350877192982448
2026-05-27,86500,241877,161890,한국콜마,-0.03674832962138086
2026-05-28,86600,172125,161890,한국콜마,0.0011560693641619046
2026-05-29,85500,190451,161890,한국콜마,-0.012702078521939941
2026-06-01,85500,144225,161890,한국콜마,0.0
2026-06-02,83400,141388,161890,한국콜마,-0.024561403508771895
2026-06-04,84100,139994,161890,한국콜마,0.008393285371702586
2026-06-05,83500,165121,161890,한국콜마,-0.007134363852556502
2026-06-08,77400,210556,161890,한국콜마,-0.0730538922155689
2026-06-09,81800,156285,161890,한국콜마,0.056847545219638196
2026-06-10,83000,144964,161890,한국콜마,0.014669926650366705
2026-06-11,86100,222041,161890,한국콜마,0.03734939759036138
2026-06-12,86400,228243,161890,한국콜마,0.0034843205574912606
2026-06-15,87000,166785,161890,한국콜마,0.00694444444444442
2026-06-16,85700,259245,161890,한국콜마,-0.014942528735632177
2026-06-17,88400,286295,161890,한국콜마,0.031505250875145885
2026-06-18,87800,167720,161890,한국콜마,-0.006787330316742057
2026-06-19,86500,197637,161890,한국콜마,-0.014806378132118492
2026-06-22,85800,163985,161890,한국콜마,-0.008092485549133
2026-06-23,83400,246880,161890,한국콜마,-0.027972027972028024
2026-06-24,86400,183969,161890,한국콜마,0.03597122302158273
2026-06-25,86600,264099,161890,한국콜마,0.0023148148148148806
2026-06-26,90700,523755,161890,한국콜마,0.04734411085450341
2026-06-29,99400,580691,161890,한국콜마,0.09592061742006619
2026-06-30,99500,454716,161890,한국콜마,0.001006036217303885
2026-07-01,106800,427584,161890,한국콜마,0.07336683417085421
2026-07-02,113700,1223617,161890,한국콜마,0.06460674157303381
2026-07-03,117800,668789,161890,한국콜마,0.036059806508355274
2026-07-06,116300,342547,161890,한국콜마,-0.012733446519524572
2026-07-07,115100,482238,161890,한국콜마,-0.010318142734307867
2026-07-08,112100,675494,161890,한국콜마,-0.026064291920069538
2026-07-09,102800,662474,161890,한국콜마,-0.08296164139161466
2026-07-10,106500,324913,161890,한국콜마,0.03599221789883278
2026-07-13,115800,557445,161890,한국콜마,0.08732394366197194
2026-07-14,106300,480040,161890,한국콜마,-0.0820379965457686
2026-07-15,107200,390424,161890,한국콜마,0.008466603951081897
2026-07-16,107600,242341,161890,한국콜마,0.003731343283582156
2026-07-20,99500,240843,161890,한국콜마,-0.07527881040892193
2026-07-21,101700,186806,161890,한국콜마,0.022110552763819014
2026-07-22,98300,367655,161890,한국콜마,-0.03343166175024581
2026-07-23,102400,240139,161890,한국콜마,0.04170905391658186
2026-07-24,100200,167707,161890,한국콜마,-0.021484375
2026-07-27,102500,200253,161890,한국콜마,0.022954091816367317
2026-07-28,98900,221545,161890,한국콜마,-0.035121951219512226
2026-07-29,97400,465040,161890,한국콜마,-0.015166835187057637
2026-07-30,93200,333684,161890,한국콜마,-0.043121149897330624
2026-07-31,95200,278439,161890,한국콜마,0.02145922746781115
2026-08-03,96800,164882,161890,한국콜마,0.01680672268907557
2026-08-04,101300,341815,161890,한국콜마,0.04648760330578505
2026-08-05,102300,124624,161890,한국콜마,0.009871668311944637
2026-08-06,106900,222708,161890,한국콜마,0.04496578690127073
2026-08-07,106700,174886,161890,한국콜마,-0.00187090739008422
2026-08-10,105900,196254,161890,한국콜마,-0.007497656982193068
2026-08-11,107900,326322,161890,한국콜마,0.018885741265344702
2026-08-12,132500,2512264,161890,한국콜마,0.22798887859128825
2026-08-13,135200,1269017,161890,한국콜마,0.02037735849056599
2026-08-14,136700,604709,161890,한국콜마,0.011094674556213047
2026-08-18,129700,499740,161890,한국콜마,-0.05120702267739574
2026-08-19,127800,295464,161890,한국콜마,-0.014649190439475768
2026-08-20,137800,411216,161890,한국콜마,0.07824726134585291
2026-08-21,136700,238848,161890,한국콜마,-0.0079825834542816
2021-06-01,126000,45576,192820,코스맥스,
2021-06-02,131500,153089,192820,코스맥스,0.04365079365079372
2021-06-03,133000,148539,192820,코스맥스,0.011406844106463865
2021-06-04,132500,60147,192820,코스맥스,-0.003759398496240629
2021-06-07,127500,92993,192820,코스맥스,-0.037735849056603765
2021-06-08,130000,56249,192820,코스맥스,0.019607843137254832
2021-06-09,130500,64570,192820,코스맥스,0.0038461538461538325
2021-06-10,134500,97203,192820,코스맥스,0.03065134099616862
2021-06-11,132500,73041,192820,코스맥스,-0.014869888475836479
2021-06-14,132000,69355,192820,코스맥스,-0.0037735849056603765
2021-06-15,130000,72323,192820,코스맥스,-0.015151515151515138
2021-06-16,130500,68317,192820,코스맥스,0.0038461538461538325
2021-06-17,132500,64668,192820,코스맥스,0.015325670498084198
2021-06-18,134500,107261,192820,코스맥스,0.015094339622641506
2021-06-21,129000,64757,192820,코스맥스,-0.040892193308550207
2021-06-22,128000,61559,192820,코스맥스,-0.007751937984496138
2021-06-23,127000,71987,192820,코스맥스,-0.0078125
2021-06-24,125000,72245,192820,코스맥스,-0.015748031496062964
2021-06-25,125000,53003,192820,코스맥스,0.0
2021-06-28,128500,135747,192820,코스맥스,0.028000000000000025
2021-06-29,129500,58712,192820,코스맥스,0.0077821011673151474
2021-06-30,131000,152476,192820,코스맥스,0.01158301158301156
2021-07-01,131000,55697,192820,코스맥스,0.0
2021-07-02,130000,39776,192820,코스맥스,-0.007633587786259555
2021-07-05,131000,43595,192820,코스맥스,0.007692307692307665
2021-07-06,134500,122912,192820,코스맥스,0.026717557251908497
2021-07-07,136000,130798,192820,코스맥스,0.011152416356877248
2021-07-08,133000,89530,192820,코스맥스,-0.022058823529411797
2021-07-09,132000,109719,192820,코스맥스,-0.007518796992481258
2021-07-12,138000,202023,192820,코스맥스,0.045454545454545414
2021-07-13,140000,80149,192820,코스맥스,0.01449275362318847
2021-07-14,139000,45947,192820,코스맥스,-0.0071428571428571175
2021-07-15,138500,59470,192820,코스맥스,-0.003597122302158251
2021-07-16,139000,77956,192820,코스맥스,0.0036101083032491488
2021-07-19,135000,90808,192820,코스맥스,-0.02877697841726623
2021-07-20,131500,103757,192820,코스맥스,-0.025925925925925908
2021-07-21,129500,116019,192820,코스맥스,-0.01520912547528519
2021-07-22,132000,59996,192820,코스맥스,0.019305019305019266
2021-07-23,129500,76285,192820,코스맥스,-0.018939393939393923
2021-07-26,129000,59613,192820,코스맥스,-0.0038610038610038533
2021-07-27,128500,44208,192820,코스맥스,-0.003875968992248069
2021-07-28,126500,63082,192820,코스맥스,-0.015564202334630295
2021-07-29,126000,53970,192820,코스맥스,-0.0039525691699604515
2021-07-30,124000,58579,192820,코스맥스,-0.015873015873015928
2021-08-02,123500,36534,192820,코스맥스,-0.0040322580645161255
2021-08-03,119500,119616,192820,코스맥스,-0.03238866396761131
2021-08-04,123500,81324,192820,코스맥스,0.03347280334728042
2021-08-05,123000,40513,192820,코스맥스,-0.004048582995951455
2021-08-06,125500,61910,192820,코스맥스,0.020325203252032464
2021-08-09,121500,59930,192820,코스맥스,-0.031872509960159334
2021-08-10,122500,35397,192820,코스맥스,0.008230452674897082
2021-08-11,133500,436271,192820,코스맥스,0.0897959183673469
2021-08-12,135000,264919,192820,코스맥스,0.011235955056179803
2021-08-13,133000,110018,192820,코스맥스,-0.014814814814814836
2021-08-17,122500,193407,192820,코스맥스,-0.07894736842105265
2021-08-18,123500,76068,192820,코스맥스,0.008163265306122547
2021-08-19,120000,74716,192820,코스맥스,-0.028340080971659964
2021-08-20,117500,99286,192820,코스맥스,-0.02083333333333337
2021-08-23,119000,47853,192820,코스맥스,0.012765957446808418
2021-08-24,124000,74906,192820,코스맥스,0.04201680672268915
2021-08-25,123000,36659,192820,코스맥스,-0.008064516129032251
2021-08-26,127000,126413,192820,코스맥스,0.03252032520325199
2021-08-27,133000,146581,192820,코스맥스,0.04724409448818889
2021-08-30,130500,51759,192820,코스맥스,-0.018796992481203034
2021-08-31,130500,58696,192820,코스맥스,0.0
2021-09-01,131500,40134,192820,코스맥스,0.00766283524904221
2021-09-02,128000,78364,192820,코스맥스,-0.026615969581749055
2021-09-03,129000,43198,192820,코스맥스,0.0078125
2021-09-06,132000,83365,192820,코스맥스,0.023255813953488413
2021-09-07,134500,70914,192820,코스맥스,0.018939393939394034
2021-09-08,130000,69177,192820,코스맥스,-0.03345724907063197
2021-09-09,126500,145457,192820,코스맥스,-0.02692307692307694
2021-09-10,132000,93254,192820,코스맥스,0.04347826086956519
2021-09-13,132500,101530,192820,코스맥스,0.0037878787878788955
2021-09-14,135500,120973,192820,코스맥스,0.02264150943396226
2021-09-15,134000,79336,192820,코스맥스,-0.011070110701106972
2021-09-16,131000,68254,192820,코스맥스,-0.02238805970149249
2021-09-17,135000,76098,192820,코스맥스,0.03053435114503822
2021-09-23,134500,57507,192820,코스맥스,-0.0037037037037036535
2021-09-24,133500,147198,192820,코스맥스,-0.0074349442379182396
2021-09-27,131000,93603,192820,코스맥스,-0.01872659176029967
2021-09-28,126500,84904,192820,코스맥스,-0.03435114503816794
2021-09-29,128500,78304,192820,코스맥스,0.015810276679841806
2021-09-30,124500,97985,192820,코스맥스,-0.0311284046692607
2021-10-01,121000,55986,192820,코스맥스,-0.028112449799196804
2021-10-05,125000,70773,192820,코스맥스,0.03305785123966931
2021-10-06,125500,105876,192820,코스맥스,0.0040000000000000036
2021-10-07,133000,185345,192820,코스맥스,0.05976095617529875
2021-10-08,132500,64571,192820,코스맥스,-0.003759398496240629
2021-10-12,129000,83115,192820,코스맥스,-0.026415094339622636
2021-10-13,132000,64110,192820,코스맥스,0.023255813953488413
2021-10-14,132000,70332,192820,코스맥스,0.0
2021-10-15,136000,107554,192820,코스맥스,0.030303030303030276
2021-10-18,134000,54654,192820,코스맥스,-0.014705882352941124
2021-10-19,133000,48182,192820,코스맥스,-0.007462686567164201
2021-10-20,131000,72015,192820,코스맥스,-0.015037593984962405
2021-10-21,130000,51914,192820,코스맥스,-0.007633587786259555
2021-10-22,131000,29130,192820,코스맥스,0.007692307692307665
2021-10-25,131000,77055,192820,코스맥스,0.0
2021-10-26,131000,94568,192820,코스맥스,0.0
2021-10-27,131000,37660,192820,코스맥스,0.0
2021-10-28,125500,135621,192820,코스맥스,-0.041984732824427495
2021-10-29,124000,48935,192820,코스맥스,-0.01195219123505975
2021-11-01,126000,63870,192820,코스맥스,0.016129032258064502
2021-11-02,126500,38935,192820,코스맥스,0.003968253968253954
2021-11-03,123500,29914,192820,코스맥스,-0.02371541501976282
2021-11-04,122500,61676,192820,코스맥스,-0.0080971659919028
2021-11-05,120500,96253,192820,코스맥스,-0.01632653061224487
2021-11-08,122500,33183,192820,코스맥스,0.016597510373443924
2021-11-09,122000,67315,192820,코스맥스,-0.004081632653061273
2021-11-10,110000,198738,192820,코스맥스,-0.09836065573770492
2021-11-11,105500,440131,192820,코스맥스,-0.040909090909090895
2021-11-12,106000,115489,192820,코스맥스,0.004739336492890933
2021-11-15,106500,133896,192820,코스맥스,0.004716981132075526
2021-11-16,104500,105109,192820,코스맥스,-0.018779342723004744
2021-11-17,101500,97488,192820,코스맥스,-0.028708133971291905
2021-11-18,102000,69085,192820,코스맥스,0.0049261083743843415
2021-11-19,101500,65000,192820,코스맥스,-0.004901960784313708
2021-11-22,100500,66985,192820,코스맥스,-0.009852216748768461
2021-11-23,101000,40904,192820,코스맥스,0.004975124378109541
2021-11-24,100500,84429,192820,코스맥스,-0.004950495049504955
2021-11-25,100000,62233,192820,코스맥스,-0.00497512437810943
2021-11-26,97000,134455,192820,코스맥스,-0.030000000000000027
2021-11-29,94600,108728,192820,코스맥스,-0.024742268041237137
2021-11-30,90700,169930,192820,코스맥스,-0.04122621564482032
2021-12-01,92200,108978,192820,코스맥스,0.016538037486218293
2021-12-02,96600,129330,192820,코스맥스,0.04772234273318876
2021-12-03,99800,149564,192820,코스맥스,0.0331262939958592
2021-12-06,101000,106804,192820,코스맥스,0.012024048096192397
2021-12-07,105500,201053,192820,코스맥스,0.044554455445544594
2021-12-08,103500,140874,192820,코스맥스,-0.018957345971563955
2021-12-09,104000,97779,192820,코스맥스,0.004830917874396157
2021-12-10,104000,39803,192820,코스맥스,0.0
2021-12-13,102500,84828,192820,코스맥스,-0.014423076923076872
2021-12-14,101000,98024,192820,코스맥스,-0.014634146341463428
2021-12-15,101000,55953,192820,코스맥스,0.0
2021-12-16,102000,72473,192820,코스맥스,0.00990099009900991
2021-12-17,101000,67339,192820,코스맥스,-0.009803921568627416
2021-12-20,88100,537457,192820,코스맥스,-0.12772277227722773
2021-12-21,85200,376847,192820,코스맥스,-0.03291713961407494
2021-12-22,89200,289794,192820,코스맥스,0.04694835680751175
2021-12-23,89500,89392,192820,코스맥스,0.0033632286995515237
2021-12-24,89100,69827,192820,코스맥스,-0.004469273743016755
2021-12-27,88900,53701,192820,코스맥스,-0.002244668911335568
2021-12-28,89000,76349,192820,코스맥스,0.0011248593925758943
2021-12-29,88800,74034,192820,코스맥스,-0.0022471910112359383
2021-12-30,87400,72619,192820,코스맥스,-0.015765765765765716
2022-01-03,87300,99676,192820,코스맥스,-0.0011441647597254523
2022-01-04,87600,55792,192820,코스맥스,0.0034364261168384758
2022-01-05,84900,121024,192820,코스맥스,-0.03082191780821919
2022-01-06,84900,112274,192820,코스맥스,0.0
2022-01-07,86700,64860,192820,코스맥스,0.021201413427561766
2022-01-10,81600,190585,192820,코스맥스,-0.05882352941176472
2022-01-11,81700,152026,192820,코스맥스,0.001225490196078427
2022-01-12,84400,113764,192820,코스맥스,0.03304773561811514
2022-01-13,83700,64808,192820,코스맥스,-0.008293838862559189
2022-01-14,78400,220445,192820,코스맥스,-0.06332138590203107
2022-01-17,77300,96311,192820,코스맥스,-0.014030612244897989
2022-01-18,75000,136446,192820,코스맥스,-0.02975420439844756
2022-01-19,74600,70090,192820,코스맥스,-0.005333333333333301
2022-01-20,78500,137624,192820,코스맥스,0.052278820375335044
2022-01-21,76700,80631,192820,코스맥스,-0.02292993630573248
2022-01-24,74500,59247,192820,코스맥스,-0.028683181225554133
2022-01-25,73700,107027,192820,코스맥스,-0.010738255033557076
2022-01-26,72800,139649,192820,코스맥스,-0.012211668928086894
2022-01-27,69300,101919,192820,코스맥스,-0.04807692307692313
2022-01-28,71000,130468,192820,코스맥스,0.024531024531024626
2022-02-03,73000,72054,192820,코스맥스,0.028169014084507005
2022-02-04,75400,84623,192820,코스맥스,0.03287671232876721
2022-02-07,75600,107155,192820,코스맥스,0.0026525198938991412
2022-02-08,76200,110223,192820,코스맥스,0.007936507936507908
2022-02-09,79700,142882,192820,코스맥스,0.04593175853018372
2022-02-10,83700,396509,192820,코스맥스,0.050188205771643624
2022-02-11,81300,160053,192820,코스맥스,-0.028673835125448077
2022-02-14,80200,88614,192820,코스맥스,-0.013530135301353052
2022-02-15,81500,110277,192820,코스맥스,0.016209476309226867
2022-02-16,81300,84890,192820,코스맥스,-0.0024539877300613355
2022-02-17,87300,519942,192820,코스맥스,0.07380073800738018
2022-02-18,89400,276359,192820,코스맥스,0.02405498281786933
2022-02-21,90000,150761,192820,코스맥스,0.006711409395973256
2022-02-22,89900,135375,192820,코스맥스,-0.0011111111111110628
2022-02-23,88400,135075,192820,코스맥스,-0.016685205784204626
2022-02-24,87000,130516,192820,코스맥스,-0.015837104072398245
2022-02-25,84700,152874,192820,코스맥스,-0.02643678160919538
2022-02-28,85900,94543,192820,코스맥스,0.01416765053128688
2022-03-02,86700,75643,192820,코스맥스,0.0093131548311991
2022-03-03,86100,72995,192820,코스맥스,-0.00692041522491349
2022-03-04,84700,72450,192820,코스맥스,-0.016260162601625994
2022-03-07,80800,137864,192820,코스맥스,-0.046044864226682414
2022-03-08,80000,210635,192820,코스맥스,-0.00990099009900991
2022-03-10,83900,104294,192820,코스맥스,0.04875000000000007
2022-03-11,85500,81423,192820,코스맥스,0.019070321811680557
2022-03-14,77400,241673,192820,코스맥스,-0.09473684210526312
2022-03-15,75800,184096,192820,코스맥스,-0.02067183462532296
2022-03-16,77600,84760,192820,코스맥스,0.0237467018469657
2022-03-17,78600,81045,192820,코스맥스,0.012886597938144284
2022-03-18,78900,54172,192820,코스맥스,0.003816793893129722
2022-03-21,78700,61739,192820,코스맥스,-0.0025348542458808465
2022-03-22,80800,85585,192820,코스맥스,0.02668360864040653
2022-03-23,80400,57327,192820,코스맥스,-0.004950495049504955
2022-03-24,81200,56426,192820,코스맥스,0.00995024875621886
2022-03-25,82300,61666,192820,코스맥스,0.013546798029556717
2022-03-28,79800,121861,192820,코스맥스,-0.03037667071688943
2022-03-29,81300,78765,192820,코스맥스,0.018796992481203034
2022-03-30,84800,138863,192820,코스맥스,0.043050430504305126
2022-03-31,83600,88828,192820,코스맥스,-0.014150943396226467
2022-04-01,86800,236825,192820,코스맥스,0.038277511961722466
2022-04-04,87700,126303,192820,코스맥스,0.010368663594469973
2022-04-05,87800,94743,192820,코스맥스,0.0011402508551880963
2022-04-06,86300,111224,192820,코스맥스,-0.017084282460136713
2022-04-07,84200,115488,192820,코스맥스,-0.024333719582850466
2022-04-08,83000,67477,192820,코스맥스,-0.014251781472684133
2022-04-11,83900,64395,192820,코스맥스,0.010843373493975905
2022-04-12,83600,52490,192820,코스맥스,-0.0035756853396901045
2022-04-13,84500,57055,192820,코스맥스,0.010765550239234534
2022-04-14,86800,157246,192820,코스맥스,0.02721893491124261
2022-04-15,83100,148040,192820,코스맥스,-0.04262672811059909
2022-04-18,86500,274426,192820,코스맥스,0.04091456077015643
2022-04-19,85900,133033,192820,코스맥스,-0.006936416184971095
2022-04-20,85500,118742,192820,코스맥스,-0.00465657741559955
2022-04-21,85300,63743,192820,코스맥스,-0.002339181286549752
2022-04-22,84300,86912,192820,코스맥스,-0.011723329425556872
2022-04-25,82300,76814,192820,코스맥스,-0.023724792408066464
2022-04-26,81400,88244,192820,코스맥스,-0.010935601458080146
2022-04-27,81500,125483,192820,코스맥스,0.0012285012285011554
2022-04-28,84000,150929,192820,코스맥스,0.030674846625766916
2022-04-29,86000,289333,192820,코스맥스,0.023809523809523725
2022-05-02,85100,69725,192820,코스맥스,-0.010465116279069764
2022-05-03,82400,88614,192820,코스맥스,-0.031727379553466495
2022-05-04,80600,54181,192820,코스맥스,-0.021844660194174748
2022-05-06,80200,78294,192820,코스맥스,-0.00496277915632759
2022-05-09,78200,73815,192820,코스맥스,-0.02493765586034913
2022-05-10,78500,161995,192820,코스맥스,0.0038363171355497716
2022-05-11,78000,66774,192820,코스맥스,-0.006369426751592355
2022-05-12,72500,221991,192820,코스맥스,-0.07051282051282048
2022-05-13,71900,127158,192820,코스맥스,-0.008275862068965467
2022-05-16,72500,110438,192820,코스맥스,0.008344923504867818
2022-05-17,63600,643571,192820,코스맥스,-0.12275862068965515
2022-05-18,63500,171289,192820,코스맥스,-0.0015723270440252124
2022-05-19,63800,142097,192820,코스맥스,0.0047244094488188
2022-05-20,64400,65541,192820,코스맥스,0.00940438871473348
2022-05-23,65900,89694,192820,코스맥스,0.02329192546583858
2022-05-24,65900,73119,192820,코스맥스,0.0
2022-05-25,66500,92900,192820,코스맥스,0.009104704097116834
2022-05-26,66600,67856,192820,코스맥스,0.0015037593984963404
2022-05-27,66600,54145,192820,코스맥스,0.0
2022-05-30,68500,89170,192820,코스맥스,0.028528528528528607
2022-05-31,69900,115517,192820,코스맥스,0.020437956204379493
2022-06-02,69400,57197,192820,코스맥스,-0.007153075822603716
2022-06-03,70200,55366,192820,코스맥스,0.011527377521613813
2022-06-07,68300,44448,192820,코스맥스,-0.027065527065527117
2022-06-08,68800,52272,192820,코스맥스,0.007320644216691097
2022-06-09,67900,71784,192820,코스맥스,-0.013081395348837233
2022-06-10,66600,82670,192820,코스맥스,-0.019145802650957333
2022-06-13,63900,58835,192820,코스맥스,-0.04054054054054057
2022-06-14,62600,83191,192820,코스맥스,-0.020344287949921713
2022-06-15,60000,144884,192820,코스맥스,-0.04153354632587858
2022-06-16,59000,78743,192820,코스맥스,-0.01666666666666672
2022-06-17,59500,67116,192820,코스맥스,0.008474576271186418
2022-06-20,58000,81701,192820,코스맥스,-0.025210084033613467
2022-06-21,58900,54853,192820,코스맥스,0.01551724137931032
2022-06-22,56800,78437,192820,코스맥스,-0.035653650254668934
2022-06-23,56000,120791,192820,코스맥스,-0.014084507042253502
2022-06-24,57100,62115,192820,코스맥스,0.019642857142857073
2022-06-27,59000,97770,192820,코스맥스,0.03327495621716281
2022-06-28,58900,42588,192820,코스맥스,-0.0016949152542372614
2022-06-29,60600,99786,192820,코스맥스,0.028862478777589073
2022-06-30,56500,105473,192820,코스맥스,-0.06765676567656764
2022-07-01,56900,58843,192820,코스맥스,0.0070796460176991705
2022-07-04,56200,57607,192820,코스맥스,-0.012302284710017597
2022-07-05,57300,38799,192820,코스맥스,0.019572953736654908
2022-07-06,58300,112698,192820,코스맥스,0.017452006980802848
2022-07-07,60800,93366,192820,코스맥스,0.04288164665523153
2022-07-08,61700,155951,192820,코스맥스,0.014802631578947345
2022-07-11,59900,57503,192820,코스맥스,-0.02917341977309562
2022-07-12,60000,62996,192820,코스맥스,0.0016694490818029983
2022-07-13,62800,133059,192820,코스맥스,0.046666666666666634
2022-07-14,68700,488775,192820,코스맥스,0.09394904458598718
2022-07-15,68100,167681,192820,코스맥스,-0.008733624454148492
2022-07-18,67900,98651,192820,코스맥스,-0.002936857562408246
2022-07-19,68300,47372,192820,코스맥스,0.00589101620029453
2022-07-20,72000,166832,192820,코스맥스,0.05417276720351394
2022-07-21,70500,85385,192820,코스맥스,-0.02083333333333337
2022-07-22,70900,53187,192820,코스맥스,0.005673758865248235
2022-07-25,70100,64262,192820,코스맥스,-0.01128349788434413
2022-07-26,69600,39565,192820,코스맥스,-0.007132667617689048
2022-07-27,70300,86612,192820,코스맥스,0.010057471264367734
2022-07-28,68500,69489,192820,코스맥스,-0.02560455192034139
2022-07-29,69100,60769,192820,코스맥스,0.008759124087591275
2022-08-01,68400,48062,192820,코스맥스,-0.01013024602026047
2022-08-02,66800,58173,192820,코스맥스,-0.023391812865497075
2022-08-03,68700,51003,192820,코스맥스,0.02844311377245501
2022-08-04,68300,54532,192820,코스맥스,-0.005822416302765698
2022-08-05,69200,44756,192820,코스맥스,0.013177159590043841
2022-08-08,69100,70175,192820,코스맥스,-0.0014450867052022698
2022-08-09,67100,68909,192820,코스맥스,-0.02894356005788712
2022-08-10,66500,69356,192820,코스맥스,-0.008941877794336861
2022-08-11,67000,47925,192820,코스맥스,0.007518796992481258
2022-08-12,67400,86686,192820,코스맥스,0.005970149253731405
2022-08-16,69500,131465,192820,코스맥스,0.03115727002967361
2022-08-17,65300,329368,192820,코스맥스,-0.060431654676258995
2022-08-18,65700,37883,192820,코스맥스,0.006125574272588086
2022-08-19,65000,44597,192820,코스맥스,-0.010654490106544956
2022-08-22,64300,73736,192820,코스맥스,-0.010769230769230753
2022-08-23,61600,119703,192820,코스맥스,-0.0419906687402799
2022-08-24,62000,78565,192820,코스맥스,0.006493506493506551
2022-08-25,62800,59241,192820,코스맥스,0.012903225806451646
2022-08-26,62800,30362,192820,코스맥스,0.0
2022-08-29,61900,47732,192820,코스맥스,-0.014331210191082855
2022-08-30,62700,65810,192820,코스맥스,0.01292407108239102
2022-08-31,62800,37264,192820,코스맥스,0.0015948963317384823
2022-09-01,60100,61433,192820,코스맥스,-0.042993630573248454
2022-09-02,60100,37334,192820,코스맥스,0.0
2022-09-05,59300,35924,192820,코스맥스,-0.01331114808652245
2022-09-06,59700,27811,192820,코스맥스,0.006745362563237878
2022-09-07,59800,62085,192820,코스맥스,0.0016750418760469454
2022-09-08,59600,44398,192820,코스맥스,-0.0033444816053511683
2022-09-13,61800,63102,192820,코스맥스,0.03691275167785224
2022-09-14,60400,32397,192820,코스맥스,-0.02265372168284785
2022-09-15,61000,41510,192820,코스맥스,0.009933774834437026
2022-09-16,61900,53096,192820,코스맥스,0.014754098360655776
2022-09-19,60900,66898,192820,코스맥스,-0.016155088852988664
2022-09-20,61600,47087,192820,코스맥스,0.011494252873563315
2022-09-21,63400,174158,192820,코스맥스,0.02922077922077926
2022-09-22,61200,177462,192820,코스맥스,-0.034700315457413256
2022-09-23,56800,258247,192820,코스맥스,-0.07189542483660127
2022-09-26,54400,104236,192820,코스맥스,-0.04225352112676062
2022-09-27,55800,92203,192820,코스맥스,0.025735294117646967
2022-09-28,54200,96405,192820,코스맥스,-0.028673835125448077
2022-09-29,51500,256463,192820,코스맥스,-0.04981549815498154
2022-09-30,50300,120064,192820,코스맥스,-0.023300970873786353
2022-10-04,50400,58142,192820,코스맥스,0.001988071570576455
2022-10-05,50000,89369,192820,코스맥스,-0.007936507936507908
2022-10-06,50700,54807,192820,코스맥스,0.014000000000000012
2022-10-07,49450,110252,192820,코스맥스,-0.024654832347140054
2022-10-11,45400,133459,192820,코스맥스,-0.08190091001011124
2022-10-12,43550,136013,192820,코스맥스,-0.040748898678414136
2022-10-13,42550,115316,192820,코스맥스,-0.02296211251435132
2022-10-14,44700,69702,192820,코스맥스,0.05052878965922436
2022-10-17,44850,57177,192820,코스맥스,0.003355704697986628
2022-10-18,46450,84839,192820,코스맥스,0.035674470457079055
2022-10-19,46600,37733,192820,코스맥스,0.0032292787944026013
2022-10-20,45750,35559,192820,코스맥스,-0.018240343347639465
2022-10-21,46450,46363,192820,코스맥스,0.015300546448087537
2022-10-24,46600,50957,192820,코스맥스,0.0032292787944026013
2022-10-25,46000,41715,192820,코스맥스,-0.012875536480686733
2022-10-26,46000,36668,192820,코스맥스,0.0
2022-10-27,46400,34737,192820,코스맥스,0.008695652173912993
2022-10-28,46150,37362,192820,코스맥스,-0.0053879310344827624
2022-10-31,45800,31701,192820,코스맥스,-0.007583965330444253
2022-11-01,47800,58314,192820,코스맥스,0.04366812227074246
2022-11-02,49250,46001,192820,코스맥스,0.030334728033472702
2022-11-03,47050,42932,192820,코스맥스,-0.044670050761421276
2022-11-04,50400,84620,192820,코스맥스,0.0712008501594048
2022-11-07,50400,56827,192820,코스맥스,0.0
2022-11-08,51300,64364,192820,코스맥스,0.017857142857142794
2022-11-09,51700,34127,192820,코스맥스,0.007797270955165692
2022-11-10,51500,48298,192820,코스맥스,-0.003868471953578312
2022-11-11,53900,76348,192820,코스맥스,0.046601941747572706
2022-11-14,55500,60382,192820,코스맥스,0.029684601113172615
2022-11-15,59500,133119,192820,코스맥스,0.072072072072072
2022-11-16,59100,85918,192820,코스맥스,-0.006722689075630228
2022-11-17,58700,34761,192820,코스맥스,-0.006768189509306244
2022-11-18,59000,62988,192820,코스맥스,0.005110732538330387
2022-11-21,59000,63988,192820,코스맥스,0.0
2022-11-22,57000,60645,192820,코스맥스,-0.03389830508474578
2022-11-23,58200,52305,192820,코스맥스,0.021052631578947434
2022-11-24,58700,32915,192820,코스맥스,0.00859106529209619
2022-11-25,58700,31626,192820,코스맥스,0.0
2022-11-28,57600,44793,192820,코스맥스,-0.01873935264054516
2022-11-29,63500,256395,192820,코스맥스,0.10243055555555558
2022-11-30,60800,138232,192820,코스맥스,-0.04251968503937009
2022-12-01,63300,122693,192820,코스맥스,0.04111842105263164
2022-12-02,64200,161595,192820,코스맥스,0.014218009478673022
2022-12-05,67000,225754,192820,코스맥스,0.04361370716510904
2022-12-06,64200,133984,192820,코스맥스,-0.04179104477611939
2022-12-07,64700,91532,192820,코스맥스,0.007788161993769416
2022-12-08,63500,97375,192820,코스맥스,-0.018547140649149974
2022-12-09,70300,305107,192820,코스맥스,0.10708661417322829
2022-12-12,67800,132982,192820,코스맥스,-0.03556187766714081
2022-12-13,67300,74106,192820,코스맥스,-0.007374631268436627
2022-12-14,66800,55981,192820,코스맥스,-0.007429420505200568
2022-12-15,65200,60538,192820,코스맥스,-0.0239520958083832
2022-12-16,66600,90254,192820,코스맥스,0.021472392638036908
2022-12-19,67200,61743,192820,코스맥스,0.009009009009008917
2022-12-20,66200,36829,192820,코스맥스,-0.014880952380952328
2022-12-21,67500,44846,192820,코스맥스,0.01963746223564944
2022-12-22,71200,143798,192820,코스맥스,0.05481481481481487
2022-12-23,69400,110509,192820,코스맥스,-0.0252808988764045
2022-12-26,69500,102112,192820,코스맥스,0.0014409221902016434
2022-12-27,73000,204049,192820,코스맥스,0.050359712230215736
2022-12-28,73300,107143,192820,코스맥스,0.004109589041095818
2022-12-29,74100,112038,192820,코스맥스,0.01091405184174632
2023-01-02,73700,151680,192820,코스맥스,-0.005398110661268607
2023-01-03,72400,69897,192820,코스맥스,-0.01763907734056991
2023-01-04,70200,73043,192820,코스맥스,-0.03038674033149169
2023-01-05,71800,145948,192820,코스맥스,0.02279202279202286
2023-01-06,70800,87544,192820,코스맥스,-0.013927576601671321
2023-01-09,75800,153544,192820,코스맥스,0.07062146892655363
2023-01-10,74900,113161,192820,코스맥스,-0.01187335092348285
2023-01-11,75300,81047,192820,코스맥스,0.005340453938584844
2023-01-12,74200,140091,192820,코스맥스,-0.014608233731739695
2023-01-13,74400,79492,192820,코스맥스,0.0026954177897573484
2023-01-16,74900,133587,192820,코스맥스,0.006720430107526987
2023-01-17,74800,133920,192820,코스맥스,-0.001335113484646211
2023-01-18,76200,118712,192820,코스맥스,0.018716577540107027
2023-01-19,78700,202512,192820,코스맥스,0.03280839895013132
2023-01-20,78300,87052,192820,코스맥스,-0.0050825921219822545
2023-01-25,77900,87992,192820,코스맥스,-0.005108556832694733
2023-01-26,77800,87758,192820,코스맥스,-0.0012836970474967568
2023-01-27,79900,99923,192820,코스맥스,0.02699228791773778
2023-01-30,76500,140227,192820,코스맥스,-0.04255319148936165
2023-01-31,78300,91231,192820,코스맥스,0.0235294117647058
2023-02-01,78400,171333,192820,코스맥스,0.0012771392081736277
2023-02-02,78500,129504,192820,코스맥스,0.0012755102040815647
2023-02-03,78000,70800,192820,코스맥스,-0.006369426751592355
2023-02-06,78000,72628,192820,코스맥스,0.0
2023-02-07,78600,74766,192820,코스맥스,0.007692307692307665
2023-02-08,78500,62653,192820,코스맥스,-0.0012722646310432406
2023-02-09,79500,114483,192820,코스맥스,0.01273885350318471
2023-02-10,80800,121508,192820,코스맥스,0.01635220125786163
2023-02-13,79600,74383,192820,코스맥스,-0.014851485148514865
2023-02-14,80100,42326,192820,코스맥스,0.00628140703517599
2023-02-15,79300,86655,192820,코스맥스,-0.009987515605493158
2023-02-16,79500,79471,192820,코스맥스,0.0025220680958386588
2023-02-17,79600,69654,192820,코스맥스,0.0012578616352201255
2023-02-20,82800,148860,192820,코스맥스,0.04020100502512558
2023-02-21,81300,66820,192820,코스맥스,-0.018115942028985477
2023-02-22,80000,64569,192820,코스맥스,-0.01599015990159902
2023-02-23,81000,43460,192820,코스맥스,0.012499999999999956
2023-02-24,80900,56750,192820,코스맥스,-0.0012345679012345512
2023-02-27,78000,117394,192820,코스맥스,-0.03584672435105063
2023-02-28,77300,70987,192820,코스맥스,-0.008974358974358942
2023-03-02,85800,341307,192820,코스맥스,0.10996119016817585
2023-03-03,85800,101884,192820,코스맥스,0.0
2023-03-06,83600,73339,192820,코스맥스,-0.02564102564102566
2023-03-07,82100,74269,192820,코스맥스,-0.01794258373205737
2023-03-08,81100,76612,192820,코스맥스,-0.01218026796589522
2023-03-09,82100,99278,192820,코스맥스,0.012330456226880449
2023-03-10,80400,169005,192820,코스맥스,-0.020706455542021884
2023-03-13,79200,141841,192820,코스맥스,-0.014925373134328401
2023-03-14,79100,88471,192820,코스맥스,-0.0012626262626262985
2023-03-15,78000,82456,192820,코스맥스,-0.013906447534766109
2023-03-16,75100,114054,192820,코스맥스,-0.03717948717948716
2023-03-17,76200,96001,192820,코스맥스,0.01464713715046595
2023-03-20,78900,106103,192820,코스맥스,0.03543307086614167
2023-03-21,79700,63236,192820,코스맥스,0.010139416983523386
2023-03-22,78500,47953,192820,코스맥스,-0.01505646173149311
2023-03-23,77300,83492,192820,코스맥스,-0.015286624203821653
2023-03-24,76800,52503,192820,코스맥스,-0.0064683053040103244
2023-03-27,78900,91091,192820,코스맥스,0.02734375
2023-03-28,79900,64552,192820,코스맥스,0.012674271229404344
2023-03-29,81000,97310,192820,코스맥스,0.013767209011264159
2023-03-30,81200,60518,192820,코스맥스,0.0024691358024691024
2023-03-31,81000,58291,192820,코스맥스,-0.0024630541871921707
2023-04-03,80200,61264,192820,코스맥스,-0.00987654320987652
2023-04-04,80200,57384,192820,코스맥스,0.0
2023-04-05,79900,69806,192820,코스맥스,-0.0037406483790524137
2023-04-06,79900,35316,192820,코스맥스,0.0
2023-04-07,80600,57879,192820,코스맥스,0.008760951188986343
2023-04-10,79900,48241,192820,코스맥스,-0.008684863523573227
2023-04-11,79700,57118,192820,코스맥스,-0.0025031289111389077
2023-04-12,77800,103799,192820,코스맥스,-0.023839397741530766
2023-04-13,77600,88426,192820,코스맥스,-0.0025706940874036244
2023-04-14,78200,60548,192820,코스맥스,0.0077319587628865705
2023-04-17,77200,42302,192820,코스맥스,-0.012787723785166238
2023-04-18,81000,162934,192820,코스맥스,0.04922279792746109
2023-04-19,85700,356774,192820,코스맥스,0.05802469135802468
2023-04-20,83100,123804,192820,코스맥스,-0.03033838973162195
2023-04-21,76400,296617,192820,코스맥스,-0.08062575210589651
2023-04-24,73500,209393,192820,코스맥스,-0.0379581151832461
2023-04-25,71400,104033,192820,코스맥스,-0.02857142857142858
2023-04-26,73700,80660,192820,코스맥스,0.03221288515406173
2023-04-27,74200,66655,192820,코스맥스,0.006784260515603879
2023-04-28,77200,131794,192820,코스맥스,0.040431266846361114
2023-05-02,77100,70258,192820,코스맥스,-0.0012953367875647714
2023-05-03,74800,111537,192820,코스맥스,-0.02983138780804151
2023-05-04,75200,85250,192820,코스맥스,0.005347593582887722
2023-05-08,75400,41275,192820,코스맥스,0.0026595744680850686
2023-05-09,74200,41266,192820,코스맥스,-0.01591511936339518
2023-05-10,80200,336053,192820,코스맥스,0.08086253369272245
2023-05-11,83500,265536,192820,코스맥스,0.041147132169575995
2023-05-12,82900,105818,192820,코스맥스,-0.007185628742514938
2023-05-15,86000,250817,192820,코스맥스,0.03739445114595896
2023-05-16,87200,157927,192820,코스맥스,0.013953488372093092
2023-05-17,86800,104437,192820,코스맥스,-0.004587155963302725
2023-05-18,86800,101988,192820,코스맥스,0.0
2023-05-19,86500,80047,192820,코스맥스,-0.003456221198156695
2023-05-22,86900,77690,192820,코스맥스,0.0046242774566473965
2023-05-23,89400,149532,192820,코스맥스,0.028768699654775576
2023-05-24,84400,142529,192820,코스맥스,-0.055928411633109576
2023-05-25,83800,72079,192820,코스맥스,-0.007109004739336511
2023-05-26,84000,69055,192820,코스맥스,0.0023866348448686736
2023-05-30,80000,127913,192820,코스맥스,-0.04761904761904767
2023-05-31,79500,119267,192820,코스맥스,-0.006249999999999978
2023-06-01,81100,54192,192820,코스맥스,0.020125786163522008
2023-06-02,84400,91105,192820,코스맥스,0.040690505548705236
2023-06-05,88600,129549,192820,코스맥스,0.04976303317535535
2023-06-07,87100,79382,192820,코스맥스,-0.0169300225733634
2023-06-08,87300,75459,192820,코스맥스,0.0022962112514350874
2023-06-09,87700,96153,192820,코스맥스,0.004581901489117968
2023-06-12,88200,71794,192820,코스맥스,0.005701254275940704
2023-06-13,88700,66269,192820,코스맥스,0.005668934240362855
2023-06-14,89000,82976,192820,코스맥스,0.0033821871476888976
2023-06-15,89100,70406,192820,코스맥스,0.0011235955056179137
2023-06-16,94200,233891,192820,코스맥스,0.05723905723905731
2023-06-19,91400,83665,192820,코스맥스,-0.02972399150743099
2023-06-20,93700,159404,192820,코스맥스,0.02516411378555805
2023-06-21,93300,94667,192820,코스맥스,-0.004268943436499417
2023-06-22,92600,57091,192820,코스맥스,-0.007502679528403
2023-06-23,91700,52939,192820,코스맥스,-0.009719222462203025
2023-06-26,91100,48525,192820,코스맥스,-0.0065430752453653485
2023-06-27,92000,63749,192820,코스맥스,0.009879253567508295
2023-06-28,94000,110933,192820,코스맥스,0.021739130434782705
2023-06-29,91100,88019,192820,코스맥스,-0.030851063829787195
2023-06-30,93000,68695,192820,코스맥스,0.020856201975850697
2023-07-03,91300,71529,192820,코스맥스,-0.018279569892473146
2023-07-04,93000,120812,192820,코스맥스,0.018619934282584794
2023-07-05,91600,68919,192820,코스맥스,-0.01505376344086018
2023-07-06,89600,157702,192820,코스맥스,-0.02183406113537123
2023-07-07,89000,48074,192820,코스맥스,-0.006696428571428603
2023-07-10,89600,41084,192820,코스맥스,0.006741573033707926
2023-07-11,89500,35585,192820,코스맥스,-0.0011160714285713969
2023-07-12,91400,102515,192820,코스맥스,0.02122905027932953
2023-07-13,89200,110174,192820,코스맥스,-0.024070021881838044
2023-07-14,91500,172848,192820,코스맥스,0.02578475336322872
2023-07-17,96000,160183,192820,코스맥스,0.049180327868852514
2023-07-18,97900,142094,192820,코스맥스,0.019791666666666652
2023-07-19,95100,86618,192820,코스맥스,-0.02860061287027582
2023-07-20,96700,91325,192820,코스맥스,0.016824395373291168
2023-07-21,98000,110172,192820,코스맥스,0.013443640124095158
2023-07-24,98000,94574,192820,코스맥스,0.0
2023-07-25,98600,76252,192820,코스맥스,0.00612244897959191
2023-07-26,96600,99123,192820,코스맥스,-0.020283975659229236
2023-07-27,103400,208482,192820,코스맥스,0.07039337474120089
2023-07-28,102700,144935,192820,코스맥스,-0.0067698259187620735
2023-07-31,102600,60131,192820,코스맥스,-0.0009737098344693162
2023-08-01,101900,75579,192820,코스맥스,-0.006822612085769952
2023-08-02,102600,80087,192820,코스맥스,0.006869479882237517
2023-08-03,100100,78400,192820,코스맥스,-0.024366471734892814
2023-08-04,104200,123897,192820,코스맥스,0.040959040959041015
2023-08-07,107000,175326,192820,코스맥스,0.026871401151631558
2023-08-08,106000,63772,192820,코스맥스,-0.009345794392523366
2023-08-09,104000,92375,192820,코스맥스,-0.018867924528301883
2023-08-10,123800,1004380,192820,코스맥스,0.19038461538461537
2023-08-11,133100,784947,192820,코스맥스,0.0751211631663975
2023-08-14,142100,583699,192820,코스맥스,0.0676183320811421
2023-08-16,138200,492150,192820,코스맥스,-0.027445460942997935
2023-08-17,137900,260637,192820,코스맥스,-0.0021707670043414895
2023-08-18,140000,330057,192820,코스맥스,0.015228426395939021
2023-08-21,140000,231108,192820,코스맥스,0.0
2023-08-22,139000,147938,192820,코스맥스,-0.0071428571428571175
2023-08-23,139800,90724,192820,코스맥스,0.0057553956834532904
2023-08-24,140000,135146,192820,코스맥스,0.0014306151645206988
2023-08-25,144500,199240,192820,코스맥스,0.03214285714285725
2023-08-28,147500,172197,192820,코스맥스,0.02076124567474058
2023-08-29,149000,130363,192820,코스맥스,0.01016949152542379
2023-08-30,149000,109926,192820,코스맥스,0.0
2023-08-31,153500,134992,192820,코스맥스,0.030201342281879207
2023-09-01,151800,119022,192820,코스맥스,-0.011074918566775227
2023-09-04,149000,155336,192820,코스맥스,-0.01844532279314892
2023-09-05,148500,73415,192820,코스맥스,-0.003355704697986628
2023-09-06,148300,86948,192820,코스맥스,-0.0013468013468013185
2023-09-07,145700,104796,192820,코스맥스,-0.017532029669588667
2023-09-08,145300,120999,192820,코스맥스,-0.0027453671928620027
2023-09-11,145400,157497,192820,코스맥스,0.0006882312456986117
2023-09-12,140000,122499,192820,코스맥스,-0.037138927097661645
2023-09-13,134900,268765,192820,코스맥스,-0.03642857142857148
2023-09-14,134300,147127,192820,코스맥스,-0.004447739065974843
2023-09-15,132800,102952,192820,코스맥스,-0.011169024571854091
2023-09-18,134800,116899,192820,코스맥스,0.015060240963855387
2023-09-19,132500,104316,192820,코스맥스,-0.017062314540059353
2023-09-20,132700,49058,192820,코스맥스,0.0015094339622641062
2023-09-21,128700,65800,192820,코스맥스,-0.0301431801055011
2023-09-22,126300,79140,192820,코스맥스,-0.018648018648018683
2023-09-25,128700,101376,192820,코스맥스,0.019002375296912177
2023-09-26,128000,43025,192820,코스맥스,-0.00543900543900544
2023-09-27,128700,47297,192820,코스맥스,0.005468749999999911
2023-10-04,124500,63283,192820,코스맥스,-0.03263403263403264
2023-10-05,124300,45139,192820,코스맥스,-0.0016064257028112205
2023-10-06,121200,44202,192820,코스맥스,-0.02493966210780374
2023-10-10,115300,146694,192820,코스맥스,-0.048679867986798686
2023-10-11,113000,144114,192820,코스맥스,-0.01994796183868175
2023-10-12,111500,153319,192820,코스맥스,-0.013274336283185861
2023-10-13,120000,443479,192820,코스맥스,0.07623318385650224
2023-10-16,120300,196051,192820,코스맥스,0.0024999999999999467
2023-10-17,129800,243263,192820,코스맥스,0.07896924355777224
2023-10-18,131400,163180,192820,코스맥스,0.012326656394453073
2023-10-19,130000,175304,192820,코스맥스,-0.010654490106544956
2023-10-20,127600,151979,192820,코스맥스,-0.018461538461538418
2023-10-23,132400,154335,192820,코스맥스,0.037617554858934144
2023-10-24,135100,119911,192820,코스맥스,0.020392749244712904
2023-10-25,139400,181823,192820,코스맥스,0.031828275351591495
2023-10-26,136400,109192,192820,코스맥스,-0.021520803443328518
2023-10-27,133300,91572,192820,코스맥스,-0.022727272727272707
2023-10-30,137100,50584,192820,코스맥스,0.028507126781695424
2023-10-31,135600,112033,192820,코스맥스,-0.01094091903719907
2023-11-01,133600,183539,192820,코스맥스,-0.014749262536873142
2023-11-02,134200,144633,192820,코스맥스,0.004491017964071808
2023-11-03,129400,143506,192820,코스맥스,-0.03576751117734722
2023-11-06,130100,120512,192820,코스맥스,0.005409582689335446
2023-11-07,137400,157113,192820,코스맥스,0.05611068408916209
2023-11-08,137200,87715,192820,코스맥스,-0.0014556040756914523
2023-11-09,137900,100123,192820,코스맥스,0.005102040816326481
2023-11-10,132800,149658,192820,코스맥스,-0.036983321247280654
2023-11-13,126800,98023,192820,코스맥스,-0.04518072289156627
2023-11-14,121300,253329,192820,코스맥스,-0.043375394321766514
2023-11-15,120400,220718,192820,코스맥스,-0.007419620774938185
2023-11-16,118800,115760,192820,코스맥스,-0.013289036544850474
2023-11-17,116900,114059,192820,코스맥스,-0.015993265993266004
2023-11-20,118600,90642,192820,코스맥스,0.014542343883661157
2023-11-21,119600,90815,192820,코스맥스,0.008431703204047292
2023-11-22,114300,170589,192820,코스맥스,-0.044314381270903036
2023-11-23,115200,70190,192820,코스맥스,0.007874015748031482
2023-11-24,114700,72192,192820,코스맥스,-0.00434027777777779
2023-11-27,113300,75906,192820,코스맥스,-0.012205754141238034
2023-11-28,113900,65293,192820,코스맥스,0.005295675198587757
2023-11-29,112500,44179,192820,코스맥스,-0.012291483757682187
2023-11-30,110700,116224,192820,코스맥스,-0.016000000000000014
2023-12-01,112100,111105,192820,코스맥스,0.012646793134597933
2023-12-04,117200,151586,192820,코스맥스,0.04549509366636939
2023-12-05,119800,147885,192820,코스맥스,0.022184300341296925
2023-12-06,121000,75518,192820,코스맥스,0.01001669449081799
2023-12-07,120100,61587,192820,코스맥스,-0.007438016528925617
2023-12-08,121000,38225,192820,코스맥스,0.007493755203996644
2023-12-11,121500,43319,192820,코스맥스,0.004132231404958775
2023-12-12,120200,36578,192820,코스맥스,-0.010699588477366295
2023-12-13,120600,42559,192820,코스맥스,0.0033277870216306127
2023-12-14,122800,101371,192820,코스맥스,0.018242122719734688
2023-12-15,121500,59947,192820,코스맥스,-0.010586319218241047
2023-12-18,121600,28337,192820,코스맥스,0.0008230452674897748
2023-12-19,120200,51584,192820,코스맥스,-0.011513157894736836
2023-12-20,122100,65689,192820,코스맥스,0.01580698835274541
2023-12-21,127000,102948,192820,코스맥스,0.040131040131040185
2023-12-22,124300,59375,192820,코스맥스,-0.021259842519685046
2023-12-26,124000,33794,192820,코스맥스,-0.002413515687851975
2023-12-27,122600,40712,192820,코스맥스,-0.011290322580645107
2023-12-28,126400,69416,192820,코스맥스,0.030995106035889064
2024-01-02,122900,66838,192820,코스맥스,-0.027689873417721556
2024-01-03,115700,176443,192820,코스맥스,-0.058584214808787616
2024-01-04,116800,83467,192820,코스맥스,0.009507346585998278
2024-01-05,111700,195153,192820,코스맥스,-0.043664383561643816
2024-01-08,109200,122878,192820,코스맥스,-0.022381378692927445
2024-01-09,113200,98241,192820,코스맥스,0.03663003663003672
2024-01-10,112400,56478,192820,코스맥스,-0.007067137809187329
2024-01-11,112700,84044,192820,코스맥스,0.002669039145907437
2024-01-12,111000,41759,192820,코스맥스,-0.015084294587400127
2024-01-15,110400,61324,192820,코스맥스,-0.00540540540540535
2024-01-16,115900,169812,192820,코스맥스,0.0498188405797102
2024-01-17,122000,262761,192820,코스맥스,0.05263157894736836
2024-01-18,122500,84557,192820,코스맥스,0.004098360655737654
2024-01-19,121000,80719,192820,코스맥스,-0.01224489795918371
2024-01-22,121900,37621,192820,코스맥스,0.007438016528925617
2024-01-23,125500,87489,192820,코스맥스,0.029532403609515923
2024-01-24,129700,109707,192820,코스맥스,0.033466135458167345
2024-01-25,129200,66674,192820,코스맥스,-0.0038550501156514594
2024-01-26,124100,92660,192820,코스맥스,-0.03947368421052633
2024-01-29,120300,88124,192820,코스맥스,-0.030620467365028214
2024-01-30,119900,59328,192820,코스맥스,-0.0033250207813798616
2024-01-31,115800,86281,192820,코스맥스,-0.034195162635529575
2024-02-01,113700,115501,192820,코스맥스,-0.01813471502590669
2024-02-02,115000,103539,192820,코스맥스,0.011433597185576128
2024-02-05,114400,66605,192820,코스맥스,-0.00521739130434784
2024-02-06,115800,64299,192820,코스맥스,0.012237762237762295
2024-02-07,120400,94535,192820,코스맥스,0.039723661485319584
2024-02-08,115700,72086,192820,코스맥스,-0.039036544850498345
2024-02-13,117000,73702,192820,코스맥스,0.011235955056179803
2024-02-14,115900,44924,192820,코스맥스,-0.009401709401709368
2024-02-15,116500,82638,192820,코스맥스,0.0051768766177739955
2024-02-16,114100,93698,192820,코스맥스,-0.02060085836909875
2024-02-19,113800,73439,192820,코스맥스,-0.002629272567922891
2024-02-20,111200,97769,192820,코스맥스,-0.02284710017574687
2024-02-21,114800,119330,192820,코스맥스,0.03237410071942448
2024-02-22,113700,64417,192820,코스맥스,-0.009581881533101022
2024-02-23,111800,41437,192820,코스맥스,-0.016710642040457357
2024-02-26,109200,73781,192820,코스맥스,-0.023255813953488413
2024-02-27,106900,95784,192820,코스맥스,-0.0210622710622711
2024-02-28,110800,71363,192820,코스맥스,0.03648269410664162
2024-02-29,107600,99276,192820,코스맥스,-0.028880866425992746
2024-03-04,106000,81047,192820,코스맥스,-0.014869888475836479
2024-03-05,104800,95663,192820,코스맥스,-0.01132075471698113
2024-03-06,106300,111524,192820,코스맥스,0.014312977099236734
2024-03-07,103300,158377,192820,코스맥스,-0.02822201317027284
2024-03-08,106700,187768,192820,코스맥스,0.03291384317521784
2024-03-11,104400,110130,192820,코스맥스,-0.021555763823805085
2024-03-12,102700,151372,192820,코스맥스,-0.016283524904214586
2024-03-13,102500,60924,192820,코스맥스,-0.0019474196689386325
2024-03-14,103300,70074,192820,코스맥스,0.007804878048780495
2024-03-15,100800,121837,192820,코스맥스,-0.024201355275895398
2024-03-18,104500,80334,192820,코스맥스,0.0367063492063493
2024-03-19,106400,147048,192820,코스맥스,0.018181818181818077
2024-03-20,112000,183998,192820,코스맥스,0.05263157894736836
2024-03-21,110800,66560,192820,코스맥스,-0.010714285714285676
2024-03-22,113500,150252,192820,코스맥스,0.02436823104693131
2024-03-25,116500,119607,192820,코스맥스,0.026431718061673992
2024-03-26,114900,119566,192820,코스맥스,-0.01373390557939913
2024-03-27,115700,72493,192820,코스맥스,0.006962576153176636
2024-03-28,121400,239763,192820,코스맥스,0.04926534140017291
2024-03-29,120100,72722,192820,코스맥스,-0.010708401976935789
2024-04-01,130000,307329,192820,코스맥스,0.0824313072439633
2024-04-02,127900,104961,192820,코스맥스,-0.016153846153846185
2024-04-03,129000,161864,192820,코스맥스,0.008600469116497367
2024-04-04,128700,206872,192820,코스맥스,-0.0023255813953488857
2024-04-05,128700,80115,192820,코스맥스,0.0
2024-04-08,126700,65051,192820,코스맥스,-0.015540015540015495
2024-04-09,125000,77033,192820,코스맥스,-0.013417521704814472
2024-04-11,125300,97871,192820,코스맥스,0.0023999999999999577
2024-04-12,130600,184664,192820,코스맥스,0.042298483639265694
2024-04-15,130700,75308,192820,코스맥스,0.0007656967840734552
2024-04-16,130300,91111,192820,코스맥스,-0.003060443764345777
2024-04-17,131800,147697,192820,코스맥스,0.011511895625479607
2024-04-18,135300,122137,192820,코스맥스,0.02655538694992421
2024-04-19,134500,92948,192820,코스맥스,-0.00591278640059123
2024-04-22,132500,97528,192820,코스맥스,-0.014869888475836479
2024-04-23,129000,152260,192820,코스맥스,-0.026415094339622636
2024-04-24,130600,97868,192820,코스맥스,0.01240310077519391
2024-04-25,132700,122042,192820,코스맥스,0.01607963246554367
2024-04-26,135000,63920,192820,코스맥스,0.017332328560663246
2024-04-29,135000,81643,192820,코스맥스,0.0
2024-04-30,140100,151290,192820,코스맥스,0.03777777777777769
2024-05-02,138400,113589,192820,코스맥스,-0.012134189864382638
2024-05-03,138500,47548,192820,코스맥스,0.0007225433526012459
2024-05-07,139900,74828,192820,코스맥스,0.010108303249097395
2024-05-08,138600,65048,192820,코스맥스,-0.009292351679771271
2024-05-09,143400,144603,192820,코스맥스,0.03463203463203457
2024-05-10,149900,221661,192820,코스맥스,0.04532775453277549
2024-05-13,157700,378466,192820,코스맥스,0.052034689793195366
2024-05-14,160500,385270,192820,코스맥스,0.01775523145212432
2024-05-16,161400,187388,192820,코스맥스,0.005607476635514086
2024-05-17,160400,83807,192820,코스맥스,-0.006195786864931829
2024-05-20,164700,140901,192820,코스맥스,0.02680798004987528
2024-05-21,172400,218695,192820,코스맥스,0.04675166970248945
2024-05-22,171500,157709,192820,코스맥스,-0.0052204176334106345
2024-05-23,168800,141279,192820,코스맥스,-0.01574344023323615
2024-05-24,169100,133097,192820,코스맥스,0.0017772511848341832
2024-05-27,165900,138878,192820,코스맥스,-0.018923713778829065
2024-05-28,163500,151026,192820,코스맥스,-0.01446654611211573
2024-05-29,166200,138193,192820,코스맥스,0.016513761467889854
2024-05-30,165600,105019,192820,코스맥스,-0.0036101083032491488
2024-05-31,170000,189903,192820,코스맥스,0.02657004830917864
2024-06-03,168700,116243,192820,코스맥스,-0.007647058823529451
2024-06-04,162900,118430,192820,코스맥스,-0.034380557202133954
2024-06-05,161300,120060,192820,코스맥스,-0.009821976672805377
2024-06-07,161700,86083,192820,코스맥스,0.002479851208927464
2024-06-10,157200,141923,192820,코스맥스,-0.0278293135435993
2024-06-11,155500,121937,192820,코스맥스,-0.010814249363867656
2024-06-12,170100,256438,192820,코스맥스,0.09389067524115746
2024-06-13,184100,361142,192820,코스맥스,0.08230452674897126
2024-06-14,184900,300745,192820,코스맥스,0.004345464421509959
2024-06-17,185900,89200,192820,코스맥스,0.005408328826392639
2024-06-18,188400,117959,192820,코스맥스,0.013448090371167343
2024-06-19,187100,124781,192820,코스맥스,-0.006900212314225107
2024-06-20,180000,128171,192820,코스맥스,-0.03794762159273113
2024-06-21,187000,119779,192820,코스맥스,0.03888888888888897
2024-06-24,184100,63436,192820,코스맥스,-0.015508021390374327
2024-06-25,184500,57281,192820,코스맥스,0.0021727322107549796
2024-06-26,195200,112099,192820,코스맥스,0.057994579945799485
2024-06-27,197800,136457,192820,코스맥스,0.013319672131147486
2024-06-28,194600,126665,192820,코스맥스,-0.016177957532861442
2024-07-01,189100,119094,192820,코스맥스,-0.028263103802672163
2024-07-02,184100,142379,192820,코스맥스,-0.026441036488630387
2024-07-03,179000,138669,192820,코스맥스,-0.027702335687126545
2024-07-04,179500,82053,192820,코스맥스,0.0027932960893854997
2024-07-05,179600,131839,192820,코스맥스,0.0005571030640667551
2024-07-08,187800,112361,192820,코스맥스,0.04565701559020052
2024-07-09,180400,112332,192820,코스맥스,-0.03940362087326943
2024-07-10,182500,63049,192820,코스맥스,0.01164079822616415
2024-07-11,176100,136440,192820,코스맥스,-0.03506849315068494
2024-07-12,180200,72068,192820,코스맥스,0.023282226007949935
2024-07-15,178400,66743,192820,코스맥스,-0.009988901220865709
2024-07-16,175900,113931,192820,코스맥스,-0.014013452914798163
2024-07-17,178500,111640,192820,코스맥스,0.014781125639568016
2024-07-18,167800,287281,192820,코스맥스,-0.059943977591036424
2024-07-19,147700,539850,192820,코스맥스,-0.11978545887961856
2024-07-22,152900,228971,192820,코스맥스,0.03520649966147604
2024-07-23,152000,170356,192820,코스맥스,-0.005886200130804431
2024-07-24,156500,208624,192820,코스맥스,0.02960526315789469
2024-07-25,154100,182336,192820,코스맥스,-0.015335463258785986
2024-07-26,148700,179431,192820,코스맥스,-0.0350421804023362
2024-07-29,153900,98233,192820,코스맥스,0.0349697377269671
2024-07-30,153900,96004,192820,코스맥스,0.0
2024-07-31,154900,97276,192820,코스맥스,0.006497725795971521
2024-08-01,154000,86478,192820,코스맥스,-0.005810200129115595
2024-08-02,145800,99089,192820,코스맥스,-0.05324675324675321
2024-08-05,129900,304001,192820,코스맥스,-0.10905349794238683
2024-08-06,134300,113115,192820,코스맥스,0.03387220939183977
2024-08-07,127100,304849,192820,코스맥스,-0.053611317944899484
2024-08-08,124300,200586,192820,코스맥스,-0.02202989771833197
2024-08-09,131900,257553,192820,코스맥스,0.06114239742558336
2024-08-12,137800,531373,192820,코스맥스,0.04473085670962851
2024-08-13,117700,689712,192820,코스맥스,-0.14586357039187225
2024-08-14,124300,321519,192820,코스맥스,0.05607476635514019
2024-08-16,125600,265695,192820,코스맥스,0.01045856798069189
2024-08-19,127800,166181,192820,코스맥스,0.01751592356687892
2024-08-20,123800,214014,192820,코스맥스,-0.031298904538341166
2024-08-21,120800,174872,192820,코스맥스,-0.024232633279482996
2024-08-22,123200,225093,192820,코스맥스,0.019867549668874274
2024-08-23,121400,100541,192820,코스맥스,-0.01461038961038963
2024-08-26,119000,120240,192820,코스맥스,-0.01976935749588138
2024-08-27,121300,120553,192820,코스맥스,0.019327731092436906
2024-08-28,122800,139045,192820,코스맥스,0.012366034624897049
2024-08-29,121500,73603,192820,코스맥스,-0.010586319218241047
2024-08-30,121300,169121,192820,코스맥스,-0.0016460905349794386
2024-09-02,120400,183953,192820,코스맥스,-0.007419620774938185
2024-09-03,124500,180149,192820,코스맥스,0.03405315614617943
2024-09-04,120100,145345,192820,코스맥스,-0.03534136546184741
2024-09-05,120300,101714,192820,코스맥스,0.0016652789342215257
2024-09-06,118900,81132,192820,코스맥스,-0.011637572734829571
2024-09-09,126800,171130,192820,코스맥스,0.06644238856181661
2024-09-10,127900,154787,192820,코스맥스,0.008675078864353258
2024-09-11,127400,187782,192820,코스맥스,-0.003909304143862369
2024-09-12,129200,130123,192820,코스맥스,0.014128728414442682
2024-09-13,130500,142241,192820,코스맥스,0.010061919504643857
2024-09-19,128200,131402,192820,코스맥스,-0.017624521072796884
2024-09-20,125500,142326,192820,코스맥스,-0.021060842433697324
2024-09-23,123200,147030,192820,코스맥스,-0.018326693227091684
2024-09-24,122900,111337,192820,코스맥스,-0.0024350649350649567
2024-09-25,130200,627411,192820,코스맥스,0.05939788445890959
2024-09-26,129900,260660,192820,코스맥스,-0.0023041474654378336
2024-09-27,144000,654015,192820,코스맥스,0.10854503464203225
2024-09-30,146000,317389,192820,코스맥스,0.01388888888888884
2024-10-02,146300,341988,192820,코스맥스,0.00205479452054802
2024-10-04,137800,239651,192820,코스맥스,-0.05809979494190021
2024-10-07,140300,129025,192820,코스맥스,0.0181422351233671
2024-10-08,138700,179989,192820,코스맥스,-0.011404133998574428
2024-10-10,142000,160299,192820,코스맥스,0.023792357606344572
2024-10-11,135600,176354,192820,코스맥스,-0.04507042253521132
2024-10-14,134100,122484,192820,코스맥스,-0.011061946902654829
2024-10-15,134200,106889,192820,코스맥스,0.0007457121551082135
2024-10-16,130000,109441,192820,코스맥스,-0.03129657228017879
2024-10-17,136500,217799,192820,코스맥스,0.050000000000000044
2024-10-18,139800,146746,192820,코스맥스,0.02417582417582409
2024-10-21,144300,158588,192820,코스맥스,0.032188841201716833
2024-10-22,144500,138760,192820,코스맥스,0.001386001386001423
2024-10-23,141400,127166,192820,코스맥스,-0.02145328719723183
2024-10-24,143400,45315,192820,코스맥스,0.014144271570014189
2024-10-25,133000,173045,192820,코스맥스,-0.07252440725244069
2024-10-28,138300,78352,192820,코스맥스,0.03984962406015047
2024-10-29,138000,43619,192820,코스맥스,-0.002169197396963085
2024-10-30,147300,172120,192820,코스맥스,0.06739130434782603
2024-10-31,150900,145739,192820,코스맥스,0.024439918533604832
2024-11-01,153200,159270,192820,코스맥스,0.015241882041086896
2024-11-04,155300,132169,192820,코스맥스,0.013707571801566676
2024-11-05,157200,125838,192820,코스맥스,0.012234385061171915
2024-11-06,156000,104699,192820,코스맥스,-0.007633587786259555
2024-11-07,155500,78552,192820,코스맥스,-0.0032051282051281937
2024-11-08,154100,129949,192820,코스맥스,-0.009003215434083556
2024-11-11,139800,252370,192820,코스맥스,-0.09279688513951978
2024-11-12,129300,250472,192820,코스맥스,-0.07510729613733902
2024-11-13,133000,110846,192820,코스맥스,0.028615622583139988
2024-11-14,128700,176818,192820,코스맥스,-0.03233082706766921
2024-11-15,135400,161488,192820,코스맥스,0.052059052059052036
2024-11-18,135900,63513,192820,코스맥스,0.0036927621861151394
2024-11-19,131300,82866,192820,코스맥스,-0.03384841795437821
2024-11-20,129400,55888,192820,코스맥스,-0.0144706778370145
2024-11-21,130300,47778,192820,코스맥스,0.006955177743431129
2024-11-22,132500,64963,192820,코스맥스,0.016884113584036742
2024-11-25,134000,65241,192820,코스맥스,0.01132075471698113
2024-11-26,133100,90768,192820,코스맥스,-0.006716417910447747
2024-11-27,138000,77538,192820,코스맥스,0.03681442524417733
2024-11-28,137000,38437,192820,코스맥스,-0.007246376811594235
2024-11-29,133000,66627,192820,코스맥스,-0.029197080291970767
2024-12-02,129700,65048,192820,코스맥스,-0.024812030075187952
2024-12-03,142500,143646,192820,코스맥스,0.09868928296067847
2024-12-04,141200,91091,192820,코스맥스,-0.009122807017543866
2024-12-05,140900,49215,192820,코스맥스,-0.0021246458923512845
2024-12-06,136400,71729,192820,코스맥스,-0.031937544357700465
2024-12-09,130600,56425,192820,코스맥스,-0.04252199413489732
2024-12-10,149200,228789,192820,코스맥스,0.14241960183767222
2024-12-11,146700,100690,192820,코스맥스,-0.016756032171581725
2024-12-12,152500,95778,192820,코스맥스,0.03953646898432184
2024-12-13,148800,91004,192820,코스맥스,-0.0242622950819672
2024-12-16,148900,82083,192820,코스맥스,0.0006720430107527431
2024-12-17,149000,126939,192820,코스맥스,0.000671591672263272
2024-12-18,149000,28439,192820,코스맥스,0.0
2024-12-19,153100,98619,192820,코스맥스,0.027516778523489993
2024-12-20,150800,55428,192820,코스맥스,-0.015022860875244959
2024-12-23,151700,51575,192820,코스맥스,0.005968169761273234
2024-12-24,151700,68329,192820,코스맥스,0.0
2024-12-26,152000,52644,192820,코스맥스,0.0019775873434411118
2024-12-27,148700,38101,192820,코스맥스,-0.021710526315789513
2024-12-30,149100,37579,192820,코스맥스,0.0026899798251514007
2025-01-02,140100,103701,192820,코스맥스,-0.06036217303822933
2025-01-03,144900,79669,192820,코스맥스,0.03426124197002145
2025-01-06,143400,116190,192820,코스맥스,-0.010351966873705987
2025-01-07,145500,62788,192820,코스맥스,0.014644351464435212
2025-01-08,149000,67095,192820,코스맥스,0.02405498281786933
2025-01-09,150400,79179,192820,코스맥스,0.00939597315436247
2025-01-10,147400,64544,192820,코스맥스,-0.019946808510638347
2025-01-13,154900,177417,192820,코스맥스,0.05088195386702843
2025-01-14,153000,83410,192820,코스맥스,-0.01226597805035512
2025-01-15,151200,93891,192820,코스맥스,-0.0117647058823529
2025-01-16,166800,214978,192820,코스맥스,0.10317460317460325
2025-01-17,167500,87918,192820,코스맥스,0.004196642685851293
2025-01-20,168200,76786,192820,코스맥스,0.00417910447761205
2025-01-21,168200,95424,192820,코스맥스,0.0
2025-01-22,166900,82106,192820,코스맥스,-0.007728894173602896
2025-01-23,167100,68056,192820,코스맥스,0.0011983223487117556
2025-01-24,163800,75515,192820,코스맥스,-0.019748653500897717
2025-01-31,164400,51448,192820,코스맥스,0.00366300366300365
2025-02-03,156900,59041,192820,코스맥스,-0.04562043795620441
2025-02-04,156700,91693,192820,코스맥스,-0.001274697259400881
2025-02-05,154500,152021,192820,코스맥스,-0.01403956604977663
2025-02-06,157100,94670,192820,코스맥스,0.016828478964401317
2025-02-07,155800,83586,192820,코스맥스,-0.008274984086569015
2025-02-10,155800,69892,192820,코스맥스,0.0
2025-02-11,153600,65701,192820,코스맥스,-0.014120667522464658
2025-02-12,150300,85675,192820,코스맥스,-0.021484375
2025-02-13,151800,121739,192820,코스맥스,0.009980039920159722
2025-02-14,152400,77281,192820,코스맥스,0.0039525691699604515
2025-02-17,153200,37911,192820,코스맥스,0.005249343832020914
2025-02-18,157400,83780,192820,코스맥스,0.02741514360313313
2025-02-19,157700,79347,192820,코스맥스,0.001905972045743276
2025-02-20,159300,200780,192820,코스맥스,0.010145846544070913
2025-02-21,161200,105131,192820,코스맥스,0.011927181418706745
2025-02-24,153700,139500,192820,코스맥스,-0.04652605459057069
2025-02-25,166000,405092,192820,코스맥스,0.08002602472348741
2025-02-26,166000,125311,192820,코스맥스,0.0
2025-02-27,171200,159195,192820,코스맥스,0.031325301204819356
2025-02-28,171300,222796,192820,코스맥스,0.0005841121495326895
2025-03-04,166100,117121,192820,코스맥스,-0.030356100408639786
2025-03-05,171300,67352,192820,코스맥스,0.03130644190246845
2025-03-06,184300,222114,192820,코스맥스,0.07589025102159952
2025-03-07,184300,98010,192820,코스맥스,0.0
2025-03-10,172000,161837,192820,코스맥스,-0.06673901247965275
2025-03-11,174500,157133,192820,코스맥스,0.014534883720930258
2025-03-12,178800,120601,192820,코스맥스,0.024641833810888247
2025-03-13,184900,104274,192820,코스맥스,0.03411633109619694
2025-03-14,181400,72189,192820,코스맥스,-0.018929150892374236
2025-03-17,180500,92176,192820,코스맥스,-0.004961411245865466
2025-03-18,181600,77484,192820,코스맥스,0.006094182825484795
2025-03-19,179900,55865,192820,코스맥스,-0.009361233480176256
2025-03-20,180600,68743,192820,코스맥스,0.0038910505836575737
2025-03-21,180500,85410,192820,코스맥스,-0.0005537098560354226
2025-03-24,182500,53074,192820,코스맥스,0.011080332409972193
2025-03-25,178000,48872,192820,코스맥스,-0.024657534246575352
2025-03-26,175600,46240,192820,코스맥스,-0.013483146067415741
2025-03-27,172000,59374,192820,코스맥스,-0.02050113895216399
2025-03-28,172100,39235,192820,코스맥스,0.0005813953488371659
2025-03-31,164400,88702,192820,코스맥스,-0.04474142940151071
2025-04-01,170500,66036,192820,코스맥스,0.03710462287104632
2025-04-02,173100,62775,192820,코스맥스,0.015249266862169986
2025-04-03,169600,68133,192820,코스맥스,-0.02021952628538415
2025-04-04,170400,50552,192820,코스맥스,0.004716981132075526
2025-04-07,162500,73303,192820,코스맥스,-0.04636150234741787
2025-04-08,162300,56892,192820,코스맥스,-0.0012307692307692575
2025-04-09,151400,152930,192820,코스맥스,-0.06715958102279729
2025-04-10,160200,106121,192820,코스맥스,0.05812417437252315
2025-04-11,165000,108217,192820,코스맥스,0.029962546816479474
2025-04-14,164600,87326,192820,코스맥스,-0.00242424242424244
2025-04-15,165700,104130,192820,코스맥스,0.006682867557715744
2025-04-16,168800,73166,192820,코스맥스,0.01870850935425472
2025-04-17,170500,67404,192820,코스맥스,0.01007109004739326
2025-04-18,166900,88353,192820,코스맥스,-0.02111436950146628
2025-04-21,163600,64959,192820,코스맥스,-0.019772318753744744
2025-04-22,163000,37974,192820,코스맥스,-0.003667481662591676
2025-04-23,166100,50243,192820,코스맥스,0.01901840490797535
2025-04-24,169600,63307,192820,코스맥스,0.021071643588199906
2025-04-25,170000,61363,192820,코스맥스,0.002358490566037652
2025-04-28,174700,59641,192820,코스맥스,0.027647058823529358
2025-04-29,175700,73973,192820,코스맥스,0.005724098454493509
2025-04-30,172500,65543,192820,코스맥스,-0.01821286283437673
2025-05-02,174500,57718,192820,코스맥스,0.011594202898550732
2025-05-07,174400,67146,192820,코스맥스,-0.0005730659025787732
2025-05-08,196100,260442,192820,코스맥스,0.12442660550458706
2025-05-09,195500,136798,192820,코스맥스,-0.003059663437021909
2025-05-12,192600,70958,192820,코스맥스,-0.014833759590792805
2025-05-13,192500,35095,192820,코스맥스,-0.0005192107995846129
2025-05-14,214000,202931,192820,코스맥스,0.11168831168831161
2025-05-15,208500,68611,192820,코스맥스,-0.025700934579439227
2025-05-16,210000,58203,192820,코스맥스,0.007194244604316502
2025-05-19,205000,60641,192820,코스맥스,-0.023809523809523836
2025-05-20,204000,77855,192820,코스맥스,-0.004878048780487809
2025-05-21,204500,32273,192820,코스맥스,0.002450980392156854
2025-05-22,206000,87052,192820,코스맥스,0.007334963325183352
2025-05-23,209500,56285,192820,코스맥스,0.016990291262136026
2025-05-26,211000,58346,192820,코스맥스,0.007159904534606243
2025-05-27,207500,45765,192820,코스맥스,-0.016587677725118488
2025-05-28,202500,56827,192820,코스맥스,-0.02409638554216864
2025-05-29,204500,44598,192820,코스맥스,0.009876543209876631
2025-05-30,210000,81796,192820,코스맥스,0.02689486552567244
2025-06-02,216500,111643,192820,코스맥스,0.030952380952380842
2025-06-04,221500,100848,192820,코스맥스,0.023094688221708903
2025-06-05,224500,98640,192820,코스맥스,0.013544018058690765
2025-06-09,226000,91471,192820,코스맥스,0.006681514476614803
2025-06-10,237000,114807,192820,코스맥스,0.04867256637168138
2025-06-11,239500,81923,192820,코스맥스,0.010548523206751037
2025-06-12,242500,74666,192820,코스맥스,0.012526096033402823
2025-06-13,239000,114980,192820,코스맥스,-0.014432989690721598
2025-06-16,256000,120992,192820,코스맥스,0.07112970711297062
2025-06-17,263000,140633,192820,코스맥스,0.02734375
2025-06-18,262000,115205,192820,코스맥스,-0.0038022813688213253
2025-06-19,256500,95362,192820,코스맥스,-0.020992366412213692
2025-06-20,279500,210908,192820,코스맥스,0.08966861598440556
2025-06-23,270000,127523,192820,코스맥스,-0.03398926654740608
2025-06-24,276000,92003,192820,코스맥스,0.022222222222222143
2025-06-25,282000,96164,192820,코스맥스,0.021739130434782705
2025-06-26,273000,140230,192820,코스맥스,-0.03191489361702127
2025-06-27,270500,83544,192820,코스맥스,-0.009157509157509125
2025-06-30,279500,113376,192820,코스맥스,0.03327171903881698
2025-07-01,277000,128916,192820,코스맥스,-0.008944543828264706
2025-07-02,265000,175446,192820,코스맥스,-0.04332129963898912
2025-07-03,264500,128764,192820,코스맥스,-0.0018867924528301883
2025-07-04,246500,162402,192820,코스맥스,-0.06805293005671076
2025-07-07,252000,97509,192820,코스맥스,0.022312373225152227
2025-07-08,258500,123742,192820,코스맥스,0.025793650793650702
2025-07-09,261000,79926,192820,코스맥스,0.009671179883945946
2025-07-10,263000,96531,192820,코스맥스,0.00766283524904221
2025-07-11,245500,167143,192820,코스맥스,-0.06653992395437258
2025-07-14,252500,120698,192820,코스맥스,0.02851323828920571
2025-07-15,259000,84540,192820,코스맥스,0.025742574257425765
2025-07-16,253500,77362,192820,코스맥스,-0.021235521235521193
2025-07-17,256500,55737,192820,코스맥스,0.01183431952662728
2025-07-18,243000,245215,192820,코스맥스,-0.052631578947368474
2025-07-21,240500,117413,192820,코스맥스,-0.010288065843621408
2025-07-22,244000,98172,192820,코스맥스,0.01455301455301461
2025-07-23,241500,39649,192820,코스맥스,-0.010245901639344246
2025-07-24,238500,50681,192820,코스맥스,-0.012422360248447228
2025-07-25,237000,44236,192820,코스맥스,-0.0062893081761006275
2025-07-28,233000,64019,192820,코스맥스,-0.016877637130801704
2025-07-29,237500,68698,192820,코스맥스,0.0193133047210301
2025-07-30,244000,61464,192820,코스맥스,0.027368421052631486
2025-07-31,251500,134327,192820,코스맥스,0.03073770491803285
2025-08-01,238500,85678,192820,코스맥스,-0.05168986083499005
2025-08-04,239500,38262,192820,코스맥스,0.004192872117400492
2025-08-05,253500,114802,192820,코스맥스,0.05845511482254695
2025-08-06,257000,110099,192820,코스맥스,0.013806706114398493
2025-08-07,266000,110397,192820,코스맥스,0.035019455252918386
2025-08-08,260500,156159,192820,코스맥스,-0.020676691729323293
2025-08-11,236500,213566,192820,코스맥스,-0.09213051823416507
2025-08-12,196100,704699,192820,코스맥스,-0.1708245243128964
2025-08-13,191400,324457,192820,코스맥스,-0.023967363590005064
2025-08-14,190100,233501,192820,코스맥스,-0.006792058516196464
2025-08-18,194400,171239,192820,코스맥스,0.022619673855865274
2025-08-19,195100,132428,192820,코스맥스,0.0036008230452675427
2025-08-20,205500,259947,192820,코스맥스,0.0533059969246541
2025-08-21,213500,330570,192820,코스맥스,0.038929440389294356
2025-08-22,213000,133312,192820,코스맥스,-0.0023419203747072626
2025-08-25,216000,94428,192820,코스맥스,0.014084507042253502
2025-08-26,217000,73333,192820,코스맥스,0.004629629629629539
2025-08-27,219000,73944,192820,코스맥스,0.009216589861751112
2025-08-28,219000,52527,192820,코스맥스,0.0
2025-08-29,216500,66425,192820,코스맥스,-0.011415525114155223
2025-09-01,211000,86527,192820,코스맥스,-0.025404157043879882
2025-09-02,207000,151398,192820,코스맥스,-0.018957345971563955
2025-09-03,211000,112140,192820,코스맥스,0.019323671497584627
2025-09-04,215500,71878,192820,코스맥스,0.021327014218009532
2025-09-05,214000,47957,192820,코스맥스,-0.00696055684454755
2025-09-08,212000,42144,192820,코스맥스,-0.009345794392523366
2025-09-09,216500,59359,192820,코스맥스,0.021226415094339535
2025-09-10,215500,55455,192820,코스맥스,-0.004618937644341847
2025-09-11,222500,106779,192820,코스맥스,0.03248259860788871
2025-09-12,219500,79046,192820,코스맥스,-0.013483146067415741
2025-09-15,217000,46378,192820,코스맥스,-0.011389521640091105
2025-09-16,216000,39238,192820,코스맥스,-0.004608294930875556
2025-09-17,222500,110814,192820,코스맥스,0.03009259259259256
2025-09-18,231500,125459,192820,코스맥스,0.04044943820224711
2025-09-19,234500,102539,192820,코스맥스,0.012958963282937441
2025-09-22,243500,157436,192820,코스맥스,0.03837953091684443
2025-09-23,239000,71813,192820,코스맥스,-0.01848049281314168
2025-09-24,235000,70672,192820,코스맥스,-0.01673640167364021
2025-09-25,229500,70900,192820,코스맥스,-0.023404255319148914
2025-09-26,226500,69276,192820,코스맥스,-0.013071895424836555
2025-09-29,228000,55914,192820,코스맥스,0.0066225165562914245
2025-09-30,214500,199528,192820,코스맥스,-0.05921052631578949
2025-10-01,209000,142571,192820,코스맥스,-0.02564102564102566
2025-10-02,212000,133199,192820,코스맥스,0.014354066985645897
2025-10-10,204500,96860,192820,코스맥스,-0.035377358490566
2025-10-13,204000,78014,192820,코스맥스,-0.0024449877750610804
2025-10-14,198700,77875,192820,코스맥스,-0.025980392156862764
2025-10-15,203000,59653,192820,코스맥스,0.02164066431806755
2025-10-16,202000,62172,192820,코스맥스,-0.0049261083743842304
2025-10-17,199400,55247,192820,코스맥스,-0.012871287128712883
2025-10-20,209500,76137,192820,코스맥스,0.05065195586760285
2025-10-21,206500,87714,192820,코스맥스,-0.014319809069212375
2025-10-22,208500,49777,192820,코스맥스,0.009685230024213176
2025-10-23,205500,64228,192820,코스맥스,-0.014388489208633115
2025-10-24,204000,45319,192820,코스맥스,-0.007299270072992692
2025-10-27,205000,73436,192820,코스맥스,0.004901960784313708
2025-10-28,205500,140082,192820,코스맥스,0.0024390243902439046
2025-10-29,204000,62382,192820,코스맥스,-0.007299270072992692
2025-10-30,202000,82366,192820,코스맥스,-0.009803921568627416
2025-10-31,204500,44921,192820,코스맥스,0.012376237623762387
2025-11-03,202000,93416,192820,코스맥스,-0.012224938875305624
2025-11-04,199400,75652,192820,코스맥스,-0.012871287128712883
2025-11-05,195600,79434,192820,코스맥스,-0.01905717151454367
2025-11-06,191600,85698,192820,코스맥스,-0.020449897750511203
2025-11-07,193600,106665,192820,코스맥스,0.010438413361169019
2025-11-10,189500,120630,192820,코스맥스,-0.02117768595041325
2025-11-11,155700,651102,192820,코스맥스,-0.1783641160949868
2025-11-12,158000,213802,192820,코스맥스,0.014771997430957029
2025-11-13,160800,144321,192820,코스맥스,0.017721518987341867
2025-11-14,156200,99824,192820,코스맥스,-0.028606965174129306
2025-11-17,158800,50111,192820,코스맥스,0.016645326504481472
2025-11-18,155800,78597,192820,코스맥스,-0.018891687657430767
2025-11-19,162100,172408,192820,코스맥스,0.04043645699614884
2025-11-20,167700,136354,192820,코스맥스,0.034546576187538536
2025-11-21,174100,236723,192820,코스맥스,0.038163387000596405
2025-11-24,165600,79573,192820,코스맥스,-0.04882251579551977
2025-11-25,161200,57156,192820,코스맥스,-0.02657004830917875
2025-11-26,163100,38652,192820,코스맥스,0.011786600496277888
2025-11-27,161500,74188,192820,코스맥스,-0.009809932556713696
2025-11-28,166000,47654,192820,코스맥스,0.02786377708978338
2025-12-01,163400,46691,192820,코스맥스,-0.015662650602409678
2025-12-02,163000,38763,192820,코스맥스,-0.002447980416156681
2025-12-03,163500,36552,192820,코스맥스,0.0030674846625766694
2025-12-04,163100,47461,192820,코스맥스,-0.0024464831804281717
2025-12-05,165200,53972,192820,코스맥스,0.012875536480686733
2025-12-08,163300,34321,192820,코스맥스,-0.01150121065375298
2025-12-09,164200,44843,192820,코스맥스,0.005511328842620955
2025-12-10,162300,77241,192820,코스맥스,-0.011571254567600442
2025-12-11,162600,79710,192820,코스맥스,0.001848428835489857
2025-12-12,163600,38264,192820,코스맥스,0.006150061500614923
2025-12-15,161600,40907,192820,코스맥스,-0.012224938875305624
2025-12-16,169900,141662,192820,코스맥스,0.05136138613861396
2025-12-17,170500,89680,192820,코스맥스,0.0035314891112419033
2025-12-18,168300,47403,192820,코스맥스,-0.012903225806451646
2025-12-19,168700,50465,192820,코스맥스,0.002376708259061111
2025-12-22,169300,32887,192820,코스맥스,0.003556609365737984
2025-12-23,168100,22192,192820,코스맥스,-0.007088009450679222
2025-12-24,167200,24125,192820,코스맥스,-0.005353955978584124
2025-12-26,162300,51226,192820,코스맥스,-0.029306220095693725
2025-12-29,165700,39343,192820,코스맥스,0.020948860135551417
2025-12-30,163000,62886,192820,코스맥스,-0.016294508147254083
2026-01-02,178000,154699,192820,코스맥스,0.09202453987730053
2026-01-05,173000,139566,192820,코스맥스,-0.028089887640449396
2026-01-06,175800,64835,192820,코스맥스,0.016184971098266
2026-01-07,174500,103352,192820,코스맥스,-0.007394766780432271
2026-01-08,173200,78877,192820,코스맥스,-0.007449856733524385
2026-01-09,174600,103608,192820,코스맥스,0.008083140877598094
2026-01-12,173100,62783,192820,코스맥스,-0.00859106529209619
2026-01-13,172800,50550,192820,코스맥스,-0.0017331022530329143
2026-01-14,179900,139232,192820,코스맥스,0.04108796296296302
2026-01-15,181600,87728,192820,코스맥스,0.009449694274596965
2026-01-16,187300,138069,192820,코스맥스,0.03138766519823788
2026-01-19,184100,103261,192820,코스맥스,-0.017084890549919907
2026-01-20,184300,55087,192820,코스맥스,0.0010863661053774898
2026-01-21,184200,93547,192820,코스맥스,-0.0005425935973955021
2026-01-22,193000,184730,192820,코스맥스,0.04777415852334421
2026-01-23,193800,80012,192820,코스맥스,0.004145077720207224
2026-01-26,189900,70718,192820,코스맥스,-0.020123839009287936
2026-01-27,189400,61879,192820,코스맥스,-0.00263296471827279
2026-01-28,195000,91208,192820,코스맥스,0.029567053854276715
2026-01-29,198700,108057,192820,코스맥스,0.01897435897435895
2026-01-30,202500,150037,192820,코스맥스,0.019124308002013146
2026-02-02,189400,88233,192820,코스맥스,-0.06469135802469139
2026-02-03,194900,72383,192820,코스맥스,0.029039070749736107
2026-02-04,191900,57104,192820,코스맥스,-0.015392508978963604
2026-02-05,196800,121572,192820,코스맥스,0.025534132360604422
2026-02-06,198200,107532,192820,코스맥스,0.007113821138211351
2026-02-09,207500,104788,192820,코스맥스,0.04692230070635728
2026-02-10,207500,52893,192820,코스맥스,0.0
2026-02-11,203000,34831,192820,코스맥스,-0.02168674698795181
2026-02-12,209000,77683,192820,코스맥스,0.029556650246305383
2026-02-13,203000,48517,192820,코스맥스,-0.028708133971291905
2026-02-19,200000,84915,192820,코스맥스,-0.014778325123152691
2026-02-20,194800,103088,192820,코스맥스,-0.026000000000000023
2026-02-23,189900,109406,192820,코스맥스,-0.02515400410677615
2026-02-24,196200,183306,192820,코스맥스,0.033175355450236976
2026-02-25,192900,97792,192820,코스맥스,-0.016819571865443472
2026-02-26,189000,161767,192820,코스맥스,-0.02021772939346811
2026-02-27,190000,100488,192820,코스맥스,0.005291005291005346
2026-03-03,177100,94647,192820,코스맥스,-0.06789473684210523
2026-03-04,160700,127848,192820,코스맥스,-0.09260304912478823
2026-03-05,167100,105429,192820,코스맥스,0.03982576228998136
2026-03-06,168900,58646,192820,코스맥스,0.010771992818671361
2026-03-09,164000,50957,192820,코스맥스,-0.02901124925991716
2026-03-10,172000,44242,192820,코스맥스,0.04878048780487809
2026-03-11,170500,48028,192820,코스맥스,-0.008720930232558155
2026-03-12,174300,67876,192820,코스맥스,0.02228739002932545
2026-03-13,177200,67175,192820,코스맥스,0.01663798049340226
2026-03-16,170700,45991,192820,코스맥스,-0.03668171557562072
2026-03-17,175700,33111,192820,코스맥스,0.029291154071470427
2026-03-18,175900,46259,192820,코스맥스,0.0011383039271486428
2026-03-19,179200,41929,192820,코스맥스,0.018760659465605567
2026-03-20,196100,304911,192820,코스맥스,0.09430803571428581
2026-03-23,198000,187818,192820,코스맥스,0.009688934217236156
2026-03-24,193500,84641,192820,코스맥스,-0.022727272727272707
2026-03-25,196300,73486,192820,코스맥스,0.014470284237726005
2026-03-26,188800,50346,192820,코스맥스,-0.03820682628629646
2026-03-27,205000,146270,192820,코스맥스,0.08580508474576276
2026-03-30,192100,83968,192820,코스맥스,-0.06292682926829263
2026-03-31,196500,152539,192820,코스맥스,0.022904737116085316
2026-04-01,200000,94505,192820,코스맥스,0.01781170483460559
2026-04-02,194500,97867,192820,코스맥스,-0.02749999999999997
2026-04-03,189300,69187,192820,코스맥스,-0.026735218508997405
2026-04-06,186500,77488,192820,코스맥스,-0.014791336502905428
2026-04-07,180100,61456,192820,코스맥스,-0.03431635388739951
2026-04-08,185400,99873,192820,코스맥스,0.029428095502498586
2026-04-09,185800,117725,192820,코스맥스,0.0021574973031284195
2026-04-10,186700,95459,192820,코스맥스,0.004843918191603791
2026-04-13,199100,146590,192820,코스맥스,0.06641671130155324
2026-04-14,196900,70068,192820,코스맥스,-0.011049723756906049
2026-04-15,198000,87472,192820,코스맥스,0.005586592178770999
2026-04-16,203500,90177,192820,코스맥스,0.02777777777777768
2026-04-17,213500,117472,192820,코스맥스,0.0491400491400491
2026-04-20,210500,44662,192820,코스맥스,-0.014051522248243575
2026-04-21,214000,77510,192820,코스맥스,0.016627078384798155
2026-04-22,217500,69710,192820,코스맥스,0.016355140186915973
2026-04-23,218500,84108,192820,코스맥스,0.0045977011494253706
2026-04-24,227000,115728,192820,코스맥스,0.0389016018306636
2026-04-27,225500,59960,192820,코스맥스,-0.0066079295154185536
2026-04-28,221000,49659,192820,코스맥스,-0.019955654101995512
2026-04-29,222000,55993,192820,코스맥스,0.004524886877828038
2026-04-30,210500,86004,192820,코스맥스,-0.05180180180180183
2026-05-04,209000,75378,192820,코스맥스,-0.0071258907363420665
2026-05-06,209000,89205,192820,코스맥스,0.0
2026-05-07,208000,56023,192820,코스맥스,-0.004784688995215336
2026-05-08,210000,99898,192820,코스맥스,0.009615384615384581
2026-05-11,213000,119077,192820,코스맥스,0.014285714285714235
2026-05-12,219500,164220,192820,코스맥스,0.030516431924882736
2026-05-13,187100,308536,192820,코스맥스,-0.14760820045558087
2026-05-14,193900,146231,192820,코스맥스,0.036344200962052486
2026-05-15,185700,95944,192820,코스맥스,-0.042289840123775124
2026-05-18,180400,65975,192820,코스맥스,-0.02854065697361341
2026-05-19,177000,67501,192820,코스맥스,-0.018847006651884657
2026-05-20,173000,57172,192820,코스맥스,-0.02259887005649719
2026-05-21,176500,72017,192820,코스맥스,0.020231213872832443
2026-05-22,183000,55879,192820,코스맥스,0.03682719546742219
2026-05-26,181400,42688,192820,코스맥스,-0.008743169398907069
2026-05-27,176200,62807,192820,코스맥스,-0.02866593164277842
2026-05-28,175100,47676,192820,코스맥스,-0.006242905788876318
2026-05-29,173700,76004,192820,코스맥스,-0.0079954311821816
2026-06-01,172000,130507,192820,코스맥스,-0.00978698906160047
2026-06-02,170000,71882,192820,코스맥스,-0.011627906976744207
2026-06-04,170300,85636,192820,코스맥스,0.0017647058823528905
2026-06-05,165900,58948,192820,코스맥스,-0.025836758661186177
2026-06-08,158500,49610,192820,코스맥스,-0.04460518384569012
2026-06-09,165800,62497,192820,코스맥스,0.04605678233438493
2026-06-10,164100,58307,192820,코스맥스,-0.010253317249698468
2026-06-11,165900,73323,192820,코스맥스,0.010968921389396646
2026-06-12,168600,71464,192820,코스맥스,0.016274864376130127
2026-06-15,168700,75833,192820,코스맥스,0.0005931198102016033
2026-06-16,167000,61330,192820,코스맥스,-0.010077059869590954
2026-06-17,168900,58113,192820,코스맥스,0.011377245508982003
2026-06-18,165600,57453,192820,코스맥스,-0.019538188277087087
2026-06-19,159200,144579,192820,코스맥스,-0.03864734299516903
2026-06-22,156000,50515,192820,코스맥스,-0.02010050251256279
2026-06-23,152500,112402,192820,코스맥스,-0.022435897435897467
2026-06-24,151700,53736,192820,코스맥스,-0.0052459016393442415
2026-06-25,148100,60031,192820,코스맥스,-0.02373104812129201
2026-06-26,144900,78603,192820,코스맥스,-0.02160702228224176
2026-06-29,159100,74141,192820,코스맥스,0.09799861973775026
2026-06-30,154900,71374,192820,코스맥스,-0.026398491514770583
2026-07-01,165300,76763,192820,코스맥스,0.06714009038089097
2026-07-02,167300,123088,192820,코스맥스,0.012099213551119092
2026-07-03,168300,73003,192820,코스맥스,0.00597728631201444
2026-07-06,178000,115004,192820,코스맥스,0.05763517528223416
2026-07-07,183000,124131,192820,코스맥스,0.028089887640449396
2026-07-08,179600,111191,192820,코스맥스,-0.01857923497267755
2026-07-09,173500,95214,192820,코스맥스,-0.03396436525612467
2026-07-10,172700,150381,192820,코스맥스,-0.004610951008645503
2026-07-13,184300,115401,192820,코스맥스,0.06716850028951948
2026-07-14,174800,80224,192820,코스맥스,-0.05154639175257736
2026-07-15,179800,88595,192820,코스맥스,0.028604118993134975
2026-07-16,181100,56229,192820,코스맥스,0.007230255839822064
2026-07-20,173600,44147,192820,코스맥스,-0.04141358365543901
2026-07-21,172200,46441,192820,코스맥스,-0.008064516129032251
2026-07-22,169200,48248,192820,코스맥스,-0.017421602787456414
2026-07-23,177000,59127,192820,코스맥스,0.046099290780141855
2026-07-24,178400,56011,192820,코스맥스,0.00790960451977396
2026-07-27,192500,140295,192820,코스맥스,0.07903587443946192
2026-07-28,184600,81186,192820,코스맥스,-0.041038961038960986
2026-07-29,184700,136847,192820,코스맥스,0.0005417118093173912
2026-07-30,185900,106402,192820,코스맥스,0.006497022198159286
2026-07-31,184700,155770,192820,코스맥스,-0.0064550833781602535
2026-08-03,185500,57032,192820,코스맥스,0.0043313481321061165
2026-08-04,195200,109802,192820,코스맥스,0.05229110512129376
2026-08-05,195000,106704,192820,코스맥스,-0.0010245901639344135
2026-08-06,202000,100465,192820,코스맥스,0.03589743589743599
2026-08-07,205500,66738,192820,코스맥스,0.017326732673267342
2026-08-10,203500,66417,192820,코스맥스,-0.009732360097323589
2026-08-11,210000,133907,192820,코스맥스,0.03194103194103204
2026-08-12,249500,604965,192820,코스맥스,0.1880952380952381
2026-08-13,249000,266194,192820,코스맥스,-0.002004008016032066
2026-08-14,247500,148572,192820,코스맥스,-0.0060240963855421326
2026-08-18,239000,172416,192820,코스맥스,-0.03434343434343434
2026-08-19,246000,128017,192820,코스맥스,0.029288702928870203
2026-08-20,260500,163728,192820,코스맥스,0.05894308943089421
2026-08-21,266500,98716,192820,코스맥스,0.02303262955854124
2021-06-01,16150,134402,241710,코스메카코리아,
2021-06-02,17550,466853,241710,코스메카코리아,0.08668730650154788
2021-06-03,18450,1084639,241710,코스메카코리아,0.05128205128205132
2021-06-04,18150,221363,241710,코스메카코리아,-0.016260162601625994
2021-06-07,17700,233848,241710,코스메카코리아,-0.024793388429752095
2021-06-08,18000,146873,241710,코스메카코리아,0.016949152542372836
2021-06-09,19000,543742,241710,코스메카코리아,0.05555555555555558
2021-06-10,18800,236012,241710,코스메카코리아,-0.010526315789473717
2021-06-11,18450,187400,241710,코스메카코리아,-0.018617021276595702
2021-06-14,18550,303567,241710,코스메카코리아,0.005420054200542035
2021-06-15,18550,134874,241710,코스메카코리아,0.0
2021-06-16,18850,164215,241710,코스메카코리아,0.016172506738544534
2021-06-17,18900,84591,241710,코스메카코리아,0.0026525198938991412
2021-06-18,18700,153045,241710,코스메카코리아,-0.010582010582010581
2021-06-21,18000,179107,241710,코스메카코리아,-0.03743315508021394
2021-06-22,18100,145786,241710,코스메카코리아,0.005555555555555536
2021-06-23,17950,76005,241710,코스메카코리아,-0.008287292817679592
2021-06-24,17300,100625,241710,코스메카코리아,-0.03621169916434541
2021-06-25,17500,74882,241710,코스메카코리아,0.011560693641618602
2021-06-28,17600,52123,241710,코스메카코리아,0.005714285714285783
2021-06-29,17550,47110,241710,코스메카코리아,-0.0028409090909090606
2021-06-30,17900,91365,241710,코스메카코리아,0.019943019943019946
2021-07-01,17750,47450,241710,코스메카코리아,-0.008379888268156388
2021-07-02,17550,93208,241710,코스메카코리아,-0.011267605633802802
2021-07-05,17700,70670,241710,코스메카코리아,0.008547008547008517
2021-07-06,18000,126059,241710,코스메카코리아,0.016949152542372836
2021-07-07,17500,81501,241710,코스메카코리아,-0.02777777777777779
2021-07-08,16800,125730,241710,코스메카코리아,-0.040000000000000036
2021-07-09,16500,102598,241710,코스메카코리아,-0.017857142857142905
2021-07-12,16800,41084,241710,코스메카코리아,0.018181818181818077
2021-07-13,17250,60492,241710,코스메카코리아,0.02678571428571419
2021-07-14,17000,58559,241710,코스메카코리아,-0.01449275362318836
2021-07-15,16700,64104,241710,코스메카코리아,-0.01764705882352946
2021-07-16,16750,141451,241710,코스메카코리아,0.0029940119760478723
2021-07-19,16500,54514,241710,코스메카코리아,-0.014925373134328401
2021-07-20,16400,54874,241710,코스메카코리아,-0.0060606060606061
2021-07-21,16150,64696,241710,코스메카코리아,-0.015243902439024404
2021-07-22,16450,48648,241710,코스메카코리아,0.018575851393188847
2021-07-23,16550,46961,241710,코스메카코리아,0.006079027355623046
2021-07-26,15850,144725,241710,코스메카코리아,-0.04229607250755285
2021-07-27,16100,59979,241710,코스메카코리아,0.01577287066246047
2021-07-28,16100,36544,241710,코스메카코리아,0.0
2021-07-29,16400,30652,241710,코스메카코리아,0.01863354037267073
2021-07-30,16200,34657,241710,코스메카코리아,-0.012195121951219523
2021-08-02,15650,67132,241710,코스메카코리아,-0.03395061728395066
2021-08-03,15900,25548,241710,코스메카코리아,0.015974440894568787
2021-08-04,16000,37467,241710,코스메카코리아,0.0062893081761006275
2021-08-05,16000,26524,241710,코스메카코리아,0.0
2021-08-06,15750,43101,241710,코스메카코리아,-0.015625
2021-08-09,15850,29836,241710,코스메카코리아,0.006349206349206327
2021-08-10,15550,31779,241710,코스메카코리아,-0.018927444794952675
2021-08-11,15600,26455,241710,코스메카코리아,0.003215434083601254
2021-08-12,15600,33292,241710,코스메카코리아,0.0
2021-08-13,15400,61701,241710,코스메카코리아,-0.012820512820512775
2021-08-17,16000,136791,241710,코스메카코리아,0.03896103896103886
2021-08-18,16100,63002,241710,코스메카코리아,0.006250000000000089
2021-08-19,15350,64587,241710,코스메카코리아,-0.04658385093167705
2021-08-20,14700,103776,241710,코스메카코리아,-0.04234527687296419
2021-08-23,15050,28490,241710,코스메카코리아,0.023809523809523725
2021-08-24,15650,67716,241710,코스메카코리아,0.039867109634551534
2021-08-25,15800,45015,241710,코스메카코리아,0.009584664536741228
2021-08-26,15900,54209,241710,코스메카코리아,0.006329113924050667
2021-08-27,16000,33593,241710,코스메카코리아,0.0062893081761006275
2021-08-30,15950,36941,241710,코스메카코리아,-0.0031250000000000444
2021-08-31,16000,25391,241710,코스메카코리아,0.0031347962382444194
2021-09-01,15900,21399,241710,코스메카코리아,-0.006249999999999978
2021-09-02,16050,35247,241710,코스메카코리아,0.009433962264151052
2021-09-03,16100,42653,241710,코스메카코리아,0.0031152647975076775
2021-09-06,16200,26614,241710,코스메카코리아,0.006211180124223503
2021-09-07,17200,345011,241710,코스메카코리아,0.06172839506172845
2021-09-08,17150,154059,241710,코스메카코리아,-0.0029069767441860517
2021-09-09,16900,86258,241710,코스메카코리아,-0.014577259475218707
2021-09-10,16850,98680,241710,코스메카코리아,-0.00295857988165682
2021-09-13,16750,81325,241710,코스메카코리아,-0.005934718100890191
2021-09-14,16600,50598,241710,코스메카코리아,-0.008955223880596996
2021-09-15,16300,50143,241710,코스메카코리아,-0.01807228915662651
2021-09-16,16250,25696,241710,코스메카코리아,-0.0030674846625766694
2021-09-17,16100,34050,241710,코스메카코리아,-0.009230769230769265
2021-09-23,15850,30923,241710,코스메카코리아,-0.01552795031055898
2021-09-24,15700,49081,241710,코스메카코리아,-0.009463722397476393
2021-09-27,15700,47276,241710,코스메카코리아,0.0
2021-09-28,15250,56261,241710,코스메카코리아,-0.0286624203821656
2021-09-29,15000,101361,241710,코스메카코리아,-0.016393442622950838
2021-09-30,15050,23946,241710,코스메카코리아,0.0033333333333334103
2021-10-01,14600,40761,241710,코스메카코리아,-0.029900332225913595
2021-10-05,14850,68272,241710,코스메카코리아,0.017123287671232834
2021-10-06,14300,76039,241710,코스메카코리아,-0.03703703703703709
2021-10-07,14750,39908,241710,코스메카코리아,0.03146853146853146
2021-10-08,14900,33099,241710,코스메카코리아,0.01016949152542379
2021-10-12,14700,42223,241710,코스메카코리아,-0.01342281879194629
2021-10-13,14800,22861,241710,코스메카코리아,0.006802721088435382
2021-10-14,15000,42346,241710,코스메카코리아,0.013513513513513598
2021-10-15,15450,53463,241710,코스메카코리아,0.030000000000000027
2021-10-18,15300,45803,241710,코스메카코리아,-0.009708737864077666
2021-10-19,15250,37981,241710,코스메카코리아,-0.0032679738562091387
2021-10-20,15350,27795,241710,코스메카코리아,0.006557377049180246
2021-10-21,15150,25108,241710,코스메카코리아,-0.013029315960912058
2021-10-22,15200,23492,241710,코스메카코리아,0.0033003300330032292
2021-10-25,15900,65811,241710,코스메카코리아,0.046052631578947345
2021-10-26,15950,32969,241710,코스메카코리아,0.003144654088050425
2021-10-27,15650,28345,241710,코스메카코리아,-0.018808777429467072
2021-10-28,15400,32227,241710,코스메카코리아,-0.015974440894568676
2021-10-29,14900,38440,241710,코스메카코리아,-0.03246753246753242
2021-11-01,15000,51837,241710,코스메카코리아,0.006711409395973256
2021-11-02,15500,35433,241710,코스메카코리아,0.03333333333333344
2021-11-03,15150,22297,241710,코스메카코리아,-0.022580645161290325
2021-11-04,15000,23659,241710,코스메카코리아,-0.00990099009900991
2021-11-05,15200,65693,241710,코스메카코리아,0.01333333333333342
2021-11-08,15150,25801,241710,코스메카코리아,-0.003289473684210509
2021-11-09,14900,48262,241710,코스메카코리아,-0.01650165016501648
2021-11-10,14600,35647,241710,코스메카코리아,-0.020134228187919434
2021-11-11,14500,37185,241710,코스메카코리아,-0.006849315068493178
2021-11-12,14450,57241,241710,코스메카코리아,-0.0034482758620689724
2021-11-15,14250,117257,241710,코스메카코리아,-0.01384083044982698
2021-11-16,14050,42277,241710,코스메카코리아,-0.01403508771929829
2021-11-17,13800,44726,241710,코스메카코리아,-0.017793594306049876
2021-11-18,13800,35882,241710,코스메카코리아,0.0
2021-11-19,13950,31207,241710,코스메카코리아,0.010869565217391353
2021-11-22,13500,86387,241710,코스메카코리아,-0.032258064516129004
2021-11-23,14250,165165,241710,코스메카코리아,0.05555555555555558
2021-11-24,14000,35449,241710,코스메카코리아,-0.01754385964912286
2021-11-25,13700,28167,241710,코스메카코리아,-0.021428571428571463
2021-11-26,13300,47567,241710,코스메카코리아,-0.029197080291970767
2021-11-29,12450,89107,241710,코스메카코리아,-0.06390977443609025
2021-11-30,12150,68705,241710,코스메카코리아,-0.02409638554216864
2021-12-01,12550,32398,241710,코스메카코리아,0.03292181069958855
2021-12-02,12800,33158,241710,코스메카코리아,0.019920318725099584
2021-12-03,13050,24667,241710,코스메카코리아,0.01953125
2021-12-06,12950,67298,241710,코스메카코리아,-0.007662835249042099
2021-12-07,13550,51558,241710,코스메카코리아,0.04633204633204624
2021-12-08,13400,28776,241710,코스메카코리아,-0.011070110701106972
2021-12-09,13500,25409,241710,코스메카코리아,0.00746268656716409
2021-12-10,12800,162584,241710,코스메카코리아,-0.051851851851851816
2021-12-13,12450,232711,241710,코스메카코리아,-0.02734375
2021-12-14,12500,34652,241710,코스메카코리아,0.004016064257028162
2021-12-15,12750,43577,241710,코스메카코리아,0.020000000000000018
2021-12-16,12850,42852,241710,코스메카코리아,0.007843137254901933
2021-12-17,12750,26772,241710,코스메카코리아,-0.0077821011673151474
2021-12-20,12500,30136,241710,코스메카코리아,-0.019607843137254943
2021-12-21,12500,18897,241710,코스메카코리아,0.0
2021-12-22,12600,23599,241710,코스메카코리아,0.008000000000000007
2021-12-23,12650,27286,241710,코스메카코리아,0.003968253968253954
2021-12-24,12650,16446,241710,코스메카코리아,0.0
2021-12-27,12750,32001,241710,코스메카코리아,0.007905138339920903
2021-12-28,12800,16237,241710,코스메카코리아,0.0039215686274509665
2021-12-29,12800,17891,241710,코스메카코리아,0.0
2021-12-30,12950,18251,241710,코스메카코리아,0.01171875
2022-01-03,12950,19769,241710,코스메카코리아,0.0
2022-01-04,13000,34499,241710,코스메카코리아,0.0038610038610038533
2022-01-05,12800,39622,241710,코스메카코리아,-0.01538461538461533
2022-01-06,13250,214378,241710,코스메카코리아,0.03515625
2022-01-07,13200,70220,241710,코스메카코리아,-0.0037735849056603765
2022-01-10,12900,75975,241710,코스메카코리아,-0.022727272727272707
2022-01-11,12800,30295,241710,코스메카코리아,-0.007751937984496138
2022-01-12,12900,35948,241710,코스메카코리아,0.0078125
2022-01-13,13200,99469,241710,코스메카코리아,0.023255813953488413
2022-01-14,13600,109247,241710,코스메카코리아,0.030303030303030276
2022-01-17,13200,67084,241710,코스메카코리아,-0.02941176470588236
2022-01-18,13300,323124,241710,코스메카코리아,0.007575757575757569
2022-01-19,12900,56379,241710,코스메카코리아,-0.03007518796992481
2022-01-20,13650,109481,241710,코스메카코리아,0.058139534883721034
2022-01-21,13650,280476,241710,코스메카코리아,0.0
2022-01-24,13150,79225,241710,코스메카코리아,-0.03663003663003661
2022-01-25,12500,84659,241710,코스메카코리아,-0.049429657794676785
2022-01-26,12400,33866,241710,코스메카코리아,-0.008000000000000007
2022-01-27,12450,48140,241710,코스메카코리아,0.0040322580645162365
2022-01-28,12850,33212,241710,코스메카코리아,0.032128514056224855
2022-02-03,13300,54031,241710,코스메카코리아,0.035019455252918386
2022-02-04,13900,54266,241710,코스메카코리아,0.04511278195488733
2022-02-07,14000,54125,241710,코스메카코리아,0.007194244604316502
2022-02-08,14300,79062,241710,코스메카코리아,0.021428571428571352
2022-02-09,14500,72370,241710,코스메카코리아,0.013986013986013957
2022-02-10,14750,108129,241710,코스메카코리아,0.01724137931034475
2022-02-11,14350,49217,241710,코스메카코리아,-0.027118644067796627
2022-02-14,14150,35185,241710,코스메카코리아,-0.013937282229965153
2022-02-15,14600,106213,241710,코스메카코리아,0.03180212014134276
2022-02-16,14800,61113,241710,코스메카코리아,0.013698630136986356
2022-02-17,15250,442764,241710,코스메카코리아,0.030405405405405483
2022-02-18,15450,104337,241710,코스메카코리아,0.013114754098360715
2022-02-21,15850,158146,241710,코스메카코리아,0.025889967637540368
2022-02-22,16200,274790,241710,코스메카코리아,0.02208201892744488
2022-02-23,15800,186916,241710,코스메카코리아,-0.024691358024691357
2022-02-24,15500,158645,241710,코스메카코리아,-0.01898734177215189
2022-02-25,15550,150922,241710,코스메카코리아,0.003225806451612856
2022-02-28,15450,95307,241710,코스메카코리아,-0.006430868167202619
2022-03-02,15450,89754,241710,코스메카코리아,0.0
2022-03-03,15450,73976,241710,코스메카코리아,0.0
2022-03-04,15200,52074,241710,코스메카코리아,-0.016181229773462813
2022-03-07,14750,62105,241710,코스메카코리아,-0.02960526315789469
2022-03-08,14450,43945,241710,코스메카코리아,-0.02033898305084747
2022-03-10,14750,25886,241710,코스메카코리아,0.02076124567474058
2022-03-11,15050,46527,241710,코스메카코리아,0.02033898305084736
2022-03-14,13500,376171,241710,코스메카코리아,-0.10299003322259137
2022-03-15,13750,103212,241710,코스메카코리아,0.0185185185185186
2022-03-16,14050,50755,241710,코스메카코리아,0.021818181818181737
2022-03-17,14050,63598,241710,코스메카코리아,0.0
2022-03-18,14450,61979,241710,코스메카코리아,0.028469750889679624
2022-03-21,14550,38450,241710,코스메카코리아,0.006920415224913601
2022-03-22,14650,21286,241710,코스메카코리아,0.0068728522336769515
2022-03-23,14400,32135,241710,코스메카코리아,-0.017064846416382284
2022-03-24,14200,22353,241710,코스메카코리아,-0.01388888888888884
2022-03-25,14600,57985,241710,코스메카코리아,0.028169014084507005
2022-03-28,14050,95995,241710,코스메카코리아,-0.03767123287671237
2022-03-29,14250,54652,241710,코스메카코리아,0.014234875444839812
2022-03-30,14400,42904,241710,코스메카코리아,0.010526315789473717
2022-03-31,14750,88344,241710,코스메카코리아,0.02430555555555558
2022-04-01,15500,391317,241710,코스메카코리아,0.05084745762711873
2022-04-04,15300,101516,241710,코스메카코리아,-0.012903225806451646
2022-04-05,15300,51782,241710,코스메카코리아,0.0
2022-04-06,14850,67309,241710,코스메카코리아,-0.02941176470588236
2022-04-07,14450,49275,241710,코스메카코리아,-0.026936026936026924
2022-04-08,14500,32216,241710,코스메카코리아,0.0034602076124568004
2022-04-11,15200,104382,241710,코스메카코리아,0.048275862068965614
2022-04-12,15000,46420,241710,코스메카코리아,-0.013157894736842146
2022-04-13,15100,35371,241710,코스메카코리아,0.006666666666666599
2022-04-14,15400,336615,241710,코스메카코리아,0.019867549668874274
2022-04-15,15250,77543,241710,코스메카코리아,-0.009740259740259716
2022-04-18,15950,244554,241710,코스메카코리아,0.04590163934426239
2022-04-19,15850,68884,241710,코스메카코리아,-0.006269592476489061
2022-04-20,15850,62442,241710,코스메카코리아,0.0
2022-04-21,15700,38602,241710,코스메카코리아,-0.009463722397476393
2022-04-22,16050,55341,241710,코스메카코리아,0.022292993630573354
2022-04-25,15300,68008,241710,코스메카코리아,-0.04672897196261683
2022-04-26,15450,23766,241710,코스메카코리아,0.009803921568627416
2022-04-27,15300,60508,241710,코스메카코리아,-0.009708737864077666
2022-04-28,15650,83080,241710,코스메카코리아,0.02287581699346397
2022-04-29,15550,247665,241710,코스메카코리아,-0.006389776357827448
2022-05-02,15300,60902,241710,코스메카코리아,-0.01607717041800638
2022-05-03,14950,45587,241710,코스메카코리아,-0.022875816993464082
2022-05-04,14750,54131,241710,코스메카코리아,-0.013377926421404673
2022-05-06,14450,43879,241710,코스메카코리아,-0.02033898305084747
2022-05-09,13650,116061,241710,코스메카코리아,-0.05536332179930792
2022-05-10,13450,61976,241710,코스메카코리아,-0.0146520146520146
2022-05-11,13500,22613,241710,코스메카코리아,0.0037174721189590088
2022-05-12,12900,41876,241710,코스메카코리아,-0.0444444444444444
2022-05-13,13000,38758,241710,코스메카코리아,0.007751937984496138
2022-05-16,13050,28522,241710,코스메카코리아,0.0038461538461538325
2022-05-17,13300,160321,241710,코스메카코리아,0.019157088122605304
2022-05-18,13000,49226,241710,코스메카코리아,-0.022556390977443663
2022-05-19,12850,28043,241710,코스메카코리아,-0.011538461538461497
2022-05-20,12950,18044,241710,코스메카코리아,0.0077821011673151474
2022-05-23,13100,14498,241710,코스메카코리아,0.01158301158301156
2022-05-24,12900,18201,241710,코스메카코리아,-0.01526717557251911
2022-05-25,12950,9743,241710,코스메카코리아,0.003875968992248069
2022-05-26,12750,17823,241710,코스메카코리아,-0.015444015444015413
2022-05-27,12900,10189,241710,코스메카코리아,0.0117647058823529
2022-05-30,13200,22952,241710,코스메카코리아,0.023255813953488413
2022-05-31,13300,23961,241710,코스메카코리아,0.007575757575757569
2022-06-02,13100,11819,241710,코스메카코리아,-0.015037593984962405
2022-06-03,13200,7834,241710,코스메카코리아,0.007633587786259444
2022-06-07,13000,13183,241710,코스메카코리아,-0.015151515151515138
2022-06-08,12900,10524,241710,코스메카코리아,-0.007692307692307665
2022-06-09,12850,17011,241710,코스메카코리아,-0.003875968992248069
2022-06-10,12550,25337,241710,코스메카코리아,-0.023346303501945553
2022-06-13,11750,51040,241710,코스메카코리아,-0.06374501992031878
2022-06-14,11700,37566,241710,코스메카코리아,-0.004255319148936176
2022-06-15,11200,45341,241710,코스메카코리아,-0.042735042735042694
2022-06-16,11100,33587,241710,코스메카코리아,-0.008928571428571397
2022-06-17,10900,30104,241710,코스메카코리아,-0.018018018018018056
2022-06-20,10200,40775,241710,코스메카코리아,-0.06422018348623848
2022-06-21,10300,20282,241710,코스메카코리아,0.009803921568627416
2022-06-22,9710,30763,241710,코스메카코리아,-0.057281553398058294
2022-06-23,9000,74801,241710,코스메카코리아,-0.07312049433573631
2022-06-24,9550,27973,241710,코스메카코리아,0.061111111111111116
2022-06-27,9790,21591,241710,코스메카코리아,0.025130890052355914
2022-06-28,9830,14516,241710,코스메카코리아,0.004085801838610736
2022-06-29,10150,21371,241710,코스메카코리아,0.03255340793489325
2022-06-30,9710,20229,241710,코스메카코리아,-0.04334975369458127
2022-07-01,9410,55961,241710,코스메카코리아,-0.030895983522142068
2022-07-04,9330,28630,241710,코스메카코리아,-0.008501594048884176
2022-07-05,9570,11099,241710,코스메카코리아,0.025723472668810254
2022-07-06,9700,13813,241710,코스메카코리아,0.013584117032392928
2022-07-07,9830,12128,241710,코스메카코리아,0.013402061855670055
2022-07-08,9730,13286,241710,코스메카코리아,-0.010172939979654072
2022-07-11,9420,19211,241710,코스메카코리아,-0.031860226104830414
2022-07-12,9220,16474,241710,코스메카코리아,-0.02123142250530785
2022-07-13,9170,19153,241710,코스메카코리아,-0.005422993492407824
2022-07-14,9710,35535,241710,코스메카코리아,0.0588876772082878
2022-07-15,9680,10455,241710,코스메카코리아,-0.003089598352214229
2022-07-18,9950,38193,241710,코스메카코리아,0.02789256198347112
2022-07-19,9930,11460,241710,코스메카코리아,-0.0020100502512563345
2022-07-20,9990,20617,241710,코스메카코리아,0.0060422960725075026
2022-07-21,9990,10860,241710,코스메카코리아,0.0
2022-07-22,9960,10683,241710,코스메카코리아,-0.0030030030030030463
2022-07-25,9980,14027,241710,코스메카코리아,0.002008032128514081
2022-07-26,9800,12457,241710,코스메카코리아,-0.018036072144288595
2022-07-27,9860,9175,241710,코스메카코리아,0.00612244897959191
2022-07-28,9840,16393,241710,코스메카코리아,-0.0020283975659228792
2022-07-29,9840,37702,241710,코스메카코리아,0.0
2022-08-01,9820,9504,241710,코스메카코리아,-0.002032520325203291
2022-08-02,9700,15332,241710,코스메카코리아,-0.012219959266802416
2022-08-03,9730,16586,241710,코스메카코리아,0.003092783505154628
2022-08-04,9860,19467,241710,코스메카코리아,0.013360739979445091
2022-08-05,9950,17716,241710,코스메카코리아,0.009127789046653234
2022-08-08,9900,13654,241710,코스메카코리아,-0.005025125628140725
2022-08-09,9820,14654,241710,코스메카코리아,-0.008080808080808133
2022-08-10,9680,20563,241710,코스메카코리아,-0.014256619144602856
2022-08-11,9720,12953,241710,코스메카코리아,0.004132231404958775
2022-08-12,9690,9498,241710,코스메카코리아,-0.0030864197530864335
2022-08-16,9690,13055,241710,코스메카코리아,0.0
2022-08-17,9660,17246,241710,코스메카코리아,-0.003095975232198178
2022-08-18,9570,9896,241710,코스메카코리아,-0.009316770186335366
2022-08-19,9530,8485,241710,코스메카코리아,-0.004179728317659337
2022-08-22,9260,12090,241710,코스메카코리아,-0.02833158447009443
2022-08-23,9140,13848,241710,코스메카코리아,-0.01295896328293733
2022-08-24,9100,15933,241710,코스메카코리아,-0.004376367614879695
2022-08-25,9230,12611,241710,코스메카코리아,0.014285714285714235
2022-08-26,9280,25669,241710,코스메카코리아,0.005417118093174356
2022-08-29,8970,14827,241710,코스메카코리아,-0.03340517241379315
2022-08-30,9070,28133,241710,코스메카코리아,0.011148272017837302
2022-08-31,9150,10304,241710,코스메카코리아,0.008820286659316334
2022-09-01,8830,43685,241710,코스메카코리아,-0.03497267759562839
2022-09-02,8890,10776,241710,코스메카코리아,0.006795016987542368
2022-09-05,8810,16726,241710,코스메카코리아,-0.008998875140607376
2022-09-06,8790,7125,241710,코스메카코리아,-0.002270147559591429
2022-09-07,8660,11797,241710,코스메카코리아,-0.014789533560864654
2022-09-08,8580,12068,241710,코스메카코리아,-0.009237875288683584
2022-09-13,8640,17594,241710,코스메카코리아,0.006993006993007089
2022-09-14,8470,10343,241710,코스메카코리아,-0.01967592592592593
2022-09-15,8660,23183,241710,코스메카코리아,0.022432113341204207
2022-09-16,8560,12801,241710,코스메카코리아,-0.011547344110854452
2022-09-19,8570,11717,241710,코스메카코리아,0.001168224299065379
2022-09-20,9270,253958,241710,코스메카코리아,0.08168028004667449
2022-09-21,9300,42588,241710,코스메카코리아,0.003236245954692629
2022-09-22,9230,32312,241710,코스메카코리아,-0.007526881720430145
2022-09-23,8930,61587,241710,코스메카코리아,-0.03250270855904658
2022-09-26,8330,40593,241710,코스메카코리아,-0.06718924972004481
2022-09-27,8200,29824,241710,코스메카코리아,-0.015606242496998823
2022-09-28,7870,23544,241710,코스메카코리아,-0.040243902439024426
2022-09-29,7900,20084,241710,코스메카코리아,0.003811944091486552
2022-09-30,7770,14452,241710,코스메카코리아,-0.016455696202531622
2022-10-04,7850,13833,241710,코스메카코리아,0.01029601029601035
2022-10-05,7680,10609,241710,코스메카코리아,-0.021656050955414008
2022-10-06,7690,13724,241710,코스메카코리아,0.0013020833333332593
2022-10-07,7630,14859,241710,코스메카코리아,-0.007802340702210642
2022-10-11,7100,20604,241710,코스메카코리아,-0.06946264744429886
2022-10-12,6930,12135,241710,코스메카코리아,-0.023943661971830954
2022-10-13,6540,29303,241710,코스메카코리아,-0.05627705627705626
2022-10-14,6820,11478,241710,코스메카코리아,0.042813455657492394
2022-10-17,6870,7556,241710,코스메카코리아,0.007331378299120228
2022-10-18,7050,6002,241710,코스메카코리아,0.026200873362445476
2022-10-19,7000,13267,241710,코스메카코리아,-0.007092198581560294
2022-10-20,6940,10078,241710,코스메카코리아,-0.008571428571428563
2022-10-21,6800,9885,241710,코스메카코리아,-0.02017291066282423
2022-10-24,6850,7309,241710,코스메카코리아,0.007352941176470562
2022-10-25,6750,5837,241710,코스메카코리아,-0.014598540145985384
2022-10-26,6560,24097,241710,코스메카코리아,-0.028148148148148144
2022-10-27,6560,21418,241710,코스메카코리아,0.0
2022-10-28,6540,9931,241710,코스메카코리아,-0.0030487804878048808
2022-10-31,6500,11524,241710,코스메카코리아,-0.006116207951070374
2022-11-01,6500,25941,241710,코스메카코리아,0.0
2022-11-02,6510,21850,241710,코스메카코리아,0.0015384615384614886
2022-11-03,6540,12455,241710,코스메카코리아,0.004608294930875667
2022-11-04,6540,41666,241710,코스메카코리아,0.0
2022-11-07,6660,37082,241710,코스메카코리아,0.0183486238532109
2022-11-08,6850,55588,241710,코스메카코리아,0.028528528528528607
2022-11-09,6800,30682,241710,코스메카코리아,-0.007299270072992692
2022-11-10,8030,3405081,241710,코스메카코리아,0.1808823529411765
2022-11-11,8500,1469093,241710,코스메카코리아,0.05853051058530512
2022-11-14,8160,280789,241710,코스메카코리아,-0.040000000000000036
2022-11-15,8140,231934,241710,코스메카코리아,-0.002450980392156854
2022-11-16,8200,146075,241710,코스메카코리아,0.0073710073710073765
2022-11-17,7760,132075,241710,코스메카코리아,-0.0536585365853659
2022-11-18,7730,39900,241710,코스메카코리아,-0.0038659793814432852
2022-11-21,7560,58207,241710,코스메카코리아,-0.021992238033635148
2022-11-22,7600,41342,241710,코스메카코리아,0.005291005291005346
2022-11-23,7800,54676,241710,코스메카코리아,0.026315789473684292
2022-11-24,7990,48170,241710,코스메카코리아,0.024358974358974272
2022-11-25,7810,66927,241710,코스메카코리아,-0.02252816020025028
2022-11-28,7600,30797,241710,코스메카코리아,-0.02688860435339313
2022-11-29,8050,130022,241710,코스메카코리아,0.05921052631578938
2022-11-30,8230,181811,241710,코스메카코리아,0.022360248447204967
2022-12-01,8190,153823,241710,코스메카코리아,-0.004860267314702349
2022-12-02,8380,277978,241710,코스메카코리아,0.023199023199023117
2022-12-05,8600,413403,241710,코스메카코리아,0.026252983293556076
2022-12-06,8290,139616,241710,코스메카코리아,-0.03604651162790695
2022-12-07,8710,370225,241710,코스메카코리아,0.0506634499396863
2022-12-08,9180,2799662,241710,코스메카코리아,0.053960964408725554
2022-12-09,9290,361634,241710,코스메카코리아,0.011982570806100323
2022-12-12,9580,704829,241710,코스메카코리아,0.031216361679224924
2022-12-13,9040,221064,241710,코스메카코리아,-0.056367432150313146
2022-12-14,9310,127367,241710,코스메카코리아,0.02986725663716805
2022-12-15,9190,68435,241710,코스메카코리아,-0.012889366272824887
2022-12-16,9310,94307,241710,코스메카코리아,0.013057671381936808
2022-12-19,8990,91897,241710,코스메카코리아,-0.034371643394199736
2022-12-20,8750,62051,241710,코스메카코리아,-0.026696329254727424
2022-12-21,8690,55597,241710,코스메카코리아,-0.006857142857142895
2022-12-22,9360,678364,241710,코스메카코리아,0.07710011507479853
2022-12-23,9330,611493,241710,코스메카코리아,-0.0032051282051281937
2022-12-26,8860,132929,241710,코스메카코리아,-0.05037513397642013
2022-12-27,10750,2671722,241710,코스메카코리아,0.21331828442437928
2022-12-28,10700,542427,241710,코스메카코리아,-0.0046511627906976605
2022-12-29,10250,212875,241710,코스메카코리아,-0.04205607476635509
2023-01-02,9750,259893,241710,코스메카코리아,-0.04878048780487809
2023-01-03,9900,285635,241710,코스메카코리아,0.01538461538461533
2023-01-04,10100,151420,241710,코스메카코리아,0.02020202020202011
2023-01-05,10750,312909,241710,코스메카코리아,0.06435643564356441
2023-01-06,10450,178503,241710,코스메카코리아,-0.027906976744186074
2023-01-09,10550,292840,241710,코스메카코리아,0.009569377990430672
2023-01-10,10000,400900,241710,코스메카코리아,-0.05213270142180093
2023-01-11,10300,117608,241710,코스메카코리아,0.030000000000000027
2023-01-12,10300,104392,241710,코스메카코리아,0.0
2023-01-13,10500,128168,241710,코스메카코리아,0.01941747572815533
2023-01-16,10700,176313,241710,코스메카코리아,0.01904761904761898
2023-01-17,10650,97085,241710,코스메카코리아,-0.004672897196261627
2023-01-18,10600,96031,241710,코스메카코리아,-0.0046948356807511304
2023-01-19,10850,374187,241710,코스메카코리아,0.02358490566037741
2023-01-20,10700,207239,241710,코스메카코리아,-0.01382488479262678
2023-01-25,10400,126655,241710,코스메카코리아,-0.028037383177570097
2023-01-26,10410,112993,241710,코스메카코리아,0.0009615384615384581
2023-01-27,10620,98930,241710,코스메카코리아,0.020172910662824117
2023-01-30,10430,140816,241710,코스메카코리아,-0.01789077212806023
2023-01-31,10140,107406,241710,코스메카코리아,-0.0278044103547459
2023-02-01,10100,131295,241710,코스메카코리아,-0.0039447731755424265
2023-02-02,10270,88952,241710,코스메카코리아,0.016831683168316847
2023-02-03,10180,46823,241710,코스메카코리아,-0.008763388510223957
2023-02-06,10060,59531,241710,코스메카코리아,-0.011787819253438081
2023-02-07,10190,58840,241710,코스메카코리아,0.012922465208747624
2023-02-08,10180,41129,241710,코스메카코리아,-0.0009813542688911214
2023-02-09,10430,70574,241710,코스메카코리아,0.024557956777996104
2023-02-10,10350,232686,241710,코스메카코리아,-0.007670182166826467
2023-02-13,9950,117469,241710,코스메카코리아,-0.03864734299516903
2023-02-14,10050,29334,241710,코스메카코리아,0.01005025125628145
2023-02-15,9860,37230,241710,코스메카코리아,-0.018905472636815968
2023-02-16,10020,56135,241710,코스메카코리아,0.016227180527383478
2023-02-17,9880,46634,241710,코스메카코리아,-0.013972055888223589
2023-02-20,9880,25335,241710,코스메카코리아,0.0
2023-02-21,9830,30112,241710,코스메카코리아,-0.005060728744939236
2023-02-22,9600,31263,241710,코스메카코리아,-0.02339776195320442
2023-02-23,9730,21599,241710,코스메카코리아,0.013541666666666563
2023-02-24,9500,67188,241710,코스메카코리아,-0.023638232271325776
2023-02-27,9310,33390,241710,코스메카코리아,-0.020000000000000018
2023-02-28,9770,90228,241710,코스메카코리아,0.04940923737916214
2023-03-02,10160,126581,241710,코스메카코리아,0.03991811668372569
2023-03-03,10190,49967,241710,코스메카코리아,0.0029527559055118058
2023-03-06,9950,55857,241710,코스메카코리아,-0.023552502453385693
2023-03-07,9840,25377,241710,코스메카코리아,-0.011055276381909507
2023-03-08,9480,57825,241710,코스메카코리아,-0.03658536585365857
2023-03-09,9530,23111,241710,코스메카코리아,0.0052742616033756295
2023-03-10,9200,30864,241710,코스메카코리아,-0.0346274921301154
2023-03-13,9100,35877,241710,코스메카코리아,-0.010869565217391353
2023-03-14,8680,50653,241710,코스메카코리아,-0.0461538461538461
2023-03-15,9190,30352,241710,코스메카코리아,0.0587557603686637
2023-03-16,8920,17195,241710,코스메카코리아,-0.029379760609357986
2023-03-17,9270,28268,241710,코스메카코리아,0.039237668161435035
2023-03-20,9470,42748,241710,코스메카코리아,0.02157497303128375
2023-03-21,9300,24391,241710,코스메카코리아,-0.017951425554382228
2023-03-22,9180,36772,241710,코스메카코리아,-0.012903225806451646
2023-03-23,9160,42900,241710,코스메카코리아,-0.002178649237472796
2023-03-24,9200,41077,241710,코스메카코리아,0.004366812227074135
2023-03-27,9150,24153,241710,코스메카코리아,-0.005434782608695676
2023-03-28,9500,48231,241710,코스메카코리아,0.03825136612021862
2023-03-29,9500,29129,241710,코스메카코리아,0.0
2023-03-30,9470,35134,241710,코스메카코리아,-0.0031578947368421373
2023-03-31,9480,17889,241710,코스메카코리아,0.001055966209081216
2023-04-03,9440,13095,241710,코스메카코리아,-0.00421940928270037
2023-04-04,9580,24179,241710,코스메카코리아,0.014830508474576343
2023-04-05,9580,32921,241710,코스메카코리아,0.0
2023-04-06,9330,16548,241710,코스메카코리아,-0.02609603340292277
2023-04-07,9380,17997,241710,코스메카코리아,0.005359056806002238
2023-04-10,9100,63517,241710,코스메카코리아,-0.02985074626865669
2023-04-11,9690,57035,241710,코스메카코리아,0.06483516483516483
2023-04-12,9760,32441,241710,코스메카코리아,0.007223942208462342
2023-04-13,9480,20384,241710,코스메카코리아,-0.02868852459016391
2023-04-14,9780,36537,241710,코스메카코리아,0.03164556962025311
2023-04-17,9760,31813,241710,코스메카코리아,-0.002044989775051076
2023-04-18,10560,192416,241710,코스메카코리아,0.08196721311475419
2023-04-19,10740,145416,241710,코스메카코리아,0.017045454545454586
2023-04-20,10390,123969,241710,코스메카코리아,-0.03258845437616387
2023-04-21,9600,123515,241710,코스메카코리아,-0.07603464870067378
2023-04-24,9330,62038,241710,코스메카코리아,-0.028124999999999956
2023-04-25,9220,55111,241710,코스메카코리아,-0.011789924973204746
2023-04-26,9320,30693,241710,코스메카코리아,0.010845986984815648
2023-04-27,9300,34045,241710,코스메카코리아,-0.0021459227467811592
2023-04-28,9270,13536,241710,코스메카코리아,-0.003225806451612856
2023-05-02,9530,24071,241710,코스메카코리아,0.028047464940668787
2023-05-03,9530,12576,241710,코스메카코리아,0.0
2023-05-04,9520,15163,241710,코스메카코리아,-0.0010493179433368471
2023-05-08,9610,26786,241710,코스메카코리아,0.009453781512605008
2023-05-09,9870,47322,241710,코스메카코리아,0.027055150884495394
2023-05-10,12830,517167,241710,코스메카코리아,0.2998986828774062
2023-05-11,14600,8194864,241710,코스메카코리아,0.13795791114575207
2023-05-12,14600,2000771,241710,코스메카코리아,0.0
2023-05-15,16450,10819328,241710,코스메카코리아,0.12671232876712324
2023-05-16,15770,1586696,241710,코스메카코리아,-0.04133738601823711
2023-05-17,16120,1335885,241710,코스메카코리아,0.0221940393151554
2023-05-18,15940,1228798,241710,코스메카코리아,-0.011166253101737023
2023-05-19,15990,414222,241710,코스메카코리아,0.0031367628607277265
2023-05-22,15650,463293,241710,코스메카코리아,-0.021263289555972453
2023-05-23,16500,1738971,241710,코스메카코리아,0.054313099041533475
2023-05-24,16570,781649,241710,코스메카코리아,0.004242424242424159
2023-05-25,16320,390323,241710,코스메카코리아,-0.015087507543753764
2023-05-26,16190,299885,241710,코스메카코리아,-0.007965686274509776
2023-05-30,15470,414420,241710,코스메카코리아,-0.044471896232242125
2023-05-31,15700,355852,241710,코스메카코리아,0.014867485455720697
2023-06-01,14820,381465,241710,코스메카코리아,-0.056050955414012726
2023-06-02,17100,2168772,241710,코스메카코리아,0.15384615384615374
2023-06-05,16900,423804,241710,코스메카코리아,-0.011695906432748537
2023-06-07,17070,627171,241710,코스메카코리아,0.010059171597633032
2023-06-08,17680,821623,241710,코스메카코리아,0.03573520796719398
2023-06-09,18070,888354,241710,코스메카코리아,0.022058823529411686
2023-06-12,17380,379630,241710,코스메카코리아,-0.03818483674598783
2023-06-13,17240,226241,241710,코스메카코리아,-0.008055235903337121
2023-06-14,16840,180149,241710,코스메카코리아,-0.023201856148491906
2023-06-15,17830,297226,241710,코스메카코리아,0.05878859857482177
2023-06-16,18500,767322,241710,코스메카코리아,0.037577117218171585
2023-06-19,18330,241762,241710,코스메카코리아,-0.009189189189189206
2023-06-20,19070,512699,241710,코스메카코리아,0.04037097654118926
2023-06-21,20500,1486063,241710,코스메카코리아,0.0749868904037756
2023-06-22,19750,394313,241710,코스메카코리아,-0.03658536585365857
2023-06-23,21100,497810,241710,코스메카코리아,0.06835443037974676
2023-06-26,21000,255492,241710,코스메카코리아,-0.004739336492891044
2023-06-27,22300,795382,241710,코스메카코리아,0.06190476190476191
2023-06-28,22450,352235,241710,코스메카코리아,0.006726457399103047
2023-06-29,23350,802839,241710,코스메카코리아,0.04008908685968815
2023-06-30,24550,364035,241710,코스메카코리아,0.051391862955032064
2023-07-03,25250,394386,241710,코스메카코리아,0.02851323828920571
2023-07-04,25950,244865,241710,코스메카코리아,0.027722772277227747
2023-07-05,26000,480391,241710,코스메카코리아,0.0019267822736031004
2023-07-06,25950,515399,241710,코스메카코리아,-0.0019230769230769162
2023-07-07,26500,359999,241710,코스메카코리아,0.021194605009633882
2023-07-10,26600,235941,241710,코스메카코리아,0.0037735849056603765
2023-07-11,25600,348492,241710,코스메카코리아,-0.03759398496240607
2023-07-12,25050,318239,241710,코스메카코리아,-0.021484375
2023-07-13,24700,366122,241710,코스메카코리아,-0.013972055888223589
2023-07-14,24600,190301,241710,코스메카코리아,-0.004048582995951455
2023-07-17,24950,269001,241710,코스메카코리아,0.014227642276422703
2023-07-18,26750,827318,241710,코스메카코리아,0.07214428857715438
2023-07-19,26150,260086,241710,코스메카코리아,-0.02242990654205612
2023-07-20,26550,194221,241710,코스메카코리아,0.015296367112810794
2023-07-21,26350,179737,241710,코스메카코리아,-0.007532956685499026
2023-07-24,27000,213329,241710,코스메카코리아,0.024667931688804545
2023-07-25,27350,310143,241710,코스메카코리아,0.012962962962963065
2023-07-26,27050,299891,241710,코스메카코리아,-0.010968921389396757
2023-07-27,27900,634887,241710,코스메카코리아,0.031423290203327126
2023-07-28,28900,208652,241710,코스메카코리아,0.03584229390680993
2023-07-31,28300,355904,241710,코스메카코리아,-0.02076124567474047
2023-08-01,27350,178364,241710,코스메카코리아,-0.03356890459363959
2023-08-02,26550,160572,241710,코스메카코리아,-0.029250457038391242
2023-08-03,25850,240330,241710,코스메카코리아,-0.026365348399246757
2023-08-04,27850,355512,241710,코스메카코리아,0.07736943907156668
2023-08-07,31500,904596,241710,코스메카코리아,0.13105924596050267
2023-08-08,31300,531367,241710,코스메카코리아,-0.006349206349206327
2023-08-09,28600,1098530,241710,코스메카코리아,-0.08626198083067094
2023-08-10,27200,1779306,241710,코스메카코리아,-0.04895104895104896
2023-08-11,27550,1010446,241710,코스메카코리아,0.012867647058823595
2023-08-14,26500,413750,241710,코스메카코리아,-0.038112522686025385
2023-08-16,26550,343214,241710,코스메카코리아,0.0018867924528302993
2023-08-17,25500,349244,241710,코스메카코리아,-0.039548022598870025
2023-08-18,25450,287536,241710,코스메카코리아,-0.0019607843137254832
2023-08-21,25500,165944,241710,코스메카코리아,0.0019646365422396617
2023-08-22,27400,365923,241710,코스메카코리아,0.07450980392156858
2023-08-23,26950,155024,241710,코스메카코리아,-0.01642335766423353
2023-08-24,26200,139199,241710,코스메카코리아,-0.0278293135435993
2023-08-25,27050,177703,241710,코스메카코리아,0.03244274809160297
2023-08-28,27750,198025,241710,코스메카코리아,0.025878003696857776
2023-08-29,27800,93287,241710,코스메카코리아,0.0018018018018017834
2023-08-30,27600,92027,241710,코스메카코리아,-0.007194244604316502
2023-08-31,28350,149051,241710,코스메카코리아,0.02717391304347827
2023-09-01,27600,129150,241710,코스메카코리아,-0.02645502645502651
2023-09-04,27000,81607,241710,코스메카코리아,-0.021739130434782594
2023-09-05,26550,62633,241710,코스메카코리아,-0.01666666666666672
2023-09-06,25800,132788,241710,코스메카코리아,-0.02824858757062143
2023-09-07,25300,107487,241710,코스메카코리아,-0.019379844961240345
2023-09-08,25150,106067,241710,코스메카코리아,-0.005928853754940677
2023-09-11,24950,128947,241710,코스메카코리아,-0.007952286282306154
2023-09-12,24500,93947,241710,코스메카코리아,-0.018036072144288595
2023-09-13,24700,70334,241710,코스메카코리아,0.008163265306122547
2023-09-14,25850,117376,241710,코스메카코리아,0.046558704453441235
2023-09-15,27200,243469,241710,코스메카코리아,0.05222437137330749
2023-09-18,27750,164103,241710,코스메카코리아,0.020220588235294157
2023-09-19,27300,114279,241710,코스메카코리아,-0.01621621621621616
2023-09-20,27150,96928,241710,코스메카코리아,-0.005494505494505475
2023-09-21,27000,100356,241710,코스메카코리아,-0.0055248618784530246
2023-09-22,26800,68956,241710,코스메카코리아,-0.007407407407407418
2023-09-25,27350,187118,241710,코스메카코리아,0.020522388059701413
2023-09-26,27050,62351,241710,코스메카코리아,-0.010968921389396757
2023-09-27,27300,31185,241710,코스메카코리아,0.009242144177449063
2023-10-04,25800,74021,241710,코스메카코리아,-0.05494505494505497
2023-10-05,25400,81160,241710,코스메카코리아,-0.015503875968992276
2023-10-06,25500,157774,241710,코스메카코리아,0.003937007874015741
2023-10-10,24900,156627,241710,코스메카코리아,-0.02352941176470591
2023-10-11,28950,472491,241710,코스메카코리아,0.16265060240963858
2023-10-12,31900,657453,241710,코스메카코리아,0.10189982728842839
2023-10-13,34000,515067,241710,코스메카코리아,0.0658307210031348
2023-10-16,34050,323821,241710,코스메카코리아,0.0014705882352941124
2023-10-17,34800,178701,241710,코스메카코리아,0.022026431718061623
2023-10-18,33950,162606,241710,코스메카코리아,-0.02442528735632188
2023-10-19,34900,319829,241710,코스메카코리아,0.027982326951399017
2023-10-20,35150,293445,241710,코스메카코리아,0.007163323782235054
2023-10-23,36900,276457,241710,코스메카코리아,0.049786628733997196
2023-10-24,36250,198237,241710,코스메카코리아,-0.017615176151761558
2023-10-25,38600,319333,241710,코스메카코리아,0.06482758620689655
2023-10-26,37950,132129,241710,코스메카코리아,-0.016839378238341918
2023-10-27,36400,242224,241710,코스메카코리아,-0.040843214756258184
2023-10-30,35600,142500,241710,코스메카코리아,-0.02197802197802201
2023-10-31,36050,161753,241710,코스메카코리아,0.012640449438202195
2023-11-01,37100,237905,241710,코스메카코리아,0.029126213592232997
2023-11-02,34700,439621,241710,코스메카코리아,-0.06469002695417791
2023-11-03,33700,252319,241710,코스메카코리아,-0.028818443804034533
2023-11-06,33200,296012,241710,코스메카코리아,-0.014836795252225476
2023-11-07,38200,864883,241710,코스메카코리아,0.1506024096385543
2023-11-08,40250,479837,241710,코스메카코리아,0.053664921465968574
2023-11-09,39150,264490,241710,코스메카코리아,-0.027329192546583836
2023-11-10,37400,194038,241710,코스메카코리아,-0.04469987228607919
2023-11-13,38000,130280,241710,코스메카코리아,0.016042780748663166
2023-11-14,36150,240255,241710,코스메카코리아,-0.048684210526315774
2023-11-15,37700,137285,241710,코스메카코리아,0.042876901798063694
2023-11-16,38600,101999,241710,코스메카코리아,0.023872679045092937
2023-11-17,37700,185631,241710,코스메카코리아,-0.023316062176165775
2023-11-20,38500,80669,241710,코스메카코리아,0.021220159151193574
2023-11-21,38850,68256,241710,코스메카코리아,0.009090909090909038
2023-11-22,37350,109274,241710,코스메카코리아,-0.038610038610038644
2023-11-23,38100,71150,241710,코스메카코리아,0.02008032128514059
2023-11-24,38100,43637,241710,코스메카코리아,0.0
2023-11-27,36450,70808,241710,코스메카코리아,-0.04330708661417326
2023-11-28,35800,79142,241710,코스메카코리아,-0.017832647462277085
2023-11-29,35400,38718,241710,코스메카코리아,-0.011173184357541888
2023-11-30,35200,81311,241710,코스메카코리아,-0.005649717514124242
2023-12-01,35200,61099,241710,코스메카코리아,0.0
2023-12-04,36000,113827,241710,코스메카코리아,0.022727272727272707
2023-12-05,36300,152827,241710,코스메카코리아,0.008333333333333304
2023-12-06,36000,47511,241710,코스메카코리아,-0.008264462809917328
2023-12-07,35350,59813,241710,코스메카코리아,-0.018055555555555602
2023-12-08,37350,83285,241710,코스메카코리아,0.05657708628005653
2023-12-11,39650,229367,241710,코스메카코리아,0.061579651941097824
2023-12-12,39000,75551,241710,코스메카코리아,-0.016393442622950838
2023-12-13,39200,72780,241710,코스메카코리아,0.00512820512820511
2023-12-14,40300,78435,241710,코스메카코리아,0.028061224489795977
2023-12-15,37250,107362,241710,코스메카코리아,-0.07568238213399503
2023-12-18,38250,62707,241710,코스메카코리아,0.02684563758389258
2023-12-19,37400,82163,241710,코스메카코리아,-0.022222222222222254
2023-12-20,36550,87947,241710,코스메카코리아,-0.022727272727272707
2023-12-21,37300,76928,241710,코스메카코리아,0.020519835841313228
2023-12-22,37100,86616,241710,코스메카코리아,-0.00536193029490617
2023-12-26,35650,59933,241710,코스메카코리아,-0.03908355795148244
2023-12-27,36100,65232,241710,코스메카코리아,0.012622720897615736
2023-12-28,36300,76372,241710,코스메카코리아,0.005540166204986097
2024-01-02,36350,89617,241710,코스메카코리아,0.0013774104683195176
2024-01-03,35300,48282,241710,코스메카코리아,-0.028885832187070193
2024-01-04,37100,156333,241710,코스메카코리아,0.05099150141643061
2024-01-05,38850,214035,241710,코스메카코리아,0.04716981132075482
2024-01-08,38000,131003,241710,코스메카코리아,-0.02187902187902191
2024-01-09,40200,198565,241710,코스메카코리아,0.05789473684210522
2024-01-10,42000,251489,241710,코스메카코리아,0.04477611940298498
2024-01-11,40100,147589,241710,코스메카코리아,-0.04523809523809519
2024-01-12,39800,41102,241710,코스메카코리아,-0.007481296758104716
2024-01-15,38850,57644,241710,코스메카코리아,-0.023869346733668362
2024-01-16,39250,70180,241710,코스메카코리아,0.01029601029601035
2024-01-17,37950,57637,241710,코스메카코리아,-0.03312101910828025
2024-01-18,38550,39527,241710,코스메카코리아,0.015810276679841806
2024-01-19,38850,43148,241710,코스메카코리아,0.0077821011673151474
2024-01-22,38850,41406,241710,코스메카코리아,0.0
2024-01-23,39050,31662,241710,코스메카코리아,0.005148005148005064
2024-01-24,39800,97729,241710,코스메카코리아,0.019206145966709443
2024-01-25,40950,204756,241710,코스메카코리아,0.028894472361808976
2024-01-26,39800,68309,241710,코스메카코리아,-0.028083028083028094
2024-01-29,39050,98918,241710,코스메카코리아,-0.018844221105527637
2024-01-30,39200,111960,241710,코스메카코리아,0.003841229193341844
2024-01-31,37250,114840,241710,코스메카코리아,-0.04974489795918369
2024-02-01,37700,106008,241710,코스메카코리아,0.012080536912751683
2024-02-02,37050,153460,241710,코스메카코리아,-0.017241379310344862
2024-02-05,37800,102356,241710,코스메카코리아,0.020242914979757165
2024-02-06,38200,53585,241710,코스메카코리아,0.010582010582010692
2024-02-07,38250,135881,241710,코스메카코리아,0.0013089005235602524
2024-02-08,37500,65661,241710,코스메카코리아,-0.019607843137254943
2024-02-13,37450,59624,241710,코스메카코리아,-0.0013333333333332975
2024-02-14,38650,150844,241710,코스메카코리아,0.03204272363150862
2024-02-15,38700,114399,241710,코스메카코리아,0.001293661060802087
2024-02-16,38600,39862,241710,코스메카코리아,-0.0025839793281653423
2024-02-19,38050,81634,241710,코스메카코리아,-0.014248704663212486
2024-02-20,38400,126811,241710,코스메카코리아,0.009198423127463773
2024-02-21,41600,322022,241710,코스메카코리아,0.08333333333333326
2024-02-22,42250,293672,241710,코스메카코리아,0.015625
2024-02-23,43000,228974,241710,코스메카코리아,0.01775147928994092
2024-02-26,39600,275896,241710,코스메카코리아,-0.07906976744186045
2024-02-27,37150,301341,241710,코스메카코리아,-0.06186868686868685
2024-02-28,39000,180658,241710,코스메카코리아,0.049798115746971794
2024-02-29,38250,124843,241710,코스메카코리아,-0.019230769230769273
2024-03-04,36450,143917,241710,코스메카코리아,-0.04705882352941182
2024-03-05,37250,132506,241710,코스메카코리아,0.021947873799725626
2024-03-06,37400,71734,241710,코스메카코리아,0.00402684563758382
2024-03-07,36800,112722,241710,코스메카코리아,-0.016042780748663055
2024-03-08,37050,77775,241710,코스메카코리아,0.006793478260869623
2024-03-11,37150,105263,241710,코스메카코리아,0.0026990553306343035
2024-03-12,35550,165615,241710,코스메카코리아,-0.043068640646029555
2024-03-13,33400,238196,241710,코스메카코리아,-0.06047819971870605
2024-03-14,32700,153234,241710,코스메카코리아,-0.020958083832335328
2024-03-15,33450,135756,241710,코스메카코리아,0.022935779816513735
2024-03-18,33300,80015,241710,코스메카코리아,-0.004484304932735439
2024-03-19,33200,80373,241710,코스메카코리아,-0.0030030030030030463
2024-03-20,32900,127971,241710,코스메카코리아,-0.009036144578313254
2024-03-21,33000,111144,241710,코스메카코리아,0.003039513677811634
2024-03-22,34100,221074,241710,코스메카코리아,0.03333333333333344
2024-03-25,31350,513643,241710,코스메카코리아,-0.08064516129032262
2024-03-26,32950,308679,241710,코스메카코리아,0.05103668261562988
2024-03-27,34450,177223,241710,코스메카코리아,0.04552352048558417
2024-03-28,35500,257412,241710,코스메카코리아,0.030478955007256836
2024-03-29,34900,120851,241710,코스메카코리아,-0.016901408450704203
2024-04-01,38200,411279,241710,코스메카코리아,0.09455587392550147
2024-04-02,36800,146532,241710,코스메카코리아,-0.03664921465968585
2024-04-03,38300,159701,241710,코스메카코리아,0.040760869565217295
2024-04-04,36800,308590,241710,코스메카코리아,-0.03916449086161877
2024-04-05,36500,191612,241710,코스메카코리아,-0.008152173913043459
2024-04-08,36050,88252,241710,코스메카코리아,-0.012328767123287676
2024-04-09,35850,78203,241710,코스메카코리아,-0.00554785020804438
2024-04-11,35650,116670,241710,코스메카코리아,-0.00557880055788007
2024-04-12,37500,226362,241710,코스메카코리아,0.05189340813464227
2024-04-15,37600,104211,241710,코스메카코리아,0.002666666666666595
2024-04-16,37200,128292,241710,코스메카코리아,-0.010638297872340385
2024-04-17,37950,111354,241710,코스메카코리아,0.02016129032258074
2024-04-18,39300,186504,241710,코스메카코리아,0.035573122529644285
2024-04-19,37400,110433,241710,코스메카코리아,-0.04834605597964381
2024-04-22,36700,108610,241710,코스메카코리아,-0.018716577540106916
2024-04-23,36750,40981,241710,코스메카코리아,0.0013623978201635634
2024-04-24,36800,63746,241710,코스메카코리아,0.0013605442176871652
2024-04-25,35600,82521,241710,코스메카코리아,-0.03260869565217395
2024-04-26,35300,61108,241710,코스메카코리아,-0.008426966292134797
2024-04-29,34700,105098,241710,코스메카코리아,-0.016997167138810165
2024-04-30,35650,87711,241710,코스메카코리아,0.027377521613832778
2024-05-02,36700,199442,241710,코스메카코리아,0.029453015427769902
2024-05-03,37350,52839,241710,코스메카코리아,0.017711171662125436
2024-05-07,39500,331538,241710,코스메카코리아,0.05756358768406966
2024-05-08,40400,360167,241710,코스메카코리아,0.022784810126582178
2024-05-09,44200,806575,241710,코스메카코리아,0.09405940594059414
2024-05-10,46300,757697,241710,코스메카코리아,0.04751131221719462
2024-05-13,44200,834065,241710,코스메카코리아,-0.04535637149028082
2024-05-14,44300,258621,241710,코스메카코리아,0.002262443438914019
2024-05-16,43200,167069,241710,코스메카코리아,-0.02483069977426633
2024-05-17,44000,172721,241710,코스메카코리아,0.0185185185185186
2024-05-20,44800,200616,241710,코스메카코리아,0.018181818181818077
2024-05-21,46400,417858,241710,코스메카코리아,0.03571428571428581
2024-05-22,45200,247867,241710,코스메카코리아,-0.025862068965517238
2024-05-23,49350,345695,241710,코스메카코리아,0.0918141592920354
2024-05-24,48400,362510,241710,코스메카코리아,-0.019250253292806496
2024-05-27,47550,174375,241710,코스메카코리아,-0.017561983471074405
2024-05-28,47750,244837,241710,코스메카코리아,0.004206098843322792
2024-05-29,51600,395650,241710,코스메카코리아,0.08062827225130897
2024-05-30,57100,877347,241710,코스메카코리아,0.10658914728682167
2024-05-31,61600,701380,241710,코스메카코리아,0.07880910683012265
2024-06-03,60800,404390,241710,코스메카코리아,-0.012987012987012991
2024-06-04,59800,477667,241710,코스메카코리아,-0.016447368421052655
2024-06-05,61100,318047,241710,코스메카코리아,0.021739130434782705
2024-06-07,60400,182775,241710,코스메카코리아,-0.011456628477905073
2024-06-10,60500,328611,241710,코스메카코리아,0.0016556291390728006
2024-06-11,62600,266246,241710,코스메카코리아,0.034710743801652955
2024-06-12,67200,370931,241710,코스메카코리아,0.07348242811501593
2024-06-13,69700,351409,241710,코스메카코리아,0.03720238095238093
2024-06-14,70400,317976,241710,코스메카코리아,0.010043041606886627
2024-06-17,70900,173602,241710,코스메카코리아,0.007102272727272707
2024-06-18,72700,249495,241710,코스메카코리아,0.02538787023977429
2024-06-19,74700,277040,241710,코스메카코리아,0.02751031636863832
2024-06-20,74000,244929,241710,코스메카코리아,-0.009370816599732268
2024-06-21,74300,258153,241710,코스메카코리아,0.004054054054054124
2024-06-24,73800,146995,241710,코스메카코리아,-0.006729475100942128
2024-06-25,72400,107894,241710,코스메카코리아,-0.01897018970189701
2024-06-26,78800,309134,241710,코스메카코리아,0.08839779005524862
2024-06-27,83400,289284,241710,코스메카코리아,0.058375634517766395
2024-06-28,84500,239494,241710,코스메카코리아,0.01318944844124692
2024-07-01,80600,240711,241710,코스메카코리아,-0.0461538461538461
2024-07-02,78900,481771,241710,코스메카코리아,-0.021091811414392092
2024-07-03,79000,263098,241710,코스메카코리아,0.0012674271229404788
2024-07-04,77500,215651,241710,코스메카코리아,-0.01898734177215189
2024-07-05,79400,290422,241710,코스메카코리아,0.02451612903225797
2024-07-08,87000,232271,241710,코스메카코리아,0.09571788413098248
2024-07-09,83200,192738,241710,코스메카코리아,-0.04367816091954024
2024-07-10,82500,153069,241710,코스메카코리아,-0.008413461538461564
2024-07-11,82300,133985,241710,코스메카코리아,-0.00242424242424244
2024-07-12,81900,161939,241710,코스메카코리아,-0.004860267314702349
2024-07-15,84500,86981,241710,코스메카코리아,0.031746031746031855
2024-07-16,81500,187634,241710,코스메카코리아,-0.035502958579881616
2024-07-17,83000,147423,241710,코스메카코리아,0.018404907975460016
2024-07-18,81100,109464,241710,코스메카코리아,-0.02289156626506028
2024-07-19,81800,124754,241710,코스메카코리아,0.008631319358816336
2024-07-22,81700,254005,241710,코스메카코리아,-0.0012224938875305957
2024-07-23,85200,213684,241710,코스메카코리아,0.04283965728274164
2024-07-24,88800,297077,241710,코스메카코리아,0.04225352112676051
2024-07-25,83300,210687,241710,코스메카코리아,-0.061936936936936915
2024-07-26,78400,276793,241710,코스메카코리아,-0.05882352941176472
2024-07-29,82700,149449,241710,코스메카코리아,0.05484693877551017
2024-07-30,82700,57271,241710,코스메카코리아,0.0
2024-07-31,79700,95162,241710,코스메카코리아,-0.03627569528415964
2024-08-01,80100,96421,241710,코스메카코리아,0.005018820577164407
2024-08-02,73600,196934,241710,코스메카코리아,-0.08114856429463169
2024-08-05,68000,290928,241710,코스메카코리아,-0.07608695652173914
2024-08-06,69700,212433,241710,코스메카코리아,0.02499999999999991
2024-08-07,73800,165522,241710,코스메카코리아,0.05882352941176472
2024-08-08,73500,116124,241710,코스메카코리아,-0.004065040650406471
2024-08-09,73900,183355,241710,코스메카코리아,0.0054421768707482165
2024-08-12,73800,164986,241710,코스메카코리아,-0.0013531799729363803
2024-08-13,73700,781868,241710,코스메카코리아,-0.0013550135501354532
2024-08-14,73900,234972,241710,코스메카코리아,0.0027137042062415073
2024-08-16,79000,317025,241710,코스메카코리아,0.06901217861975639
2024-08-19,81700,247971,241710,코스메카코리아,0.03417721518987338
2024-08-20,80700,156336,241710,코스메카코리아,-0.012239902080783405
2024-08-21,80700,94894,241710,코스메카코리아,0.0
2024-08-22,83200,167314,241710,코스메카코리아,0.030978934324659146
2024-08-23,82800,96570,241710,코스메카코리아,-0.004807692307692291
2024-08-26,78000,241568,241710,코스메카코리아,-0.05797101449275366
2024-08-27,77600,227925,241710,코스메카코리아,-0.00512820512820511
2024-08-28,76400,70274,241710,코스메카코리아,-0.015463917525773141
2024-08-29,76300,96556,241710,코스메카코리아,-0.0013089005235602524
2024-08-30,78300,264580,241710,코스메카코리아,0.026212319790301475
2024-09-02,83100,211028,241710,코스메카코리아,0.06130268199233724
2024-09-03,83700,257039,241710,코스메카코리아,0.0072202166064982976
2024-09-04,85000,196806,241710,코스메카코리아,0.015531660692950977
2024-09-05,83000,257467,241710,코스메카코리아,-0.02352941176470591
2024-09-06,81800,193287,241710,코스메카코리아,-0.014457831325301207
2024-09-09,88300,233641,241710,코스메카코리아,0.07946210268948661
2024-09-10,90200,215876,241710,코스메카코리아,0.021517553793884536
2024-09-11,87700,214054,241710,코스메카코리아,-0.027716186252771613
2024-09-12,88400,141055,241710,코스메카코리아,0.007981755986316896
2024-09-13,87500,107326,241710,코스메카코리아,-0.010180995475113086
2024-09-19,87000,145738,241710,코스메카코리아,-0.005714285714285672
2024-09-20,90500,230492,241710,코스메카코리아,0.04022988505747116
2024-09-23,95200,202338,241710,코스메카코리아,0.051933701657458586
2024-09-24,94000,121452,241710,코스메카코리아,-0.012605042016806678
2024-09-25,91700,108500,241710,코스메카코리아,-0.024468085106382986
2024-09-26,95900,108156,241710,코스메카코리아,0.04580152671755733
2024-09-27,90500,263402,241710,코스메카코리아,-0.056308654848800876
2024-09-30,91800,136153,241710,코스메카코리아,0.01436464088397793
2024-10-02,83500,228542,241710,코스메카코리아,-0.09041394335511987
2024-10-04,82200,193319,241710,코스메카코리아,-0.015568862275449069
2024-10-07,82300,165220,241710,코스메카코리아,0.0012165450121655041
2024-10-08,78300,390874,241710,코스메카코리아,-0.048602673147023046
2024-10-10,79400,271500,241710,코스메카코리아,0.01404853128991057
2024-10-11,77700,276261,241710,코스메카코리아,-0.021410579345088165
2024-10-14,76100,254557,241710,코스메카코리아,-0.020592020592020588
2024-10-15,77700,211149,241710,코스메카코리아,0.021024967148488782
2024-10-16,76000,141432,241710,코스메카코리아,-0.02187902187902191
2024-10-17,76900,132549,241710,코스메카코리아,0.011842105263157876
2024-10-18,75300,148873,241710,코스메카코리아,-0.020806241872561748
2024-10-21,76100,150542,241710,코스메카코리아,0.010624169986719778
2024-10-22,75600,97806,241710,코스메카코리아,-0.006570302233902758
2024-10-23,73100,182361,241710,코스메카코리아,-0.033068783068783025
2024-10-24,74800,87297,241710,코스메카코리아,0.023255813953488413
2024-10-25,72500,175363,241710,코스메카코리아,-0.03074866310160429
2024-10-28,74000,82075,241710,코스메카코리아,0.020689655172413834
2024-10-29,73500,70049,241710,코스메카코리아,-0.006756756756756799
2024-10-30,76900,118609,241710,코스메카코리아,0.04625850340136051
2024-10-31,79600,180745,241710,코스메카코리아,0.03511053315994794
2024-11-01,77700,175647,241710,코스메카코리아,-0.023869346733668362
2024-11-04,78400,106485,241710,코스메카코리아,0.009009009009008917
2024-11-05,76900,66427,241710,코스메카코리아,-0.01913265306122447
2024-11-06,78500,88636,241710,코스메카코리아,0.02080624187256186
2024-11-07,77400,87454,241710,코스메카코리아,-0.014012738853503182
2024-11-08,80400,205821,241710,코스메카코리아,0.03875968992248069
2024-11-11,67500,862918,241710,코스메카코리아,-0.16044776119402981
2024-11-12,61200,568167,241710,코스메카코리아,-0.09333333333333338
2024-11-13,62400,154651,241710,코스메카코리아,0.019607843137254832
2024-11-14,61900,337885,241710,코스메카코리아,-0.008012820512820484
2024-11-15,60100,315471,241710,코스메카코리아,-0.029079159935379684
2024-11-18,58800,124849,241710,코스메카코리아,-0.021630615640598982
2024-11-19,56200,140418,241710,코스메카코리아,-0.04421768707482998
2024-11-20,53900,185821,241710,코스메카코리아,-0.040925266903914626
2024-11-21,53200,162289,241710,코스메카코리아,-0.012987012987012991
2024-11-22,52800,130655,241710,코스메카코리아,-0.007518796992481258
2024-11-25,52800,144532,241710,코스메카코리아,0.0
2024-11-26,52700,135571,241710,코스메카코리아,-0.0018939393939394478
2024-11-27,52100,122952,241710,코스메카코리아,-0.011385199240986688
2024-11-28,51900,78427,241710,코스메카코리아,-0.0038387715930902067
2024-11-29,50300,73382,241710,코스메카코리아,-0.030828516377649273
2024-12-02,48900,100218,241710,코스메카코리아,-0.027833001988071593
2024-12-03,54100,173787,241710,코스메카코리아,0.10633946830265839
2024-12-04,52500,107402,241710,코스메카코리아,-0.02957486136783738
2024-12-05,49750,132212,241710,코스메카코리아,-0.05238095238095242
2024-12-06,48900,200900,241710,코스메카코리아,-0.0170854271356784
2024-12-09,47500,95374,241710,코스메카코리아,-0.02862985685071573
2024-12-10,49950,104973,241710,코스메카코리아,0.051578947368420947
2024-12-11,52900,107338,241710,코스메카코리아,0.05905905905905895
2024-12-12,53300,380119,241710,코스메카코리아,0.007561436672967936
2024-12-13,54700,129801,241710,코스메카코리아,0.026266416510319024
2024-12-16,54000,71290,241710,코스메카코리아,-0.012797074954296161
2024-12-17,52000,110496,241710,코스메카코리아,-0.03703703703703709
2024-12-18,52200,64783,241710,코스메카코리아,0.0038461538461538325
2024-12-19,53300,87019,241710,코스메카코리아,0.021072796934865856
2024-12-20,52300,98203,241710,코스메카코리아,-0.018761726078799223
2024-12-23,52100,45565,241710,코스메카코리아,-0.003824091778202643
2024-12-24,53800,134765,241710,코스메카코리아,0.03262955854126681
2024-12-26,53300,98919,241710,코스메카코리아,-0.009293680297397744
2024-12-27,53000,72114,241710,코스메카코리아,-0.0056285178236398226
2024-12-30,55300,101277,241710,코스메카코리아,0.04339622641509444
2025-01-02,55800,94478,241710,코스메카코리아,0.009041591320072317
2025-01-03,54400,101611,241710,코스메카코리아,-0.02508960573476704
2025-01-06,52600,176479,241710,코스메카코리아,-0.03308823529411764
2025-01-07,50700,171746,241710,코스메카코리아,-0.03612167300380231
2025-01-08,52300,77290,241710,코스메카코리아,0.03155818540433919
2025-01-09,53200,88667,241710,코스메카코리아,0.017208413001912115
2025-01-10,50600,144306,241710,코스메카코리아,-0.048872180451127845
2025-01-13,50800,74777,241710,코스메카코리아,0.0039525691699604515
2025-01-14,50700,110620,241710,코스메카코리아,-0.0019685039370078705
2025-01-15,50000,79230,241710,코스메카코리아,-0.013806706114398382
2025-01-16,55100,238756,241710,코스메카코리아,0.10200000000000009
2025-01-17,53200,123285,241710,코스메카코리아,-0.03448275862068961
2025-01-20,53400,65956,241710,코스메카코리아,0.003759398496240518
2025-01-21,56300,154911,241710,코스메카코리아,0.054307116104868935
2025-01-22,54500,164599,241710,코스메카코리아,-0.03197158081705154
2025-01-23,53300,155362,241710,코스메카코리아,-0.022018348623853212
2025-01-24,52000,136288,241710,코스메카코리아,-0.024390243902439046
2025-01-31,51700,35285,241710,코스메카코리아,-0.005769230769230749
2025-02-03,49400,118041,241710,코스메카코리아,-0.044487427466150864
2025-02-04,52000,81331,241710,코스메카코리아,0.05263157894736836
2025-02-05,50800,80646,241710,코스메카코리아,-0.023076923076923106
2025-02-06,51900,55153,241710,코스메카코리아,0.021653543307086576
2025-02-07,50800,81652,241710,코스메카코리아,-0.021194605009633882
2025-02-10,50400,63519,241710,코스메카코리아,-0.007874015748031482
2025-02-11,50000,125560,241710,코스메카코리아,-0.007936507936507908
2025-02-12,49550,71488,241710,코스메카코리아,-0.009000000000000008
2025-02-13,50200,70007,241710,코스메카코리아,0.013118062563067578
2025-02-14,50600,110503,241710,코스메카코리아,0.007968127490039834
2025-02-17,49600,95631,241710,코스메카코리아,-0.01976284584980237
2025-02-18,48550,98712,241710,코스메카코리아,-0.02116935483870963
2025-02-19,47400,196556,241710,코스메카코리아,-0.023686920700308978
2025-02-20,46500,246049,241710,코스메카코리아,-0.01898734177215189
2025-02-21,47300,207931,241710,코스메카코리아,0.017204301075268713
2025-02-24,42650,458634,241710,코스메카코리아,-0.09830866807610994
2025-02-25,42450,167996,241710,코스메카코리아,-0.004689331770222793
2025-02-26,42750,83016,241710,코스메카코리아,0.007067137809187329
2025-02-27,42400,92658,241710,코스메카코리아,-0.008187134502923965
2025-02-28,40100,256882,241710,코스메카코리아,-0.054245283018867885
2025-03-04,41200,167167,241710,코스메카코리아,0.027431421446383997
2025-03-05,41150,72903,241710,코스메카코리아,-0.0012135922330097637
2025-03-06,43750,166114,241710,코스메카코리아,0.06318347509112998
2025-03-07,43550,96513,241710,코스메카코리아,-0.00457142857142856
2025-03-10,41600,91076,241710,코스메카코리아,-0.04477611940298509
2025-03-11,41900,101667,241710,코스메카코리아,0.007211538461538547
2025-03-12,44300,141963,241710,코스메카코리아,0.05727923627684972
2025-03-13,45050,159932,241710,코스메카코리아,0.016930022573363512
2025-03-14,44450,155269,241710,코스메카코리아,-0.013318534961154316
2025-03-17,44000,60181,241710,코스메카코리아,-0.010123734533183382
2025-03-18,44250,58572,241710,코스메카코리아,0.005681818181818121
2025-03-19,43500,64915,241710,코스메카코리아,-0.016949152542372836
2025-03-20,45150,125068,241710,코스메카코리아,0.037931034482758585
2025-03-21,46100,161278,241710,코스메카코리아,0.021040974529346723
2025-03-24,46100,89292,241710,코스메카코리아,0.0
2025-03-25,44600,44326,241710,코스메카코리아,-0.03253796095444683
2025-03-26,44600,45659,241710,코스메카코리아,0.0
2025-03-27,46150,98803,241710,코스메카코리아,0.034753363228699596
2025-03-28,46500,122406,241710,코스메카코리아,0.007583965330444142
2025-03-31,45500,52920,241710,코스메카코리아,-0.021505376344086002
2025-04-01,47700,134698,241710,코스메카코리아,0.0483516483516484
2025-04-02,49150,214990,241710,코스메카코리아,0.03039832285115307
2025-04-03,48450,147872,241710,코스메카코리아,-0.014242115971515812
2025-04-04,48800,157047,241710,코스메카코리아,0.007223942208462342
2025-04-07,42500,182501,241710,코스메카코리아,-0.12909836065573765
2025-04-08,42950,55900,241710,코스메카코리아,0.010588235294117565
2025-04-09,40450,108541,241710,코스메카코리아,-0.05820721769499415
2025-04-10,44200,147813,241710,코스메카코리아,0.09270704573547595
2025-04-11,45200,57995,241710,코스메카코리아,0.02262443438914019
2025-04-14,46050,47341,241710,코스메카코리아,0.01880530973451333
2025-04-15,46150,42734,241710,코스메카코리아,0.0021715526601520097
2025-04-16,47450,113477,241710,코스메카코리아,0.028169014084507005
2025-04-17,49400,131222,241710,코스메카코리아,0.041095890410958846
2025-04-18,48700,71428,241710,코스메카코리아,-0.014170040485829927
2025-04-21,47700,50019,241710,코스메카코리아,-0.02053388090349073
2025-04-22,47900,84864,241710,코스메카코리아,0.004192872117400492
2025-04-23,47100,76763,241710,코스메카코리아,-0.01670146137787054
2025-04-24,46700,87679,241710,코스메카코리아,-0.00849256900212314
2025-04-25,43750,154048,241710,코스메카코리아,-0.06316916488222701
2025-04-28,43300,111521,241710,코스메카코리아,-0.010285714285714231
2025-04-29,44300,90387,241710,코스메카코리아,0.023094688221708903
2025-04-30,43250,83773,241710,코스메카코리아,-0.023702031602708784
2025-05-02,43850,93090,241710,코스메카코리아,0.01387283236994219
2025-05-07,43500,98123,241710,코스메카코리아,-0.007981755986317007
2025-05-08,45850,249673,241710,코스메카코리아,0.05402298850574705
2025-05-09,46550,271728,241710,코스메카코리아,0.01526717557251911
2025-05-12,43950,261899,241710,코스메카코리아,-0.055853920515574695
2025-05-13,43750,183088,241710,코스메카코리아,-0.004550625711035261
2025-05-14,44150,109424,241710,코스메카코리아,0.00914285714285712
2025-05-15,43650,138094,241710,코스메카코리아,-0.011325028312570762
2025-05-16,42250,86775,241710,코스메카코리아,-0.032073310423825885
2025-05-19,40800,116548,241710,코스메카코리아,-0.03431952662721893
2025-05-20,42200,98143,241710,코스메카코리아,0.03431372549019618
2025-05-21,44550,152327,241710,코스메카코리아,0.0556872037914693
2025-05-22,49550,550941,241710,코스메카코리아,0.11223344556677883
2025-05-23,53500,403460,241710,코스메카코리아,0.07971745711402622
2025-05-26,51700,215959,241710,코스메카코리아,-0.03364485981308407
2025-05-27,52800,136809,241710,코스메카코리아,0.02127659574468077
2025-05-28,51300,152943,241710,코스메카코리아,-0.02840909090909094
2025-05-29,50500,103868,241710,코스메카코리아,-0.015594541910331383
2025-05-30,50300,92166,241710,코스메카코리아,-0.003960396039603964
2025-06-02,52900,213731,241710,코스메카코리아,0.05168986083499005
2025-06-04,52200,107547,241710,코스메카코리아,-0.013232514177693777
2025-06-05,51200,110397,241710,코스메카코리아,-0.019157088122605415
2025-06-09,51300,78611,241710,코스메카코리아,0.001953125
2025-06-10,51800,92052,241710,코스메카코리아,0.00974658869395717
2025-06-11,55100,180194,241710,코스메카코리아,0.06370656370656369
2025-06-12,56100,175752,241710,코스메카코리아,0.01814882032667886
2025-06-13,54800,261097,241710,코스메카코리아,-0.02317290552584672
2025-06-16,54100,81004,241710,코스메카코리아,-0.012773722627737238
2025-06-17,57000,173717,241710,코스메카코리아,0.05360443622920519
2025-06-18,60000,180407,241710,코스메카코리아,0.05263157894736836
2025-06-19,59200,138804,241710,코스메카코리아,-0.013333333333333308
2025-06-20,61800,178867,241710,코스메카코리아,0.04391891891891886
2025-06-23,63400,166445,241710,코스메카코리아,0.025889967637540368
2025-06-24,61500,161375,241710,코스메카코리아,-0.029968454258675115
2025-06-25,60900,87021,241710,코스메카코리아,-0.009756097560975618
2025-06-26,58400,119752,241710,코스메카코리아,-0.04105090311986859
2025-06-27,58000,102504,241710,코스메카코리아,-0.006849315068493178
2025-06-30,60000,121389,241710,코스메카코리아,0.034482758620689724
2025-07-01,60500,79570,241710,코스메카코리아,0.008333333333333304
2025-07-02,61500,173271,241710,코스메카코리아,0.016528925619834656
2025-07-03,58600,167325,241710,코스메카코리아,-0.047154471544715415
2025-07-04,55800,99327,241710,코스메카코리아,-0.04778156996587035
2025-07-07,57200,71048,241710,코스메카코리아,0.02508960573476693
2025-07-08,60300,107563,241710,코스메카코리아,0.054195804195804165
2025-07-09,66000,276618,241710,코스메카코리아,0.0945273631840795
2025-07-10,66500,315175,241710,코스메카코리아,0.007575757575757569
2025-07-11,67200,178927,241710,코스메카코리아,0.010526315789473717
2025-07-14,70200,207666,241710,코스메카코리아,0.044642857142857206
2025-07-15,69200,98126,241710,코스메카코리아,-0.014245014245014231
2025-07-16,67700,89268,241710,코스메카코리아,-0.021676300578034713
2025-07-17,68400,63812,241710,코스메카코리아,0.010339734121122657
2025-07-18,67700,137545,241710,코스메카코리아,-0.010233918128654929
2025-07-21,67800,79623,241710,코스메카코리아,0.001477104874446189
2025-07-22,67100,64781,241710,코스메카코리아,-0.010324483775811188
2025-07-23,66500,47236,241710,코스메카코리아,-0.008941877794336861
2025-07-24,66100,53132,241710,코스메카코리아,-0.006015037593984918
2025-07-25,66700,60943,241710,코스메카코리아,0.00907715582450841
2025-07-28,65200,56219,241710,코스메카코리아,-0.022488755622188883
2025-07-29,67900,86388,241710,코스메카코리아,0.04141104294478537
2025-07-30,68000,61224,241710,코스메카코리아,0.0014727540500736325
2025-07-31,67500,76751,241710,코스메카코리아,-0.007352941176470562
2025-08-01,64700,59670,241710,코스메카코리아,-0.04148148148148145
2025-08-04,64100,48221,241710,코스메카코리아,-0.009273570324574987
2025-08-05,65800,49420,241710,코스메카코리아,0.026521060842433775
2025-08-06,66600,93337,241710,코스메카코리아,0.012158054711246091
2025-08-07,67400,43699,241710,코스메카코리아,0.012012012012011963
2025-08-08,67700,99393,241710,코스메카코리아,0.004451038575667754
2025-08-11,62500,188163,241710,코스메카코리아,-0.0768094534711965
2025-08-12,62100,271995,241710,코스메카코리아,-0.006399999999999961
2025-08-13,59100,228244,241710,코스메카코리아,-0.048309178743961345
2025-08-14,62500,141692,241710,코스메카코리아,0.05752961082910324
2025-08-18,62000,66803,241710,코스메카코리아,-0.008000000000000007
2025-08-19,61500,37874,241710,코스메카코리아,-0.008064516129032251
2025-08-20,62200,56601,241710,코스메카코리아,0.011382113821138296
2025-08-21,63500,58810,241710,코스메카코리아,0.020900321543408262
2025-08-22,62800,64905,241710,코스메카코리아,-0.011023622047244053
2025-08-25,63500,48718,241710,코스메카코리아,0.011146496815286566
2025-08-26,62700,43354,241710,코스메카코리아,-0.012598425196850394
2025-08-27,62200,30053,241710,코스메카코리아,-0.00797448165869219
2025-08-28,63100,47324,241710,코스메카코리아,0.014469453376205754
2025-08-29,62300,37269,241710,코스메카코리아,-0.01267828843106178
2025-09-01,60800,42881,241710,코스메카코리아,-0.024077046548956704
2025-09-02,58600,164639,241710,코스메카코리아,-0.03618421052631582
2025-09-03,58500,70503,241710,코스메카코리아,-0.0017064846416382506
2025-09-04,60200,83423,241710,코스메카코리아,0.029059829059828957
2025-09-05,58400,64555,241710,코스메카코리아,-0.029900332225913595
2025-09-08,60100,45333,241710,코스메카코리아,0.02910958904109595
2025-09-09,65700,257663,241710,코스메카코리아,0.09317803660565716
2025-09-10,65700,80113,241710,코스메카코리아,0.0
2025-09-11,65600,89691,241710,코스메카코리아,-0.0015220700152207556
2025-09-12,66200,77184,241710,코스메카코리아,0.009146341463414531
2025-09-15,64600,110399,241710,코스메카코리아,-0.024169184290030232
2025-09-16,63700,67144,241710,코스메카코리아,-0.01393188854489169
2025-09-17,64400,39231,241710,코스메카코리아,0.01098901098901095
2025-09-18,68000,112090,241710,코스메카코리아,0.05590062111801242
2025-09-19,66700,51520,241710,코스메카코리아,-0.019117647058823573
2025-09-22,70000,136379,241710,코스메카코리아,0.0494752623688155
2025-09-23,69500,83887,241710,코스메카코리아,-0.0071428571428571175
2025-09-24,69400,59239,241710,코스메카코리아,-0.0014388489208633226
2025-09-25,68200,70086,241710,코스메카코리아,-0.01729106628242072
2025-09-26,69500,106137,241710,코스메카코리아,0.019061583577712593
2025-09-29,74400,178264,241710,코스메카코리아,0.07050359712230225
2025-09-30,73200,93083,241710,코스메카코리아,-0.016129032258064502
2025-10-01,72400,49285,241710,코스메카코리아,-0.010928961748633892
2025-10-02,72200,74560,241710,코스메카코리아,-0.002762430939226568
2025-10-10,67800,130762,241710,코스메카코리아,-0.06094182825484762
2025-10-13,66200,56697,241710,코스메카코리아,-0.02359882005899705
2025-10-14,61500,151667,241710,코스메카코리아,-0.07099697885196377
2025-10-15,65500,118453,241710,코스메카코리아,0.06504065040650397
2025-10-16,65300,91673,241710,코스메카코리아,-0.003053435114503844
2025-10-17,63600,36764,241710,코스메카코리아,-0.026033690658499253
2025-10-20,67200,90439,241710,코스메카코리아,0.05660377358490565
2025-10-21,66700,84006,241710,코스메카코리아,-0.007440476190476164
2025-10-22,70500,123829,241710,코스메카코리아,0.05697151424287861
2025-10-23,69900,60496,241710,코스메카코리아,-0.008510638297872353
2025-10-24,67900,41719,241710,코스메카코리아,-0.028612303290414864
2025-10-27,68600,54603,241710,코스메카코리아,0.010309278350515427
2025-10-28,67600,94631,241710,코스메카코리아,-0.014577259475218707
2025-10-29,65300,110598,241710,코스메카코리아,-0.03402366863905326
2025-10-30,66800,84822,241710,코스메카코리아,0.02297090352220521
2025-10-31,66100,52594,241710,코스메카코리아,-0.010479041916167664
2025-11-03,66900,44360,241710,코스메카코리아,0.012102874432677657
2025-11-04,66600,57786,241710,코스메카코리아,-0.004484304932735439
2025-11-05,69300,113571,241710,코스메카코리아,0.04054054054054057
2025-11-06,67800,126107,241710,코스메카코리아,-0.02164502164502169
2025-11-07,76900,621552,241710,코스메카코리아,0.13421828908554567
2025-11-10,76300,207536,241710,코스메카코리아,-0.007802340702210642
2025-11-11,71700,209775,241710,코스메카코리아,-0.0602883355176933
2025-11-12,75100,117681,241710,코스메카코리아,0.04741980474198049
2025-11-13,72700,98174,241710,코스메카코리아,-0.031957390146471365
2025-11-14,70700,53753,241710,코스메카코리아,-0.02751031636863821
2025-11-17,70700,43657,241710,코스메카코리아,0.0
2025-11-18,68600,48656,241710,코스메카코리아,-0.02970297029702973
2025-11-19,71300,111193,241710,코스메카코리아,0.039358600583090375
2025-11-20,72300,67826,241710,코스메카코리아,0.014025245441795287
2025-11-21,72300,72966,241710,코스메카코리아,0.0
2025-11-24,71100,44884,241710,코스메카코리아,-0.016597510373444035
2025-11-25,70700,41003,241710,코스메카코리아,-0.005625879043600568
2025-11-26,70300,35719,241710,코스메카코리아,-0.005657708628005631
2025-11-27,70200,47751,241710,코스메카코리아,-0.0014224751066855834
2025-11-28,75500,92167,241710,코스메카코리아,0.07549857549857553
2025-12-01,69500,151334,241710,코스메카코리아,-0.07947019867549665
2025-12-02,70300,60573,241710,코스메카코리아,0.011510791366906581
2025-12-03,69300,54044,241710,코스메카코리아,-0.014224751066856278
2025-12-04,67700,62079,241710,코스메카코리아,-0.023088023088023046
2025-12-05,67900,130571,241710,코스메카코리아,0.002954209748892156
2025-12-08,71200,114922,241710,코스메카코리아,0.048600883652430094
2025-12-09,70000,43903,241710,코스메카코리아,-0.016853932584269704
2025-12-10,70100,45571,241710,코스메카코리아,0.0014285714285713347
2025-12-11,68000,82805,241710,코스메카코리아,-0.029957203994293913
2025-12-12,67500,36307,241710,코스메카코리아,-0.007352941176470562
2025-12-15,66200,72003,241710,코스메카코리아,-0.01925925925925931
2025-12-16,71400,175277,241710,코스메카코리아,0.0785498489425982
2025-12-17,71600,68291,241710,코스메카코리아,0.0028011204481792618
2025-12-18,72400,84450,241710,코스메카코리아,0.011173184357541999
2025-12-19,70900,54063,241710,코스메카코리아,-0.02071823204419887
2025-12-22,69300,60320,241710,코스메카코리아,-0.02256699576868826
2025-12-23,68300,67206,241710,코스메카코리아,-0.01443001443001446
2025-12-24,67200,54373,241710,코스메카코리아,-0.016105417276720324
2025-12-26,65000,71456,241710,코스메카코리아,-0.03273809523809523
2025-12-29,67600,51236,241710,코스메카코리아,0.040000000000000036
2025-12-30,66600,26946,241710,코스메카코리아,-0.014792899408283988
2026-01-02,70000,110530,241710,코스메카코리아,0.05105105105105112
2026-01-05,70400,71951,241710,코스메카코리아,0.005714285714285783
2026-01-06,67900,70218,241710,코스메카코리아,-0.035511363636363646
2026-01-07,66100,183448,241710,코스메카코리아,-0.026509572901325495
2026-01-08,65900,86014,241710,코스메카코리아,-0.00302571860816947
2026-01-09,70000,165062,241710,코스메카코리아,0.06221547799696503
2026-01-12,68500,41117,241710,코스메카코리아,-0.021428571428571463
2026-01-13,67700,66745,241710,코스메카코리아,-0.011678832116788329
2026-01-14,68300,94652,241710,코스메카코리아,0.008862629246676468
2026-01-15,67000,82456,241710,코스메카코리아,-0.019033674963396807
2026-01-16,66700,82397,241710,코스메카코리아,-0.004477611940298498
2026-01-19,65700,83804,241710,코스메카코리아,-0.014992503748125885
2026-01-20,71700,285353,241710,코스메카코리아,0.091324200913242
2026-01-21,73800,146146,241710,코스메카코리아,0.029288702928870203
2026-01-22,81200,310739,241710,코스메카코리아,0.10027100271002709
2026-01-23,81100,106982,241710,코스메카코리아,-0.0012315270935960854
2026-01-26,81400,164015,241710,코스메카코리아,0.0036991368680641123
2026-01-27,83600,173759,241710,코스메카코리아,0.027027027027026973
2026-01-28,86600,156279,241710,코스메카코리아,0.03588516746411474
2026-01-29,91800,272478,241710,코스메카코리아,0.06004618937644346
2026-01-30,96400,232782,241710,코스메카코리아,0.050108932461873534
2026-02-02,99400,254476,241710,코스메카코리아,0.03112033195020736
2026-02-03,103000,175167,241710,코스메카코리아,0.03621730382293764
2026-02-04,98100,165040,241710,코스메카코리아,-0.04757281553398063
2026-02-05,99200,119108,241710,코스메카코리아,0.011213047910295648
2026-02-06,96500,77406,241710,코스메카코리아,-0.027217741935483875
2026-02-09,100100,79983,241710,코스메카코리아,0.03730569948186524
2026-02-10,100100,72381,241710,코스메카코리아,0.0
2026-02-11,100500,36937,241710,코스메카코리아,0.003996003996004083
2026-02-12,99500,64102,241710,코스메카코리아,-0.00995024875621886
2026-02-13,99900,72154,241710,코스메카코리아,0.004020100502512669
2026-02-19,99900,114734,241710,코스메카코리아,0.0
2026-02-20,101400,61332,241710,코스메카코리아,0.01501501501501501
2026-02-23,83500,647863,241710,코스메카코리아,-0.1765285996055227
2026-02-24,84400,225614,241710,코스메카코리아,0.010778443113772518
2026-02-25,84800,109019,241710,코스메카코리아,0.004739336492890933
2026-02-26,84400,116791,241710,코스메카코리아,-0.004716981132075526
2026-02-27,84500,102948,241710,코스메카코리아,0.0011848341232227888
2026-03-03,77600,147542,241710,코스메카코리아,-0.08165680473372783
2026-03-04,70800,139647,241710,코스메카코리아,-0.08762886597938147
2026-03-05,73600,126800,241710,코스메카코리아,0.039548022598870025
2026-03-06,76600,107096,241710,코스메카코리아,0.040760869565217295
2026-03-09,72700,51130,241710,코스메카코리아,-0.050913838120104415
2026-03-10,74000,61326,241710,코스메카코리아,0.017881705639614776
2026-03-11,71300,126183,241710,코스메카코리아,-0.03648648648648645
2026-03-12,70500,83746,241710,코스메카코리아,-0.011220196353436185
2026-03-13,72800,100240,241710,코스메카코리아,0.03262411347517724
2026-03-16,71700,50393,241710,코스메카코리아,-0.015109890109890056
2026-03-17,73300,106119,241710,코스메카코리아,0.02231520223152028
2026-03-18,75100,121252,241710,코스메카코리아,0.024556616643929052
2026-03-19,73800,48524,241710,코스메카코리아,-0.017310252996005304
2026-03-20,76800,128189,241710,코스메카코리아,0.04065040650406515
2026-03-23,77300,160390,241710,코스메카코리아,0.006510416666666741
2026-03-24,80600,126408,241710,코스메카코리아,0.04269081500646821
2026-03-25,80300,64607,241710,코스메카코리아,-0.003722084367245637
2026-03-26,77800,81002,241710,코스메카코리아,-0.031133250311332517
2026-03-27,84600,147554,241710,코스메카코리아,0.08740359897172234
2026-03-30,80800,69764,241710,코스메카코리아,-0.044917257683215084
2026-03-31,79700,78487,241710,코스메카코리아,-0.013613861386138626
2026-04-01,80300,73516,241710,코스메카코리아,0.007528230865746499
2026-04-02,77800,84938,241710,코스메카코리아,-0.031133250311332517
2026-04-03,76700,35881,241710,코스메카코리아,-0.014138817480719768
2026-04-06,74400,74599,241710,코스메카코리아,-0.029986962190352018
2026-04-07,72700,71484,241710,코스메카코리아,-0.022849462365591378
2026-04-08,75200,81364,241710,코스메카코리아,0.0343878954607979
2026-04-09,78200,94331,241710,코스메카코리아,0.039893617021276695
2026-04-10,79300,89668,241710,코스메카코리아,0.01406649616368294
2026-04-13,84600,105664,241710,코스메카코리아,0.06683480453972268
2026-04-14,82800,65301,241710,코스메카코리아,-0.021276595744680882
2026-04-15,84300,60677,241710,코스메카코리아,0.018115942028985588
2026-04-16,84200,30991,241710,코스메카코리아,-0.0011862396204033177
2026-04-17,84900,46131,241710,코스메카코리아,0.008313539192398967
2026-04-20,85300,75465,241710,코스메카코리아,0.004711425206124886
2026-04-21,84900,70331,241710,코스메카코리아,-0.004689331770222793
2026-04-22,85500,103865,241710,코스메카코리아,0.007067137809187329
2026-04-23,84900,80012,241710,코스메카코리아,-0.007017543859649145
2026-04-24,86000,79029,241710,코스메카코리아,0.012956419316843437
2026-04-27,86800,64815,241710,코스메카코리아,0.009302325581395321
2026-04-28,85300,92867,241710,코스메카코리아,-0.017281105990783363
2026-04-29,84300,73005,241710,코스메카코리아,-0.011723329425556872
2026-04-30,81000,94921,241710,코스메카코리아,-0.039145907473309594
2026-05-04,79400,59017,241710,코스메카코리아,-0.01975308641975304
2026-05-06,76900,104095,241710,코스메카코리아,-0.03148614609571787
2026-05-07,76600,39688,241710,코스메카코리아,-0.0039011703511053764
2026-05-08,76800,76947,241710,코스메카코리아,0.0026109660574411553
2026-05-11,85500,157521,241710,코스메카코리아,0.11328125
2026-05-12,91200,206554,241710,코스메카코리아,0.06666666666666665
2026-05-13,85900,76320,241710,코스메카코리아,-0.058114035087719285
2026-05-14,86700,77874,241710,코스메카코리아,0.0093131548311991
2026-05-15,85300,47550,241710,코스메카코리아,-0.016147635524798143
2026-05-18,78500,62793,241710,코스메카코리아,-0.0797186400937866
2026-05-19,75100,52921,241710,코스메카코리아,-0.043312101910828016
2026-05-20,72600,48970,241710,코스메카코리아,-0.03328894806924099
2026-05-21,72800,84905,241710,코스메카코리아,0.0027548209366390353
2026-05-22,75300,89300,241710,코스메카코리아,0.03434065934065944
2026-05-26,74500,62939,241710,코스메카코리아,-0.010624169986719778
2026-05-27,68700,145586,241710,코스메카코리아,-0.07785234899328863
2026-05-28,70600,87754,241710,코스메카코리아,0.02765647743813693
2026-05-29,71400,91766,241710,코스메카코리아,0.011331444759206777
2026-06-01,71700,87660,241710,코스메카코리아,0.004201680672268893
2026-06-02,70100,63137,241710,코스메카코리아,-0.02231520223152017
2026-06-04,72200,94969,241710,코스메카코리아,0.029957203994293913
2026-06-05,70200,57624,241710,코스메카코리아,-0.027700831024930705
2026-06-08,67100,86940,241710,코스메카코리아,-0.04415954415954415
2026-06-09,69200,55512,241710,코스메카코리아,0.03129657228017879
2026-06-10,70000,46675,241710,코스메카코리아,0.011560693641618602
2026-06-11,70400,88656,241710,코스메카코리아,0.005714285714285783
2026-06-12,68800,42511,241710,코스메카코리아,-0.022727272727272707
2026-06-15,70800,22860,241710,코스메카코리아,0.029069767441860517
2026-06-16,67800,75346,241710,코스메카코리아,-0.0423728813559322
2026-06-17,70100,123069,241710,코스메카코리아,0.03392330383480835
2026-06-18,69000,64444,241710,코스메카코리아,-0.015691868758915817
2026-06-19,64700,123153,241710,코스메카코리아,-0.062318840579710155
2026-06-22,66400,60222,241710,코스메카코리아,0.026275115919629055
2026-06-23,65200,68542,241710,코스메카코리아,-0.01807228915662651
2026-06-24,66700,37846,241710,코스메카코리아,0.02300613496932513
2026-06-25,63900,79223,241710,코스메카코리아,-0.04197901049475261
2026-06-26,66100,124856,241710,코스메카코리아,0.03442879499217533
2026-06-29,71100,84533,241710,코스메카코리아,0.07564296520423608
2026-06-30,69000,42475,241710,코스메카코리아,-0.029535864978902926
2026-07-01,80600,159674,241710,코스메카코리아,0.1681159420289855
2026-07-02,84300,229608,241710,코스메카코리아,0.04590570719602982
2026-07-03,82200,110078,241710,코스메카코리아,-0.02491103202846978
2026-07-06,82600,67803,241710,코스메카코리아,0.0048661800486617945
2026-07-07,84400,161464,241710,코스메카코리아,0.021791767554479424
2026-07-08,80400,72416,241710,코스메카코리아,-0.04739336492891
2026-07-09,85500,88941,241710,코스메카코리아,0.06343283582089554
2026-07-10,83000,65181,241710,코스메카코리아,-0.0292397660818714
2026-07-13,88700,198213,241710,코스메카코리아,0.06867469879518073
2026-07-14,82100,103093,241710,코스메카코리아,-0.07440811724915442
2026-07-15,82100,75710,241710,코스메카코리아,0.0
2026-07-16,84800,77178,241710,코스메카코리아,0.032886723507917104
2026-07-20,77500,84693,241710,코스메카코리아,-0.08608490566037741
2026-07-21,81000,97139,241710,코스메카코리아,0.04516129032258065
2026-07-22,76400,101063,241710,코스메카코리아,-0.05679012345679013
2026-07-23,83400,92208,241710,코스메카코리아,0.09162303664921456
2026-07-24,80700,42765,241710,코스메카코리아,-0.03237410071942448
2026-07-27,86500,94350,241710,코스메카코리아,0.07187112763320935
2026-07-28,83200,68448,241710,코스메카코리아,-0.03815028901734108
2026-07-29,82400,116090,241710,코스메카코리아,-0.009615384615384581
2026-07-30,80000,87462,241710,코스메카코리아,-0.029126213592232997
2026-07-31,78800,154617,241710,코스메카코리아,-0.015000000000000013
2026-08-03,79400,63639,241710,코스메카코리아,0.0076142131979695105
2026-08-04,86000,92892,241710,코스메카코리아,0.08312342569269515
2026-08-05,86600,57113,241710,코스메카코리아,0.006976744186046435
2026-08-06,95900,159341,241710,코스메카코리아,0.10739030023094687
2026-08-07,95900,112035,241710,코스메카코리아,0.0
2026-08-10,95000,93917,241710,코스메카코리아,-0.009384775808133461
2026-08-11,109400,801610,241710,코스메카코리아,0.15157894736842104
2026-08-12,123400,718752,241710,코스메카코리아,0.12797074954296161
2026-08-13,124500,430751,241710,코스메카코리아,0.008914100486223653
2026-08-14,127200,244681,241710,코스메카코리아,0.02168674698795181
2026-08-18,122900,189088,241710,코스메카코리아,-0.0338050314465409
2026-08-19,123600,101728,241710,코스메카코리아,0.005695687550854256
2026-08-20,137200,176449,241710,코스메카코리아,0.11003236245954695
2026-08-21,135800,125011,241710,코스메카코리아,-0.010204081632653073
2021-09-29,4833,53396550,257720,실리콘투,
2021-09-30,4442,8618544,257720,실리콘투,-0.08090213118146083
2021-10-01,3967,5550804,257720,실리콘투,-0.10693381359747867
2021-10-05,3708,3491112,257720,실리콘투,-0.06528863120746153
2021-10-06,3425,3580272,257720,실리콘투,-0.07632146709816612
2021-10-07,3433,1936656,257720,실리콘투,0.0023357664233576436
2021-10-08,3283,2080674,257720,실리콘투,-0.043693562481794346
2021-10-12,3183,1094142,257720,실리콘투,-0.030459945172098712
2021-10-13,3183,1735356,257720,실리콘투,0.0
2021-10-14,3350,1168314,257720,실리콘투,0.05246622683003466
2021-10-15,3333,908400,257720,실리콘투,-0.0050746268656716165
2021-10-18,3342,811272,257720,실리콘투,0.0027002700270026825
2021-10-19,3667,3903966,257720,실리콘투,0.09724715739078404
2021-10-20,3567,1475832,257720,실리콘투,-0.02727024815925827
2021-10-21,3700,10665378,257720,실리콘투,0.03728623493131478
2021-10-22,3767,2545566,257720,실리콘투,0.018108108108108034
2021-10-25,3600,1301238,257720,실리콘투,-0.04433235996814444
2021-10-26,3558,737328,257720,실리콘투,-0.011666666666666714
2021-10-27,3400,1060632,257720,실리콘투,-0.04440697020798201
2021-10-28,3392,515556,257720,실리콘투,-0.0023529411764705577
2021-10-29,3258,1160238,257720,실리콘투,-0.039504716981132115
2021-11-01,3267,550704,257720,실리콘투,0.0027624309392264568
2021-11-02,3375,678354,257720,실리콘투,0.03305785123966931
2021-11-03,3267,674436,257720,실리콘투,-0.03200000000000003
2021-11-04,3192,491634,257720,실리콘투,-0.022956841138659367
2021-11-05,3117,612420,257720,실리콘투,-0.023496240601503793
2021-11-08,3058,413088,257720,실리콘투,-0.018928456849534814
2021-11-09,3200,623106,257720,실리콘투,0.04643557880967952
2021-11-10,3125,307200,257720,실리콘투,-0.0234375
2021-11-11,3133,310428,257720,실리콘투,0.0025599999999998957
2021-11-12,3133,472836,257720,실리콘투,0.0
2021-11-15,3192,292656,257720,실리콘투,0.018831790616022914
2021-11-16,3417,1978698,257720,실리콘투,0.07048872180451138
2021-11-17,3467,2320746,257720,실리콘투,0.014632718759145513
2021-11-18,3300,677034,257720,실리콘투,-0.0481684453417941
2021-11-19,3350,372078,257720,실리콘투,0.015151515151515138
2021-11-22,3283,433080,257720,실리콘투,-0.020000000000000018
2021-11-23,3408,690006,257720,실리콘투,0.03807493146512342
2021-11-24,3317,423144,257720,실리콘투,-0.026701877934272256
2021-11-25,3408,665598,257720,실리콘투,0.027434428700633173
2021-11-26,3342,1074120,257720,실리콘투,-0.01936619718309862
2021-11-29,3242,493350,257720,실리콘투,-0.029922202274087373
2021-11-30,3083,505302,257720,실리콘투,-0.04904380012338061
2021-12-01,3142,342414,257720,실리콘투,0.019137204022056542
2021-12-02,3167,235836,257720,실리콘투,0.007956715467854814
2021-12-03,3367,790020,257720,실리콘투,0.06315124723713295
2021-12-06,3500,1539744,257720,실리콘투,0.03950103950103956
2021-12-07,3383,923886,257720,실리콘투,-0.033428571428571474
2021-12-08,3367,535644,257720,실리콘투,-0.004729530002955951
2021-12-09,3392,675444,257720,실리콘투,0.007425007425007513
2021-12-10,3433,440676,257720,실리콘투,0.0120872641509433
2021-12-13,3375,385896,257720,실리콘투,-0.016894844159627165
2021-12-14,3283,484134,257720,실리콘투,-0.027259259259259205
2021-12-15,3317,324816,257720,실리콘투,0.010356381358513467
2021-12-16,3283,386424,257720,실리콘투,-0.010250226107928806
2021-12-17,3283,327954,257720,실리콘투,0.0
2021-12-20,3175,367308,257720,실리콘투,-0.032896740785866574
2021-12-21,3250,421350,257720,실리콘투,0.023622047244094446
2021-12-22,3242,211500,257720,실리콘투,-0.002461538461538515
2021-12-23,3233,149454,257720,실리콘투,-0.002776064157927194
2021-12-24,3208,170646,257720,실리콘투,-0.00773275595422207
2021-12-27,3217,186132,257720,실리콘투,0.002805486284289227
2021-12-28,3208,228444,257720,실리콘투,-0.002797637550512877
2021-12-29,3275,426978,257720,실리콘투,0.020885286783042467
2021-12-30,3217,219654,257720,실리콘투,-0.017709923664122162
2022-01-03,3233,147084,257720,실리콘투,0.004973577867578571
2022-01-04,3250,177378,257720,실리콘투,0.0052582740488709145
2022-01-05,3200,316026,257720,실리콘투,-0.01538461538461533
2022-01-06,3092,604470,257720,실리콘투,-0.03374999999999995
2022-01-07,3117,262530,257720,실리콘투,0.008085381630013044
2022-01-10,3100,254682,257720,실리콘투,-0.005453962143086355
2022-01-11,3067,244332,257720,실리콘투,-0.010645161290322558
2022-01-12,3117,162246,257720,실리콘투,0.01630257580697747
2022-01-13,3092,182310,257720,실리콘투,-0.008020532563362215
2022-01-14,3083,197688,257720,실리콘투,-0.002910737386804696
2022-01-17,3075,186084,257720,실리콘투,-0.00259487512163481
2022-01-18,3133,315558,257720,실리콘투,0.01886178861788612
2022-01-19,3175,319218,257720,실리콘투,0.013405681455473939
2022-01-20,3225,358188,257720,실리콘투,0.015748031496062964
2022-01-21,3150,400146,257720,실리콘투,-0.023255813953488413
2022-01-24,3067,341844,257720,실리콘투,-0.026349206349206344
2022-01-25,2975,382080,257720,실리콘투,-0.029996739484838608
2022-01-26,3033,149892,257720,실리콘투,0.019495798319327795
2022-01-27,2992,203580,257720,실리콘투,-0.013517969007583286
2022-01-28,3000,193926,257720,실리콘투,0.002673796791443861
2022-02-03,3025,146226,257720,실리콘투,0.008333333333333304
2022-02-04,3050,138930,257720,실리콘투,0.008264462809917328
2022-02-07,3083,196062,257720,실리콘투,0.01081967213114754
2022-02-08,3108,145932,257720,실리콘투,0.008108984755108573
2022-02-09,3117,114846,257720,실리콘투,0.0028957528957529455
2022-02-10,3050,158154,257720,실리콘투,-0.021495027269810674
2022-02-11,3000,153240,257720,실리콘투,-0.016393442622950838
2022-02-14,2867,179292,257720,실리콘투,-0.044333333333333336
2022-02-15,2867,111060,257720,실리콘투,0.0
2022-02-16,2950,162090,257720,실리콘투,0.028950122078827967
2022-02-17,3017,598482,257720,실리콘투,0.022711864406779636
2022-02-18,3158,933390,257720,실리콘투,0.04673516738481931
2022-02-21,3225,501432,257720,실리콘투,0.021215959468017687
2022-02-22,3067,413184,257720,실리콘투,-0.04899224806201552
2022-02-23,3033,245076,257720,실리콘투,-0.011085751548744693
2022-02-24,2917,1028658,257720,실리콘투,-0.03824596109462575
2022-02-25,2958,223830,257720,실리콘투,0.014055536510113154
2022-02-28,2942,104430,257720,실리콘투,-0.005409060175794456
2022-03-02,2983,127692,257720,실리콘투,0.013936097892589983
2022-03-03,3008,125652,257720,실리콘투,0.008380824673147824
2022-03-04,2975,128334,257720,실리콘투,-0.010970744680851019
2022-03-07,2883,265956,257720,실리콘투,-0.03092436974789914
2022-03-08,2825,195810,257720,실리콘투,-0.020117932708983655
2022-03-10,2858,98706,257720,실리콘투,0.011681415929203576
2022-03-11,2867,106704,257720,실리콘투,0.0031490552834150254
2022-03-14,2817,181236,257720,실리콘투,-0.017439832577607284
2022-03-15,2800,85116,257720,실리콘투,-0.006034788782392608
2022-03-16,2833,78642,257720,실리콘투,0.011785714285714288
2022-03-17,2925,171834,257720,실리콘투,0.03247440875397101
2022-03-18,2925,77274,257720,실리콘투,0.0
2022-03-21,2908,89490,257720,실리콘투,-0.005811965811965858
2022-03-22,2933,67242,257720,실리콘투,0.00859697386519942
2022-03-23,2967,148878,257720,실리콘투,0.011592226389362414
2022-03-24,2967,78810,257720,실리콘투,0.0
2022-03-25,2967,114576,257720,실리콘투,0.0
2022-03-28,2942,91308,257720,실리콘투,-0.008426019548365304
2022-03-29,2933,153564,257720,실리콘투,-0.00305914343983682
2022-03-30,3000,451380,257720,실리콘투,0.022843504943743653
2022-03-31,2992,329574,257720,실리콘투,-0.002666666666666706
2022-04-01,2983,367314,257720,실리콘투,-0.0030080213903743713
2022-04-04,3058,423900,257720,실리콘투,0.025142474019443473
2022-04-05,3017,199314,257720,실리콘투,-0.013407455853499006
2022-04-06,2975,251430,257720,실리콘투,-0.0139211136890951
2022-04-07,2983,593784,257720,실리콘투,0.0026890756302520025
2022-04-08,2992,126600,257720,실리콘투,0.0030170968823333144
2022-04-11,2983,136350,257720,실리콘투,-0.0030080213903743713
2022-04-12,2917,156768,257720,실리콘투,-0.02212537713711027
2022-04-13,2942,55704,257720,실리콘투,0.008570449091532373
2022-04-14,2925,85230,257720,실리콘투,-0.005778382053025166
2022-04-15,2992,312312,257720,실리콘투,0.022905982905983002
2022-04-18,2983,133506,257720,실리콘투,-0.0030080213903743713
2022-04-19,3017,261726,257720,실리콘투,0.011397921555481139
2022-04-20,3008,145050,257720,실리콘투,-0.0029830957905203626
2022-04-21,3017,164148,257720,실리콘투,0.002992021276595702
2022-04-22,2958,282606,257720,실리콘투,-0.019555850182300327
2022-04-25,2867,231324,257720,실리콘투,-0.030764029749830946
2022-04-26,2850,196728,257720,실리콘투,-0.00592954307638649
2022-04-27,2800,263256,257720,실리콘투,-0.01754385964912286
2022-04-28,2842,186642,257720,실리콘투,0.014999999999999902
2022-04-29,2958,385482,257720,실리콘투,0.04081632653061229
2022-05-02,2967,60630,257720,실리콘투,0.0030425963488844854
2022-05-03,2925,94734,257720,실리콘투,-0.014155712841253831
2022-05-04,2858,157164,257720,실리콘투,-0.02290598290598289
2022-05-06,2808,161778,257720,실리콘투,-0.017494751574527623
2022-05-09,2783,129582,257720,실리콘투,-0.008903133903133909
2022-05-10,2692,296148,257720,실리콘투,-0.032698526769673
2022-05-11,2667,191064,257720,실리콘투,-0.00928677563150071
2022-05-12,2483,367296,257720,실리콘투,-0.06899137607799022
2022-05-13,2500,459678,257720,실리콘투,0.006846556584776398
2022-05-16,2492,155934,257720,실리콘투,-0.0031999999999999806
2022-05-17,2492,84612,257720,실리콘투,0.0
2022-05-18,2567,243906,257720,실리콘투,0.030096308186195797
2022-05-19,2533,67578,257720,실리콘투,-0.013245033112582738
2022-05-20,2600,79056,257720,실리콘투,0.0264508487958941
2022-05-23,2592,75264,257720,실리콘투,-0.003076923076923088
2022-05-24,2517,141012,257720,실리콘투,-0.02893518518518523
2022-05-25,2467,195132,257720,실리콘투,-0.019864918553833877
2022-05-26,2475,71184,257720,실리콘투,0.0032428050263477726
2022-05-27,2475,59010,257720,실리콘투,0.0
2022-05-30,2508,50364,257720,실리콘투,0.01333333333333342
2022-05-31,2533,81960,257720,실리콘투,0.009968102073365293
2022-06-02,2525,69684,257720,실리콘투,-0.0031583103039873883
2022-06-03,2592,189180,257720,실리콘투,0.026534653465346558
2022-06-07,2558,148548,257720,실리콘투,-0.013117283950617287
2022-06-08,2567,53652,257720,실리콘투,0.0035183737294761652
2022-06-09,2508,89250,257720,실리콘투,-0.02298402804830546
2022-06-10,2500,73902,257720,실리콘투,-0.0031897926634768536
2022-06-13,2350,292446,257720,실리콘투,-0.06000000000000005
2022-06-14,2258,256266,257720,실리콘투,-0.039148936170212756
2022-06-15,2117,453810,257720,실리콘투,-0.06244464127546501
2022-06-16,2158,164946,257720,실리콘투,0.01936702881435992
2022-06-17,2175,204894,257720,실리콘투,0.00787766450417049
2022-06-20,2025,303852,257720,실리콘투,-0.06896551724137934
2022-06-21,2625,2306364,257720,실리콘투,0.2962962962962963
2022-06-22,2775,14790516,257720,실리콘투,0.05714285714285716
2022-06-23,2517,2123310,257720,실리콘투,-0.09297297297297302
2022-06-24,3267,16867614,257720,실리콘투,0.29797377830750893
2022-06-27,3292,9125550,257720,실리콘투,0.0076522803795531225
2022-06-28,3358,15510450,257720,실리콘투,0.02004860267314701
2022-06-29,3508,11270154,257720,실리콘투,0.04466944609886836
2022-06-30,4467,24997674,257720,실리콘투,0.27337514253135686
2022-07-01,4000,21188490,257720,실리콘투,-0.10454443698231475
2022-07-04,4250,13290138,257720,실리콘투,0.0625
2022-07-05,4383,8121312,257720,실리콘투,0.03129411764705892
2022-07-06,4508,9924876,257720,실리콘투,0.028519279032626077
2022-07-07,4267,4900674,257720,실리콘투,-0.053460514640638834
2022-07-08,4425,4571604,257720,실리콘투,0.03702835715959685
2022-07-11,4450,3810540,257720,실리콘투,0.005649717514124353
2022-07-12,4233,3505656,257720,실리콘투,-0.04876404494382025
2022-07-13,4075,7991304,257720,실리콘투,-0.03732577368296719
2022-07-14,5290,525215,257720,실리콘투,0.29815950920245404
2022-07-15,6870,797098,257720,실리콘투,0.2986767485822306
2022-07-18,6870,0,257720,실리콘투,0.0
2022-07-19,5070,5584424,257720,실리콘투,-0.2620087336244541
2022-07-20,4995,2799273,257720,실리콘투,-0.014792899408283988
2022-07-21,4570,1324389,257720,실리콘투,-0.08508508508508505
2022-07-22,4405,1410489,257720,실리콘투,-0.03610503282275712
2022-07-25,4150,664979,257720,실리콘투,-0.05788876276957999
2022-07-26,4075,420017,257720,실리콘투,-0.01807228915662651
2022-07-27,3975,387868,257720,실리콘투,-0.024539877300613466
2022-07-28,3765,634235,257720,실리콘투,-0.05283018867924527
2022-07-29,3155,6661671,257720,실리콘투,-0.16201859229747673
2022-08-01,3040,1713635,257720,실리콘투,-0.03645007923930266
2022-08-02,2870,6245272,257720,실리콘투,-0.05592105263157898
2022-08-03,2880,2057618,257720,실리콘투,0.0034843205574912606
2022-08-04,2790,3769697,257720,실리콘투,-0.03125
2022-08-05,2770,1334004,257720,실리콘투,-0.007168458781361964
2022-08-08,2725,1661049,257720,실리콘투,-0.016245487364620947
2022-08-09,2735,1227786,257720,실리콘투,0.003669724770642091
2022-08-10,2635,1825894,257720,실리콘투,-0.03656307129798908
2022-08-11,2660,1661730,257720,실리콘투,0.009487666034155628
2022-08-12,2635,780118,257720,실리콘투,-0.009398496240601517
2022-08-16,2660,1004395,257720,실리콘투,0.009487666034155628
2022-08-17,2750,3638545,257720,실리콘투,0.03383458646616533
2022-08-18,2840,4973120,257720,실리콘투,0.032727272727272716
2022-08-19,2770,5823764,257720,실리콘투,-0.02464788732394363
2022-08-22,2655,1654082,257720,실리콘투,-0.041516245487364656
2022-08-23,2555,1306720,257720,실리콘투,-0.03766478342749524
2022-08-24,2535,948064,257720,실리콘투,-0.007827788649706457
2022-08-25,2610,871685,257720,실리콘투,0.029585798816567976
2022-08-26,2570,809614,257720,실리콘투,-0.01532567049808431
2022-08-29,2465,764391,257720,실리콘투,-0.040856031128404635
2022-08-30,2475,554880,257720,실리콘투,0.0040567951318457585
2022-08-31,2575,5709951,257720,실리콘투,0.04040404040404044
2022-09-01,2510,995860,257720,실리콘투,-0.025242718446601975
2022-09-02,2450,595530,257720,실리콘투,-0.0239043824701195
2022-09-05,2380,666397,257720,실리콘투,-0.02857142857142858
2022-09-06,2380,457785,257720,실리콘투,0.0
2022-09-07,2290,670748,257720,실리콘투,-0.037815126050420145
2022-09-08,2255,503166,257720,실리콘투,-0.015283842794759805
2022-09-13,2380,715553,257720,실리콘투,0.055432372505543226
2022-09-14,2340,542550,257720,실리콘투,-0.01680672268907568
2022-09-15,2295,371328,257720,실리콘투,-0.019230769230769273
2022-09-16,2240,466614,257720,실리콘투,-0.023965141612200425
2022-09-19,2165,564527,257720,실리콘투,-0.033482142857142905
2022-09-20,2215,409529,257720,실리콘투,0.023094688221708903
2022-09-21,2175,237052,257720,실리콘투,-0.018058690744920947
2022-09-22,2150,475382,257720,실리콘투,-0.011494252873563204
2022-09-23,2095,417881,257720,실리콘투,-0.025581395348837188
2022-09-26,2000,766657,257720,실리콘투,-0.04534606205250602
2022-09-27,2010,439981,257720,실리콘투,0.004999999999999893
2022-09-28,1930,657931,257720,실리콘투,-0.03980099502487566
2022-09-29,1915,411252,257720,실리콘투,-0.007772020725388629
2022-09-30,1910,283921,257720,실리콘투,-0.0026109660574412663
2022-10-04,1975,310595,257720,실리콘투,0.03403141361256545
2022-10-05,1900,425515,257720,실리콘투,-0.03797468354430378
2022-10-06,1965,380709,257720,실리콘투,0.03421052631578947
2022-10-07,1915,228995,257720,실리콘투,-0.025445292620865145
2022-10-11,1790,440431,257720,실리콘투,-0.06527415143603132
2022-10-12,1785,319726,257720,실리콘투,-0.0027932960893854997
2022-10-13,1715,492428,257720,실리콘투,-0.039215686274509776
2022-10-14,1800,515934,257720,실리콘투,0.04956268221574334
2022-10-17,1845,424737,257720,실리콘투,0.02499999999999991
2022-10-18,1860,308922,257720,실리콘투,0.008130081300812941
2022-10-19,1850,695091,257720,실리콘투,-0.005376344086021501
2022-10-20,1860,5891320,257720,실리콘투,0.00540540540540535
2022-10-21,1820,1046716,257720,실리콘투,-0.021505376344086002
2022-10-24,1890,1079270,257720,실리콘투,0.03846153846153855
2022-10-25,2455,29976527,257720,실리콘투,0.29894179894179884
2022-10-26,2455,24229308,257720,실리콘투,0.0
2022-10-27,2455,8378092,257720,실리콘투,0.0
2022-10-28,2320,17996661,257720,실리콘투,-0.05498981670061098
2022-10-31,2270,2495745,257720,실리콘투,-0.02155172413793105
2022-11-01,2250,2310760,257720,실리콘투,-0.008810572687224627
2022-11-02,2215,6617016,257720,실리콘투,-0.015555555555555545
2022-11-03,2190,1438916,257720,실리콘투,-0.011286681715575675
2022-11-04,2280,21037847,257720,실리콘투,0.041095890410958846
2022-11-07,2290,2071705,257720,실리콘투,0.004385964912280604
2022-11-08,2360,9359239,257720,실리콘투,0.03056768558951961
2022-11-09,2295,2368724,257720,실리콘투,-0.02754237288135597
2022-11-10,2210,1332157,257720,실리콘투,-0.03703703703703709
2022-11-11,2310,3044503,257720,실리콘투,0.045248868778280604
2022-11-14,2370,2214885,257720,실리콘투,0.025974025974025983
2022-11-15,2405,1549548,257720,실리콘투,0.014767932489451407
2022-11-16,2425,2398338,257720,실리콘투,0.008316008316008316
2022-11-17,2345,3042077,257720,실리콘투,-0.03298969072164948
2022-11-18,2385,4761371,257720,실리콘투,0.017057569296375252
2022-11-21,2300,1078781,257720,실리콘투,-0.03563941299790352
2022-11-22,2220,906865,257720,실리콘투,-0.034782608695652195
2022-11-23,2230,645068,257720,실리콘투,0.0045045045045044585
2022-11-24,2315,1274233,257720,실리콘투,0.03811659192825112
2022-11-25,2265,731043,257720,실리콘투,-0.021598272138228958
2022-11-28,2150,950016,257720,실리콘투,-0.050772626931567366
2022-11-29,2200,449322,257720,실리콘투,0.023255813953488413
2022-11-30,2190,346916,257720,실리콘투,-0.004545454545454519
2022-12-01,2260,754048,257720,실리콘투,0.03196347031963476
2022-12-02,2280,785000,257720,실리콘투,0.008849557522123908
2022-12-05,2390,2560340,257720,실리콘투,0.04824561403508776
2022-12-06,2330,5174621,257720,실리콘투,-0.025104602510460206
2022-12-07,2655,44076921,257720,실리콘투,0.13948497854077258
2022-12-08,2700,35472139,257720,실리콘투,0.016949152542372836
2022-12-09,2765,10688822,257720,실리콘투,0.024074074074074137
2022-12-12,2625,3530524,257720,실리콘투,-0.05063291139240511
2022-12-13,2540,2659068,257720,실리콘투,-0.0323809523809524
2022-12-14,2740,16060970,257720,실리콘투,0.07874015748031504
2022-12-15,2800,18361212,257720,실리콘투,0.021897810218978186
2022-12-16,3065,28947003,257720,실리콘투,0.09464285714285725
2022-12-19,2890,6510963,257720,실리콘투,-0.057096247960848334
2022-12-20,3180,77271156,257720,실리콘투,0.10034602076124566
2022-12-21,3220,12489039,257720,실리콘투,0.012578616352201255
2022-12-22,3285,25529881,257720,실리콘투,0.020186335403726607
2022-12-23,2875,6559518,257720,실리콘투,-0.1248097412480974
2022-12-26,2730,3644653,257720,실리콘투,-0.050434782608695605
2022-12-27,2750,10907433,257720,실리콘투,0.0073260073260073
2022-12-28,2550,6072940,257720,실리콘투,-0.07272727272727275
2022-12-29,2455,2895763,257720,실리콘투,-0.03725490196078429
2023-01-02,2400,1995209,257720,실리콘투,-0.022403258655804503
2023-01-03,2425,2707944,257720,실리콘투,0.01041666666666674
2023-01-04,2505,3703133,257720,실리콘투,0.03298969072164959
2023-01-05,2425,2305199,257720,실리콘투,-0.031936127744510934
2023-01-06,2510,2486569,257720,실리콘투,0.035051546391752675
2023-01-09,2585,4242127,257720,실리콘투,0.029880478087649376
2023-01-10,2540,2020630,257720,실리콘투,-0.01740812379110257
2023-01-11,2600,2323837,257720,실리콘투,0.023622047244094446
2023-01-12,2580,1528334,257720,실리콘투,-0.007692307692307665
2023-01-13,2555,1115203,257720,실리콘투,-0.009689922480620172
2023-01-16,2620,2955302,257720,실리콘투,0.02544031311154593
2023-01-17,2580,1999440,257720,실리콘투,-0.01526717557251911
2023-01-18,2560,1136254,257720,실리콘투,-0.007751937984496138
2023-01-19,2895,49712466,257720,실리콘투,0.130859375
2023-01-20,2930,13151672,257720,실리콘투,0.012089810017271052
2023-01-25,2975,6043110,257720,실리콘투,0.015358361774743923
2023-01-26,2965,15097812,257720,실리콘투,-0.003361344537815114
2023-01-27,3035,6421289,257720,실리콘투,0.02360876897133224
2023-01-30,2850,3728104,257720,실리콘투,-0.060955518945634224
2023-01-31,2830,2472402,257720,실리콘투,-0.007017543859649145
2023-02-01,2930,6482849,257720,실리콘투,0.035335689045936425
2023-02-02,3020,3914792,257720,실리콘투,0.030716723549488067
2023-02-03,3020,3176385,257720,실리콘투,0.0
2023-02-06,3310,29591598,257720,실리콘투,0.0960264900662251
2023-02-07,3285,6416005,257720,실리콘투,-0.007552870090634434
2023-02-08,3460,8304439,257720,실리콘투,0.05327245053272445
2023-02-09,3210,6534027,257720,실리콘투,-0.0722543352601156
2023-02-10,3240,17386630,257720,실리콘투,0.009345794392523255
2023-02-13,3100,3025556,257720,실리콘투,-0.043209876543209846
2023-02-14,3090,2091156,257720,실리콘투,-0.003225806451612856
2023-02-15,3295,15770877,257720,실리콘투,0.06634304207119746
2023-02-16,3385,14236036,257720,실리콘투,0.0273141122913505
2023-02-17,3190,3018289,257720,실리콘투,-0.057607090103397374
2023-02-20,3155,1523538,257720,실리콘투,-0.010971786833855801
2023-02-21,3320,5920386,257720,실리콘투,0.05229793977813002
2023-02-22,3170,2318743,257720,실리콘투,-0.04518072289156627
2023-02-23,3250,3349159,257720,실리콘투,0.025236593059936974
2023-02-24,3515,20764133,257720,실리콘투,0.08153846153846156
2023-02-27,3490,17376684,257720,실리콘투,-0.007112375533428139
2023-02-28,3820,47808524,257720,실리콘투,0.09455587392550147
2023-03-02,3800,7551785,257720,실리콘투,-0.005235602094240788
2023-03-03,3700,12363086,257720,실리콘투,-0.02631578947368418
2023-03-06,3615,3163614,257720,실리콘투,-0.02297297297297296
2023-03-07,3435,3153244,257720,실리콘투,-0.049792531120331995
2023-03-08,3645,34317932,257720,실리콘투,0.06113537117903922
2023-03-09,3470,4361730,257720,실리콘투,-0.0480109739368999
2023-03-10,3165,3156566,257720,실리콘투,-0.08789625360230546
2023-03-13,3195,4136434,257720,실리콘투,0.009478672985782088
2023-03-14,3000,1828399,257720,실리콘투,-0.06103286384976525
2023-03-15,3155,3260069,257720,실리콘투,0.05166666666666675
2023-03-16,3105,1430999,257720,실리콘투,-0.015847860538827252
2023-03-17,3240,1743216,257720,실리콘투,0.04347826086956519
2023-03-20,3270,2722579,257720,실리콘투,0.0092592592592593
2023-03-21,3285,1475861,257720,실리콘투,0.004587155963302836
2023-03-22,3185,1463900,257720,실리콘투,-0.030441400304414
2023-03-23,3105,1682506,257720,실리콘투,-0.025117739403453743
2023-03-24,3200,1504122,257720,실리콘투,0.03059581320450877
2023-03-27,3205,1444320,257720,실리콘투,0.0015624999999999112
2023-03-28,3200,973333,257720,실리콘투,-0.0015600624024960652
2023-03-29,3330,4295837,257720,실리콘투,0.04062499999999991
2023-03-30,3325,1328831,257720,실리콘투,-0.0015015015015015232
2023-03-31,3385,6324252,257720,실리콘투,0.018045112781954975
2023-04-03,3315,1491407,257720,실리콘투,-0.020679468242245203
2023-04-04,3230,1285754,257720,실리콘투,-0.02564102564102566
2023-04-05,3220,946978,257720,실리콘투,-0.003095975232198178
2023-04-06,3065,1662663,257720,실리콘투,-0.04813664596273293
2023-04-07,3045,856820,257720,실리콘투,-0.006525285481239762
2023-04-10,2945,1471859,257720,실리콘투,-0.03284072249589487
2023-04-11,2955,875870,257720,실리콘투,0.00339558573853993
2023-04-12,2920,911722,257720,실리콘투,-0.011844331641285955
2023-04-13,2880,947940,257720,실리콘투,-0.013698630136986356
2023-04-14,2915,948646,257720,실리콘투,0.012152777777777679
2023-04-17,2880,627221,257720,실리콘투,-0.012006861063464824
2023-04-18,3350,13071985,257720,실리콘투,0.16319444444444442
2023-04-19,3555,17753171,257720,실리콘투,0.06119402985074629
2023-04-20,3450,3148837,257720,실리콘투,-0.029535864978902926
2023-04-21,3365,4235899,257720,실리콘투,-0.024637681159420333
2023-04-24,3275,1795289,257720,실리콘투,-0.026745913818722156
2023-04-25,3325,1757006,257720,실리콘투,0.01526717557251911
2023-04-26,3255,1209892,257720,실리콘투,-0.021052631578947323
2023-04-27,3215,1157971,257720,실리콘투,-0.01228878648233489
2023-04-28,3150,1063780,257720,실리콘투,-0.02021772939346811
2023-05-02,3240,835947,257720,실리콘투,0.02857142857142847
2023-05-03,3140,914853,257720,실리콘투,-0.030864197530864224
2023-05-04,3075,827523,257720,실리콘투,-0.02070063694267521
2023-05-08,3075,567628,257720,실리콘투,0.0
2023-05-09,3855,38839097,257720,실리콘투,0.25365853658536586
2023-05-10,4545,81851119,257720,실리콘투,0.17898832684824906
2023-05-11,4470,44940736,257720,실리콘투,-0.01650165016501648
2023-05-12,4595,16047668,257720,실리콘투,0.027964205816554788
2023-05-15,4915,36684171,257720,실리콘투,0.06964091403699668
2023-05-16,4885,20714606,257720,실리콘투,-0.006103763987792443
2023-05-17,5140,11039695,257720,실리콘투,0.05220061412487209
2023-05-18,4795,7115324,257720,실리콘투,-0.06712062256809337
2023-05-19,4685,4503072,257720,실리콘투,-0.02294056308654846
2023-05-22,4720,3827580,257720,실리콘투,0.007470651013874008
2023-05-23,4895,10133245,257720,실리콘투,0.037076271186440746
2023-05-24,5040,7289617,257720,실리콘투,0.02962206332992845
2023-05-25,5400,18025276,257720,실리콘투,0.0714285714285714
2023-05-26,5190,3333118,257720,실리콘투,-0.03888888888888886
2023-05-30,5310,3403018,257720,실리콘투,0.023121387283236983
2023-05-31,5670,15856626,257720,실리콘투,0.06779661016949157
2023-06-01,5980,10593731,257720,실리콘투,0.05467372134038806
2023-06-02,5980,6360891,257720,실리콘투,0.0
2023-06-05,5880,6103379,257720,실리콘투,-0.01672240802675584
2023-06-07,5730,3798283,257720,실리콘투,-0.025510204081632626
2023-06-08,5780,4000241,257720,실리콘투,0.008726003490401313
2023-06-09,6370,22229927,257720,실리콘투,0.10207612456747395
2023-06-12,6110,4177674,257720,실리콘투,-0.04081632653061229
2023-06-13,6210,3448694,257720,실리콘투,0.016366612111292866
2023-06-14,6310,8591883,257720,실리콘투,0.016103059581320522
2023-06-15,6700,5887601,257720,실리콘투,0.06180665610142633
2023-06-16,6720,4694937,257720,실리콘투,0.0029850746268655914
2023-06-19,7100,5757947,257720,실리콘투,0.05654761904761907
2023-06-20,7030,6146259,257720,실리콘투,-0.009859154929577452
2023-06-21,6780,5286223,257720,실리콘투,-0.03556187766714081
2023-06-22,6530,1824529,257720,실리콘투,-0.03687315634218291
2023-06-23,6760,3099068,257720,실리콘투,0.03522205206738138
2023-06-26,6440,1374700,257720,실리콘투,-0.047337278106508895
2023-06-27,7350,7884980,257720,실리콘투,0.14130434782608692
2023-06-28,7110,3136494,257720,실리콘투,-0.03265306122448974
2023-06-29,7400,4915866,257720,실리콘투,0.04078762306610417
2023-06-30,7090,1911703,257720,실리콘투,-0.04189189189189191
2023-07-03,7830,6941585,257720,실리콘투,0.10437235543018342
2023-07-04,7910,3160825,257720,실리콘투,0.010217113665389466
2023-07-05,7670,1379909,257720,실리콘투,-0.030341340075853318
2023-07-06,7770,1382909,257720,실리콘투,0.01303780964797907
2023-07-07,7490,1055055,257720,실리콘투,-0.036036036036036
2023-07-10,7360,1245284,257720,실리콘투,-0.01735647530040052
2023-07-11,7680,1231182,257720,실리콘투,0.04347826086956519
2023-07-12,7480,4166518,257720,실리콘투,-0.02604166666666663
2023-07-13,7230,1949629,257720,실리콘투,-0.03342245989304815
2023-07-14,7150,1818422,257720,실리콘투,-0.011065006915629283
2023-07-17,7160,1098242,257720,실리콘투,0.0013986013986013734
2023-07-18,7790,6188826,257720,실리콘투,0.08798882681564235
2023-07-19,7140,2742906,257720,실리콘투,-0.08344030808729141
2023-07-20,7080,1064459,257720,실리콘투,-0.008403361344537785
2023-07-21,6870,1314003,257720,실리콘투,-0.029661016949152574
2023-07-24,6630,1646605,257720,실리콘투,-0.03493449781659386
2023-07-25,6560,1245626,257720,실리콘투,-0.010558069381598756
2023-07-26,6380,2246954,257720,실리콘투,-0.027439024390243927
2023-07-27,6830,2996668,257720,실리콘투,0.07053291536050166
2023-07-28,7050,1251181,257720,실리콘투,0.03221083455344065
2023-07-31,7500,2246215,257720,실리콘투,0.06382978723404253
2023-08-01,7610,2699339,257720,실리콘투,0.014666666666666606
2023-08-02,7940,6139559,257720,실리콘투,0.043363994743758294
2023-08-03,7760,1975395,257720,실리콘투,-0.02267002518891692
2023-08-04,9000,11119296,257720,실리콘투,0.1597938144329898
2023-08-07,9050,2557183,257720,실리콘투,0.005555555555555536
2023-08-08,9100,2074272,257720,실리콘투,0.005524861878453136
2023-08-09,8680,3654210,257720,실리콘투,-0.0461538461538461
2023-08-10,8440,4751748,257720,실리콘투,-0.027649769585253448
2023-08-11,8080,8518189,257720,실리콘투,-0.042654028436018954
2023-08-14,8450,8969720,257720,실리콘투,0.04579207920792072
2023-08-16,7800,3554695,257720,실리콘투,-0.07692307692307687
2023-08-17,7750,2108063,257720,실리콘투,-0.0064102564102563875
2023-08-18,7950,2069927,257720,실리콘투,0.02580645161290329
2023-08-21,8000,1364107,257720,실리콘투,0.0062893081761006275
2023-08-22,8580,2901147,257720,실리콘투,0.07250000000000001
2023-08-23,8340,1854657,257720,실리콘투,-0.027972027972028024
2023-08-24,8300,1198626,257720,실리콘투,-0.004796163069544335
2023-08-25,8310,1280806,257720,실리콘투,0.00120481927710836
2023-08-28,7970,1453607,257720,실리콘투,-0.04091456077015643
2023-08-29,7960,799798,257720,실리콘투,-0.0012547051442910462
2023-08-30,8240,1844873,257720,실리콘투,0.035175879396984966
2023-08-31,8280,869934,257720,실리콘투,0.004854368932038833
2023-09-01,8360,1818047,257720,실리콘투,0.009661835748792313
2023-09-04,8490,1814366,257720,실리콘투,0.015550239234449759
2023-09-05,8970,4164414,257720,실리콘투,0.05653710247349819
2023-09-06,8900,2939881,257720,실리콘투,-0.0078037904124860225
2023-09-07,8280,1790902,257720,실리콘투,-0.06966292134831464
2023-09-08,8300,787602,257720,실리콘투,0.0024154589371980784
2023-09-11,8420,615133,257720,실리콘투,0.014457831325301207
2023-09-12,7970,882358,257720,실리콘투,-0.05344418052256528
2023-09-13,7830,930200,257720,실리콘투,-0.017565872020075313
2023-09-14,7830,748961,257720,실리콘투,0.0
2023-09-15,8020,623044,257720,실리콘투,0.024265644955300036
2023-09-18,8520,2029439,257720,실리콘투,0.06234413965087282
2023-09-19,9130,7449763,257720,실리콘투,0.07159624413145549
2023-09-20,9080,2714563,257720,실리콘투,-0.005476451259583737
2023-09-21,8730,1603717,257720,실리콘투,-0.03854625550660795
2023-09-22,9370,3303839,257720,실리콘투,0.0733104238258877
2023-09-25,8980,2499995,257720,실리콘투,-0.04162219850586979
2023-09-26,9010,1725712,257720,실리콘투,0.0033407572383072903
2023-09-27,9350,2126533,257720,실리콘투,0.037735849056603765
2023-10-04,9180,919478,257720,실리콘투,-0.018181818181818188
2023-10-05,9120,896214,257720,실리콘투,-0.006535947712418277
2023-10-06,9820,3627757,257720,실리콘투,0.07675438596491224
2023-10-10,9500,2253127,257720,실리콘투,-0.03258655804480648
2023-10-11,9960,1930993,257720,실리콘투,0.04842105263157892
2023-10-12,10310,1554619,257720,실리콘투,0.03514056224899598
2023-10-13,10240,1672465,257720,실리콘투,-0.006789524733268659
2023-10-16,8800,3390767,257720,실리콘투,-0.140625
2023-10-17,8570,3535693,257720,실리콘투,-0.026136363636363624
2023-10-18,8480,1158748,257720,실리콘투,-0.010501750291715295
2023-10-19,8060,1551999,257720,실리콘투,-0.04952830188679247
2023-10-20,7890,1519163,257720,실리콘투,-0.021091811414392092
2023-10-23,8370,3044334,257720,실리콘투,0.06083650190114076
2023-10-24,8270,1039412,257720,실리콘투,-0.01194743130227005
2023-10-25,8250,1696940,257720,실리콘투,-0.00241837968561065
2023-10-26,7830,930118,257720,실리콘투,-0.050909090909090904
2023-10-27,7920,767282,257720,실리콘투,0.011494252873563315
2023-10-30,7700,806434,257720,실리콘투,-0.02777777777777779
2023-10-31,7850,2188599,257720,실리콘투,0.01948051948051943
2023-11-01,7460,2626748,257720,실리콘투,-0.04968152866242037
2023-11-02,7990,3146933,257720,실리콘투,0.07104557640750664
2023-11-03,7980,1260657,257720,실리콘투,-0.0012515644555695093
2023-11-06,7890,1576061,257720,실리콘투,-0.011278195488721776
2023-11-07,8470,5604005,257720,실리콘투,0.0735107731305451
2023-11-08,8880,2825119,257720,실리콘투,0.04840613931523019
2023-11-09,8600,1266629,257720,실리콘투,-0.03153153153153154
2023-11-10,8600,1099154,257720,실리콘투,0.0
2023-11-13,8100,1109864,257720,실리콘투,-0.05813953488372092
2023-11-14,8330,7296136,257720,실리콘투,0.02839506172839501
2023-11-15,8670,2100008,257720,실리콘투,0.04081632653061229
2023-11-16,9180,1956719,257720,실리콘투,0.05882352941176472
2023-11-17,9160,1019733,257720,실리콘투,-0.002178649237472796
2023-11-20,8790,994605,257720,실리콘투,-0.04039301310043664
2023-11-21,9200,1417165,257720,실리콘투,0.04664391353811159
2023-11-22,8860,1242007,257720,실리콘투,-0.036956521739130443
2023-11-23,8780,721161,257720,실리콘투,-0.009029345372460473
2023-11-24,8630,657215,257720,실리콘투,-0.017084282460136713
2023-11-27,8290,1015409,257720,실리콘투,-0.03939745075318657
2023-11-28,8180,1105269,257720,실리콘투,-0.013268998793727338
2023-11-29,8210,652507,257720,실리콘투,0.003667481662591676
2023-11-30,8560,722050,257720,실리콘투,0.042630937880633324
2023-12-01,8160,2160041,257720,실리콘투,-0.04672897196261683
2023-12-04,7790,1471580,257720,실리콘투,-0.04534313725490191
2023-12-05,7800,1159361,257720,실리콘투,0.0012836970474967568
2023-12-06,7960,1124752,257720,실리콘투,0.02051282051282044
2023-12-07,7850,1452849,257720,실리콘투,-0.013819095477386911
2023-12-08,8270,1168749,257720,실리콘투,0.053503184713375784
2023-12-11,8090,847992,257720,실리콘투,-0.021765417170495738
2023-12-12,8120,663339,257720,실리콘투,0.003708281829418958
2023-12-13,7880,762943,257720,실리콘투,-0.029556650246305383
2023-12-14,8050,743378,257720,실리콘투,0.021573604060913798
2023-12-15,7900,588577,257720,실리콘투,-0.018633540372670843
2023-12-18,8200,1474942,257720,실리콘투,0.03797468354430378
2023-12-19,8210,1051841,257720,실리콘투,0.0012195121951219523
2023-12-20,8060,1226193,257720,실리콘투,-0.018270401948842885
2023-12-21,8110,1017225,257720,실리콘투,0.006203473945409321
2023-12-22,7620,1531362,257720,실리콘투,-0.06041923551171391
2023-12-26,7570,847255,257720,실리콘투,-0.006561679790026198
2023-12-27,7500,629015,257720,실리콘투,-0.009247027741083214
2023-12-28,7710,548891,257720,실리콘투,0.028000000000000025
2024-01-02,7830,465232,257720,실리콘투,0.015564202334630295
2024-01-03,7970,1020288,257720,실리콘투,0.017879948914431676
2024-01-04,7850,663168,257720,실리콘투,-0.01505646173149311
2024-01-05,7970,686341,257720,실리콘투,0.015286624203821653
2024-01-08,8000,594108,257720,실리콘투,0.0037641154328733606
2024-01-09,8640,2229771,257720,실리콘투,0.08000000000000007
2024-01-10,8940,1807903,257720,실리콘투,0.03472222222222232
2024-01-11,8870,908022,257720,실리콘투,-0.007829977628635354
2024-01-12,8500,808102,257720,실리콘투,-0.04171364148816237
2024-01-15,8730,891415,257720,실리콘투,0.027058823529411802
2024-01-16,8700,743402,257720,실리콘투,-0.0034364261168384758
2024-01-17,8570,533483,257720,실리콘투,-0.014942528735632177
2024-01-18,9320,2667744,257720,실리콘투,0.08751458576429405
2024-01-19,9040,1207693,257720,실리콘투,-0.030042918454935674
2024-01-22,8420,2396129,257720,실리콘투,-0.06858407079646023
2024-01-23,8710,1103283,257720,실리콘투,0.03444180522565321
2024-01-24,8840,1023408,257720,실리콘투,0.014925373134328401
2024-01-25,8680,712269,257720,실리콘투,-0.018099547511312264
2024-01-26,8040,2244464,257720,실리콘투,-0.07373271889400923
2024-01-29,7910,1748595,257720,실리콘투,-0.016169154228855676
2024-01-30,8010,597731,257720,실리콘투,0.012642225031605614
2024-01-31,7940,350603,257720,실리콘투,-0.008739076154806513
2024-02-01,8230,973801,257720,실리콘투,0.03652392947103267
2024-02-02,8300,1217046,257720,실리콘투,0.008505467800729027
2024-02-05,8290,352116,257720,실리콘투,-0.001204819277108471
2024-02-06,8160,533612,257720,실리콘투,-0.0156815440289505
2024-02-07,8290,420774,257720,실리콘투,0.01593137254901955
2024-02-08,8030,468818,257720,실리콘투,-0.03136308805790111
2024-02-13,8140,437935,257720,실리콘투,0.013698630136986356
2024-02-14,8670,1253473,257720,실리콘투,0.06511056511056501
2024-02-15,8420,967513,257720,실리콘투,-0.028835063437139596
2024-02-16,8320,465807,257720,실리콘투,-0.01187648456057011
2024-02-19,8170,488522,257720,실리콘투,-0.018028846153846145
2024-02-20,8130,372795,257720,실리콘투,-0.004895960832313362
2024-02-21,10400,21225218,257720,실리콘투,0.27921279212792127
2024-02-22,9770,7018445,257720,실리콘투,-0.060576923076923084
2024-02-23,10010,4720707,257720,실리콘투,0.0245649948822928
2024-02-26,9740,1476360,257720,실리콘투,-0.026973026973026948
2024-02-27,8970,2859893,257720,실리콘투,-0.07905544147843946
2024-02-28,9140,1741120,257720,실리콘투,0.018952062430323213
2024-02-29,9260,1046410,257720,실리콘투,0.013129102844638973
2024-03-04,9230,1153263,257720,실리콘투,-0.003239740820734305
2024-03-05,9230,1154178,257720,실리콘투,0.0
2024-03-06,9330,866384,257720,실리콘투,0.010834236186348933
2024-03-07,8980,698500,257720,실리콘투,-0.037513397642015
2024-03-08,9420,898548,257720,실리콘투,0.04899777282850781
2024-03-11,9560,1380639,257720,실리콘투,0.014861995753715496
2024-03-12,9350,541816,257720,실리콘투,-0.021966527196652708
2024-03-13,9250,708534,257720,실리콘투,-0.010695187165775444
2024-03-14,9030,1337530,257720,실리콘투,-0.023783783783783763
2024-03-15,8910,813412,257720,실리콘투,-0.013289036544850474
2024-03-18,9570,1297491,257720,실리콘투,0.07407407407407418
2024-03-19,9650,960594,257720,실리콘투,0.008359456635318674
2024-03-20,10750,4979040,257720,실리콘투,0.11398963730569944
2024-03-21,10820,6088370,257720,실리콘투,0.006511627906976791
2024-03-22,11540,5716774,257720,실리콘투,0.06654343807763397
2024-03-25,11250,1684019,257720,실리콘투,-0.02512998266897748
2024-03-26,11920,2584608,257720,실리콘투,0.059555555555555584
2024-03-27,11760,1277164,257720,실리콘투,-0.01342281879194629
2024-03-28,11410,1774164,257720,실리콘투,-0.029761904761904767
2024-03-29,11780,3410619,257720,실리콘투,0.03242769500438203
2024-04-01,12900,5444179,257720,실리콘투,0.09507640067911716
2024-04-02,12600,1634559,257720,실리콘투,-0.023255813953488413
2024-04-03,12910,1745615,257720,실리콘투,0.024603174603174516
2024-04-04,12450,1688004,257720,실리콘투,-0.035631293570875244
2024-04-05,12300,855851,257720,실리콘투,-0.012048192771084376
2024-04-08,11840,1161327,257720,실리콘투,-0.0373983739837398
2024-04-09,12490,1443998,257720,실리콘투,0.054898648648648685
2024-04-11,12610,703890,257720,실리콘투,0.009607686148919159
2024-04-12,13760,2912783,257720,실리콘투,0.09119746233148285
2024-04-15,12830,1572669,257720,실리콘투,-0.06758720930232553
2024-04-16,12650,1308253,257720,실리콘투,-0.014029618082618822
2024-04-17,12800,1226087,257720,실리콘투,0.011857707509881354
2024-04-18,13260,1161675,257720,실리콘투,0.035937499999999956
2024-04-19,12810,2105522,257720,실리콘투,-0.0339366515837104
2024-04-22,12840,1217288,257720,실리콘투,0.0023419203747072626
2024-04-23,13100,819790,257720,실리콘투,0.02024922118380057
2024-04-24,13260,718187,257720,실리콘투,0.012213740458015376
2024-04-25,13040,454428,257720,실리콘투,-0.016591251885369585
2024-04-26,13610,1046714,257720,실리콘투,0.043711656441717706
2024-04-29,14280,1998778,257720,실리콘투,0.049228508449669306
2024-04-30,14800,1591249,257720,실리콘투,0.036414565826330625
2024-05-02,14850,1460016,257720,실리콘투,0.0033783783783782884
2024-05-03,15100,1353733,257720,실리콘투,0.01683501683501687
2024-05-07,15960,1359765,257720,실리콘투,0.05695364238410594
2024-05-08,15560,1785430,257720,실리콘투,-0.02506265664160401
2024-05-09,20200,13529588,257720,실리콘투,0.29820051413881754
2024-05-10,26250,19168066,257720,실리콘투,0.29950495049504955
2024-05-13,26650,8790063,257720,실리콘투,0.015238095238095273
2024-05-14,27000,3575307,257720,실리콘투,0.013133208255159401
2024-05-16,28900,2934787,257720,실리콘투,0.07037037037037042
2024-05-17,29550,1494892,257720,실리콘투,0.02249134948096887
2024-05-20,30300,2576829,257720,실리콘투,0.025380710659898442
2024-05-21,32000,1406074,257720,실리콘투,0.05610561056105601
2024-05-22,29950,2059242,257720,실리콘투,-0.06406250000000002
2024-05-23,31450,1303636,257720,실리콘투,0.05008347245409017
2024-05-24,33950,2130161,257720,실리콘투,0.07949125596184414
2024-05-27,36400,2577571,257720,실리콘투,0.07216494845360821
2024-05-28,38950,2031863,257720,실리콘투,0.07005494505494503
2024-05-29,39200,1636108,257720,실리콘투,0.006418485237484006
2024-05-30,39000,1084051,257720,실리콘투,-0.005102040816326481
2024-05-31,37750,3066765,257720,실리콘투,-0.03205128205128205
2024-06-03,43100,7088242,257720,실리콘투,0.14172185430463569
2024-06-04,42350,3339440,257720,실리콘투,-0.01740139211136893
2024-06-05,41500,2570050,257720,실리콘투,-0.02007083825265643
2024-06-07,44000,2303424,257720,실리콘투,0.06024096385542177
2024-06-10,45300,2149122,257720,실리콘투,0.02954545454545454
2024-06-11,46900,1852979,257720,실리콘투,0.03532008830022071
2024-06-12,50300,2679231,257720,실리콘투,0.07249466950959493
2024-06-13,50700,2439827,257720,실리콘투,0.007952286282306265
2024-06-14,51200,2184637,257720,실리콘투,0.009861932938856066
2024-06-17,49050,1758506,257720,실리콘투,-0.0419921875
2024-06-18,51300,1665435,257720,실리콘투,0.04587155963302747
2024-06-19,50700,3224230,257720,실리콘투,-0.011695906432748537
2024-06-20,50000,1166553,257720,실리콘투,-0.013806706114398382
2024-06-21,52800,3237363,257720,실리콘투,0.05600000000000005
2024-06-24,50900,1282479,257720,실리콘투,-0.03598484848484851
2024-06-25,48550,1483841,257720,실리콘투,-0.046168958742632604
2024-06-26,49750,2636092,257720,실리콘투,0.02471678681771361
2024-06-27,47950,3147524,257720,실리콘투,-0.03618090452261302
2024-06-28,47000,3525455,257720,실리콘투,-0.019812304483837306
2024-07-01,43250,3735456,257720,실리콘투,-0.07978723404255317
2024-07-02,43750,3769693,257720,실리콘투,0.011560693641618602
2024-07-03,44550,2561272,257720,실리콘투,0.01828571428571424
2024-07-04,43350,2425352,257720,실리콘투,-0.026936026936026924
2024-07-05,41400,4526867,257720,실리콘투,-0.04498269896193774
2024-07-08,44300,2957449,257720,실리콘투,0.07004830917874405
2024-07-09,45000,1736843,257720,실리콘투,0.015801354401805856
2024-07-10,46050,1665080,257720,실리콘투,0.023333333333333428
2024-07-11,48400,3559226,257720,실리콘투,0.05103148751357223
2024-07-12,42450,3441518,257720,실리콘투,-0.12293388429752061
2024-07-15,43550,2160350,257720,실리콘투,0.025912838633686652
2024-07-16,40700,2521737,257720,실리콘투,-0.06544202066590121
2024-07-17,42700,2180735,257720,실리콘투,0.0491400491400491
2024-07-18,42000,1138725,257720,실리콘투,-0.016393442622950838
2024-07-19,43500,1168206,257720,실리콘투,0.03571428571428581
2024-07-22,44800,1322109,257720,실리콘투,0.029885057471264354
2024-07-23,47400,2538981,257720,실리콘투,0.05803571428571419
2024-07-24,46650,1639950,257720,실리콘투,-0.015822784810126556
2024-07-25,42400,1794598,257720,실리콘투,-0.0911039657020365
2024-07-26,42050,905762,257720,실리콘투,-0.008254716981132115
2024-07-29,45900,1846941,257720,실리콘투,0.09155766944114152
2024-07-30,44900,757201,257720,실리콘투,-0.02178649237472763
2024-07-31,44300,914218,257720,실리콘투,-0.013363028953229383
2024-08-01,46000,1812958,257720,실리콘투,0.038374717832957206
2024-08-02,42050,1895205,257720,실리콘투,-0.08586956521739131
2024-08-05,36250,3759478,257720,실리콘투,-0.13793103448275867
2024-08-06,41750,3043829,257720,실리콘투,0.15172413793103456
2024-08-07,41900,1787380,257720,실리콘투,0.00359281437125758
2024-08-08,43450,1768244,257720,실리콘투,0.03699284009546533
2024-08-09,45250,2258959,257720,실리콘투,0.04142692750287691
2024-08-12,44550,1804107,257720,실리콘투,-0.015469613259668558
2024-08-13,42450,7206300,257720,실리콘투,-0.047138047138047146
2024-08-14,40400,4411035,257720,실리콘투,-0.04829210836277975
2024-08-16,45200,7535800,257720,실리콘투,0.11881188118811892
2024-08-19,45400,2846713,257720,실리콘투,0.004424778761061843
2024-08-20,44350,1859881,257720,실리콘투,-0.02312775330396477
2024-08-21,42200,1788209,257720,실리콘투,-0.04847801578354005
2024-08-22,41950,2093974,257720,실리콘투,-0.005924170616113722
2024-08-23,42700,1531249,257720,실리콘투,0.017878426698450633
2024-08-26,39800,2860532,257720,실리콘투,-0.0679156908665105
2024-08-27,39550,1532303,257720,실리콘투,-0.006281407035175879
2024-08-28,39250,1208544,257720,실리콘투,-0.007585335018963302
2024-08-29,36600,2006711,257720,실리콘투,-0.06751592356687897
2024-08-30,38600,1462996,257720,실리콘투,0.05464480874316946
2024-09-02,40950,2725495,257720,실리콘투,0.060880829015544036
2024-09-03,42650,2800266,257720,실리콘투,0.04151404151404159
2024-09-04,41300,1815057,257720,실리콘투,-0.03165298944900352
2024-09-05,40400,1684779,257720,실리콘투,-0.021791767554479424
2024-09-06,39400,1268395,257720,실리콘투,-0.024752475247524774
2024-09-09,43400,2603005,257720,실리콘투,0.10152284263959399
2024-09-10,42550,2327087,257720,실리콘투,-0.019585253456221197
2024-09-11,40850,1831433,257720,실리콘투,-0.0399529964747356
2024-09-12,44150,2346026,257720,실리콘투,0.08078335373317014
2024-09-13,44200,959783,257720,실리콘투,0.0011325028312569874
2024-09-19,45450,1743487,257720,실리콘투,0.02828054298642524
2024-09-20,45950,3744774,257720,실리콘투,0.011001100110010986
2024-09-23,46200,1207424,257720,실리콘투,0.005440696409140466
2024-09-24,45150,1006240,257720,실리콘투,-0.022727272727272707
2024-09-25,43900,1096961,257720,실리콘투,-0.027685492801771905
2024-09-26,44700,1002227,257720,실리콘투,0.018223234624145768
2024-09-27,43850,1256696,257720,실리콘투,-0.019015659955257225
2024-09-30,46200,2447071,257720,실리콘투,0.05359179019384275
2024-10-02,42400,2432351,257720,실리콘투,-0.08225108225108224
2024-10-04,42850,1450823,257720,실리콘투,0.010613207547169878
2024-10-07,43800,759860,257720,실리콘투,0.022170361726954413
2024-10-08,41700,1506314,257720,실리콘투,-0.047945205479452024
2024-10-10,43050,936703,257720,실리콘투,0.03237410071942448
2024-10-11,41050,1312274,257720,실리콘투,-0.04645760743321714
2024-10-14,40000,1104254,257720,실리콘투,-0.025578562728379994
2024-10-15,41750,1347954,257720,실리콘투,0.043749999999999956
2024-10-16,39600,1305141,257720,실리콘투,-0.05149700598802398
2024-10-17,40100,810479,257720,실리콘투,0.012626262626262541
2024-10-18,40000,1132572,257720,실리콘투,-0.0024937655860348684
2024-10-21,41300,1653290,257720,실리콘투,0.03249999999999997
2024-10-22,39000,1818944,257720,실리콘투,-0.05569007263922521
2024-10-23,37350,1542763,257720,실리콘투,-0.04230769230769227
2024-10-24,37900,931155,257720,실리콘투,0.014725568942436373
2024-10-25,35950,1080267,257720,실리콘투,-0.05145118733509235
2024-10-28,37800,770796,257720,실리콘투,0.05146036161335177
2024-10-29,37800,458625,257720,실리콘투,0.0
2024-10-30,38700,669655,257720,실리콘투,0.023809523809523725
2024-10-31,38200,1130400,257720,실리콘투,-0.012919896640826822
2024-11-01,36750,1372967,257720,실리콘투,-0.0379581151832461
2024-11-04,40650,1744825,257720,실리콘투,0.10612244897959178
2024-11-05,39250,926279,257720,실리콘투,-0.03444034440344401
2024-11-06,40500,1627646,257720,실리콘투,0.031847133757961776
2024-11-07,40400,935092,257720,실리콘투,-0.0024691358024691024
2024-11-08,41250,1243659,257720,실리콘투,0.021039603960395947
2024-11-11,38200,1841360,257720,실리콘투,-0.07393939393939397
2024-11-12,34850,1923375,257720,실리콘투,-0.08769633507853403
2024-11-13,36500,1457133,257720,실리콘투,0.04734576757532283
2024-11-14,28250,7821293,257720,실리콘투,-0.226027397260274
2024-11-15,28050,4179329,257720,실리콘투,-0.0070796460176991705
2024-11-18,27650,1883184,257720,실리콘투,-0.014260249554367221
2024-11-19,26750,1863386,257720,실리콘투,-0.032549728752260365
2024-11-20,27400,1754371,257720,실리콘투,0.024299065420560817
2024-11-21,26600,1034377,257720,실리콘투,-0.029197080291970767
2024-11-22,25750,1416425,257720,실리콘투,-0.03195488721804507
2024-11-25,26250,818339,257720,실리콘투,0.01941747572815533
2024-11-26,24850,1933393,257720,실리콘투,-0.053333333333333344
2024-11-27,25850,1602469,257720,실리콘투,0.04024144869215296
2024-11-28,25550,884239,257720,실리콘투,-0.011605415860735047
2024-11-29,24500,761656,257720,실리콘투,-0.04109589041095896
2024-12-02,25100,744871,257720,실리콘투,0.02448979591836742
2024-12-03,28200,4129221,257720,실리콘투,0.12350597609561742
2024-12-04,27000,1596097,257720,실리콘투,-0.04255319148936165
2024-12-05,26250,1329688,257720,실리콘투,-0.02777777777777779
2024-12-06,25650,1622222,257720,실리콘투,-0.02285714285714291
2024-12-09,23550,1556495,257720,실리콘투,-0.08187134502923976
2024-12-10,26600,2669637,257720,실리콘투,0.1295116772823779
2024-12-11,28450,2284853,257720,실리콘투,0.06954887218045114
2024-12-12,28400,1789942,257720,실리콘투,-0.0017574692442882123
2024-12-13,30100,1710809,257720,실리콘투,0.059859154929577496
2024-12-16,30300,1158398,257720,실리콘투,0.006644518272425293
2024-12-17,30850,847743,257720,실리콘투,0.018151815181518094
2024-12-18,29500,1090333,257720,실리콘투,-0.04376012965964349
2024-12-19,31750,2573429,257720,실리콘투,0.07627118644067798
2024-12-20,31750,1613726,257720,실리콘투,0.0
2024-12-23,31100,822304,257720,실리콘투,-0.020472440944881876
2024-12-24,31750,3147752,257720,실리콘투,0.020900321543408262
2024-12-26,31700,1409262,257720,실리콘투,-0.0015748031496063408
2024-12-27,30700,1011725,257720,실리콘투,-0.03154574132492116
2024-12-30,32700,1356878,257720,실리콘투,0.06514657980456029
2025-01-02,33700,1743470,257720,실리콘투,0.030581039755351647
2025-01-03,34550,1288604,257720,실리콘투,0.02522255192878342
2025-01-06,33450,1633596,257720,실리콘투,-0.03183791606367581
2025-01-07,34050,1256980,257720,실리콘투,0.017937219730941756
2025-01-08,33000,891411,257720,실리콘투,-0.03083700440528636
2025-01-09,33100,683277,257720,실리콘투,0.003030303030302939
2025-01-10,31850,805635,257720,실리콘투,-0.03776435045317217
2025-01-13,31600,1079435,257720,실리콘투,-0.00784929356357933
2025-01-14,30700,947829,257720,실리콘투,-0.02848101265822789
2025-01-15,31000,601663,257720,실리콘투,0.009771986970684043
2025-01-16,33900,2083711,257720,실리콘투,0.09354838709677415
2025-01-17,33900,802990,257720,실리콘투,0.0
2025-01-20,32400,985796,257720,실리콘투,-0.04424778761061943
2025-01-21,33600,1423631,257720,실리콘투,0.03703703703703698
2025-01-22,32700,1200502,257720,실리콘투,-0.0267857142857143
2025-01-23,31650,704464,257720,실리콘투,-0.032110091743119296
2025-01-24,31750,547102,257720,실리콘투,0.003159557661927437
2025-01-31,30850,624948,257720,실리콘투,-0.028346456692913358
2025-02-03,29200,959831,257720,실리콘투,-0.05348460291734203
2025-02-04,29950,783680,257720,실리콘투,0.02568493150684925
2025-02-05,29050,824478,257720,실리콘투,-0.03005008347245408
2025-02-06,28600,1025774,257720,실리콘투,-0.015490533562822706
2025-02-07,28550,673191,257720,실리콘투,-0.0017482517482517723
2025-02-10,28350,740370,257720,실리콘투,-0.007005253940455369
2025-02-11,27900,948609,257720,실리콘투,-0.015873015873015928
2025-02-12,28750,1108384,257720,실리콘투,0.03046594982078843
2025-02-13,30450,1292070,257720,실리콘투,0.05913043478260871
2025-02-14,30950,1145469,257720,실리콘투,0.016420361247947435
2025-02-17,31200,609633,257720,실리콘투,0.008077544426494443
2025-02-18,31650,987976,257720,실리콘투,0.014423076923076872
2025-02-19,32300,1256301,257720,실리콘투,0.020537124802527673
2025-02-20,31500,923042,257720,실리콘투,-0.024767801857585092
2025-02-21,33800,1704682,257720,실리콘투,0.07301587301587298
2025-02-24,35950,4329988,257720,실리콘투,0.06360946745562135
2025-02-25,34650,1692158,257720,실리콘투,-0.03616133518776077
2025-02-26,26700,8918953,257720,실리콘투,-0.22943722943722944
2025-02-27,25800,3648292,257720,실리콘투,-0.0337078651685393
2025-02-28,26650,2978411,257720,실리콘투,0.032945736434108586
2025-03-04,25750,2062113,257720,실리콘투,-0.0337711069418386
2025-03-05,26050,924317,257720,실리콘투,0.011650485436893288
2025-03-06,25600,1001544,257720,실리콘투,-0.017274472168905985
2025-03-07,25250,772860,257720,실리콘투,-0.013671875
2025-03-10,24300,876606,257720,실리콘투,-0.03762376237623766
2025-03-11,24400,899284,257720,실리콘투,0.004115226337448652
2025-03-12,25100,702057,257720,실리콘투,0.028688524590164022
2025-03-13,26650,2118470,257720,실리콘투,0.06175298804780871
2025-03-14,26800,858472,257720,실리콘투,0.0056285178236397115
2025-03-17,26700,576144,257720,실리콘투,-0.003731343283582045
2025-03-18,26350,607613,257720,실리콘투,-0.01310861423220977
2025-03-19,26650,569278,257720,실리콘투,0.011385199240986799
2025-03-20,28650,6663126,257720,실리콘투,0.0750469043151969
2025-03-21,28400,1863698,257720,실리콘투,-0.008726003490401424
2025-03-24,28350,476056,257720,실리콘투,-0.0017605633802817433
2025-03-25,27050,624913,257720,실리콘투,-0.04585537918871252
2025-03-26,27350,338153,257720,실리콘투,0.01109057301293892
2025-03-27,25950,808223,257720,실리콘투,-0.051188299817184646
2025-03-28,26000,342839,257720,실리콘투,0.0019267822736031004
2025-03-31,24450,997335,257720,실리콘투,-0.059615384615384626
2025-04-01,27000,1061755,257720,실리콘투,0.10429447852760743
2025-04-02,28500,2809513,257720,실리콘투,0.05555555555555558
2025-04-03,26800,1208106,257720,실리콘투,-0.05964912280701751
2025-04-04,28300,1813403,257720,실리콘투,0.05597014925373145
2025-04-07,26400,808159,257720,실리콘투,-0.06713780918727918
2025-04-08,27000,756354,257720,실리콘투,0.022727272727272707
2025-04-09,27050,924605,257720,실리콘투,0.0018518518518517713
2025-04-10,29500,1924316,257720,실리콘투,0.09057301293900188
2025-04-11,31150,1402388,257720,실리콘투,0.055932203389830404
2025-04-14,32100,1134168,257720,실리콘투,0.03049759229534521
2025-04-15,32000,725161,257720,실리콘투,-0.0031152647975077885
2025-04-16,32600,1172364,257720,실리콘투,0.018750000000000044
2025-04-17,34300,1456879,257720,실리콘투,0.0521472392638036
2025-04-18,33850,679772,257720,실리콘투,-0.013119533527696792
2025-04-21,33100,686889,257720,실리콘투,-0.02215657311669128
2025-04-22,33200,477439,257720,실리콘투,0.0030211480362538623
2025-04-23,31750,1200828,257720,실리콘투,-0.04367469879518071
2025-04-24,31850,688305,257720,실리콘투,0.0031496062992126816
2025-04-25,34750,1617341,257720,실리콘투,0.09105180533751955
2025-04-28,35400,934030,257720,실리콘투,0.018705035971223083
2025-04-29,36400,695275,257720,실리콘투,0.02824858757062154
2025-04-30,35750,526492,257720,실리콘투,-0.017857142857142905
2025-05-02,36950,1054014,257720,실리콘투,0.03356643356643363
2025-05-07,37100,494386,257720,실리콘투,0.004059539918809252
2025-05-08,41300,4086998,257720,실리콘투,0.1132075471698113
2025-05-09,42650,2047891,257720,실리콘투,0.032687651331719136
2025-05-12,40600,5033806,257720,실리콘투,-0.048065650644783076
2025-05-13,38900,4568397,257720,실리콘투,-0.041871921182266014
2025-05-14,37850,2047201,257720,실리콘투,-0.02699228791773778
2025-05-15,37550,835837,257720,실리콘투,-0.00792602377807139
2025-05-16,37950,1060033,257720,실리콘투,0.010652463382157196
2025-05-19,36900,1186971,257720,실리콘투,-0.02766798418972327
2025-05-20,41200,3449175,257720,실리콘투,0.1165311653116532
2025-05-21,39800,1267460,257720,실리콘투,-0.03398058252427183
2025-05-22,38750,1066743,257720,실리콘투,-0.02638190954773867
2025-05-23,39950,933322,257720,실리콘투,0.030967741935483906
2025-05-26,42300,1771785,257720,실리콘투,0.05882352941176472
2025-05-27,41750,1151890,257720,실리콘투,-0.013002364066193817
2025-05-28,44850,4262716,257720,실리콘투,0.07425149700598799
2025-05-29,47200,1982717,257720,실리콘투,0.0523968784838349
2025-05-30,47200,942493,257720,실리콘투,0.0
2025-06-02,51900,3161332,257720,실리콘투,0.09957627118644075
2025-06-04,51800,1008976,257720,실리콘투,-0.0019267822736031004
2025-06-05,51300,1083973,257720,실리콘투,-0.009652509652509633
2025-06-09,51700,819890,257720,실리콘투,0.007797270955165692
2025-06-10,51800,1221184,257720,실리콘투,0.0019342359767891004
2025-06-11,61800,5919674,257720,실리콘투,0.1930501930501931
2025-06-12,55400,3428463,257720,실리콘투,-0.1035598705501618
2025-06-13,54100,1658589,257720,실리콘투,-0.023465703971119134
2025-06-16,54600,998876,257720,실리콘투,0.009242144177449063
2025-06-17,55300,1168796,257720,실리콘투,0.012820512820512775
2025-06-18,56700,1150699,257720,실리콘투,0.025316455696202445
2025-06-19,55600,784471,257720,실리콘투,-0.01940035273368612
2025-06-20,57100,1897602,257720,실리콘투,0.026978417266187105
2025-06-23,57600,1587905,257720,실리콘투,0.008756567425569184
2025-06-24,57800,939420,257720,실리콘투,0.003472222222222321
2025-06-25,56200,1063961,257720,실리콘투,-0.02768166089965396
2025-06-26,56600,712104,257720,실리콘투,0.007117437722419906
2025-06-27,55800,710121,257720,실리콘투,-0.014134275618374548
2025-06-30,61700,4350943,257720,실리콘투,0.10573476702508966
2025-07-01,61200,1856868,257720,실리콘투,-0.008103727714748765
2025-07-02,55900,1819585,257720,실리콘투,-0.08660130718954251
2025-07-03,52900,2733217,257720,실리콘투,-0.05366726296958857
2025-07-04,49850,1930830,257720,실리콘투,-0.05765595463137996
2025-07-07,51700,1282170,257720,실리콘투,0.03711133400200595
2025-07-08,53600,1109274,257720,실리콘투,0.03675048355899424
2025-07-09,54600,974864,257720,실리콘투,0.018656716417910557
2025-07-10,54600,723870,257720,실리콘투,0.0
2025-07-11,54400,897594,257720,실리콘투,-0.00366300366300365
2025-07-14,54200,608105,257720,실리콘투,-0.003676470588235281
2025-07-15,56100,1302155,257720,실리콘투,0.035055350553505615
2025-07-16,52900,1481344,257720,실리콘투,-0.057040998217468775
2025-07-17,52800,778358,257720,실리콘투,-0.001890359168241984
2025-07-18,50600,1490225,257720,실리콘투,-0.04166666666666663
2025-07-21,51000,632071,257720,실리콘투,0.007905138339920903
2025-07-22,50700,774118,257720,실리콘투,-0.00588235294117645
2025-07-23,51000,448913,257720,실리콘투,0.00591715976331364
2025-07-24,49950,685632,257720,실리콘투,-0.020588235294117685
2025-07-25,49850,439841,257720,실리콘투,-0.002002002002001957
2025-07-28,48500,694624,257720,실리콘투,-0.027081243731193583
2025-07-29,49400,615223,257720,실리콘투,0.01855670103092777
2025-07-30,50300,631193,257720,실리콘투,0.018218623481781382
2025-07-31,51700,1103027,257720,실리콘투,0.027833001988071482
2025-08-01,48350,886375,257720,실리콘투,-0.06479690522243708
2025-08-04,49200,400907,257720,실리콘투,0.0175801447776629
2025-08-05,51700,674524,257720,실리콘투,0.05081300813008127
2025-08-06,51700,3899612,257720,실리콘투,0.0
2025-08-07,52400,1006109,257720,실리콘투,0.013539651837524147
2025-08-08,53700,1523637,257720,실리콘투,0.024809160305343525
2025-08-11,43800,4575220,257720,실리콘투,-0.1843575418994413
2025-08-12,43000,1767103,257720,실리콘투,-0.0182648401826484
2025-08-13,43650,1238791,257720,실리콘투,0.015116279069767424
2025-08-14,45550,1405828,257720,실리콘투,0.043528064146620915
2025-08-18,45350,409269,257720,실리콘투,-0.004390779363336983
2025-08-19,44700,482183,257720,실리콘투,-0.01433296582138921
2025-08-20,45550,508517,257720,실리콘투,0.019015659955257336
2025-08-21,47450,959194,257720,실리콘투,0.04171240395170139
2025-08-22,47150,374738,257720,실리콘투,-0.006322444678609096
2025-08-25,46400,702993,257720,실리콘투,-0.01590668080593849
2025-08-26,47000,514046,257720,실리콘투,0.012931034482758674
2025-08-27,46000,533588,257720,실리콘투,-0.021276595744680882
2025-08-28,45700,529667,257720,실리콘투,-0.006521739130434745
2025-08-29,44900,429391,257720,실리콘투,-0.017505470459518557
2025-09-01,44150,620492,257720,실리콘투,-0.016703786191536785
2025-09-02,43600,553558,257720,실리콘투,-0.01245753114382786
2025-09-03,42700,477433,257720,실리콘투,-0.020642201834862428
2025-09-04,43100,388735,257720,실리콘투,0.00936768149882905
2025-09-05,42000,472331,257720,실리콘투,-0.025522041763341052
2025-09-08,42600,362545,257720,실리콘투,0.014285714285714235
2025-09-09,42450,308799,257720,실리콘투,-0.0035211267605633756
2025-09-10,41850,603201,257720,실리콘투,-0.014134275618374548
2025-09-11,42250,744033,257720,실리콘투,0.009557945041815952
2025-09-12,41750,864342,257720,실리콘투,-0.011834319526627168
2025-09-15,41850,519923,257720,실리콘투,0.0023952095808383866
2025-09-16,43000,830997,257720,실리콘투,0.027479091995221028
2025-09-17,44200,847913,257720,실리콘투,0.027906976744185963
2025-09-18,45800,1035752,257720,실리콘투,0.03619909502262453
2025-09-19,46200,702078,257720,실리콘투,0.008733624454148492
2025-09-22,46250,704145,257720,실리콘투,0.0010822510822510178
2025-09-23,46050,447759,257720,실리콘투,-0.00432432432432428
2025-09-24,45300,418252,257720,실리콘투,-0.016286644951140072
2025-09-25,44750,458304,257720,실리콘투,-0.012141280353200834
2025-09-26,44550,586111,257720,실리콘투,-0.004469273743016755
2025-09-29,46200,616739,257720,실리콘투,0.03703703703703698
2025-09-30,45800,413707,257720,실리콘투,-0.008658008658008698
2025-10-01,47400,1106584,257720,실리콘투,0.03493449781659397
2025-10-02,47250,789293,257720,실리콘투,-0.0031645569620253333
2025-10-10,46300,767004,257720,실리콘투,-0.02010582010582007
2025-10-13,46150,413020,257720,실리콘투,-0.003239740820734305
2025-10-14,42750,1089040,257720,실리콘투,-0.0736728060671723
2025-10-15,43350,415200,257720,실리콘투,0.01403508771929829
2025-10-16,43050,815398,257720,실리콘투,-0.00692041522491349
2025-10-17,42850,441968,257720,실리콘투,-0.004645760743321681
2025-10-20,43950,491439,257720,실리콘투,0.025670945157526326
2025-10-21,42750,548600,257720,실리콘투,-0.027303754266211566
2025-10-22,43250,294005,257720,실리콘투,0.011695906432748648
2025-10-23,45650,1291605,257720,실리콘투,0.05549132947976876
2025-10-24,44500,600845,257720,실리콘투,-0.025191675794085433
2025-10-27,43850,596471,257720,실리콘투,-0.014606741573033655
2025-10-28,45450,1488180,257720,실리콘투,0.036488027366020415
2025-10-29,43750,1048239,257720,실리콘투,-0.037403740374037375
2025-10-30,45650,1364653,257720,실리콘투,0.04342857142857137
2025-10-31,45000,514218,257720,실리콘투,-0.014238773274917849
2025-11-03,45250,669872,257720,실리콘투,0.005555555555555536
2025-11-04,44550,602432,257720,실리콘투,-0.015469613259668558
2025-11-05,42600,608167,257720,실리콘투,-0.043771043771043794
2025-11-06,39700,1222489,257720,실리콘투,-0.068075117370892
2025-11-07,39900,605904,257720,실리콘투,0.005037783375314797
2025-11-10,44200,3909130,257720,실리콘투,0.10776942355889729
2025-11-11,41250,1609610,257720,실리콘투,-0.06674208144796379
2025-11-12,42200,695644,257720,실리콘투,0.023030303030302957
2025-11-13,42650,620700,257720,실리콘투,0.010663507109004655
2025-11-14,44300,2059258,257720,실리콘투,0.0386869871043376
2025-11-17,45100,742369,257720,실리콘투,0.018058690744920947
2025-11-18,44900,1007729,257720,실리콘투,-0.0044345898004434225
2025-11-19,46500,1597346,257720,실리콘투,0.03563474387527843
2025-11-20,46700,1221899,257720,실리콘투,0.004301075268817289
2025-11-21,45900,611596,257720,실리콘투,-0.017130620985010725
2025-11-24,46650,816098,257720,실리콘투,0.016339869281045694
2025-11-25,44750,638860,257720,실리콘투,-0.040728831725616255
2025-11-26,44650,505436,257720,실리콘투,-0.0022346368715083775
2025-11-27,43600,625209,257720,실리콘투,-0.023516237402015694
2025-11-28,45400,597793,257720,실리콘투,0.041284403669724856
2025-12-01,43900,602015,257720,실리콘투,-0.033039647577092546
2025-12-02,45100,584483,257720,실리콘투,0.02733485193621865
2025-12-03,43900,352971,257720,실리콘투,-0.026607538802660757
2025-12-04,42650,522559,257720,실리콘투,-0.028473804100227817
2025-12-05,41850,448340,257720,실리콘투,-0.01875732708089095
2025-12-08,41900,341292,257720,실리콘투,0.0011947431302270495
2025-12-09,41150,362840,257720,실리콘투,-0.017899761336515496
2025-12-10,41900,374372,257720,실리콘투,0.018226002430133725
2025-12-11,41200,525605,257720,실리콘투,-0.01670644391408116
2025-12-12,40750,304812,257720,실리콘투,-0.01092233009708743
2025-12-15,41550,586908,257720,실리콘투,0.019631901840490906
2025-12-16,42600,928000,257720,실리콘투,0.025270758122743597
2025-12-17,41300,426721,257720,실리콘투,-0.030516431924882625
2025-12-18,40200,299800,257720,실리콘투,-0.0266343825665859
2025-12-19,40550,234394,257720,실리콘투,0.008706467661691475
2025-12-22,40750,268286,257720,실리콘투,0.004932182490752224
2025-12-23,39650,497537,257720,실리콘투,-0.026993865030674802
2025-12-24,39000,438724,257720,실리콘투,-0.016393442622950838
2025-12-26,37900,600923,257720,실리콘투,-0.028205128205128216
2025-12-29,38200,399317,257720,실리콘투,0.0079155672823219
2025-12-30,38650,441155,257720,실리콘투,0.011780104712041828
2026-01-02,40350,606857,257720,실리콘투,0.043984476067270295
2026-01-05,40000,700477,257720,실리콘투,-0.008674101610904539
2026-01-06,40550,572620,257720,실리콘투,0.013749999999999929
2026-01-07,41950,807181,257720,실리콘투,0.03452527743526512
2026-01-08,42450,560327,257720,실리콘투,0.011918951132300348
2026-01-09,43650,751610,257720,실리콘투,0.028268551236749095
2026-01-12,41950,527962,257720,실리콘투,-0.038946162657502836
2026-01-13,41750,478183,257720,실리콘투,-0.004767580452920139
2026-01-14,43450,705755,257720,실리콘투,0.04071856287425146
2026-01-15,43000,447400,257720,실리콘투,-0.010356731875719172
2026-01-16,42050,382378,257720,실리콘투,-0.02209302325581397
2026-01-19,39950,904474,257720,실리콘투,-0.049940546967895405
2026-01-20,43700,1920020,257720,실리콘투,0.09386733416770965
2026-01-21,47650,3154485,257720,실리콘투,0.09038901601830673
2026-01-22,48600,2355810,257720,실리콘투,0.019937040923399874
2026-01-23,49300,975417,257720,실리콘투,0.014403292181069949
2026-01-26,52500,1643955,257720,실리콘투,0.06490872210953347
2026-01-27,51100,997351,257720,실리콘투,-0.026666666666666616
2026-01-28,51300,819200,257720,실리콘투,0.00391389432485334
2026-01-29,54200,1634285,257720,실리콘투,0.05653021442495132
2026-01-30,53000,1198494,257720,실리콘투,-0.022140221402214055
2026-02-02,52000,800622,257720,실리콘투,-0.018867924528301883
2026-02-03,45850,5393296,257720,실리콘투,-0.1182692307692308
2026-02-04,44900,1515098,257720,실리콘투,-0.02071973827699014
2026-02-05,43300,1061639,257720,실리콘투,-0.03563474387527843
2026-02-06,41300,874395,257720,실리콘투,-0.04618937644341803
2026-02-09,44250,929587,257720,실리콘투,0.0714285714285714
2026-02-10,43500,417140,257720,실리콘투,-0.016949152542372836
2026-02-11,43050,417791,257720,실리콘투,-0.010344827586206917
2026-02-12,43100,383903,257720,실리콘투,0.0011614401858304202
2026-02-13,43000,459895,257720,실리콘투,-0.002320185614849146
2026-02-19,44200,507539,257720,실리콘투,0.027906976744185963
2026-02-20,43500,451440,257720,실리콘투,-0.015837104072398245
2026-02-23,45000,769101,257720,실리콘투,0.034482758620689724
2026-02-24,45050,601090,257720,실리콘투,0.0011111111111110628
2026-02-25,43850,489978,257720,실리콘투,-0.02663706992230852
2026-02-26,42200,1171185,257720,실리콘투,-0.03762827822120862
2026-02-27,43850,829729,257720,실리콘투,0.0390995260663507
2026-03-03,41250,724036,257720,실리콘투,-0.05929304446978334
2026-03-04,35950,964620,257720,실리콘투,-0.12848484848484854
2026-03-05,38750,606352,257720,실리콘투,0.07788595271210008
2026-03-06,40050,446660,257720,실리콘투,0.0335483870967741
2026-03-09,36150,661459,257720,실리콘투,-0.09737827715355807
2026-03-10,38450,541857,257720,실리콘투,0.0636237897648686
2026-03-11,37650,553668,257720,실리콘투,-0.020806241872561748
2026-03-12,36650,935646,257720,실리콘투,-0.026560424966799445
2026-03-13,36500,539742,257720,실리콘투,-0.004092769440654842
2026-03-16,35200,505924,257720,실리콘투,-0.03561643835616435
2026-03-17,38000,784678,257720,실리콘투,0.07954545454545459
2026-03-18,38050,329472,257720,실리콘투,0.001315789473684159
2026-03-19,36500,346550,257720,실리콘투,-0.04073587385019706
2026-03-20,38500,673562,257720,실리콘투,0.0547945205479452
2026-03-23,38000,574396,257720,실리콘투,-0.012987012987012991
2026-03-24,39000,494812,257720,실리콘투,0.026315789473684292
2026-03-25,38350,579895,257720,실리콘투,-0.01666666666666672
2026-03-26,36600,571275,257720,실리콘투,-0.04563233376792697
2026-03-27,38800,636200,257720,실리콘투,0.060109289617486406
2026-03-30,37400,259616,257720,실리콘투,-0.03608247422680411
2026-03-31,38150,746190,257720,실리콘투,0.020053475935828846
2026-04-01,40000,592341,257720,실리콘투,0.04849279161205766
2026-04-02,39150,668856,257720,실리콘투,-0.02124999999999999
2026-04-03,39300,424030,257720,실리콘투,0.003831417624521105
2026-04-06,37750,355773,257720,실리콘투,-0.039440203562341014
2026-04-07,38900,788692,257720,실리콘투,0.030463576158940464
2026-04-08,41250,682601,257720,실리콘투,0.06041131105398456
2026-04-09,43050,974252,257720,실리콘투,0.043636363636363695
2026-04-10,42650,618988,257720,실리콘투,-0.009291521486643473
2026-04-13,46900,2083529,257720,실리콘투,0.09964830011723325
2026-04-14,46350,942078,257720,실리콘투,-0.011727078891258014
2026-04-15,46800,683654,257720,실리콘투,0.009708737864077666
2026-04-16,46900,590912,257720,실리콘투,0.002136752136752129
2026-04-17,47100,571486,257720,실리콘투,0.004264392324093924
2026-04-20,47150,661193,257720,실리콘투,0.0010615711252655036
2026-04-21,48700,955235,257720,실리콘투,0.0328738069989396
2026-04-22,48600,518336,257720,실리콘투,-0.002053388090349051
2026-04-23,47850,612742,257720,실리콘투,-0.015432098765432056
2026-04-24,48800,854247,257720,실리콘투,0.01985370950888199
2026-04-27,45150,1529535,257720,실리콘투,-0.07479508196721307
2026-04-28,44650,543831,257720,실리콘투,-0.011074197120708784
2026-04-29,45000,416831,257720,실리콘투,0.007838745800671898
2026-04-30,44000,499934,257720,실리콘투,-0.022222222222222254
2026-05-04,43400,857413,257720,실리콘투,-0.013636363636363669
2026-05-06,43450,740240,257720,실리콘투,0.0011520737327188613
2026-05-07,44800,1188144,257720,실리콘투,0.031070195627157737
2026-05-08,45050,707056,257720,실리콘투,0.005580357142857206
2026-05-11,44250,571898,257720,실리콘투,-0.017758046614872347
2026-05-12,41700,2279003,257720,실리콘투,-0.057627118644067776
2026-05-13,40650,1084401,257720,실리콘투,-0.025179856115107868
2026-05-14,41150,787108,257720,실리콘투,0.012300123001230068
2026-05-15,38600,693033,257720,실리콘투,-0.06196840826245442
2026-05-18,39050,513843,257720,실리콘투,0.011658031088082943
2026-05-19,40050,1264056,257720,실리콘투,0.025608194622279035
2026-05-20,37900,569672,257720,실리콘투,-0.05368289637952561
2026-05-21,37550,783876,257720,실리콘투,-0.00923482849604218
2026-05-22,38800,932344,257720,실리콘투,0.0332889480692411
2026-05-26,38050,837369,257720,실리콘투,-0.019329896907216537
2026-05-27,37250,871637,257720,실리콘투,-0.021024967148488782
2026-05-28,37050,627051,257720,실리콘투,-0.005369127516778538
2026-05-29,36150,545115,257720,실리콘투,-0.02429149797570851
2026-06-01,35750,633144,257720,실리콘투,-0.011065006915629283
2026-06-02,35500,643753,257720,실리콘투,-0.006993006993006978
2026-06-04,36200,570806,257720,실리콘투,0.019718309859154903
2026-06-05,34100,702937,257720,실리콘투,-0.058011049723756924
2026-06-08,33000,516722,257720,실리콘투,-0.032258064516129004
2026-06-09,33300,651065,257720,실리콘투,0.009090909090909038
2026-06-10,34500,686065,257720,실리콘투,0.03603603603603611
2026-06-11,35400,496109,257720,실리콘투,0.026086956521739202
2026-06-12,34650,465005,257720,실리콘투,-0.021186440677966156
2026-06-15,35800,263963,257720,실리콘투,0.03318903318903321
2026-06-16,35050,315837,257720,실리콘투,-0.020949720670391025
2026-06-17,35050,374476,257720,실리콘투,0.0
2026-06-18,33800,381833,257720,실리콘투,-0.03566333808844513
2026-06-19,33200,677609,257720,실리콘투,-0.017751479289940808
2026-06-22,34700,384319,257720,실리콘투,0.04518072289156616
2026-06-23,34000,604736,257720,실리콘투,-0.02017291066282423
2026-06-24,33600,280955,257720,실리콘투,-0.0117647058823529
2026-06-25,32150,606196,257720,실리콘투,-0.04315476190476186
2026-06-26,30400,774528,257720,실리콘투,-0.05443234836702959
2026-06-29,32650,713814,257720,실리콘투,0.07401315789473695
2026-06-30,31650,230406,257720,실리콘투,-0.030627871362940318
2026-07-01,35550,613536,257720,실리콘투,0.12322274881516582
2026-07-02,34950,778810,257720,실리콘투,-0.016877637130801704
2026-07-03,36100,772689,257720,실리콘투,0.03290414878397718
2026-07-06,37300,1013251,257720,실리콘투,0.0332409972299168
2026-07-07,38500,1085395,257720,실리콘투,0.03217158176943702
2026-07-08,36000,607915,257720,실리콘투,-0.06493506493506496
2026-07-09,35550,491778,257720,실리콘투,-0.012499999999999956
2026-07-10,37600,685703,257720,실리콘투,0.057665260196905876
2026-07-13,38350,680945,257720,실리콘투,0.019946808510638236
2026-07-14,36500,476252,257720,실리콘투,-0.04823989569752285
2026-07-15,36500,584571,257720,실리콘투,0.0
2026-07-16,36050,338419,257720,실리콘투,-0.012328767123287676
2026-07-20,34450,322117,257720,실리콘투,-0.04438280166435504
2026-07-21,35650,487219,257720,실리콘투,0.03483309143686508
2026-07-22,35000,443067,257720,실리콘투,-0.018232819074333828
2026-07-23,36400,477231,257720,실리콘투,0.040000000000000036
2026-07-24,35250,209275,257720,실리콘투,-0.03159340659340659
2026-07-27,38400,677408,257720,실리콘투,0.08936170212765959
2026-07-28,36500,458364,257720,실리콘투,-0.04947916666666663
2026-07-29,34600,841341,257720,실리콘투,-0.05205479452054795
2026-07-30,33050,764198,257720,실리콘투,-0.044797687861271696
2026-07-31,33950,575787,257720,실리콘투,0.027231467473525006
2026-08-03,34500,396819,257720,실리콘투,0.016200294550809957
2026-08-04,37350,1104301,257720,실리콘투,0.08260869565217388
2026-08-05,37100,453122,257720,실리콘투,-0.00669344042838016
2026-08-06,39350,653808,257720,실리콘투,0.06064690026954178
2026-08-07,39300,700629,257720,실리콘투,-0.0012706480304955914
2026-08-10,38400,472251,257720,실리콘투,-0.022900763358778664
2026-08-11,40050,890861,257720,실리콘투,0.04296875
2026-08-12,45250,5369257,257720,실리콘투,0.12983770287141083
2026-08-13,40800,2627447,257720,실리콘투,-0.09834254143646404
2026-08-14,42850,2550832,257720,실리콘투,0.05024509803921573
2026-08-18,44500,2778113,257720,실리콘투,0.03850641773628949
2026-08-19,45300,3659369,257720,실리콘투,0.01797752808988773
2026-08-20,45950,1293152,257720,실리콘투,0.014348785871964642
2026-08-21,46750,965160,257720,실리콘투,0.017410228509249226
2021-10-28,6351,4877346,114840,아이패밀리에스씨,
2021-10-29,5826,452645,114840,아이패밀리에스씨,-0.08266414737836558
2021-11-01,5451,268833,114840,아이패밀리에스씨,-0.06436663233779605
2021-11-02,5526,201334,114840,아이패밀리에스씨,0.013758943313153527
2021-11-03,5314,87111,114840,아이패밀리에스씨,-0.03836409699601884
2021-11-04,5201,78619,114840,아이패밀리에스씨,-0.02126458411742571
2021-11-05,5063,46532,114840,아이패밀리에스씨,-0.02653335896942899
2021-11-08,5213,45399,114840,아이패밀리에스씨,0.02962670353545338
2021-11-09,5614,135321,114840,아이패밀리에스씨,0.07692307692307687
2021-11-10,5426,44353,114840,아이패밀리에스씨,-0.03348770929818312
2021-11-11,5226,41602,114840,아이패밀리에스씨,-0.03685956505713228
2021-11-12,5163,34460,114840,아이패밀리에스씨,-0.012055109070034487
2021-11-15,5226,25508,114840,아이패밀리에스씨,0.01220220801859373
2021-11-16,5389,81542,114840,아이패밀리에스씨,0.03119020283199392
2021-11-17,5201,40140,114840,아이패밀리에스씨,-0.03488587864167747
2021-11-18,5176,27542,114840,아이패밀리에스씨,-0.004806767929244393
2021-11-19,5126,20568,114840,아이패밀리에스씨,-0.009659969088098963
2021-11-22,4938,34534,114840,아이패밀리에스씨,-0.036675770581349965
2021-11-23,4901,12436,114840,아이패밀리에스씨,-0.007492912110166006
2021-11-24,4938,12122,114840,아이패밀리에스씨,0.007549479698020889
2021-11-25,4888,14469,114840,아이패밀리에스씨,-0.010125556905629773
2021-11-26,4751,23093,114840,아이패밀리에스씨,-0.028027823240589167
2021-11-29,4426,44823,114840,아이패밀리에스씨,-0.06840665123131973
2021-11-30,4176,44537,114840,아이패밀리에스씨,-0.056484410302756416
2021-12-01,4213,16487,114840,아이패밀리에스씨,0.008860153256704972
2021-12-02,4201,23803,114840,아이패밀리에스씨,-0.002848326608117735
2021-12-03,4313,26570,114840,아이패밀리에스씨,0.026660318971673425
2021-12-06,4301,10592,114840,아이패밀리에스씨,-0.002782286111755128
2021-12-07,4301,13208,114840,아이패밀리에스씨,0.0
2021-12-08,4426,38643,114840,아이패밀리에스씨,0.029063008602650653
2021-12-09,4538,25588,114840,아이패밀리에스씨,0.025305015815634935
2021-12-10,4526,18412,114840,아이패밀리에스씨,-0.002644336712207984
2021-12-13,4451,12098,114840,아이패밀리에스씨,-0.016570923552805983
2021-12-14,4413,6834,114840,아이패밀리에스씨,-0.008537407324196833
2021-12-15,4551,14701,114840,아이패밀리에스씨,0.03127124405166559
2021-12-16,4488,11896,114840,아이패밀리에스씨,-0.013843111404087005
2021-12-17,4526,15347,114840,아이패밀리에스씨,0.008467023172905597
2021-12-20,4363,18540,114840,아이패밀리에스씨,-0.0360141405214317
2021-12-21,4326,13524,114840,아이패밀리에스씨,-0.008480403392161384
2021-12-22,4438,16223,114840,아이패밀리에스씨,0.025889967637540368
2021-12-23,4376,7433,114840,아이패밀리에스씨,-0.013970256872465114
2021-12-24,4301,11206,114840,아이패밀리에스씨,-0.017138939670932385
2021-12-27,4426,14559,114840,아이패밀리에스씨,0.029063008602650653
2021-12-28,4413,9265,114840,아이패밀리에스씨,-0.0029371893357433843
2021-12-29,4438,4958,114840,아이패밀리에스씨,0.0056650804441422675
2021-12-30,4426,5816,114840,아이패밀리에스씨,-0.002703920684993255
2022-01-03,4513,10527,114840,아이패밀리에스씨,0.019656574785359204
2022-01-04,4513,9493,114840,아이패밀리에스씨,0.0
2022-01-05,4426,10876,114840,아이패밀리에스씨,-0.01927764236649676
2022-01-06,4463,13088,114840,아이패밀리에스씨,0.008359692724807966
2022-01-07,4751,45978,114840,아이패밀리에스씨,0.06453058480842477
2022-01-10,4863,35389,114840,아이패밀리에스씨,0.023573984424331673
2022-01-11,4776,8179,114840,아이패밀리에스씨,-0.017890191239975373
2022-01-12,4738,11622,114840,아이패밀리에스씨,-0.007956448911222824
2022-01-13,4751,8849,114840,아이패밀리에스씨,0.0027437737441957655
2022-01-14,4776,25508,114840,아이패밀리에스씨,0.005262050094716919
2022-01-17,4501,12980,114840,아이패밀리에스씨,-0.05757956448911228
2022-01-18,4376,8149,114840,아이패밀리에스씨,-0.027771606309708985
2022-01-19,4376,9033,114840,아이패밀리에스씨,0.0
2022-01-20,4363,11190,114840,아이패밀리에스씨,-0.002970749542961615
2022-01-21,4401,9057,114840,아이패밀리에스씨,0.008709603483841422
2022-01-24,4301,13746,114840,아이패밀리에스씨,-0.022722108611679115
2022-01-25,4263,19862,114840,아이패밀리에스씨,-0.008835154615205787
2022-01-26,4251,7371,114840,아이패밀리에스씨,-0.0028149190710766714
2022-01-27,4201,6854,114840,아이패밀리에스씨,-0.011761938367442992
2022-01-28,4251,5004,114840,아이패밀리에스씨,0.011901928112354243
2022-02-03,4251,10195,114840,아이패밀리에스씨,0.0
2022-02-04,4501,7753,114840,아이패밀리에스씨,0.05880969183721474
2022-02-07,4776,156183,114840,아이패밀리에스씨,0.061097533881359745
2022-02-08,4751,29119,114840,아이패밀리에스씨,-0.005234505862646621
2022-02-09,5301,278724,114840,아이패밀리에스씨,0.11576510208377178
2022-02-10,5326,82440,114840,아이패밀리에스씨,0.00471609130352757
2022-02-11,5151,200552,114840,아이패밀리에스씨,-0.032857679309049925
2022-02-14,4863,47932,114840,아이패밀리에스씨,-0.05591147350029124
2022-02-15,5001,52245,114840,아이패밀리에스씨,0.028377544725478154
2022-02-16,5001,41362,114840,아이패밀리에스씨,0.0
2022-02-17,5764,586107,114840,아이패밀리에스씨,0.15256948610277954
2022-02-18,5701,164943,114840,아이패밀리에스씨,-0.010929909784871628
2022-02-21,5876,197819,114840,아이패밀리에스씨,0.030696369058059947
2022-02-22,5976,256902,114840,아이패밀리에스씨,0.017018379850238352
2022-02-23,5926,265430,114840,아이패밀리에스씨,-0.008366800535475227
2022-02-24,5601,118044,114840,아이패밀리에스씨,-0.05484306446169418
2022-02-25,6164,258328,114840,아이패밀리에스씨,0.10051776468487761
2022-02-28,6189,113575,114840,아이패밀리에스씨,0.004055807916937049
2022-03-02,6589,238212,114840,아이패밀리에스씨,0.06463079657456783
2022-03-03,6701,201784,114840,아이패밀리에스씨,0.016998027014721417
2022-03-04,6726,73407,114840,아이패밀리에스씨,0.0037307864497835297
2022-03-07,6414,110650,114840,아이패밀리에스씨,-0.04638715432649421
2022-03-08,6376,90876,114840,아이패밀리에스씨,-0.005924540068599993
2022-03-10,6426,151988,114840,아이패밀리에스씨,0.007841907151819427
2022-03-11,6301,89518,114840,아이패밀리에스씨,-0.019452225334578244
2022-03-14,5739,136491,114840,아이패밀리에스씨,-0.08919219171560067
2022-03-15,5776,77447,114840,아이패밀리에스씨,0.006447116222338289
2022-03-16,5726,55154,114840,아이패밀리에스씨,-0.00865650969529086
2022-03-17,5701,52157,114840,아이패밀리에스씨,-0.004366049598323429
2022-03-18,5801,38415,114840,아이패밀리에스씨,0.017540782318891335
2022-03-21,5739,25654,114840,아이패밀리에스씨,-0.01068781244612993
2022-03-22,6264,174556,114840,아이패밀리에스씨,0.09147935180345002
2022-03-23,6289,71519,114840,아이패밀리에스씨,0.003991060025542836
2022-03-24,6251,33804,114840,아이패밀리에스씨,-0.0060422960725075026
2022-03-25,6364,69452,114840,아이패밀리에스씨,0.018077107662773928
2022-03-28,6251,32838,114840,아이패밀리에스씨,-0.017756128221244505
2022-03-29,6451,31293,114840,아이패밀리에스씨,0.03199488081906887
2022-03-30,6426,17125,114840,아이패밀리에스씨,-0.0038753681599752454
2022-03-31,6376,20878,114840,아이패밀리에스씨,-0.00778089013383132
2022-04-01,7064,413086,114840,아이패밀리에스씨,0.10790464240903397
2022-04-04,7302,299104,114840,아이패밀리에스씨,0.033691959229898094
2022-04-05,7314,81630,114840,아이패밀리에스씨,0.0016433853738702098
2022-04-06,7252,50827,114840,아이패밀리에스씨,-0.008476893628657334
2022-04-07,7377,52049,114840,아이패밀리에스씨,0.01723662437948148
2022-04-08,7827,233715,114840,아이패밀리에스씨,0.06100040666937789
2022-04-11,7477,89144,114840,아이패밀리에스씨,-0.04471700523827771
2022-04-12,7302,63491,114840,아이패밀리에스씨,-0.023405109000936175
2022-04-13,7352,43345,114840,아이패밀리에스씨,0.006847439057792393
2022-04-14,8227,708940,114840,아이패밀리에스씨,0.11901523394994551
2022-04-15,8114,180196,114840,아이패밀리에스씨,-0.013735261942384835
2022-04-18,8252,287302,114840,아이패밀리에스씨,0.017007641114123784
2022-04-19,7977,115677,114840,아이패밀리에스씨,-0.03332525448376156
2022-04-20,8252,94661,114840,아이패밀리에스씨,0.03447411307509096
2022-04-21,8352,105895,114840,아이패밀리에스씨,0.012118274357731496
2022-04-22,8377,57559,114840,아이패밀리에스씨,0.0029932950191571273
2022-04-25,7764,59197,114840,아이패밀리에스씨,-0.07317655485257257
2022-04-26,7752,49281,114840,아이패밀리에스씨,-0.0015455950540957941
2022-04-27,7427,74750,114840,아이패밀리에스씨,-0.04192466460268318
2022-04-28,7989,136779,114840,아이패밀리에스씨,0.07566985323818498
2022-04-29,7889,229876,114840,아이패밀리에스씨,-0.012517211165352315
2022-05-02,7552,54732,114840,아이패밀리에스씨,-0.04271770820129295
2022-05-03,7427,35253,114840,아이패밀리에스씨,-0.016551906779661008
2022-05-04,7402,20672,114840,아이패밀리에스씨,-0.003366096674296437
2022-05-06,6914,81672,114840,아이패밀리에스씨,-0.06592812753309918
2022-05-09,6626,59243,114840,아이패밀리에스씨,-0.04165461382701763
2022-05-10,6364,74610,114840,아이패밀리에스씨,-0.03954120132810146
2022-05-11,6601,77417,114840,아이패밀리에스씨,0.03724072910119425
2022-05-12,6314,61100,114840,아이패밀리에스씨,-0.04347826086956519
2022-05-13,7014,118204,114840,아이패밀리에스씨,0.11086474501108645
2022-05-16,6964,52930,114840,아이패밀리에스씨,-0.007128599942971214
2022-05-17,7127,94579,114840,아이패밀리에스씨,0.02340608845491099
2022-05-18,7089,69936,114840,아이패밀리에스씨,-0.0053318366774238735
2022-05-19,7177,55952,114840,아이패밀리에스씨,0.01241359853293833
2022-05-20,7664,82312,114840,아이패밀리에스씨,0.0678556499930334
2022-05-23,7352,352639,114840,아이패밀리에스씨,-0.04070981210855951
2022-05-24,7464,128357,114840,아이패밀리에스씨,0.015233949945593128
2022-05-25,7389,46114,114840,아이패밀리에스씨,-0.010048231511254002
2022-05-26,7364,64183,114840,아이패밀리에스씨,-0.0033834077683042585
2022-05-27,7364,23133,114840,아이패밀리에스씨,0.0
2022-05-30,7427,24295,114840,아이패밀리에스씨,0.008555133079847899
2022-05-31,7627,38471,114840,아이패밀리에스씨,0.02692877339437194
2022-06-02,7402,81206,114840,아이패밀리에스씨,-0.02950045889602726
2022-06-03,7152,197959,114840,아이패밀리에스씨,-0.033774655498513884
2022-06-07,7052,84112,114840,아이패밀리에스씨,-0.013982102908277394
2022-06-08,7052,42899,114840,아이패밀리에스씨,0.0
2022-06-09,7727,1578240,114840,아이패밀리에스씨,0.0957175269427113
2022-06-10,7677,234433,114840,아이패밀리에스씨,-0.0064708166170570625
2022-06-13,7001,134545,114840,아이패밀리에스씨,-0.08805522990751591
2022-06-14,7427,314926,114840,아이패밀리에스씨,0.060848450221396844
2022-06-15,7252,249674,114840,아이패밀리에스씨,-0.023562676720075393
2022-06-16,7452,126180,114840,아이패밀리에스씨,0.027578599007170412
2022-06-17,7502,47730,114840,아이패밀리에스씨,0.006709608158883551
2022-06-20,7202,86125,114840,아이패밀리에스씨,-0.0399893361770195
2022-06-21,7202,61612,114840,아이패밀리에스씨,0.0
2022-06-22,6676,61850,114840,아이패밀리에스씨,-0.07303526798111637
2022-06-23,6501,134259,114840,아이패밀리에스씨,-0.026213301378070653
2022-06-24,6851,52667,114840,아이패밀리에스씨,0.05383787109675442
2022-06-27,6876,118124,114840,아이패밀리에스씨,0.003649102320829156
2022-06-28,6801,55048,114840,아이패밀리에스씨,-0.010907504363001697
2022-06-29,6601,333313,114840,아이패밀리에스씨,-0.029407440082340863
2022-06-30,5826,493805,114840,아이패밀리에스씨,-0.11740645356764123
2022-07-01,5726,424749,114840,아이패밀리에스씨,-0.01716443529007894
2022-07-04,5601,135221,114840,아이패밀리에스씨,-0.021830247991617147
2022-07-05,5826,145874,114840,아이패밀리에스씨,0.04017139796464919
2022-07-06,5751,172336,114840,아이패밀리에스씨,-0.012873326467559232
2022-07-07,5901,85511,114840,아이패밀리에스씨,0.026082420448617638
2022-07-08,6101,198385,114840,아이패밀리에스씨,0.03389256058295209
2022-07-11,6126,303971,114840,아이패밀리에스씨,0.0040976889034585184
2022-07-12,5901,245472,114840,아이패밀리에스씨,-0.036728697355533746
2022-07-13,5976,83820,114840,아이패밀리에스씨,0.012709710218607118
2022-07-14,6301,341002,114840,아이패밀리에스씨,0.05438420348058903
2022-07-15,6326,113099,114840,아이패밀리에스씨,0.003967624186637098
2022-07-18,6076,198675,114840,아이패밀리에스씨,-0.0395194435662346
2022-07-19,6101,58263,114840,아이패밀리에스씨,0.004114549045424631
2022-07-20,6001,173658,114840,아이패밀리에스씨,-0.01639075561383385
2022-07-21,6051,86655,114840,아이패밀리에스씨,0.008331944675887382
2022-07-22,6101,166448,114840,아이패밀리에스씨,0.008263097008758935
2022-07-25,6376,168384,114840,아이패밀리에스씨,0.04507457793804304
2022-07-26,6251,78641,114840,아이패밀리에스씨,-0.019604767879548346
2022-07-27,6251,116754,114840,아이패밀리에스씨,0.0
2022-07-28,6076,108857,114840,아이패밀리에스씨,-0.027995520716685318
2022-07-29,6276,102686,114840,아이패밀리에스씨,0.03291639236339705
2022-08-01,6126,71973,114840,아이패밀리에스씨,-0.02390057361376674
2022-08-02,6101,61664,114840,아이패밀리에스씨,-0.004080966372837058
2022-08-03,6101,20004,114840,아이패밀리에스씨,0.0
2022-08-04,6176,61340,114840,아이패밀리에스씨,0.012293066710375333
2022-08-05,6076,223148,114840,아이패밀리에스씨,-0.016191709844559532
2022-08-08,6151,44107,114840,아이패밀리에스씨,0.012343647136273894
2022-08-09,6176,95472,114840,아이패밀리에스씨,0.004064379775646332
2022-08-10,6176,160890,114840,아이패밀리에스씨,0.0
2022-08-11,6401,192991,114840,아이패밀리에스씨,0.036431347150259086
2022-08-12,6826,487145,114840,아이패밀리에스씨,0.0663958756444305
2022-08-16,6651,721390,114840,아이패밀리에스씨,-0.025637269264576656
2022-08-17,6551,124652,114840,아이패밀리에스씨,-0.015035333032626719
2022-08-18,6601,262073,114840,아이패밀리에스씨,0.0076324225309112315
2022-08-19,6376,179906,114840,아이패밀리에스씨,-0.03408574458415392
2022-08-22,6101,149789,114840,아이패밀리에스씨,-0.043130489335006295
2022-08-23,6026,120683,114840,아이패밀리에스씨,-0.012293066710375333
2022-08-24,6151,64871,114840,아이패밀리에스씨,0.020743445071357502
2022-08-25,6226,67906,114840,아이패밀리에스씨,0.012193139326938773
2022-08-26,6226,169261,114840,아이패밀리에스씨,0.0
2022-08-29,5901,176591,114840,아이패밀리에스씨,-0.05220044972695148
2022-08-30,6101,144752,114840,아이패밀리에스씨,0.03389256058295209
2022-08-31,6076,128487,114840,아이패밀리에스씨,-0.004097688903458407
2022-09-01,5876,73858,114840,아이패밀리에스씨,-0.03291639236339694
2022-09-02,5776,124828,114840,아이패밀리에스씨,-0.01701837985023824
2022-09-05,5676,69466,114840,아이패밀리에스씨,-0.01731301939058172
2022-09-06,5901,210074,114840,아이패밀리에스씨,0.03964059196617331
2022-09-07,5776,149111,114840,아이패밀리에스씨,-0.021182850364344974
2022-09-08,5751,89788,114840,아이패밀리에스씨,-0.00432825484764543
2022-09-13,6001,198959,114840,아이패밀리에스씨,0.04347070074769599
2022-09-14,5776,97244,114840,아이패밀리에스씨,-0.037493751041493106
2022-09-15,5801,211105,114840,아이패밀리에스씨,0.004328254847645319
2022-09-16,5701,170799,114840,아이패밀리에스씨,-0.017238407171177417
2022-09-19,6101,630426,114840,아이패밀리에스씨,0.07016312927556578
2022-09-20,6526,760715,114840,아이패밀리에스씨,0.0696607113587937
2022-09-21,6876,656711,114840,아이패밀리에스씨,0.05363162733680671
2022-09-22,6926,654369,114840,아이패밀리에스씨,0.007271669575334538
2022-09-23,6301,746961,114840,아이패밀리에스씨,-0.09023967658099918
2022-09-26,5901,527897,114840,아이패밀리에스씨,-0.06348198698619267
2022-09-27,6051,191691,114840,아이패밀리에스씨,0.025419420437214013
2022-09-28,5526,361571,114840,아이패밀리에스씨,-0.08676251859196826
2022-09-29,5376,176181,114840,아이패밀리에스씨,-0.02714440825190012
2022-09-30,5176,203666,114840,아이패밀리에스씨,-0.03720238095238093
2022-10-04,5376,102896,114840,아이패밀리에스씨,0.03863987635239563
2022-10-05,5176,96564,114840,아이패밀리에스씨,-0.03720238095238093
2022-10-06,5276,92197,114840,아이패밀리에스씨,0.019319938176197926
2022-10-07,5226,42875,114840,아이패밀리에스씨,-0.0094768764215315
2022-10-11,4801,218643,114840,아이패밀리에스씨,-0.08132414848832759
2022-10-12,4676,77627,114840,아이패밀리에스씨,-0.026036242449489655
2022-10-13,4526,154434,114840,아이패밀리에스씨,-0.03207869974337041
2022-10-14,4711,92523,114840,아이패밀리에스씨,0.040874944763588106
2022-10-17,4766,49715,114840,아이패밀리에스씨,0.011674803651029464
2022-10-18,4771,105372,114840,아이패밀리에스씨,0.0010490977759127773
2022-10-19,4811,96836,114840,아이패밀리에스씨,0.00838398658562145
2022-10-20,4701,31966,114840,아이패밀리에스씨,-0.022864269382664726
2022-10-21,4661,51495,114840,아이패밀리에스씨,-0.008508827908955574
2022-10-24,4711,51029,114840,아이패밀리에스씨,0.01072731173567898
2022-10-25,4666,26264,114840,아이패밀리에스씨,-0.009552112078115016
2022-10-26,4651,25646,114840,아이패밀리에스씨,-0.0032147449635662184
2022-10-27,4671,32482,114840,아이패밀리에스씨,0.004300150505267775
2022-10-28,4551,63395,114840,아이패밀리에스씨,-0.025690430314707746
2022-10-31,4556,21337,114840,아이패밀리에스씨,0.001098659635244914
2022-11-01,4686,145182,114840,아이패밀리에스씨,0.028533801580333584
2022-11-02,4651,65551,114840,아이패밀리에스씨,-0.00746905676483145
2022-11-03,4611,25012,114840,아이패밀리에스씨,-0.008600301010535327
2022-11-04,4711,152654,114840,아이패밀리에스씨,0.021687269572760792
2022-11-07,4641,95736,114840,아이패밀리에스씨,-0.014858841010401136
2022-11-08,4711,147899,114840,아이패밀리에스씨,0.015082956259426794
2022-11-09,4571,152712,114840,아이패밀리에스씨,-0.029717682020802383
2022-11-10,4551,60346,114840,아이패밀리에스씨,-0.0043754101947057755
2022-11-11,4661,142747,114840,아이패밀리에스씨,0.024170511975390108
2022-11-14,4796,250144,114840,아이패밀리에스씨,0.02896374168633331
2022-11-15,4896,92335,114840,아이패밀리에스씨,0.020850708924103456
2022-11-16,4736,94645,114840,아이패밀리에스씨,-0.0326797385620915
2022-11-17,4741,93019,114840,아이패밀리에스씨,0.0010557432432432012
2022-11-18,4616,134585,114840,아이패밀리에스씨,-0.026365745623286196
2022-11-21,4531,122477,114840,아이패밀리에스씨,-0.01841421143847488
2022-11-22,4431,92041,114840,아이패밀리에스씨,-0.02207018318252041
2022-11-23,4516,84537,114840,아이패밀리에스씨,0.01918302866170163
2022-11-24,4621,74898,114840,아이패밀리에스씨,0.023250664304694357
2022-11-25,4611,52461,114840,아이패밀리에스씨,-0.002164033758926598
2022-11-28,4546,71731,114840,아이패밀리에스씨,-0.014096725222294548
2022-11-29,4996,1953702,114840,아이패밀리에스씨,0.0989881214254289
2022-11-30,4936,363928,114840,아이패밀리에스씨,-0.012009607686148893
2022-12-01,5251,1118855,114840,아이패밀리에스씨,0.0638168557536467
2022-12-02,5426,583515,114840,아이패밀리에스씨,0.033326985336126436
2022-12-05,5626,835038,114840,아이패밀리에스씨,0.03685956505713239
2022-12-06,5301,271006,114840,아이패밀리에스씨,-0.057767507998577994
2022-12-07,5601,675239,114840,아이패밀리에스씨,0.056593095642331726
2022-12-08,5626,384860,114840,아이패밀리에스씨,0.004463488662738824
2022-12-09,5726,348546,114840,아이패밀리에스씨,0.017774617845716323
2022-12-12,5551,148847,114840,아이패밀리에스씨,-0.030562347188264005
2022-12-13,5676,158510,114840,아이패밀리에스씨,0.022518465141415867
2022-12-14,5651,122797,114840,아이패밀리에스씨,-0.004404510218463664
2022-12-15,5701,93009,114840,아이패밀리에스씨,0.008847991505928077
2022-12-16,5901,323899,114840,아이패밀리에스씨,0.03508156463778289
2022-12-19,6076,162311,114840,아이패밀리에스씨,0.029655990510083052
2022-12-20,5926,259194,114840,아이패밀리에스씨,-0.024687294272547677
2022-12-21,6276,269277,114840,아이패밀리에스씨,0.0590617617279785
2022-12-22,6126,175761,114840,아이패밀리에스씨,-0.02390057361376674
2022-12-23,5876,268107,114840,아이패밀리에스씨,-0.040809663728370915
2022-12-26,5776,90932,114840,아이패밀리에스씨,-0.01701837985023824
2022-12-27,6251,1357553,114840,아이패밀리에스씨,0.08223684210526305
2022-12-28,6351,268779,114840,아이패밀리에스씨,0.015997440409534436
2022-12-29,6226,333837,114840,아이패밀리에스씨,-0.019681939851991848
2023-01-02,6351,352613,114840,아이패밀리에스씨,0.02007709604882746
2023-01-03,6226,264874,114840,아이패밀리에스씨,-0.019681939851991848
2023-01-04,6626,371152,114840,아이패밀리에스씨,0.06424670735624805
2023-01-05,6751,373335,114840,아이패밀리에스씨,0.018865076969514005
2023-01-06,6501,131066,114840,아이패밀리에스씨,-0.037031550881350905
2023-01-09,6776,238846,114840,아이패밀리에스씨,0.04230118443316422
2023-01-10,6701,222642,114840,아이패밀리에스씨,-0.011068476977567854
2023-01-11,6676,90070,114840,아이패밀리에스씨,-0.0037307864497836407
2023-01-12,6726,271108,114840,아이패밀리에스씨,0.007489514679448694
2023-01-13,6601,191753,114840,아이패밀리에스씨,-0.018584597085935184
2023-01-16,6876,327166,114840,아이패밀리에스씨,0.04166035449174377
2023-01-17,6876,240359,114840,아이패밀리에스씨,0.0
2023-01-18,6751,255429,114840,아이패밀리에스씨,-0.018179173938336235
2023-01-19,6901,277744,114840,아이패밀리에스씨,0.02221893052881052
2023-01-20,6701,307476,114840,아이패밀리에스씨,-0.028981307056948236
2023-01-25,6676,229830,114840,아이패밀리에스씨,-0.0037307864497836407
2023-01-26,6616,185783,114840,아이패밀리에스씨,-0.0089874176153385
2023-01-27,6751,264142,114840,아이패밀리에스씨,0.020405078597339754
2023-01-30,6646,159958,114840,아이패밀리에스씨,-0.015553251370167387
2023-01-31,6356,220929,114840,아이패밀리에스씨,-0.04363526933493833
2023-02-01,6596,232603,114840,아이패밀리에스씨,0.03775959723096278
2023-02-02,6586,124864,114840,아이패밀리에스씨,-0.0015160703456640334
2023-02-03,6866,337595,114840,아이패밀리에스씨,0.04251442453689647
2023-02-06,7187,303053,114840,아이패밀리에스씨,0.04675211185551986
2023-02-07,7047,158043,114840,아이패밀리에스씨,-0.01947961597328507
2023-02-08,6971,201998,114840,아이패밀리에스씨,-0.010784731091244448
2023-02-09,7082,160472,114840,아이패밀리에스씨,0.015923110027255882
2023-02-10,7502,667538,114840,아이패밀리에스씨,0.05930528099406951
2023-02-13,7097,345121,114840,아이패밀리에스씨,-0.053985603838976326
2023-02-14,6911,280814,114840,아이패밀리에스씨,-0.026208257010004177
2023-02-15,6921,166806,114840,아이패밀리에스씨,0.0014469686007814175
2023-02-16,6476,429367,114840,아이패밀리에스씨,-0.06429706689784709
2023-02-17,6096,424481,114840,아이패밀리에스씨,-0.058678196417541684
2023-02-20,6326,176075,114840,아이패밀리에스씨,0.037729658792651
2023-02-21,6401,155725,114840,아이패밀리에스씨,0.01185583306987037
2023-02-22,6501,141059,114840,아이패밀리에스씨,0.015622558975160183
2023-02-23,6521,150509,114840,아이패밀리에스씨,0.003076449776957313
2023-02-24,6556,77290,114840,아이패밀리에스씨,0.005367274957828627
2023-02-27,6326,104566,114840,아이패밀리에스씨,-0.03508236729713243
2023-02-28,6626,171811,114840,아이패밀리에스씨,0.04742333227948148
2023-03-02,6771,145822,114840,아이패밀리에스씨,0.021883489284636237
2023-03-03,6796,91058,114840,아이패밀리에스씨,0.0036922168069708494
2023-03-06,6846,140346,114840,아이패밀리에스씨,0.007357268981754039
2023-03-07,6851,132998,114840,아이패밀리에스씨,0.0007303534910896303
2023-03-08,6711,75776,114840,아이패밀리에스씨,-0.020434972996642875
2023-03-09,6791,57233,114840,아이패밀리에스씨,0.011920727164357103
2023-03-10,6636,63080,114840,아이패밀리에스씨,-0.022824326314239474
2023-03-13,6411,54472,114840,아이패밀리에스씨,-0.0339059674502713
2023-03-14,6171,105665,114840,아이패밀리에스씨,-0.03743565746373423
2023-03-15,6276,38277,114840,아이패밀리에스씨,0.017015070491006368
2023-03-16,6646,73019,114840,아이패밀리에스씨,0.05895474824729119
2023-03-17,6641,67424,114840,아이패밀리에스씨,-0.0007523322299127777
2023-03-20,6801,316054,114840,아이패밀리에스씨,0.024092757114892338
2023-03-21,6936,191765,114840,아이패밀리에스씨,0.019850022055579952
2023-03-22,6851,70783,114840,아이패밀리에스씨,-0.01225490196078427
2023-03-23,6846,83204,114840,아이패밀리에스씨,-0.000729820464165809
2023-03-24,7257,301830,114840,아이패밀리에스씨,0.060035056967572276
2023-03-27,7442,188984,114840,아이패밀리에스씨,0.02549262780763395
2023-03-28,7542,285386,114840,아이패밀리에스씨,0.01343724805159896
2023-03-29,7772,468162,114840,아이패밀리에스씨,0.03049588968443384
2023-03-30,7997,304067,114840,아이패밀리에스씨,0.028950077200205815
2023-03-31,8077,270233,114840,아이패밀리에스씨,0.01000375140677745
2023-04-03,8202,211623,114840,아이패밀리에스씨,0.015476043085304036
2023-04-04,8392,408137,114840,아이패밀리에스씨,0.023165081687393396
2023-04-05,8812,392184,114840,아이패밀리에스씨,0.050047664442326
2023-04-06,8957,235686,114840,아이패밀리에스씨,0.016454834316840694
2023-04-07,8502,390666,114840,아이패밀리에스씨,-0.05079825834542817
2023-04-10,8412,360497,114840,아이패밀리에스씨,-0.010585744530698604
2023-04-11,9137,365102,114840,아이패밀리에스씨,0.08618640038040892
2023-04-12,9817,554224,114840,아이패밀리에스씨,0.07442267702747074
2023-04-13,9457,311335,114840,아이패밀리에스씨,-0.03667108077824177
2023-04-14,9357,263996,114840,아이패밀리에스씨,-0.010574177857671563
2023-04-17,9307,129723,114840,아이패밀리에스씨,-0.005343593031954641
2023-04-18,10002,304445,114840,아이패밀리에스씨,0.0746749758246481
2023-04-19,9712,475900,114840,아이패밀리에스씨,-0.02899420115976803
2023-04-20,9472,214756,114840,아이패밀리에스씨,-0.02471169686985175
2023-04-21,9072,510350,114840,아이패밀리에스씨,-0.042229729729729715
2023-04-24,9372,242878,114840,아이패밀리에스씨,0.033068783068783025
2023-04-25,8942,173398,114840,아이패밀리에스씨,-0.04588134869825011
2023-04-26,8857,98425,114840,아이패밀리에스씨,-0.009505703422053258
2023-04-27,9832,382525,114840,아이패밀리에스씨,0.1100824206842046
2023-04-28,10077,256952,114840,아이패밀리에스씨,0.02491863303498776
2023-05-02,10678,398096,114840,아이패밀리에스씨,0.05964076610102209
2023-05-03,10703,173710,114840,아이패밀리에스씨,0.002341262408690703
2023-05-04,10152,359167,114840,아이패밀리에스씨,-0.051480893207511924
2023-05-08,9507,256223,114840,아이패밀리에스씨,-0.0635342789598109
2023-05-09,10002,406922,114840,아이패밀리에스씨,0.05206689807510245
2023-05-10,11003,778560,114840,아이패밀리에스씨,0.1000799840031994
2023-05-11,10878,264928,114840,아이패밀리에스씨,-0.011360538035081302
2023-05-12,10928,259536,114840,아이패밀리에스씨,0.004596433167861846
2023-05-15,10853,206625,114840,아이패밀리에스씨,-0.006863103953147931
2023-05-16,10728,410343,114840,아이패밀리에스씨,-0.011517552750391569
2023-05-17,11028,253673,114840,아이패밀리에스씨,0.027964205816554788
2023-05-18,10603,235796,114840,아이패밀리에스씨,-0.03853826623141099
2023-05-19,9932,452247,114840,아이패밀리에스씨,-0.06328397623314153
2023-05-22,9982,105869,114840,아이패밀리에스씨,0.005034232782923809
2023-05-23,10953,463710,114840,아이패밀리에스씨,0.09727509517130839
2023-05-24,11378,395227,114840,아이패밀리에스씨,0.038802154660823485
2023-05-25,11503,324893,114840,아이패밀리에스씨,0.01098611355246959
2023-05-26,12103,195962,114840,아이패밀리에스씨,0.05216030600712851
2023-05-30,11853,229536,114840,아이패밀리에스씨,-0.020656035693629726
2023-05-31,12178,182210,114840,아이패밀리에스씨,0.027419218763182318
2023-06-01,12078,160856,114840,아이패밀리에스씨,-0.008211528986697303
2023-06-02,12703,217450,114840,아이패밀리에스씨,0.051746977976486086
2023-06-05,12628,156725,114840,아이패밀리에스씨,-0.005904117137684017
2023-06-07,12403,121633,114840,아이패밀리에스씨,-0.017817548305353204
2023-06-08,12303,164317,114840,아이패밀리에스씨,-0.008062565508344721
2023-06-09,12678,138400,114840,아이패밀리에스씨,0.030480370641307042
2023-06-12,12103,251778,114840,아이패밀리에스씨,-0.045354156807067336
2023-06-13,11978,106895,114840,아이패밀리에스씨,-0.010328017846814808
2023-06-14,11953,145370,114840,아이패밀리에스씨,-0.002087159792953708
2023-06-15,11778,138546,114840,아이패밀리에스씨,-0.014640675980925333
2023-06-16,12103,149113,114840,아이패밀리에스씨,0.02759381898454749
2023-06-19,12028,185021,114840,아이패밀리에스씨,-0.006196810708088862
2023-06-20,11828,141129,114840,아이패밀리에스씨,-0.016627868307283022
2023-06-21,11803,325583,114840,아이패밀리에스씨,-0.002113628677713919
2023-06-22,12378,435252,114840,아이패밀리에스씨,0.048716428026772896
2023-06-23,12128,93699,114840,아이패밀리에스씨,-0.02019712392955242
2023-06-26,12103,86023,114840,아이패밀리에스씨,-0.0020613456464380064
2023-06-27,12078,50091,114840,아이패밀리에스씨,-0.002065603569362917
2023-06-28,12078,70585,114840,아이패밀리에스씨,0.0
2023-06-29,12403,115069,114840,아이패밀리에스씨,0.026908428547772756
2023-06-30,12278,61558,114840,아이패밀리에스씨,-0.01007820688543093
2023-07-03,13203,433632,114840,아이패밀리에스씨,0.0753380029320736
2023-07-04,12953,189696,114840,아이패밀리에스씨,-0.018935090509732633
2023-07-05,13503,320578,114840,아이패밀리에스씨,0.04246120589824742
2023-07-06,13378,286436,114840,아이패밀리에스씨,-0.009257202103236328
2023-07-07,13403,220001,114840,아이패밀리에스씨,0.0018687397219314672
2023-07-10,12778,121359,114840,아이패밀리에스씨,-0.04663135119003203
2023-07-11,12503,203885,114840,아이패밀리에스씨,-0.021521364845828783
2023-07-12,12153,243104,114840,아이패밀리에스씨,-0.02799328161241299
2023-07-13,12328,268979,114840,아이패밀리에스씨,0.014399736690529075
2023-07-14,12028,194250,114840,아이패밀리에스씨,-0.024334847501622292
2023-07-17,11928,301378,114840,아이패밀리에스씨,-0.008313934153641456
2023-07-18,12703,332535,114840,아이패밀리에스씨,0.06497317236753863
2023-07-19,12103,148229,114840,아이패밀리에스씨,-0.04723293710147214
2023-07-20,12003,156615,114840,아이패밀리에스씨,-0.00826241427745189
2023-07-21,11878,138492,114840,아이패밀리에스씨,-0.010414063150878894
2023-07-24,11253,205563,114840,아이패밀리에스씨,-0.052618285906718354
2023-07-25,10903,117536,114840,아이패밀리에스씨,-0.031102817026570695
2023-07-26,10302,200159,114840,아이패밀리에스씨,-0.05512244336421168
2023-07-27,10703,79309,114840,아이패밀리에스씨,0.038924480683362406
2023-07-28,10578,51111,114840,아이패밀리에스씨,-0.01167896851350092
2023-07-31,10277,271112,114840,아이패밀리에스씨,-0.028455284552845517
2023-08-01,10778,88012,114840,아이패밀리에스씨,0.048749635107521616
2023-08-02,10327,99997,114840,아이패밀리에스씨,-0.04184449805158652
2023-08-03,10077,112831,114840,아이패밀리에스씨,-0.024208385784835862
2023-08-04,11203,425900,114840,아이패밀리에스씨,0.11173960504118297
2023-08-07,12028,530994,114840,아이패밀리에스씨,0.07364098902079808
2023-08-08,11853,181752,114840,아이패밀리에스씨,-0.014549384768872575
2023-08-09,11378,321976,114840,아이패밀리에스씨,-0.04007424280772798
2023-08-10,12478,1098583,114840,아이패밀리에스씨,0.09667779926173314
2023-08-11,12478,482586,114840,아이패밀리에스씨,0.0
2023-08-14,12378,510956,114840,아이패밀리에스씨,-0.008014104824491053
2023-08-16,12778,363176,114840,아이패밀리에스씨,0.032315398287283914
2023-08-17,13278,414168,114840,아이패밀리에스씨,0.0391297542651432
2023-08-18,14354,679030,114840,아이패밀리에스씨,0.08103630064768796
2023-08-21,14129,353469,114840,아이패밀리에스씨,-0.015675073150341334
2023-08-22,14204,140885,114840,아이패밀리에스씨,0.005308231297331822
2023-08-23,14429,242614,114840,아이패밀리에스씨,0.01584060827935785
2023-08-24,14479,189648,114840,아이패밀리에스씨,0.00346524360662559
2023-08-25,14679,89648,114840,아이패밀리에스씨,0.013813108640099436
2023-08-28,14329,169341,114840,아이패밀리에스씨,-0.023843586075345757
2023-08-29,14204,209796,114840,아이패밀리에스씨,-0.008723567590201653
2023-08-30,13853,256149,114840,아이패밀리에스씨,-0.024711348915798403
2023-08-31,14204,84839,114840,아이패밀리에스씨,0.02533747202771952
2023-09-01,14504,172410,114840,아이패밀리에스씨,0.021120811039143872
2023-09-04,14179,134601,114840,아이패밀리에스씨,-0.022407611693325946
2023-09-05,14053,172764,114840,아이패밀리에스씨,-0.008886381268072507
2023-09-06,14629,225727,114840,아이패밀리에스씨,0.04098768946132503
2023-09-07,14354,85873,114840,아이패밀리에스씨,-0.01879827739421691
2023-09-08,15254,224176,114840,아이패밀리에스씨,0.06270029260136556
2023-09-11,14804,133344,114840,아이패밀리에스씨,-0.02950045889602726
2023-09-12,14028,77947,114840,아이패밀리에스씨,-0.05241826533369365
2023-09-13,13803,151984,114840,아이패밀리에스씨,-0.016039349871685205
2023-09-14,14754,105859,114840,아이패밀리에스씨,0.06889806563790479
2023-09-15,14754,82370,114840,아이패밀리에스씨,0.0
2023-09-18,15954,260066,114840,아이패밀리에스씨,0.08133387555917038
2023-09-19,14979,345333,114840,아이패밀리에스씨,-0.061113200451297534
2023-09-20,14929,96438,114840,아이패밀리에스씨,-0.003338006542492833
2023-09-21,14079,145036,114840,아이패밀리에스씨,-0.056936164512023546
2023-09-22,14003,31439,114840,아이패밀리에스씨,-0.005398110661268607
2023-09-25,14604,94341,114840,아이패밀리에스씨,0.04291937441976712
2023-09-26,14129,39850,114840,아이패밀리에스씨,-0.032525335524513865
2023-09-27,14079,42423,114840,아이패밀리에스씨,-0.0035388208648877706
2023-10-04,12903,272992,114840,아이패밀리에스씨,-0.08352865970594503
2023-10-05,13028,137404,114840,아이패밀리에스씨,0.009687669534216958
2023-10-06,13053,46476,114840,아이패밀리에스씨,0.0019189438133251357
2023-10-10,12328,78229,114840,아이패밀리에스씨,-0.05554278709875127
2023-10-11,13103,81288,114840,아이패밀리에스씨,0.06286502271252425
2023-10-12,12928,114311,114840,아이패밀리에스씨,-0.013355720064107457
2023-10-13,12803,95274,114840,아이패밀리에스씨,-0.009668935643564303
2023-10-16,12353,68976,114840,아이패밀리에스씨,-0.03514801218464425
2023-10-17,12428,105563,114840,아이패밀리에스씨,0.006071399660001697
2023-10-18,12503,68134,114840,아이패밀리에스씨,0.006034760218860624
2023-10-19,12253,76082,114840,아이패밀리에스씨,-0.019995201151723596
2023-10-20,11478,165248,114840,아이패밀리에스씨,-0.06324981637150084
2023-10-23,11853,301732,114840,아이패밀리에스씨,0.03267119707266075
2023-10-24,12428,184159,114840,아이패밀리에스씨,0.04851092550409186
2023-10-25,13303,294552,114840,아이패밀리에스씨,0.0704055358867075
2023-10-26,12853,203176,114840,아이패밀리에스씨,-0.03382695632564081
2023-10-27,12378,68986,114840,아이패밀리에스씨,-0.036956352602505294
2023-10-30,12703,50775,114840,아이패밀리에스씨,0.026256261108418055
2023-10-31,12578,89124,114840,아이패밀리에스씨,-0.009840195229473325
2023-11-01,12203,94843,114840,아이패밀리에스씨,-0.02981396088408328
2023-11-02,12278,101339,114840,아이패밀리에스씨,0.006146029664836572
2023-11-03,12128,232413,114840,아이패밀리에스씨,-0.012216973448444413
2023-11-06,11903,152352,114840,아이패밀리에스씨,-0.018552110817941947
2023-11-07,12503,197023,114840,아이패밀리에스씨,0.05040746030412491
2023-11-08,13378,244760,114840,아이패밀리에스씨,0.06998320403103264
2023-11-09,13078,84531,114840,아이패밀리에스씨,-0.022424876663178384
2023-11-10,12803,96942,114840,아이패밀리에스씨,-0.02102768007340572
2023-11-13,12578,342068,114840,아이패밀리에스씨,-0.01757400609232207
2023-11-14,12253,530810,114840,아이패밀리에스씨,-0.025838766099538835
2023-11-15,12253,232699,114840,아이패밀리에스씨,0.0
2023-11-16,12878,180156,114840,아이패밀리에스씨,0.051007916428629674
2023-11-17,12328,168965,114840,아이패밀리에스씨,-0.04270849510793606
2023-11-20,12678,69162,114840,아이패밀리에스씨,0.02839065541855934
2023-11-21,12878,87671,114840,아이패밀리에스씨,0.015775358889414726
2023-11-22,13178,183985,114840,아이패밀리에스씨,0.023295542786146983
2023-11-23,13028,65751,114840,아이패밀리에스씨,-0.011382607375929554
2023-11-24,12678,94307,114840,아이패밀리에스씨,-0.02686521338655201
2023-11-27,11953,292346,114840,아이패밀리에스씨,-0.05718567597412838
2023-11-28,11753,157527,114840,아이패밀리에스씨,-0.016732201121057444
2023-11-29,11553,307086,114840,아이패밀리에스씨,-0.017016931847188
2023-11-30,11553,181774,114840,아이패밀리에스씨,0.0
2023-12-01,11178,295150,114840,아이패밀리에스씨,-0.032459101532069545
2023-12-04,11353,288431,114840,아이패밀리에스씨,0.015655752370728138
2023-12-05,11153,238692,114840,아이패밀리에스씨,-0.017616489033735583
2023-12-06,11028,325825,114840,아이패밀리에스씨,-0.011207746794584472
2023-12-07,11403,166752,114840,아이패밀리에스씨,0.034004352557127415
2023-12-08,11403,105637,114840,아이패밀리에스씨,0.0
2023-12-11,12303,258748,114840,아이패밀리에스씨,0.07892659826361492
2023-12-12,12478,300856,114840,아이패밀리에스씨,0.01422417296594336
2023-12-13,12528,414632,114840,아이패밀리에스씨,0.0040070524122455264
2023-12-14,12453,212071,114840,아이패밀리에스씨,-0.0059865900383141435
2023-12-15,12528,149121,114840,아이패밀리에스씨,0.006022645145747907
2023-12-18,12528,140759,114840,아이패밀리에스씨,0.0
2023-12-19,12453,93985,114840,아이패밀리에스씨,-0.0059865900383141435
2023-12-20,12953,214225,114840,아이패밀리에스씨,0.040150967638320045
2023-12-21,12928,118600,114840,아이패밀리에스씨,-0.0019300548135566808
2023-12-22,12653,58703,114840,아이패밀리에스씨,-0.021271658415841554
2023-12-26,13053,241123,114840,아이패밀리에스씨,0.031613056192207445
2023-12-27,13128,82630,114840,아이패밀리에스씨,0.00574580556193971
2023-12-28,13153,49010,114840,아이패밀리에스씨,0.0019043266301035366
2024-01-02,13028,70186,114840,아이패밀리에스씨,-0.009503535315137257
2024-01-03,13403,150377,114840,아이패밀리에스씨,0.02878415719987726
2024-01-04,13603,112150,114840,아이패밀리에스씨,0.014922032380810357
2024-01-05,13603,104600,114840,아이패밀리에스씨,0.0
2024-01-08,13478,82640,114840,아이패밀리에스씨,-0.00918914945232674
2024-01-09,13503,142595,114840,아이패밀리에스씨,0.001854874610476287
2024-01-10,14254,348666,114840,아이패밀리에스씨,0.055617270236243854
2024-01-11,14504,250208,114840,아이패밀리에스씨,0.01753893643889426
2024-01-12,14754,252766,114840,아이패밀리에스씨,0.01723662437948148
2024-01-15,14629,226097,114840,아이패밀리에스씨,-0.008472278704080294
2024-01-16,14954,284465,114840,아이패밀리에스씨,0.02221614601134725
2024-01-17,15079,141239,114840,아이패밀리에스씨,0.00835896750033438
2024-01-18,15004,109958,114840,아이패밀리에스씨,-0.004973804628954137
2024-01-19,14879,161482,114840,아이패밀리에스씨,-0.008331111703545724
2024-01-22,15004,170507,114840,아이패밀리에스씨,0.008401102224611767
2024-01-23,15429,219581,114840,아이패밀리에스씨,0.028325779792055528
2024-01-24,16479,580898,114840,아이패밀리에스씨,0.06805366517596734
2024-01-25,17304,270515,114840,아이패밀리에스씨,0.05006371745858362
2024-01-26,16879,299572,114840,아이패밀리에스씨,-0.02456079519186316
2024-01-29,16404,183677,114840,아이패밀리에스씨,-0.028141477575685747
2024-01-30,16129,224276,114840,아이패밀리에스씨,-0.016764203852718818
2024-01-31,16429,363490,114840,아이패밀리에스씨,0.018600037200074304
2024-02-01,15304,322146,114840,아이패밀리에스씨,-0.06847647452675143
2024-02-02,15454,190733,114840,아이패밀리에스씨,0.009801359121798248
2024-02-05,15129,191919,114840,아이패밀리에스씨,-0.02103015400543551
2024-02-06,15729,170063,114840,아이패밀리에스씨,0.03965893317469771
2024-02-07,16379,158522,114840,아이패밀리에스씨,0.04132494119142982
2024-02-08,15729,184777,114840,아이패밀리에스씨,-0.0396849624519201
2024-02-13,15729,117278,114840,아이패밀리에스씨,0.0
2024-02-14,17154,243026,114840,아이패밀리에스씨,0.09059698645813463
2024-02-15,16954,796015,114840,아이패밀리에스씨,-0.011659088259298178
2024-02-16,17529,287344,114840,아이패밀리에스씨,0.033915300224135914
2024-02-19,17104,263473,114840,아이패밀리에스씨,-0.024245535968965726
2024-02-20,16729,217292,114840,아이패밀리에스씨,-0.02192469597754909
2024-02-21,17129,161911,114840,아이패밀리에스씨,0.023910574451551092
2024-02-22,17429,137638,114840,아이패밀리에스씨,0.01751415727713246
2024-02-23,17630,202650,114840,아이패밀리에스씨,0.011532503299099162
2024-02-26,18055,222466,114840,아이패밀리에스씨,0.024106636415201388
2024-02-27,17580,244336,114840,아이패밀리에스씨,-0.026308501800055395
2024-02-28,17380,260411,114840,아이패밀리에스씨,-0.011376564277588153
2024-02-29,18000,114850,114840,아이패밀리에스씨,0.03567318757192184
2024-03-04,16960,304993,114840,아이패밀리에스씨,-0.05777777777777782
2024-03-05,17100,122836,114840,아이패밀리에스씨,0.008254716981132004
2024-03-06,17170,96299,114840,아이패밀리에스씨,0.004093567251461927
2024-03-07,17370,158590,114840,아이패밀리에스씨,0.011648223645893907
2024-03-08,17990,263868,114840,아이패밀리에스씨,0.0356937248128959
2024-03-11,19070,219205,114840,아이패밀리에스씨,0.060033351862145645
2024-03-12,18760,107000,114840,아이패밀리에스씨,-0.01625589931830096
2024-03-13,18210,152984,114840,아이패밀리에스씨,-0.029317697228145034
2024-03-14,18010,55881,114840,아이패밀리에스씨,-0.010982976386600729
2024-03-15,17190,108570,114840,아이패밀리에스씨,-0.04553026096612989
2024-03-18,17510,56077,114840,아이패밀리에스씨,0.018615474112856356
2024-03-19,18710,266852,114840,아이패밀리에스씨,0.06853226727584238
2024-03-20,18480,60187,114840,아이패밀리에스씨,-0.012292891501870629
2024-03-21,18490,341925,114840,아이패밀리에스씨,0.00054112554112562
2024-03-22,18060,295219,114840,아이패밀리에스씨,-0.023255813953488413
2024-03-25,20150,627172,114840,아이패밀리에스씨,0.11572535991140653
2024-03-26,19580,241316,114840,아이패밀리에스씨,-0.028287841191066976
2024-03-27,20600,360883,114840,아이패밀리에스씨,0.052093973442288055
2024-03-28,22600,560427,114840,아이패밀리에스씨,0.09708737864077666
2024-03-29,22750,295337,114840,아이패밀리에스씨,0.006637168141592875
2024-04-01,23300,326029,114840,아이패밀리에스씨,0.02417582417582409
2024-04-02,23200,241627,114840,아이패밀리에스씨,-0.0042918454935622075
2024-04-03,23350,183793,114840,아이패밀리에스씨,0.006465517241379226
2024-04-04,23700,206113,114840,아이패밀리에스씨,0.01498929336188426
2024-04-05,23900,171922,114840,아이패밀리에스씨,0.00843881856540074
2024-04-08,24950,208277,114840,아이패밀리에스씨,0.043933054393305415
2024-04-09,23700,154050,114840,아이패밀리에스씨,-0.05010020040080165
2024-04-11,23700,222118,114840,아이패밀리에스씨,0.0
2024-04-12,24100,210287,114840,아이패밀리에스씨,0.016877637130801704
2024-04-15,23800,130809,114840,아이패밀리에스씨,-0.012448132780082943
2024-04-16,23550,144536,114840,아이패밀리에스씨,-0.010504201680672232
2024-04-17,23800,86433,114840,아이패밀리에스씨,0.010615711252653925
2024-04-18,24750,255337,114840,아이패밀리에스씨,0.0399159663865547
2024-04-19,24750,129829,114840,아이패밀리에스씨,0.0
2024-04-22,24550,226807,114840,아이패밀리에스씨,-0.008080808080808133
2024-04-23,25850,222317,114840,아이패밀리에스씨,0.05295315682281054
2024-04-24,27150,273708,114840,아이패밀리에스씨,0.05029013539651839
2024-04-25,26600,97592,114840,아이패밀리에스씨,-0.02025782688766109
2024-04-26,26200,156173,114840,아이패밀리에스씨,-0.015037593984962405
2024-04-29,25700,137004,114840,아이패밀리에스씨,-0.01908396946564883
2024-04-30,26600,173934,114840,아이패밀리에스씨,0.035019455252918386
2024-05-02,26500,118863,114840,아이패밀리에스씨,-0.003759398496240629
2024-05-03,26000,157849,114840,아이패밀리에스씨,-0.018867924528301883
2024-05-07,25350,283519,114840,아이패밀리에스씨,-0.025000000000000022
2024-05-08,25200,118489,114840,아이패밀리에스씨,-0.00591715976331364
2024-05-09,27900,660968,114840,아이패밀리에스씨,0.1071428571428572
2024-05-10,32700,2224788,114840,아이패밀리에스씨,0.17204301075268824
2024-05-13,32450,878039,114840,아이패밀리에스씨,-0.007645259938837912
2024-05-14,32550,598925,114840,아이패밀리에스씨,0.0030816640986133237
2024-05-16,31600,343698,114840,아이패밀리에스씨,-0.029185867895545337
2024-05-17,32300,401087,114840,아이패밀리에스씨,0.02215189873417711
2024-05-20,31900,272154,114840,아이패밀리에스씨,-0.012383900928792602
2024-05-21,36000,1145489,114840,아이패밀리에스씨,0.12852664576802497
2024-05-22,32600,630475,114840,아이패밀리에스씨,-0.09444444444444444
2024-05-23,34300,350323,114840,아이패밀리에스씨,0.0521472392638036
2024-05-24,35200,306190,114840,아이패밀리에스씨,0.026239067055393583
2024-05-27,33750,264969,114840,아이패밀리에스씨,-0.04119318181818177
2024-05-28,35100,237358,114840,아이패밀리에스씨,0.040000000000000036
2024-05-29,39300,983194,114840,아이패밀리에스씨,0.11965811965811968
2024-05-30,40800,451264,114840,아이패밀리에스씨,0.03816793893129766
2024-05-31,41150,388976,114840,아이패밀리에스씨,0.008578431372548989
2024-06-03,42450,304404,114840,아이패밀리에스씨,0.03159173754556499
2024-06-04,40400,354034,114840,아이패밀리에스씨,-0.04829210836277975
2024-06-05,39150,297911,114840,아이패밀리에스씨,-0.030940594059405968
2024-06-07,40250,186065,114840,아이패밀리에스씨,0.02809706257982114
2024-06-10,39050,223662,114840,아이패밀리에스씨,-0.029813664596273326
2024-06-11,38800,184949,114840,아이패밀리에스씨,-0.006402048655569814
2024-06-12,42000,286144,114840,아이패밀리에스씨,0.08247422680412364
2024-06-13,42800,261069,114840,아이패밀리에스씨,0.01904761904761898
2024-06-14,41200,332988,114840,아이패밀리에스씨,-0.03738317757009346
2024-06-17,39850,241365,114840,아이패밀리에스씨,-0.03276699029126218
2024-06-18,41450,241753,114840,아이패밀리에스씨,0.04015056461731503
2024-06-19,39850,403030,114840,아이패밀리에스씨,-0.0386007237635706
2024-06-20,39400,366852,114840,아이패밀리에스씨,-0.01129234629861986
2024-06-21,37200,742977,114840,아이패밀리에스씨,-0.055837563451776595
2024-06-24,36300,394572,114840,아이패밀리에스씨,-0.024193548387096753
2024-06-25,34850,480018,114840,아이패밀리에스씨,-0.03994490358126723
2024-06-26,36300,447042,114840,아이패밀리에스씨,0.04160688665710177
2024-06-27,35900,450717,114840,아이패밀리에스씨,-0.011019283746556474
2024-06-28,34850,294245,114840,아이패밀리에스씨,-0.029247910863509752
2024-07-01,34350,524791,114840,아이패밀리에스씨,-0.01434720229555242
2024-07-02,33700,401435,114840,아이패밀리에스씨,-0.018922852983988325
2024-07-03,33150,339277,114840,아이패밀리에스씨,-0.016320474777448024
2024-07-04,34550,420645,114840,아이패밀리에스씨,0.042232277526395245
2024-07-05,34150,351149,114840,아이패밀리에스씨,-0.01157742402315487
2024-07-08,36700,244937,114840,아이패밀리에스씨,0.07467057101024888
2024-07-09,33600,495717,114840,아이패밀리에스씨,-0.08446866485013627
2024-07-10,33000,387425,114840,아이패밀리에스씨,-0.017857142857142905
2024-07-11,32550,310007,114840,아이패밀리에스씨,-0.013636363636363669
2024-07-12,31350,327175,114840,아이패밀리에스씨,-0.03686635944700456
2024-07-15,32050,216842,114840,아이패밀리에스씨,0.022328548644338087
2024-07-16,31450,216480,114840,아이패밀리에스씨,-0.018720748829953227
2024-07-17,33600,331204,114840,아이패밀리에스씨,0.06836248012718604
2024-07-18,33400,251289,114840,아이패밀리에스씨,-0.005952380952380931
2024-07-19,35200,338590,114840,아이패밀리에스씨,0.05389221556886237
2024-07-22,35450,477298,114840,아이패밀리에스씨,0.007102272727272707
2024-07-23,36150,368172,114840,아이패밀리에스씨,0.019746121297602226
2024-07-24,36300,312246,114840,아이패밀리에스씨,0.004149377593360981
2024-07-25,32750,642852,114840,아이패밀리에스씨,-0.09779614325068875
2024-07-26,31550,238272,114840,아이패밀리에스씨,-0.036641221374045796
2024-07-29,34250,229448,114840,아이패밀리에스씨,0.0855784469096672
2024-07-30,33000,179967,114840,아이패밀리에스씨,-0.03649635036496346
2024-07-31,32800,154014,114840,아이패밀리에스씨,-0.0060606060606061
2024-08-01,33250,183978,114840,아이패밀리에스씨,0.013719512195121908
2024-08-02,29350,582669,114840,아이패밀리에스씨,-0.11729323308270678
2024-08-05,27000,460440,114840,아이패밀리에스씨,-0.08006814310051102
2024-08-06,29600,364145,114840,아이패밀리에스씨,0.09629629629629632
2024-08-07,29750,409119,114840,아이패밀리에스씨,0.0050675675675675436
2024-08-08,30350,234952,114840,아이패밀리에스씨,0.020168067226890685
2024-08-09,30800,1233911,114840,아이패밀리에스씨,0.014827018121911006
2024-08-12,27800,1555621,114840,아이패밀리에스씨,-0.09740259740259738
2024-08-13,25800,917698,114840,아이패밀리에스씨,-0.07194244604316546
2024-08-14,25200,416156,114840,아이패밀리에스씨,-0.023255813953488413
2024-08-16,25250,440519,114840,아이패밀리에스씨,0.001984126984126977
2024-08-19,25950,228446,114840,아이패밀리에스씨,0.027722772277227747
2024-08-20,24950,324915,114840,아이패밀리에스씨,-0.038535645472061675
2024-08-21,24550,206879,114840,아이패밀리에스씨,-0.01603206412825653
2024-08-22,24900,227840,114840,아이패밀리에스씨,0.014256619144602745
2024-08-23,24950,121645,114840,아이패밀리에스씨,0.002008032128514081
2024-08-26,23600,433998,114840,아이패밀리에스씨,-0.054108216432865786
2024-08-27,24200,287918,114840,아이패밀리에스씨,0.025423728813559254
2024-08-28,23500,134098,114840,아이패밀리에스씨,-0.02892561983471076
2024-08-29,22950,119335,114840,아이패밀리에스씨,-0.023404255319148914
2024-08-30,22900,150997,114840,아이패밀리에스씨,-0.002178649237472796
2024-09-02,23050,192741,114840,아이패밀리에스씨,0.0065502183406114245
2024-09-03,22950,170205,114840,아이패밀리에스씨,-0.004338394793926281
2024-09-04,21050,593333,114840,아이패밀리에스씨,-0.08278867102396514
2024-09-05,20600,279373,114840,아이패밀리에스씨,-0.02137767220902609
2024-09-06,19970,357338,114840,아이패밀리에스씨,-0.030582524271844713
2024-09-09,21200,248609,114840,아이패밀리에스씨,0.06159238858287441
2024-09-10,21950,428749,114840,아이패밀리에스씨,0.03537735849056611
2024-09-11,21050,430007,114840,아이패밀리에스씨,-0.04100227790432798
2024-09-12,22800,374985,114840,아이패밀리에스씨,0.08313539192399055
2024-09-13,22100,174390,114840,아이패밀리에스씨,-0.030701754385964897
2024-09-19,23900,331240,114840,아이패밀리에스씨,0.08144796380090491
2024-09-20,24250,470706,114840,아이패밀리에스씨,0.014644351464435212
2024-09-23,25100,445921,114840,아이패밀리에스씨,0.035051546391752675
2024-09-24,25550,242732,114840,아이패밀리에스씨,0.017928286852589626
2024-09-25,25100,212712,114840,아이패밀리에스씨,-0.017612524461839585
2024-09-26,25300,166707,114840,아이패밀리에스씨,0.007968127490039834
2024-09-27,25400,204732,114840,아이패밀리에스씨,0.0039525691699604515
2024-09-30,25450,288057,114840,아이패밀리에스씨,0.0019685039370078705
2024-10-02,23200,479115,114840,아이패밀리에스씨,-0.08840864440078589
2024-10-04,23100,147670,114840,아이패밀리에스씨,-0.004310344827586188
2024-10-07,23800,179169,114840,아이패밀리에스씨,0.030303030303030276
2024-10-08,22800,146852,114840,아이패밀리에스씨,-0.04201680672268904
2024-10-10,23750,214505,114840,아이패밀리에스씨,0.04166666666666674
2024-10-11,23300,151596,114840,아이패밀리에스씨,-0.0189473684210526
2024-10-14,22550,146354,114840,아이패밀리에스씨,-0.03218884120171672
2024-10-15,22150,215385,114840,아이패밀리에스씨,-0.0177383592017738
2024-10-16,21100,306534,114840,아이패밀리에스씨,-0.04740406320541757
2024-10-17,21100,172808,114840,아이패밀리에스씨,0.0
2024-10-18,20900,125794,114840,아이패밀리에스씨,-0.009478672985781977
2024-10-21,21450,154320,114840,아이패밀리에스씨,0.026315789473684292
2024-10-22,20450,193933,114840,아이패밀리에스씨,-0.046620046620046596
2024-10-23,20500,98573,114840,아이패밀리에스씨,0.0024449877750611915
2024-10-24,20350,89380,114840,아이패밀리에스씨,-0.007317073170731714
2024-10-25,19700,116599,114840,아이패밀리에스씨,-0.03194103194103193
2024-10-28,19300,128146,114840,아이패밀리에스씨,-0.02030456852791873
2024-10-29,18460,260734,114840,아이패밀리에스씨,-0.04352331606217619
2024-10-30,18500,211281,114840,아이패밀리에스씨,0.0021668472372697867
2024-10-31,18840,196995,114840,아이패밀리에스씨,0.018378378378378413
2024-11-01,18080,236520,114840,아이패밀리에스씨,-0.04033970276008492
2024-11-04,19400,199129,114840,아이패밀리에스씨,0.07300884955752207
2024-11-05,19040,122793,114840,아이패밀리에스씨,-0.01855670103092788
2024-11-06,18800,148641,114840,아이패밀리에스씨,-0.012605042016806678
2024-11-07,18730,72106,114840,아이패밀리에스씨,-0.0037234042553191404
2024-11-08,18860,90187,114840,아이패밀리에스씨,0.0069407367859049
2024-11-11,17620,361865,114840,아이패밀리에스씨,-0.0657476139978791
2024-11-12,16400,349346,114840,아이패밀리에스씨,-0.06923950056753692
2024-11-13,17320,313652,114840,아이패밀리에스씨,0.056097560975609806
2024-11-14,17650,229424,114840,아이패밀리에스씨,0.019053117782909856
2024-11-15,17780,189464,114840,아이패밀리에스씨,0.007365439093484527
2024-11-18,17810,106856,114840,아이패밀리에스씨,0.0016872890888639525
2024-11-19,18520,150255,114840,아이패밀리에스씨,0.0398652442448062
2024-11-20,18200,111141,114840,아이패밀리에스씨,-0.017278617710583144
2024-11-21,17710,106352,114840,아이패밀리에스씨,-0.02692307692307694
2024-11-22,19020,187285,114840,아이패밀리에스씨,0.0739695087521175
2024-11-25,18990,203260,114840,아이패밀리에스씨,-0.001577287066246047
2024-11-26,17870,360951,114840,아이패밀리에스씨,-0.05897840968931012
2024-11-27,18070,175586,114840,아이패밀리에스씨,0.011191941801902638
2024-11-28,18290,110353,114840,아이패밀리에스씨,0.01217487548422791
2024-11-29,17540,107650,114840,아이패밀리에스씨,-0.041006014215418274
2024-12-02,17390,175147,114840,아이패밀리에스씨,-0.008551881413911055
2024-12-03,19890,390158,114840,아이패밀리에스씨,0.1437607820586544
2024-12-04,19270,185905,114840,아이패밀리에스씨,-0.03117144293614882
2024-12-05,18100,229441,114840,아이패밀리에스씨,-0.06071613907628437
2024-12-06,18270,201323,114840,아이패밀리에스씨,0.00939226519337022
2024-12-09,17110,168691,114840,아이패밀리에스씨,-0.06349206349206349
2024-12-10,19300,243005,114840,아이패밀리에스씨,0.12799532437171246
2024-12-11,20350,144564,114840,아이패밀리에스씨,0.05440414507772018
2024-12-12,20750,713959,114840,아이패밀리에스씨,0.019656019656019597
2024-12-13,20300,214603,114840,아이패밀리에스씨,-0.02168674698795181
2024-12-16,20200,163974,114840,아이패밀리에스씨,-0.0049261083743842304
2024-12-17,19500,170862,114840,아이패밀리에스씨,-0.034653465346534684
2024-12-18,19310,223247,114840,아이패밀리에스씨,-0.009743589743589798
2024-12-19,19450,177400,114840,아이패밀리에스씨,0.0072501294665976435
2024-12-20,18820,136543,114840,아이패밀리에스씨,-0.0323907455012854
2024-12-23,19640,123457,114840,아이패밀리에스씨,0.043570669500531345
2024-12-24,20200,298169,114840,아이패밀리에스씨,0.02851323828920571
2024-12-26,19160,230850,114840,아이패밀리에스씨,-0.05148514851485153
2024-12-27,18470,92981,114840,아이패밀리에스씨,-0.03601252609603345
2024-12-30,18690,65543,114840,아이패밀리에스씨,0.011911207363291876
2025-01-02,20400,215823,114840,아이패밀리에스씨,0.09149277688603541
2025-01-03,20050,101568,114840,아이패밀리에스씨,-0.01715686274509809
2025-01-06,20300,154887,114840,아이패밀리에스씨,0.012468827930174564
2025-01-07,20100,146751,114840,아이패밀리에스씨,-0.009852216748768461
2025-01-08,21350,201470,114840,아이패밀리에스씨,0.062189054726368154
2025-01-09,23400,533575,114840,아이패밀리에스씨,0.09601873536299776
2025-01-10,24700,527955,114840,아이패밀리에스씨,0.05555555555555558
2025-01-13,25150,244179,114840,아이패밀리에스씨,0.018218623481781382
2025-01-14,25350,286426,114840,아이패밀리에스씨,0.007952286282306265
2025-01-15,24650,226103,114840,아이패밀리에스씨,-0.027613412228796874
2025-01-16,25600,210804,114840,아이패밀리에스씨,0.03853955375253548
2025-01-17,26950,299443,114840,아이패밀리에스씨,0.052734375
2025-01-20,25550,190331,114840,아이패밀리에스씨,-0.051948051948051965
2025-01-21,24350,366540,114840,아이패밀리에스씨,-0.046966731898238745
2025-01-22,24000,240277,114840,아이패밀리에스씨,-0.014373716632443578
2025-01-23,24350,150533,114840,아이패밀리에스씨,0.014583333333333393
2025-01-24,23500,215183,114840,아이패밀리에스씨,-0.03490759753593431
2025-01-31,24600,119769,114840,아이패밀리에스씨,0.04680851063829783
2025-02-03,24200,159778,114840,아이패밀리에스씨,-0.016260162601625994
2025-02-04,25450,146183,114840,아이패밀리에스씨,0.051652892561983466
2025-02-05,26250,123576,114840,아이패밀리에스씨,0.03143418467583503
2025-02-06,27950,374389,114840,아이패밀리에스씨,0.0647619047619048
2025-02-07,26950,222773,114840,아이패밀리에스씨,-0.035778175313059046
2025-02-10,27200,233526,114840,아이패밀리에스씨,0.00927643784786647
2025-02-11,23000,1061727,114840,아이패밀리에스씨,-0.15441176470588236
2025-02-12,21950,478242,114840,아이패밀리에스씨,-0.04565217391304344
2025-02-13,22250,247263,114840,아이패밀리에스씨,0.013667425968109326
2025-02-14,25400,930105,114840,아이패밀리에스씨,0.14157303370786511
2025-02-17,24250,198453,114840,아이패밀리에스씨,-0.04527559055118113
2025-02-18,23150,280580,114840,아이패밀리에스씨,-0.04536082474226799
2025-02-19,23350,243814,114840,아이패밀리에스씨,0.008639308855291628
2025-02-20,23450,225984,114840,아이패밀리에스씨,0.004282655246252709
2025-02-21,23350,157491,114840,아이패밀리에스씨,-0.004264392324093813
2025-02-24,22250,330254,114840,아이패밀리에스씨,-0.047109207708779466
2025-02-25,22050,153642,114840,아이패밀리에스씨,-0.008988764044943864
2025-02-26,21100,313785,114840,아이패밀리에스씨,-0.04308390022675734
2025-02-27,21500,150348,114840,아이패밀리에스씨,0.018957345971563955
2025-02-28,21100,101895,114840,아이패밀리에스씨,-0.018604651162790753
2025-03-04,21100,70094,114840,아이패밀리에스씨,0.0
2025-03-05,21900,104664,114840,아이패밀리에스씨,0.03791469194312791
2025-03-06,21600,48468,114840,아이패밀리에스씨,-0.013698630136986356
2025-03-07,21950,76194,114840,아이패밀리에스씨,0.01620370370370372
2025-03-10,20900,89961,114840,아이패밀리에스씨,-0.04783599088838264
2025-03-11,20750,107034,114840,아이패밀리에스씨,-0.0071770334928229484
2025-03-12,21600,70169,114840,아이패밀리에스씨,0.04096385542168668
2025-03-13,21000,125045,114840,아이패밀리에스씨,-0.02777777777777779
2025-03-14,20950,53542,114840,아이패밀리에스씨,-0.0023809523809523725
2025-03-17,20500,103252,114840,아이패밀리에스씨,-0.021479713603818618
2025-03-18,20200,88518,114840,아이패밀리에스씨,-0.014634146341463428
2025-03-19,20550,106546,114840,아이패밀리에스씨,0.017326732673267342
2025-03-20,21300,168768,114840,아이패밀리에스씨,0.03649635036496357
2025-03-21,21800,142582,114840,아이패밀리에스씨,0.023474178403755763
2025-03-24,21650,59172,114840,아이패밀리에스씨,-0.006880733944954143
2025-03-25,20450,102832,114840,아이패밀리에스씨,-0.05542725173210161
2025-03-26,20500,84195,114840,아이패밀리에스씨,0.0024449877750611915
2025-03-27,20300,70176,114840,아이패밀리에스씨,-0.009756097560975618
2025-03-28,19260,250575,114840,아이패밀리에스씨,-0.05123152709359602
2025-03-31,18690,280353,114840,아이패밀리에스씨,-0.029595015576323935
2025-04-01,18920,192356,114840,아이패밀리에스씨,0.012306046013911276
2025-04-02,19470,233232,114840,아이패밀리에스씨,0.029069767441860517
2025-04-03,19380,82781,114840,아이패밀리에스씨,-0.0046224961479198745
2025-04-04,19450,110516,114840,아이패밀리에스씨,0.00361197110423106
2025-04-07,18400,74957,114840,아이패밀리에스씨,-0.05398457583547556
2025-04-08,18240,121081,114840,아이패밀리에스씨,-0.008695652173912993
2025-04-09,17730,77976,114840,아이패밀리에스씨,-0.02796052631578949
2025-04-10,19130,171124,114840,아이패밀리에스씨,0.07896221094190636
2025-04-11,19280,85307,114840,아이패밀리에스씨,0.007841087297438598
2025-04-14,19280,56726,114840,아이패밀리에스씨,0.0
2025-04-15,20200,109501,114840,아이패밀리에스씨,0.047717842323651505
2025-04-16,20450,219881,114840,아이패밀리에스씨,0.012376237623762387
2025-04-17,21950,238206,114840,아이패밀리에스씨,0.07334963325183375
2025-04-18,21150,127467,114840,아이패밀리에스씨,-0.036446469248291535
2025-04-21,21300,61261,114840,아이패밀리에스씨,0.007092198581560183
2025-04-22,21950,131711,114840,아이패밀리에스씨,0.030516431924882736
2025-04-23,21200,112289,114840,아이패밀리에스씨,-0.034168564920273314
2025-04-24,20950,65968,114840,아이패밀리에스씨,-0.011792452830188704
2025-04-25,20850,39027,114840,아이패밀리에스씨,-0.004773269689737458
2025-04-28,20650,68386,114840,아이패밀리에스씨,-0.00959232613908878
2025-04-29,20850,95180,114840,아이패밀리에스씨,0.009685230024213176
2025-04-30,20850,72798,114840,아이패밀리에스씨,0.0
2025-05-02,21850,177002,114840,아이패밀리에스씨,0.04796163069544357
2025-05-07,21850,73460,114840,아이패밀리에스씨,0.0
2025-05-08,19930,683092,114840,아이패밀리에스씨,-0.08787185354691074
2025-05-09,20250,363356,114840,아이패밀리에스씨,0.016056196688409408
2025-05-12,20000,105498,114840,아이패밀리에스씨,-0.012345679012345734
2025-05-13,19830,49051,114840,아이패밀리에스씨,-0.008499999999999952
2025-05-14,19510,197219,114840,아이패밀리에스씨,-0.01613716591023706
2025-05-15,19080,127300,114840,아이패밀리에스씨,-0.02203997949769354
2025-05-16,18650,98391,114840,아이패밀리에스씨,-0.02253668763102723
2025-05-19,18020,100331,114840,아이패밀리에스씨,-0.0337801608579088
2025-05-20,18130,115108,114840,아이패밀리에스씨,0.006104328523862446
2025-05-21,18950,134735,114840,아이패밀리에스씨,0.04522890237175958
2025-05-22,18680,139578,114840,아이패밀리에스씨,-0.014248021108179465
2025-05-23,18560,105251,114840,아이패밀리에스씨,-0.0064239828693790635
2025-05-26,19300,181079,114840,아이패밀리에스씨,0.039870689655172376
2025-05-27,18880,92569,114840,아이패밀리에스씨,-0.021761658031088094
2025-05-28,19150,108906,114840,아이패밀리에스씨,0.014300847457627164
2025-05-29,19490,121515,114840,아이패밀리에스씨,0.017754569190600478
2025-05-30,18770,128393,114840,아이패밀리에스씨,-0.03694202154951254
2025-06-02,18970,143785,114840,아이패밀리에스씨,0.010655301012253648
2025-06-04,19050,139943,114840,아이패밀리에스씨,0.004217185028993153
2025-06-05,18520,166741,114840,아이패밀리에스씨,-0.027821522309711244
2025-06-09,18710,78104,114840,아이패밀리에스씨,0.01025917926565878
2025-06-10,18860,79297,114840,아이패밀리에스씨,0.00801710315339399
2025-06-11,19390,275726,114840,아이패밀리에스씨,0.028101802757158012
2025-06-12,18870,167794,114840,아이패밀리에스씨,-0.026817947395564756
2025-06-13,18240,187084,114840,아이패밀리에스씨,-0.03338632750397452
2025-06-16,18160,83076,114840,아이패밀리에스씨,-0.004385964912280715
2025-06-17,18200,71606,114840,아이패밀리에스씨,0.0022026431718060735
2025-06-18,19050,112652,114840,아이패밀리에스씨,0.04670329670329676
2025-06-19,19540,143709,114840,아이패밀리에스씨,0.0257217847769029
2025-06-20,19730,157199,114840,아이패밀리에스씨,0.00972364380757429
2025-06-23,19010,68200,114840,아이패밀리에스씨,-0.03649265078560571
2025-06-24,19140,69385,114840,아이패밀리에스씨,0.006838506049447579
2025-06-25,18530,92026,114840,아이패밀리에스씨,-0.0318704284221526
2025-06-26,18010,110816,114840,아이패밀리에스씨,-0.02806260118726389
2025-06-27,17770,72035,114840,아이패밀리에스씨,-0.013325930038867284
2025-06-30,18380,86630,114840,아이패밀리에스씨,0.03432751828925151
2025-07-01,18160,84101,114840,아이패밀리에스씨,-0.01196953210010876
2025-07-02,18160,85817,114840,아이패밀리에스씨,0.0
2025-07-03,17920,102135,114840,아이패밀리에스씨,-0.013215859030836996
2025-07-04,17980,77347,114840,아이패밀리에스씨,0.0033482142857141906
2025-07-07,18100,103739,114840,아이패밀리에스씨,0.006674082313681939
2025-07-08,18370,96642,114840,아이패밀리에스씨,0.014917127071823133
2025-07-09,18340,53693,114840,아이패밀리에스씨,-0.0016330974414806576
2025-07-10,18100,195908,114840,아이패밀리에스씨,-0.013086150490730697
2025-07-11,18300,152019,114840,아이패밀리에스씨,0.011049723756906049
2025-07-14,18250,77969,114840,아이패밀리에스씨,-0.002732240437158473
2025-07-15,17570,236387,114840,아이패밀리에스씨,-0.037260273972602787
2025-07-16,17270,124316,114840,아이패밀리에스씨,-0.0170745589072282
2025-07-17,17220,57959,114840,아이패밀리에스씨,-0.0028951939779965352
2025-07-18,17160,115469,114840,아이패밀리에스씨,-0.0034843205574912606
2025-07-21,17240,58501,114840,아이패밀리에스씨,0.004662004662004726
2025-07-22,16890,55052,114840,아이패밀리에스씨,-0.020301624129930418
2025-07-23,16810,44488,114840,아이패밀리에스씨,-0.004736530491415092
2025-07-24,16400,74734,114840,아이패밀리에스씨,-0.024390243902439046
2025-07-25,16520,29805,114840,아이패밀리에스씨,0.007317073170731714
2025-07-28,16030,57930,114840,아이패밀리에스씨,-0.029661016949152574
2025-07-29,16090,41877,114840,아이패밀리에스씨,0.0037429819089207506
2025-07-30,16040,61975,114840,아이패밀리에스씨,-0.003107520198881275
2025-07-31,16110,54520,114840,아이패밀리에스씨,0.00436408977556102
2025-08-01,15400,109900,114840,아이패밀리에스씨,-0.044072004965859723
2025-08-04,15680,53595,114840,아이패밀리에스씨,0.018181818181818077
2025-08-05,15610,50276,114840,아이패밀리에스씨,-0.004464285714285698
2025-08-06,15890,76878,114840,아이패밀리에스씨,0.017937219730941756
2025-08-07,17290,314713,114840,아이패밀리에스씨,0.08810572687224671
2025-08-08,17660,246089,114840,아이패밀리에스씨,0.021399652978600248
2025-08-11,17370,98761,114840,아이패밀리에스씨,-0.01642129105322765
2025-08-12,17050,99811,114840,아이패밀리에스씨,-0.01842256764536554
2025-08-13,17570,197236,114840,아이패밀리에스씨,0.030498533724340193
2025-08-14,17270,137835,114840,아이패밀리에스씨,-0.0170745589072282
2025-08-18,18800,430855,114840,아이패밀리에스씨,0.08859293572669369
2025-08-19,18780,107277,114840,아이패밀리에스씨,-0.0010638297872340718
2025-08-20,19590,266448,114840,아이패밀리에스씨,0.04313099041533541
2025-08-21,21400,601751,114840,아이패밀리에스씨,0.09239407861153648
2025-08-22,22950,366713,114840,아이패밀리에스씨,0.07242990654205617
2025-08-25,23550,269314,114840,아이패밀리에스씨,0.02614379084967311
2025-08-26,23700,157304,114840,아이패밀리에스씨,0.006369426751592355
2025-08-27,23800,290404,114840,아이패밀리에스씨,0.00421940928270037
2025-08-28,24600,242765,114840,아이패밀리에스씨,0.03361344537815136
2025-08-29,26000,281532,114840,아이패밀리에스씨,0.05691056910569103
2025-09-01,27000,264923,114840,아이패밀리에스씨,0.03846153846153855
2025-09-02,25250,385750,114840,아이패밀리에스씨,-0.06481481481481477
2025-09-03,25000,210579,114840,아이패밀리에스씨,-0.00990099009900991
2025-09-04,24800,104940,114840,아이패밀리에스씨,-0.008000000000000007
2025-09-05,24650,119235,114840,아이패밀리에스씨,-0.006048387096774244
2025-09-08,23850,233722,114840,아이패밀리에스씨,-0.032454361054766734
2025-09-09,24550,142342,114840,아이패밀리에스씨,0.029350104821803003
2025-09-10,23900,99330,114840,아이패밀리에스씨,-0.02647657841140527
2025-09-11,23450,192617,114840,아이패밀리에스씨,-0.01882845188284521
2025-09-12,23700,187969,114840,아이패밀리에스씨,0.010660980810234477
2025-09-15,23250,204165,114840,아이패밀리에스씨,-0.01898734177215189
2025-09-16,22850,78319,114840,아이패밀리에스씨,-0.017204301075268824
2025-09-17,22650,58611,114840,아이패밀리에스씨,-0.008752735229759279
2025-09-18,22900,73710,114840,아이패밀리에스씨,0.011037527593819041
2025-09-19,23350,74838,114840,아이패밀리에스씨,0.01965065502183405
2025-09-22,23100,54025,114840,아이패밀리에스씨,-0.010706638115631661
2025-09-23,23000,62627,114840,아이패밀리에스씨,-0.0043290043290042934
2025-09-24,22800,59573,114840,아이패밀리에스씨,-0.008695652173912993
2025-09-25,21950,113864,114840,아이패밀리에스씨,-0.037280701754385914
2025-09-26,22250,65239,114840,아이패밀리에스씨,0.013667425968109326
2025-09-29,22250,69670,114840,아이패밀리에스씨,0.0
2025-09-30,21850,71759,114840,아이패밀리에스씨,-0.017977528089887618
2025-10-01,21400,129924,114840,아이패밀리에스씨,-0.020594965675057253
2025-10-02,20750,116497,114840,아이패밀리에스씨,-0.030373831775700966
2025-10-10,19860,201836,114840,아이패밀리에스씨,-0.04289156626506019
2025-10-13,19190,100401,114840,아이패밀리에스씨,-0.03373615307150046
2025-10-14,18230,184921,114840,아이패밀리에스씨,-0.050026055237102685
2025-10-15,18600,135433,114840,아이패밀리에스씨,0.020296215030169984
2025-10-16,18650,164964,114840,아이패밀리에스씨,0.0026881720430107503
2025-10-17,17230,203236,114840,아이패밀리에스씨,-0.07613941018766757
2025-10-20,17710,126373,114840,아이패밀리에스씨,0.02785838653511319
2025-10-21,18300,158528,114840,아이패밀리에스씨,0.033314511575381234
2025-10-22,18020,157598,114840,아이패밀리에스씨,-0.015300546448087426
2025-10-23,18850,221321,114840,아이패밀리에스씨,0.04605993340732528
2025-10-24,18270,184772,114840,아이패밀리에스씨,-0.03076923076923077
2025-10-27,18190,101234,114840,아이패밀리에스씨,-0.004378762999452612
2025-10-28,18150,148739,114840,아이패밀리에스씨,-0.0021990104452995762
2025-10-29,17990,112933,114840,아이패밀리에스씨,-0.008815426997245135
2025-10-30,17980,110189,114840,아이패밀리에스씨,-0.0005558643690939391
2025-10-31,17770,124310,114840,아이패밀리에스씨,-0.011679644048943283
2025-11-03,17490,131539,114840,아이패밀리에스씨,-0.015756893640967884
2025-11-04,17390,92508,114840,아이패밀리에스씨,-0.005717552887364197
2025-11-05,17170,102968,114840,아이패밀리에스씨,-0.012650948821161578
2025-11-06,16820,74969,114840,아이패밀리에스씨,-0.02038439138031445
2025-11-07,16640,73048,114840,아이패밀리에스씨,-0.010701545778834753
2025-11-10,16910,57102,114840,아이패밀리에스씨,0.016225961538461453
2025-11-11,16630,86881,114840,아이패밀리에스씨,-0.016558249556475446
2025-11-12,16780,55718,114840,아이패밀리에스씨,0.009019843656043358
2025-11-13,16200,167335,114840,아이패밀리에스씨,-0.03456495828367101
2025-11-14,16050,295766,114840,아이패밀리에스씨,-0.0092592592592593
2025-11-17,15380,106155,114840,아이패밀리에스씨,-0.041744548286604344
2025-11-18,14870,92158,114840,아이패밀리에스씨,-0.033159947984395366
2025-11-19,14550,122275,114840,아이패밀리에스씨,-0.02151983860121054
2025-11-20,14920,79814,114840,아이패밀리에스씨,0.02542955326460472
2025-11-21,14550,123227,114840,아이패밀리에스씨,-0.02479892761394098
2025-11-24,14570,65379,114840,아이패밀리에스씨,0.0013745704467353903
2025-11-25,13940,75228,114840,아이패밀리에스씨,-0.043239533287577236
2025-11-26,14230,56935,114840,아이패밀리에스씨,0.020803443328550886
2025-11-27,14630,59771,114840,아이패밀리에스씨,0.028109627547435068
2025-11-28,15090,57662,114840,아이패밀리에스씨,0.03144224196855783
2025-12-01,14900,72689,114840,아이패밀리에스씨,-0.012591119946984808
2025-12-02,15010,71911,114840,아이패밀리에스씨,0.007382550335570448
2025-12-03,15130,36776,114840,아이패밀리에스씨,0.00799467021985345
2025-12-04,15070,41266,114840,아이패밀리에스씨,-0.00396563119629878
2025-12-05,15130,45012,114840,아이패밀리에스씨,0.003981420039814276
2025-12-08,15130,30869,114840,아이패밀리에스씨,0.0
2025-12-09,14750,69502,114840,아이패밀리에스씨,-0.025115664243225422
2025-12-10,14670,41569,114840,아이패밀리에스씨,-0.0054237288135593476
2025-12-11,14940,336937,114840,아이패밀리에스씨,0.018404907975460016
2025-12-12,14850,65430,114840,아이패밀리에스씨,-0.0060240963855421326
2025-12-15,14960,40252,114840,아이패밀리에스씨,0.007407407407407307
2025-12-16,15000,46053,114840,아이패밀리에스씨,0.002673796791443861
2025-12-17,14390,81618,114840,아이패밀리에스씨,-0.04066666666666663
2025-12-18,14000,40234,114840,아이패밀리에스씨,-0.02710215427380125
2025-12-19,13790,61545,114840,아이패밀리에스씨,-0.015000000000000013
2025-12-22,14400,72267,114840,아이패밀리에스씨,0.04423495286439438
2025-12-23,13910,39908,114840,아이패밀리에스씨,-0.03402777777777777
2025-12-24,13600,47364,114840,아이패밀리에스씨,-0.022286125089863384
2025-12-26,13250,57955,114840,아이패밀리에스씨,-0.02573529411764708
2025-12-29,13450,69123,114840,아이패밀리에스씨,0.015094339622641506
2025-12-30,13650,68560,114840,아이패밀리에스씨,0.014869888475836479
2026-01-02,14980,103953,114840,아이패밀리에스씨,0.09743589743589753
2026-01-05,14660,73387,114840,아이패밀리에스씨,-0.021361815754339153
2026-01-06,14700,52185,114840,아이패밀리에스씨,0.0027285129604366354
2026-01-07,14700,69122,114840,아이패밀리에스씨,0.0
2026-01-08,15100,92193,114840,아이패밀리에스씨,0.027210884353741527
2026-01-09,15380,67937,114840,아이패밀리에스씨,0.018543046357615944
2026-01-12,15500,58558,114840,아이패밀리에스씨,0.007802340702210753
2026-01-13,15020,59741,114840,아이패밀리에스씨,-0.030967741935483906
2026-01-14,15150,24785,114840,아이패밀리에스씨,0.008655126498002597
2026-01-15,14760,54022,114840,아이패밀리에스씨,-0.025742574257425765
2026-01-16,14830,25909,114840,아이패밀리에스씨,0.004742547425474308
2026-01-19,15300,95906,114840,아이패밀리에스씨,0.03169251517194871
2026-01-20,15480,52790,114840,아이패밀리에스씨,0.0117647058823529
2026-01-21,14790,78505,114840,아이패밀리에스씨,-0.04457364341085268
2026-01-22,15370,148280,114840,아이패밀리에스씨,0.03921568627450989
2026-01-23,15080,134956,114840,아이패밀리에스씨,-0.018867924528301883
2026-01-26,15380,79478,114840,아이패밀리에스씨,0.019893899204244114
2026-01-27,15050,93567,114840,아이패밀리에스씨,-0.021456436931079348
2026-01-28,15170,78002,114840,아이패밀리에스씨,0.007973421926910307
2026-01-29,15330,136152,114840,아이패밀리에스씨,0.01054713249835193
2026-01-30,15040,131285,114840,아이패밀리에스씨,-0.018917155903457328
2026-02-02,16090,281376,114840,아이패밀리에스씨,0.06981382978723394
2026-02-03,15820,233055,114840,아이패밀리에스씨,-0.016780609073958952
2026-02-04,15770,159993,114840,아이패밀리에스씨,-0.003160556257901348
2026-02-05,15000,130736,114840,아이패밀리에스씨,-0.04882688649334177
2026-02-06,14840,113319,114840,아이패밀리에스씨,-0.010666666666666713
2026-02-09,15400,170059,114840,아이패밀리에스씨,0.037735849056603765
2026-02-10,15390,104544,114840,아이패밀리에스씨,-0.0006493506493506773
2026-02-11,15060,78215,114840,아이패밀리에스씨,-0.021442495126705707
2026-02-12,14870,89966,114840,아이패밀리에스씨,-0.012616201859229736
2026-02-13,14770,83845,114840,아이패밀리에스씨,-0.00672494956287828
2026-02-19,14700,109872,114840,아이패밀리에스씨,-0.004739336492891044
2026-02-20,14180,134921,114840,아이패밀리에스씨,-0.03537414965986396
2026-02-23,14190,69214,114840,아이패밀리에스씨,0.0007052186177716191
2026-02-24,13990,79203,114840,아이패밀리에스씨,-0.014094432699083836
2026-02-25,13620,96159,114840,아이패밀리에스씨,-0.026447462473195182
2026-02-26,13390,72752,114840,아이패밀리에스씨,-0.016886930983847304
2026-02-27,13320,103983,114840,아이패밀리에스씨,-0.005227781926811059
2026-03-03,12490,122842,114840,아이패밀리에스씨,-0.06231231231231227
2026-03-04,11040,114006,114840,아이패밀리에스씨,-0.1160928742994396
2026-03-05,11730,63227,114840,아이패밀리에스씨,0.0625
2026-03-06,11730,86102,114840,아이패밀리에스씨,0.0
2026-03-09,10810,100322,114840,아이패밀리에스씨,-0.07843137254901966
2026-03-10,11180,89238,114840,아이패밀리에스씨,0.03422756706753005
2026-03-11,10880,111552,114840,아이패밀리에스씨,-0.02683363148479423
2026-03-12,11380,95524,114840,아이패밀리에스씨,0.045955882352941124
2026-03-13,11200,129987,114840,아이패밀리에스씨,-0.01581722319859402
2026-03-16,11350,62859,114840,아이패밀리에스씨,0.013392857142857206
2026-03-17,11530,55441,114840,아이패밀리에스씨,0.01585903083700435
2026-03-18,11360,63003,114840,아이패밀리에스씨,-0.014744145706851675
2026-03-19,11190,53319,114840,아이패밀리에스씨,-0.014964788732394374
2026-03-20,11900,57161,114840,아이패밀리에스씨,0.06344950848972286
2026-03-23,11210,56346,114840,아이패밀리에스씨,-0.05798319327731094
2026-03-24,11440,40638,114840,아이패밀리에스씨,0.020517395182872544
2026-03-25,11650,42000,114840,아이패밀리에스씨,0.018356643356643332
2026-03-26,11260,31574,114840,아이패밀리에스씨,-0.033476394849785374
2026-03-27,11530,43076,114840,아이패밀리에스씨,0.023978685612788597
2026-03-30,10980,39858,114840,아이패밀리에스씨,-0.047701647875108444
2026-03-31,10790,32227,114840,아이패밀리에스씨,-0.01730418943533696
2026-04-01,11570,55958,114840,아이패밀리에스씨,0.07228915662650603
2026-04-02,10950,43913,114840,아이패밀리에스씨,-0.053586862575626615
2026-04-03,11010,33240,114840,아이패밀리에스씨,0.005479452054794498
2026-04-06,10720,37440,114840,아이패밀리에스씨,-0.026339691189827374
2026-04-07,10590,74967,114840,아이패밀리에스씨,-0.012126865671641784
2026-04-08,10970,24075,114840,아이패밀리에스씨,0.035882908404154756
2026-04-09,11360,63523,114840,아이패밀리에스씨,0.03555150410209662
2026-04-10,11240,44691,114840,아이패밀리에스씨,-0.010563380281690127
2026-04-13,11110,22828,114840,아이패밀리에스씨,-0.011565836298932375
2026-04-14,11300,76245,114840,아이패밀리에스씨,0.017101710171017137
2026-04-15,11330,78392,114840,아이패밀리에스씨,0.0026548672566371057
2026-04-16,11750,60067,114840,아이패밀리에스씨,0.03706972639011474
2026-04-17,11850,90042,114840,아이패밀리에스씨,0.008510638297872353
2026-04-20,11260,158327,114840,아이패밀리에스씨,-0.04978902953586495
2026-04-21,10670,199998,114840,아이패밀리에스씨,-0.052397868561278815
2026-04-22,10400,158428,114840,아이패밀리에스씨,-0.025304592314901564
2026-04-23,10390,102660,114840,아이패밀리에스씨,-0.0009615384615384581
2026-04-24,11170,235669,114840,아이패밀리에스씨,0.0750721847930702
2026-04-27,11410,154581,114840,아이패밀리에스씨,0.0214861235452104
2026-04-28,11050,110336,114840,아이패밀리에스씨,-0.03155127081507447
2026-04-29,11200,79794,114840,아이패밀리에스씨,0.013574660633484115
2026-04-30,10800,105528,114840,아이패밀리에스씨,-0.0357142857142857
2026-05-04,10710,74993,114840,아이패밀리에스씨,-0.008333333333333304
2026-05-06,10250,143873,114840,아이패밀리에스씨,-0.04295051353874879
2026-05-07,10130,70421,114840,아이패밀리에스씨,-0.011707317073170742
2026-05-08,10110,98138,114840,아이패밀리에스씨,-0.001974333662388972
2026-05-11,9890,66621,114840,아이패밀리에스씨,-0.021760633036597476
2026-05-12,9460,97632,114840,아이패밀리에스씨,-0.04347826086956519
2026-05-13,9400,51206,114840,아이패밀리에스씨,-0.006342494714587699
2026-05-14,9390,42849,114840,아이패밀리에스씨,-0.0010638297872340718
2026-05-15,9240,82366,114840,아이패밀리에스씨,-0.015974440894568676
2026-05-18,9190,70730,114840,아이패밀리에스씨,-0.005411255411255422
2026-05-19,9080,49301,114840,아이패밀리에스씨,-0.01196953210010876
2026-05-20,8720,61663,114840,아이패밀리에스씨,-0.03964757709251099
2026-05-21,9650,185639,114840,아이패밀리에스씨,0.1066513761467891
2026-05-22,10040,147947,114840,아이패밀리에스씨,0.040414507772020825
2026-05-26,10190,84499,114840,아이패밀리에스씨,0.014940239043824688
2026-05-27,10110,101178,114840,아이패밀리에스씨,-0.007850834151128527
2026-05-28,10050,134493,114840,아이패밀리에스씨,-0.005934718100890191
2026-05-29,10490,153961,114840,아이패밀리에스씨,0.04378109452736312
2026-06-01,9910,120670,114840,아이패밀리에스씨,-0.05529075309818876
2026-06-02,9860,92524,114840,아이패밀리에스씨,-0.005045408678102881
2026-06-04,9930,116329,114840,아이패밀리에스씨,0.007099391480730244
2026-06-05,9980,114879,114840,아이패밀리에스씨,0.0050352467270895485
2026-06-08,9020,94673,114840,아이패밀리에스씨,-0.09619238476953906
2026-06-09,8940,66059,114840,아이패밀리에스씨,-0.008869179600886956
2026-06-10,8770,28243,114840,아이패밀리에스씨,-0.019015659955257225
2026-06-11,9040,55876,114840,아이패밀리에스씨,0.03078677309007971
2026-06-12,9120,37929,114840,아이패밀리에스씨,0.008849557522123908
2026-06-15,9470,42465,114840,아이패밀리에스씨,0.03837719298245612
2026-06-16,9130,36121,114840,아이패밀리에스씨,-0.035902851108764566
2026-06-17,9220,24500,114840,아이패밀리에스씨,0.009857612267250904
2026-06-18,8900,39258,114840,아이패밀리에스씨,-0.03470715835141003
2026-06-19,8420,52182,114840,아이패밀리에스씨,-0.053932584269662964
2026-06-22,8230,14259,114840,아이패밀리에스씨,-0.0225653206650831
2026-06-23,7600,36406,114840,아이패밀리에스씨,-0.07654921020656136
2026-06-24,7660,33117,114840,아이패밀리에스씨,0.007894736842105177
2026-06-25,7540,49924,114840,아이패밀리에스씨,-0.015665796344647487
2026-06-26,7200,40251,114840,아이패밀리에스씨,-0.04509283819628651
2026-06-29,7950,80937,114840,아이패밀리에스씨,0.10416666666666674
2026-06-30,7880,31011,114840,아이패밀리에스씨,-0.008805031446540879
2026-07-01,8010,26245,114840,아이패밀리에스씨,0.016497461928933976
2026-07-02,8010,50209,114840,아이패밀리에스씨,0.0
2026-07-03,8360,50883,114840,아이패밀리에스씨,0.043695380774032566
2026-07-06,8230,19548,114840,아이패밀리에스씨,-0.015550239234449759
2026-07-07,8320,44407,114840,아이패밀리에스씨,0.010935601458080146
2026-07-08,8490,195937,114840,아이패밀리에스씨,0.02043269230769229
2026-07-09,8210,108648,114840,아이패밀리에스씨,-0.03297997644287398
2026-07-10,8580,70508,114840,아이패밀리에스씨,0.045066991473812434
2026-07-13,8290,40506,114840,아이패밀리에스씨,-0.03379953379953382
2026-07-14,8060,53864,114840,아이패밀리에스씨,-0.027744270205066313
2026-07-15,8410,34957,114840,아이패밀리에스씨,0.043424317617865915
2026-07-16,8580,54569,114840,아이패밀리에스씨,0.02021403091557672
2026-07-20,7920,43877,114840,아이패밀리에스씨,-0.07692307692307687
2026-07-21,7990,38410,114840,아이패밀리에스씨,0.008838383838383868
2026-07-22,8140,41030,114840,아이패밀리에스씨,0.018773466833541974
2026-07-23,8460,32523,114840,아이패밀리에스씨,0.039312039312039415
2026-07-24,8240,25155,114840,아이패밀리에스씨,-0.026004728132387744
2026-07-27,8400,25775,114840,아이패밀리에스씨,0.01941747572815533
2026-07-28,7780,51210,114840,아이패밀리에스씨,-0.07380952380952377
2026-07-29,7290,85259,114840,아이패밀리에스씨,-0.06298200514138819
2026-07-30,7190,68799,114840,아이패밀리에스씨,-0.013717421124828544
2026-07-31,7550,26419,114840,아이패밀리에스씨,0.05006954102920713
2026-08-03,7590,20044,114840,아이패밀리에스씨,0.005298013245033095
2026-08-04,8110,18994,114840,아이패밀리에스씨,0.06851119894598146
2026-08-05,8170,23311,114840,아이패밀리에스씨,0.007398273736128225
2026-08-06,8310,30026,114840,아이패밀리에스씨,0.017135862913096656
2026-08-07,8510,28812,114840,아이패밀리에스씨,0.024067388688327362
2026-08-10,8900,37676,114840,아이패밀리에스씨,0.04582843713278506
2026-08-11,9300,54907,114840,아이패밀리에스씨,0.04494382022471921
2026-08-12,9740,121939,114840,아이패밀리에스씨,0.047311827956989294
2026-08-13,9130,74627,114840,아이패밀리에스씨,-0.06262833675564683
2026-08-14,9300,30899,114840,아이패밀리에스씨,0.018619934282584794
2026-08-18,8690,36080,114840,아이패밀리에스씨,-0.06559139784946233
2026-08-19,9350,242982,114840,아이패밀리에스씨,0.07594936708860756
2026-08-20,9010,70865,114840,아이패밀리에스씨,-0.036363636363636376
2026-08-21,8660,35991,114840,아이패밀리에스씨,-0.0388457269700333
2021-06-01,84400,122606,214450,파마리서치,
2021-06-02,82400,110776,214450,파마리서치,-0.023696682464455
2021-06-03,85000,152347,214450,파마리서치,0.031553398058252524
2021-06-04,81400,140609,214450,파마리서치,-0.04235294117647059
2021-06-07,82900,101611,214450,파마리서치,0.01842751842751844
2021-06-08,84600,157750,214450,파마리서치,0.020506634499396936
2021-06-09,86500,150654,214450,파마리서치,0.022458628841607542
2021-06-10,90500,236235,214450,파마리서치,0.046242774566473965
2021-06-11,92300,246643,214450,파마리서치,0.019889502762430844
2021-06-14,93200,97454,214450,파마리서치,0.009750812567713929
2021-06-15,93700,88555,214450,파마리서치,0.005364806866952732
2021-06-16,93700,53280,214450,파마리서치,0.0
2021-06-17,93200,133013,214450,파마리서치,-0.005336179295624355
2021-06-18,93600,71249,214450,파마리서치,0.0042918454935623185
2021-06-21,90400,152132,214450,파마리서치,-0.03418803418803418
2021-06-22,90700,92375,214450,파마리서치,0.0033185840707965486
2021-06-23,92000,160877,214450,파마리서치,0.014332965821389099
2021-06-24,88400,230912,214450,파마리서치,-0.03913043478260869
2021-06-25,87800,121045,214450,파마리서치,-0.006787330316742057
2021-06-28,89000,72098,214450,파마리서치,0.013667425968109326
2021-06-29,87800,103669,214450,파마리서치,-0.013483146067415741
2021-06-30,90000,158951,214450,파마리서치,0.02505694760820054
2021-07-01,90200,74469,214450,파마리서치,0.0022222222222221255
2021-07-02,88500,94454,214450,파마리서치,-0.018847006651884657
2021-07-05,88700,57014,214450,파마리서치,0.002259887005649608
2021-07-06,86000,174393,214450,파마리서치,-0.030439684329199523
2021-07-07,86700,135060,214450,파마리서치,0.008139534883720989
2021-07-08,86300,108207,214450,파마리서치,-0.0046136101499423265
2021-07-09,85200,105670,214450,파마리서치,-0.01274623406720743
2021-07-12,85200,45931,214450,파마리서치,0.0
2021-07-13,83800,95519,214450,파마리서치,-0.016431924882629123
2021-07-14,84300,89304,214450,파마리서치,0.005966587112171906
2021-07-15,89800,264877,214450,파마리서치,0.06524317912218258
2021-07-16,88000,76747,214450,파마리서치,-0.020044543429844075
2021-07-19,86100,91737,214450,파마리서치,-0.021590909090909105
2021-07-20,84500,116230,214450,파마리서치,-0.018583042973286834
2021-07-21,86300,120775,214450,파마리서치,0.02130177514792897
2021-07-22,85500,63661,214450,파마리서치,-0.009269988412514474
2021-07-23,88400,136795,214450,파마리서치,0.03391812865497079
2021-07-26,85600,98273,214450,파마리서치,-0.03167420814479638
2021-07-27,85900,72530,214450,파마리서치,0.003504672897196359
2021-07-28,84800,103043,214450,파마리서치,-0.012805587892898762
2021-07-29,87600,106892,214450,파마리서치,0.03301886792452824
2021-07-30,88800,115716,214450,파마리서치,0.013698630136986356
2021-08-02,91100,196082,214450,파마리서치,0.025900900900900803
2021-08-03,90500,98328,214450,파마리서치,-0.00658616904500553
2021-08-04,91400,88766,214450,파마리서치,0.009944751381215422
2021-08-05,89800,73889,214450,파마리서치,-0.017505470459518557
2021-08-06,89700,58386,214450,파마리서치,-0.00111358574610243
2021-08-09,90000,55865,214450,파마리서치,0.0033444816053511683
2021-08-10,90300,72230,214450,파마리서치,0.0033333333333334103
2021-08-11,94800,213065,214450,파마리서치,0.04983388704318936
2021-08-12,96900,185014,214450,파마리서치,0.02215189873417711
2021-08-13,97000,115746,214450,파마리서치,0.0010319917440659854
2021-08-17,90300,267911,214450,파마리서치,-0.06907216494845358
2021-08-18,94400,189162,214450,파마리서치,0.04540420819490576
2021-08-19,93600,556141,214450,파마리서치,-0.008474576271186418
2021-08-20,90300,206966,214450,파마리서치,-0.03525641025641024
2021-08-23,97200,304853,214450,파마리서치,0.07641196013289031
2021-08-24,98700,187515,214450,파마리서치,0.015432098765432167
2021-08-25,98700,133729,214450,파마리서치,0.0
2021-08-26,99800,160551,214450,파마리서치,0.011144883485308954
2021-08-27,97800,132141,214450,파마리서치,-0.02004008016032066
2021-08-30,96800,76196,214450,파마리서치,-0.010224948875255602
2021-08-31,96900,122278,214450,파마리서치,0.0010330578512396382
2021-09-01,97200,90696,214450,파마리서치,0.003095975232198178
2021-09-02,98500,95648,214450,파마리서치,0.01337448559670773
2021-09-03,96600,109802,214450,파마리서치,-0.019289340101522834
2021-09-06,95400,88743,214450,파마리서치,-0.012422360248447228
2021-09-07,94000,97902,214450,파마리서치,-0.014675052410901501
2021-09-08,91700,118733,214450,파마리서치,-0.024468085106382986
2021-09-09,92800,75528,214450,파마리서치,0.01199563794983649
2021-09-10,92900,100254,214450,파마리서치,0.0010775862068965747
2021-09-13,91700,67563,214450,파마리서치,-0.012917115177610294
2021-09-14,91800,60570,214450,파마리서치,0.0010905125408942062
2021-09-15,93600,98800,214450,파마리서치,0.019607843137254832
2021-09-16,91300,79892,214450,파마리서치,-0.024572649572649596
2021-09-17,91800,234294,214450,파마리서치,0.005476451259583737
2021-09-23,89300,99309,214450,파마리서치,-0.027233115468409563
2021-09-24,89700,106834,214450,파마리서치,0.004479283314669624
2021-09-27,88100,74196,214450,파마리서치,-0.017837235228539527
2021-09-28,86900,101832,214450,파마리서치,-0.01362088535754824
2021-09-29,84900,115873,214450,파마리서치,-0.023014959723820505
2021-09-30,84700,101401,214450,파마리서치,-0.002355712603062443
2021-10-01,81900,135239,214450,파마리서치,-0.03305785123966942
2021-10-05,80100,156318,214450,파마리서치,-0.02197802197802201
2021-10-06,80200,143068,214450,파마리서치,0.0012484394506866447
2021-10-07,84400,143407,214450,파마리서치,0.052369077306733125
2021-10-08,82500,72996,214450,파마리서치,-0.02251184834123221
2021-10-12,83000,55132,214450,파마리서치,0.0060606060606061
2021-10-13,82800,55806,214450,파마리서치,-0.002409638554216831
2021-10-14,86800,98721,214450,파마리서치,0.048309178743961345
2021-10-15,86700,48436,214450,파마리서치,-0.0011520737327188613
2021-10-18,86400,58007,214450,파마리서치,-0.0034602076124568004
2021-10-19,88500,60046,214450,파마리서치,0.02430555555555558
2021-10-20,90200,88397,214450,파마리서치,0.019209039548022666
2021-10-21,88900,52859,214450,파마리서치,-0.014412416851441234
2021-10-22,88100,58499,214450,파마리서치,-0.008998875140607376
2021-10-25,88500,41254,214450,파마리서치,0.004540295119182858
2021-10-26,90700,61612,214450,파마리서치,0.024858757062146797
2021-10-27,92800,145794,214450,파마리서치,0.023153252480705655
2021-10-28,92100,67804,214450,파마리서치,-0.007543103448275912
2021-10-29,92000,48373,214450,파마리서치,-0.0010857763300760048
2021-11-01,90500,61293,214450,파마리서치,-0.016304347826086918
2021-11-02,90700,46037,214450,파마리서치,0.0022099447513812542
2021-11-03,88700,37074,214450,파마리서치,-0.022050716648291058
2021-11-04,88200,40338,214450,파마리서치,-0.005636978579481422
2021-11-05,88300,65604,214450,파마리서치,0.0011337868480725266
2021-11-08,89300,49663,214450,파마리서치,0.011325028312570762
2021-11-09,87200,40072,214450,파마리서치,-0.023516237402015694
2021-11-10,80400,664535,214450,파마리서치,-0.07798165137614677
2021-11-11,79200,126757,214450,파마리서치,-0.014925373134328401
2021-11-12,79900,85152,214450,파마리서치,0.008838383838383868
2021-11-15,79500,70037,214450,파마리서치,-0.005006257822277815
2021-11-16,79800,108589,214450,파마리서치,0.0037735849056603765
2021-11-17,78800,64993,214450,파마리서치,-0.01253132832080206
2021-11-18,75600,109138,214450,파마리서치,-0.040609137055837574
2021-11-19,76600,43443,214450,파마리서치,0.013227513227513255
2021-11-22,77000,80645,214450,파마리서치,0.005221932114882533
2021-11-23,77800,91187,214450,파마리서치,0.010389610389610393
2021-11-24,77700,57616,214450,파마리서치,-0.0012853470437017567
2021-11-25,79100,77652,214450,파마리서치,0.018018018018018056
2021-11-26,79000,103319,214450,파마리서치,-0.0012642225031606058
2021-11-29,78400,74944,214450,파마리서치,-0.0075949367088608
2021-11-30,77200,81706,214450,파마리서치,-0.015306122448979553
2021-12-01,75200,110791,214450,파마리서치,-0.025906735751295318
2021-12-02,76200,71341,214450,파마리서치,0.013297872340425565
2021-12-03,78900,132803,214450,파마리서치,0.03543307086614167
2021-12-06,78200,158784,214450,파마리서치,-0.008871989860583018
2021-12-07,79600,73609,214450,파마리서치,0.01790281329923271
2021-12-08,80200,47921,214450,파마리서치,0.007537688442211143
2021-12-09,81200,60578,214450,파마리서치,0.012468827930174564
2021-12-10,78500,40226,214450,파마리서치,-0.03325123152709364
2021-12-13,77000,37485,214450,파마리서치,-0.019108280254777066
2021-12-14,76800,34435,214450,파마리서치,-0.0025974025974025983
2021-12-15,77600,44859,214450,파마리서치,0.01041666666666674
2021-12-16,78600,41878,214450,파마리서치,0.012886597938144284
2021-12-17,76800,38858,214450,파마리서치,-0.022900763358778664
2021-12-20,77000,39645,214450,파마리서치,0.0026041666666667407
2021-12-21,79000,64597,214450,파마리서치,0.025974025974025983
2021-12-22,79300,39662,214450,파마리서치,0.0037974683544304
2021-12-23,78700,39796,214450,파마리서치,-0.007566204287515754
2021-12-24,78000,47733,214450,파마리서치,-0.008894536213468918
2021-12-27,80900,85794,214450,파마리서치,0.03717948717948727
2021-12-28,83500,136182,214450,파마리서치,0.03213844252163156
2021-12-29,82800,80987,214450,파마리서치,-0.008383233532934131
2021-12-30,82000,37190,214450,파마리서치,-0.009661835748792313
2022-01-03,82000,36622,214450,파마리서치,0.0
2022-01-04,79800,53197,214450,파마리서치,-0.02682926829268295
2022-01-05,78100,61881,214450,파마리서치,-0.02130325814536338
2022-01-06,77600,48222,214450,파마리서치,-0.006402048655569814
2022-01-07,78300,30400,214450,파마리서치,0.009020618556700999
2022-01-10,77900,37749,214450,파마리서치,-0.005108556832694733
2022-01-11,78700,50249,214450,파마리서치,0.010269576379974277
2022-01-12,79800,54941,214450,파마리서치,0.013977128335451061
2022-01-13,78600,53774,214450,파마리서치,-0.015037593984962405
2022-01-14,79000,60192,214450,파마리서치,0.0050890585241729624
2022-01-17,78900,48709,214450,파마리서치,-0.0012658227848101333
2022-01-18,77200,50211,214450,파마리서치,-0.021546261089987362
2022-01-19,76200,52444,214450,파마리서치,-0.012953367875647714
2022-01-20,78000,56709,214450,파마리서치,0.023622047244094446
2022-01-21,76700,67202,214450,파마리서치,-0.01666666666666672
2022-01-24,76500,71504,214450,파마리서치,-0.0026075619295958807
2022-01-25,75400,52628,214450,파마리서치,-0.01437908496732021
2022-01-26,74600,30923,214450,파마리서치,-0.010610079575596787
2022-01-27,73500,66981,214450,파마리서치,-0.014745308310991967
2022-01-28,75400,71969,214450,파마리서치,0.02585034013605436
2022-02-03,76800,45027,214450,파마리서치,0.018567639257294433
2022-02-04,78100,31235,214450,파마리서치,0.01692708333333326
2022-02-07,76900,29335,214450,파마리서치,-0.015364916773367487
2022-02-08,76600,28940,214450,파마리서치,-0.0039011703511053764
2022-02-09,81100,110050,214450,파마리서치,0.0587467362924281
2022-02-10,79100,54457,214450,파마리서치,-0.024660912453760786
2022-02-11,78500,53992,214450,파마리서치,-0.007585335018963302
2022-02-14,78100,56199,214450,파마리서치,-0.005095541401273884
2022-02-15,76400,23347,214450,파마리서치,-0.0217669654289373
2022-02-16,81200,73893,214450,파마리서치,0.06282722513089012
2022-02-17,86400,317466,214450,파마리서치,0.0640394088669951
2022-02-18,85100,129397,214450,파마리서치,-0.01504629629629628
2022-02-21,87000,100122,214450,파마리서치,0.02232667450058745
2022-02-22,84400,83014,214450,파마리서치,-0.029885057471264354
2022-02-23,86900,64564,214450,파마리서치,0.02962085308056861
2022-02-24,86100,75628,214450,파마리서치,-0.009205983889528202
2022-02-25,87100,51750,214450,파마리서치,0.011614401858304202
2022-02-28,87400,64304,214450,파마리서치,0.003444316877152742
2022-03-02,86200,44139,214450,파마리서치,-0.013729977116704761
2022-03-03,88200,41675,214450,파마리서치,0.023201856148491906
2022-03-04,87100,40851,214450,파마리서치,-0.012471655328798237
2022-03-07,85700,41369,214450,파마리서치,-0.016073478760045945
2022-03-08,85200,88029,214450,파마리서치,-0.005834305717619559
2022-03-10,87800,58975,214450,파마리서치,0.030516431924882736
2022-03-11,88000,47839,214450,파마리서치,0.002277904328018332
2022-03-14,86300,56841,214450,파마리서치,-0.01931818181818179
2022-03-15,88000,62018,214450,파마리서치,0.01969872537659323
2022-03-16,92100,152434,214450,파마리서치,0.04659090909090913
2022-03-17,92000,83589,214450,파마리서치,-0.0010857763300760048
2022-03-18,92000,43045,214450,파마리서치,0.0
2022-03-21,91500,32754,214450,파마리서치,-0.005434782608695676
2022-03-22,91300,37871,214450,파마리서치,-0.002185792349726823
2022-03-23,91600,44932,214450,파마리서치,0.0032858707557503752
2022-03-24,92000,39173,214450,파마리서치,0.004366812227074135
2022-03-25,91900,40977,214450,파마리서치,-0.0010869565217391797
2022-03-28,89900,40822,214450,파마리서치,-0.021762785636561532
2022-03-29,90700,45382,214450,파마리서치,0.008898776418242438
2022-03-30,92800,53741,214450,파마리서치,0.023153252480705655
2022-03-31,91800,38077,214450,파마리서치,-0.010775862068965525
2022-04-01,93000,84191,214450,파마리서치,0.013071895424836555
2022-04-04,93500,98115,214450,파마리서치,0.005376344086021501
2022-04-05,97000,179371,214450,파마리서치,0.03743315508021383
2022-04-06,96300,101473,214450,파마리서치,-0.007216494845360799
2022-04-07,96800,59718,214450,파마리서치,0.005192107995846351
2022-04-08,98400,70929,214450,파마리서치,0.016528925619834656
2022-04-11,98300,45692,214450,파마리서치,-0.00101626016260159
2022-04-12,97000,52724,214450,파마리서치,-0.01322482197355035
2022-04-13,96800,62253,214450,파마리서치,-0.0020618556701030855
2022-04-14,95800,57654,214450,파마리서치,-0.010330578512396715
2022-04-15,97300,49884,214450,파마리서치,0.01565762004175375
2022-04-18,96700,47363,214450,파마리서치,-0.006166495375128478
2022-04-19,96900,58965,214450,파마리서치,0.0020682523267838704
2022-04-20,96600,41211,214450,파마리서치,-0.003095975232198178
2022-04-21,95100,65092,214450,파마리서치,-0.01552795031055898
2022-04-22,94700,83273,214450,파마리서치,-0.004206098843322792
2022-04-25,92000,79613,214450,파마리서치,-0.028511087645195388
2022-04-26,93100,31489,214450,파마리서치,0.011956521739130421
2022-04-27,90600,73632,214450,파마리서치,-0.02685284640171859
2022-04-28,91000,47226,214450,파마리서치,0.004415011037527616
2022-04-29,93000,43453,214450,파마리서치,0.0219780219780219
2022-05-02,90200,69650,214450,파마리서치,-0.03010752688172047
2022-05-03,89900,43277,214450,파마리서치,-0.003325942350332567
2022-05-04,88200,55047,214450,파마리서치,-0.018909899888765347
2022-05-06,87500,68598,214450,파마리서치,-0.007936507936507908
2022-05-09,84800,66857,214450,파마리서치,-0.030857142857142805
2022-05-10,84700,79113,214450,파마리서치,-0.001179245283018826
2022-05-11,85400,37006,214450,파마리서치,0.008264462809917328
2022-05-12,80600,114387,214450,파마리서치,-0.05620608899297419
2022-05-13,82100,143259,214450,파마리서치,0.018610421836228186
2022-05-16,81700,36075,214450,파마리서치,-0.00487210718635811
2022-05-17,81400,49929,214450,파마리서치,-0.003671970624234966
2022-05-18,80200,62112,214450,파마리서치,-0.014742014742014753
2022-05-19,79100,70497,214450,파마리서치,-0.013715710723191998
2022-05-20,81600,41712,214450,파마리서치,0.031605562579013924
2022-05-23,81200,48703,214450,파마리서치,-0.004901960784313708
2022-05-24,79600,59298,214450,파마리서치,-0.019704433497536922
2022-05-25,84000,94270,214450,파마리서치,0.055276381909547645
2022-05-26,82500,51803,214450,파마리서치,-0.017857142857142905
2022-05-27,82900,31328,214450,파마리서치,0.00484848484848488
2022-05-30,82900,50684,214450,파마리서치,0.0
2022-05-31,82700,36124,214450,파마리서치,-0.0024125452352231624
2022-06-02,80200,84626,214450,파마리서치,-0.030229746070132957
2022-06-03,80200,35464,214450,파마리서치,0.0
2022-06-07,77900,72928,214450,파마리서치,-0.028678304239401542
2022-06-08,77800,54241,214450,파마리서치,-0.0012836970474967568
2022-06-09,77300,63303,214450,파마리서치,-0.006426735218509005
2022-06-10,76500,44184,214450,파마리서치,-0.010349288486416586
2022-06-13,73400,84330,214450,파마리서치,-0.04052287581699343
2022-06-14,73000,74895,214450,파마리서치,-0.00544959128065392
2022-06-15,71700,49537,214450,파마리서치,-0.017808219178082174
2022-06-16,71700,44409,214450,파마리서치,0.0
2022-06-17,72200,64198,214450,파마리서치,0.0069735006973501434
2022-06-20,70400,38485,214450,파마리서치,-0.024930747922437657
2022-06-21,72800,47319,214450,파마리서치,0.03409090909090917
2022-06-22,70900,53941,214450,파마리서치,-0.026098901098901117
2022-06-23,69500,66094,214450,파마리서치,-0.019746121297602226
2022-06-24,73400,59401,214450,파마리서치,0.05611510791366903
2022-06-27,72300,69795,214450,파마리서치,-0.01498637602179842
2022-06-28,71800,55996,214450,파마리서치,-0.006915629322268302
2022-06-29,69700,38494,214450,파마리서치,-0.029247910863509752
2022-06-30,67400,113229,214450,파마리서치,-0.03299856527977041
2022-07-01,65700,54865,214450,파마리서치,-0.02522255192878342
2022-07-04,65300,38678,214450,파마리서치,-0.0060882800608828
2022-07-05,67700,35969,214450,파마리서치,0.03675344563552829
2022-07-06,65900,53893,214450,파마리서치,-0.026587887740029514
2022-07-07,66400,27822,214450,파마리서치,0.007587253414264028
2022-07-08,65600,95167,214450,파마리서치,-0.012048192771084376
2022-07-11,65500,59295,214450,파마리서치,-0.0015243902439023849
2022-07-12,62200,121422,214450,파마리서치,-0.05038167938931293
2022-07-13,65000,102994,214450,파마리서치,0.045016077170418
2022-07-14,66400,129707,214450,파마리서치,0.021538461538461506
2022-07-15,64400,50771,214450,파마리서치,-0.030120481927710885
2022-07-18,66600,85262,214450,파마리서치,0.03416149068322971
2022-07-19,66200,30883,214450,파마리서치,-0.006006006006005982
2022-07-20,67200,92728,214450,파마리서치,0.015105740181268867
2022-07-21,65600,95423,214450,파마리서치,-0.023809523809523836
2022-07-22,65100,42680,214450,파마리서치,-0.007621951219512146
2022-07-25,66800,64147,214450,파마리서치,0.02611367127496167
2022-07-26,71100,164685,214450,파마리서치,0.06437125748502992
2022-07-27,71300,83435,214450,파마리서치,0.002812939521800173
2022-07-28,71500,79871,214450,파마리서치,0.0028050490883591017
2022-07-29,72600,91449,214450,파마리서치,0.01538461538461533
2022-08-01,71400,48724,214450,파마리서치,-0.016528925619834656
2022-08-02,71400,45249,214450,파마리서치,0.0
2022-08-03,71000,46907,214450,파마리서치,-0.0056022408963585235
2022-08-04,71600,45867,214450,파마리서치,0.008450704225352101
2022-08-05,72000,39175,214450,파마리서치,0.005586592178770999
2022-08-08,69700,77598,214450,파마리서치,-0.03194444444444444
2022-08-09,69300,73910,214450,파마리서치,-0.0057388809182209455
2022-08-10,68200,55418,214450,파마리서치,-0.015873015873015928
2022-08-11,69000,41478,214450,파마리서치,0.011730205278592365
2022-08-12,69000,37059,214450,파마리서치,0.0
2022-08-16,71200,183617,214450,파마리서치,0.03188405797101446
2022-08-17,71700,167170,214450,파마리서치,0.0070224719101124045
2022-08-18,72300,81627,214450,파마리서치,0.008368200836819994
2022-08-19,69800,66905,214450,파마리서치,-0.03457814661134162
2022-08-22,67800,49882,214450,파마리서치,-0.028653295128939882
2022-08-23,66400,50809,214450,파마리서치,-0.020648967551622377
2022-08-24,66700,34239,214450,파마리서치,0.004518072289156683
2022-08-25,67600,32272,214450,파마리서치,0.013493253373313419
2022-08-26,66300,33153,214450,파마리서치,-0.019230769230769273
2022-08-29,63600,74462,214450,파마리서치,-0.040723981900452455
2022-08-30,67400,53891,214450,파마리서치,0.05974842767295607
2022-08-31,67500,48293,214450,파마리서치,0.0014836795252226587
2022-09-01,65800,39406,214450,파마리서치,-0.0251851851851852
2022-09-02,65500,33285,214450,파마리서치,-0.00455927051671734
2022-09-05,64900,46720,214450,파마리서치,-0.009160305343511421
2022-09-06,64800,45207,214450,파마리서치,-0.0015408320493066618
2022-09-07,63000,69242,214450,파마리서치,-0.02777777777777779
2022-09-08,64100,33474,214450,파마리서치,0.0174603174603174
2022-09-13,65400,32024,214450,파마리서치,0.020280811232449292
2022-09-14,64500,35916,214450,파마리서치,-0.013761467889908285
2022-09-15,63500,35180,214450,파마리서치,-0.015503875968992276
2022-09-16,62400,50194,214450,파마리서치,-0.017322834645669305
2022-09-19,62100,39804,214450,파마리서치,-0.004807692307692291
2022-09-20,63200,32113,214450,파마리서치,0.017713365539452575
2022-09-21,62000,38288,214450,파마리서치,-0.01898734177215189
2022-09-22,61300,57333,214450,파마리서치,-0.011290322580645107
2022-09-23,60000,39326,214450,파마리서치,-0.021207177814029365
2022-09-26,57500,82422,214450,파마리서치,-0.04166666666666663
2022-09-27,58100,40483,214450,파마리서치,0.01043478260869568
2022-09-28,56700,62294,214450,파마리서치,-0.02409638554216864
2022-09-29,56000,42472,214450,파마리서치,-0.012345679012345734
2022-09-30,56600,36023,214450,파마리서치,0.010714285714285676
2022-10-04,60100,48636,214450,파마리서치,0.06183745583038869
2022-10-05,59600,39325,214450,파마리서치,-0.008319467554076532
2022-10-06,60200,30490,214450,파마리서치,0.010067114093959662
2022-10-07,59700,34518,214450,파마리서치,-0.00830564784053156
2022-10-11,57200,34459,214450,파마리서치,-0.041876046901172526
2022-10-12,57100,41071,214450,파마리서치,-0.0017482517482517723
2022-10-13,55500,32981,214450,파마리서치,-0.028021015761821366
2022-10-14,59000,53100,214450,파마리서치,0.06306306306306309
2022-10-17,58200,23717,214450,파마리서치,-0.013559322033898313
2022-10-18,59100,26062,214450,파마리서치,0.015463917525773141
2022-10-19,58000,40431,214450,파마리서치,-0.0186125211505922
2022-10-20,57900,37339,214450,파마리서치,-0.0017241379310344307
2022-10-21,58400,35335,214450,파마리서치,0.008635578583765069
2022-10-24,61500,92169,214450,파마리서치,0.05308219178082196
2022-10-25,61000,29431,214450,파마리서치,-0.008130081300813052
2022-10-26,60600,37721,214450,파마리서치,-0.006557377049180357
2022-10-27,61000,34929,214450,파마리서치,0.0066006600660066805
2022-10-28,59900,21605,214450,파마리서치,-0.0180327868852459
2022-10-31,61500,34245,214450,파마리서치,0.026711185308847973
2022-11-01,61400,23522,214450,파마리서치,-0.001626016260162566
2022-11-02,61300,23792,214450,파마리서치,-0.0016286644951140072
2022-11-03,61300,34389,214450,파마리서치,0.0
2022-11-04,61400,21652,214450,파마리서치,0.0016313213703098572
2022-11-07,62100,26390,214450,파마리서치,0.01140065146579805
2022-11-08,63900,48526,214450,파마리서치,0.02898550724637672
2022-11-09,63500,36465,214450,파마리서치,-0.006259780907668211
2022-11-10,63800,41422,214450,파마리서치,0.0047244094488188
2022-11-11,64600,85960,214450,파마리서치,0.012539184952978122
2022-11-14,62300,153888,214450,파마리서치,-0.035603715170278605
2022-11-15,64000,116628,214450,파마리서치,0.02728731942215079
2022-11-16,65000,54231,214450,파마리서치,0.015625
2022-11-17,65100,31659,214450,파마리서치,0.0015384615384614886
2022-11-18,66000,66081,214450,파마리서치,0.01382488479262678
2022-11-21,65500,33293,214450,파마리서치,-0.007575757575757569
2022-11-22,64200,38328,214450,파마리서치,-0.01984732824427482
2022-11-23,66600,41405,214450,파마리서치,0.03738317757009346
2022-11-24,66000,47652,214450,파마리서치,-0.009009009009009028
2022-11-25,65500,24850,214450,파마리서치,-0.007575757575757569
2022-11-28,63800,44277,214450,파마리서치,-0.025954198473282397
2022-11-29,65900,37289,214450,파마리서치,0.03291536050156729
2022-11-30,67000,61984,214450,파마리서치,0.01669195751138086
2022-12-01,67400,80134,214450,파마리서치,0.005970149253731405
2022-12-02,66500,24073,214450,파마리서치,-0.013353115727002929
2022-12-05,68900,63707,214450,파마리서치,0.03609022556390973
2022-12-06,67500,34536,214450,파마리서치,-0.020319303338171224
2022-12-07,68800,40383,214450,파마리서치,0.01925925925925931
2022-12-08,66600,66158,214450,파마리서치,-0.03197674418604646
2022-12-09,68700,42790,214450,파마리서치,0.03153153153153143
2022-12-12,67500,49274,214450,파마리서치,-0.017467248908296984
2022-12-13,69200,78257,214450,파마리서치,0.0251851851851852
2022-12-14,69100,37291,214450,파마리서치,-0.0014450867052022698
2022-12-15,68700,31115,214450,파마리서치,-0.005788712011577379
2022-12-16,67500,34881,214450,파마리서치,-0.017467248908296984
2022-12-19,68800,37999,214450,파마리서치,0.01925925925925931
2022-12-20,68000,16832,214450,파마리서치,-0.011627906976744207
2022-12-21,68700,29530,214450,파마리서치,0.010294117647058787
2022-12-22,70600,59166,214450,파마리서치,0.02765647743813693
2022-12-23,67800,77183,214450,파마리서치,-0.03966005665722383
2022-12-26,70700,67436,214450,파마리서치,0.04277286135693226
2022-12-27,70100,96160,214450,파마리서치,-0.008486562942008447
2022-12-28,71100,84927,214450,파마리서치,0.014265335235378096
2022-12-29,69900,95578,214450,파마리서치,-0.016877637130801704
2023-01-02,68000,72968,214450,파마리서치,-0.027181688125894166
2023-01-03,69200,44776,214450,파마리서치,0.01764705882352935
2023-01-04,69600,46230,214450,파마리서치,0.005780346820809301
2023-01-05,68000,41897,214450,파마리서치,-0.02298850574712641
2023-01-06,66200,99527,214450,파마리서치,-0.026470588235294135
2023-01-09,68400,46858,214450,파마리서치,0.0332326283987916
2023-01-10,67000,37654,214450,파마리서치,-0.020467836257309968
2023-01-11,68400,40976,214450,파마리서치,0.020895522388059806
2023-01-12,68300,29652,214450,파마리서치,-0.0014619883040936088
2023-01-13,67600,56238,214450,파마리서치,-0.010248901903367469
2023-01-16,68800,49583,214450,파마리서치,0.01775147928994092
2023-01-17,67500,54036,214450,파마리서치,-0.018895348837209336
2023-01-18,71900,165813,214450,파마리서치,0.06518518518518523
2023-01-19,72600,83002,214450,파마리서치,0.009735744089012455
2023-01-20,77400,153636,214450,파마리서치,0.06611570247933884
2023-01-25,77300,101283,214450,파마리서치,-0.0012919896640827266
2023-01-26,76200,110806,214450,파마리서치,-0.014230271668822736
2023-01-27,75900,66026,214450,파마리서치,-0.003937007874015741
2023-01-30,74500,49486,214450,파마리서치,-0.01844532279314892
2023-01-31,77200,101875,214450,파마리서치,0.03624161073825505
2023-02-01,77600,79908,214450,파마리서치,0.005181347150259086
2023-02-02,78100,63594,214450,파마리서치,0.006443298969072142
2023-02-03,77600,42404,214450,파마리서치,-0.006402048655569814
2023-02-06,77000,49348,214450,파마리서치,-0.0077319587628865705
2023-02-07,77300,52238,214450,파마리서치,0.003896103896103842
2023-02-08,76400,36817,214450,파마리서치,-0.011642949547218673
2023-02-09,77700,58234,214450,파마리서치,0.017015706806282616
2023-02-10,74500,84267,214450,파마리서치,-0.041184041184041176
2023-02-13,74900,47601,214450,파마리서치,0.005369127516778427
2023-02-14,75700,42045,214450,파마리서치,0.010680907877169465
2023-02-15,74700,87508,214450,파마리서치,-0.013210039630118908
2023-02-16,76800,65272,214450,파마리서치,0.028112449799196693
2023-02-17,75700,35735,214450,파마리서치,-0.01432291666666663
2023-02-20,76600,41397,214450,파마리서치,0.011889035667107084
2023-02-21,75300,31722,214450,파마리서치,-0.016971279373368175
2023-02-22,74100,31980,214450,파마리서치,-0.015936254980079667
2023-02-23,74500,28784,214450,파마리서치,0.005398110661268607
2023-02-24,73200,43589,214450,파마리서치,-0.01744966442953022
2023-02-27,73900,30703,214450,파마리서치,0.0095628415300546
2023-02-28,74400,66448,214450,파마리서치,0.006765899864682012
2023-03-02,74300,47936,214450,파마리서치,-0.0013440860215053752
2023-03-03,76700,77808,214450,파마리서치,0.032301480484522305
2023-03-06,75200,74375,214450,파마리서치,-0.019556714471968717
2023-03-07,74700,39709,214450,파마리서치,-0.0066489361702127825
2023-03-08,73100,37311,214450,파마리서치,-0.021419009370816644
2023-03-09,74200,27825,214450,파마리서치,0.015047879616963078
2023-03-10,71900,40830,214450,파마리서치,-0.030997304582210283
2023-03-13,71800,55478,214450,파마리서치,-0.0013908205841446364
2023-03-14,70000,55253,214450,파마리서치,-0.02506963788300831
2023-03-15,70100,61262,214450,파마리서치,0.0014285714285713347
2023-03-16,71900,63270,214450,파마리서치,0.02567760342368053
2023-03-17,70600,38368,214450,파마리서치,-0.018080667593880384
2023-03-20,71500,37141,214450,파마리서치,0.012747875354107707
2023-03-21,70200,33053,214450,파마리서치,-0.018181818181818188
2023-03-22,69800,90432,214450,파마리서치,-0.005698005698005715
2023-03-23,69800,39505,214450,파마리서치,0.0
2023-03-24,69300,35567,214450,파마리서치,-0.007163323782234943
2023-03-27,70800,45453,214450,파마리서치,0.02164502164502169
2023-03-28,69600,96392,214450,파마리서치,-0.016949152542372836
2023-03-29,69700,100344,214450,파마리서치,0.001436781609195359
2023-03-30,70600,48901,214450,파마리서치,0.012912482065997155
2023-03-31,70200,43328,214450,파마리서치,-0.005665722379603388
2023-04-03,75100,197388,214450,파마리서치,0.0698005698005697
2023-04-04,83700,629215,214450,파마리서치,0.11451398135818902
2023-04-05,87900,501537,214450,파마리서치,0.05017921146953408
2023-04-06,87100,226022,214450,파마리서치,-0.009101251422070522
2023-04-07,86800,138928,214450,파마리서치,-0.003444316877152742
2023-04-10,85500,157245,214450,파마리서치,-0.01497695852534564
2023-04-11,88800,222869,214450,파마리서치,0.03859649122807007
2023-04-12,90600,174195,214450,파마리서치,0.020270270270270174
2023-04-13,90600,107287,214450,파마리서치,0.0
2023-04-14,96200,315676,214450,파마리서치,0.06181015452538641
2023-04-17,98700,223805,214450,파마리서치,0.02598752598752596
2023-04-18,103100,218913,214450,파마리서치,0.04457953394123604
2023-04-19,102600,232938,214450,파마리서치,-0.004849660523763344
2023-04-20,98400,210261,214450,파마리서치,-0.040935672514619936
2023-04-21,99100,167715,214450,파마리서치,0.007113821138211351
2023-04-24,99800,67107,214450,파마리서치,0.007063572149344166
2023-04-25,99100,142954,214450,파마리서치,-0.007014028056112176
2023-04-26,99000,101056,214450,파마리서치,-0.0010090817356205317
2023-04-27,99900,64923,214450,파마리서치,0.009090909090909038
2023-04-28,101000,117274,214450,파마리서치,0.011011011011011096
2023-05-02,103800,171989,214450,파마리서치,0.027722772277227747
2023-05-03,103500,102388,214450,파마리서치,-0.0028901734104046506
2023-05-04,100900,204573,214450,파마리서치,-0.02512077294685988
2023-05-08,101800,96732,214450,파마리서치,0.008919722497522375
2023-05-09,100200,117599,214450,파마리서치,-0.015717092337917515
2023-05-10,100200,78560,214450,파마리서치,0.0
2023-05-11,101000,175366,214450,파마리서치,0.007984031936127733
2023-05-12,97500,132082,214450,파마리서치,-0.034653465346534684
2023-05-15,102900,174530,214450,파마리서치,0.055384615384615365
2023-05-16,113200,642185,214450,파마리서치,0.10009718172983484
2023-05-17,118700,287930,214450,파마리서치,0.048586572438162445
2023-05-18,119400,171879,214450,파마리서치,0.005897219882055493
2023-05-19,117600,183609,214450,파마리서치,-0.015075376884422065
2023-05-22,114500,131164,214450,파마리서치,-0.026360544217687076
2023-05-23,116500,89521,214450,파마리서치,0.017467248908296984
2023-05-24,115900,85338,214450,파마리서치,-0.0051502145922747156
2023-05-25,113500,122579,214450,파마리서치,-0.02070750647109576
2023-05-26,114800,61472,214450,파마리서치,0.011453744493391982
2023-05-30,113600,83508,214450,파마리서치,-0.010452961672473893
2023-05-31,114700,83446,214450,파마리서치,0.009683098591549255
2023-06-01,120000,162604,214450,파마리서치,0.04620749782040101
2023-06-02,122500,236413,214450,파마리서치,0.02083333333333326
2023-06-05,122400,80966,214450,파마리서치,-0.0008163265306122547
2023-06-07,123500,107018,214450,파마리서치,0.008986928104575131
2023-06-08,123900,133739,214450,파마리서치,0.0032388663967610754
2023-06-09,130000,196421,214450,파마리서치,0.0492332526230832
2023-06-12,134000,248092,214450,파마리서치,0.03076923076923066
2023-06-13,136100,143828,214450,파마리서치,0.015671641791044744
2023-06-14,134400,119863,214450,파마리서치,-0.012490815576781777
2023-06-15,137100,94141,214450,파마리서치,0.02008928571428581
2023-06-16,138200,79643,214450,파마리서치,0.008023340627279385
2023-06-19,137000,75512,214450,파마리서치,-0.00868306801736618
2023-06-20,139800,114602,214450,파마리서치,0.020437956204379493
2023-06-21,139500,133301,214450,파마리서치,-0.0021459227467811592
2023-06-22,139700,81496,214450,파마리서치,0.0014336917562725038
2023-06-23,139500,59361,214450,파마리서치,-0.0014316392269148048
2023-06-26,138400,61841,214450,파마리서치,-0.007885304659498216
2023-06-27,139900,93929,214450,파마리서치,0.010838150289017356
2023-06-28,139800,103925,214450,파마리서치,-0.0007147962830593713
2023-06-29,142300,114274,214450,파마리서치,0.0178826895565094
2023-06-30,143700,95103,214450,파마리서치,0.00983836964160223
2023-07-03,133000,457254,214450,파마리서치,-0.0744606819763396
2023-07-04,133600,159051,214450,파마리서치,0.004511278195488799
2023-07-05,132700,103624,214450,파마리서치,-0.006736526946107824
2023-07-06,129200,146843,214450,파마리서치,-0.026375282592313476
2023-07-07,127700,118720,214450,파마리서치,-0.011609907120743057
2023-07-10,125200,117818,214450,파마리서치,-0.019577133907595967
2023-07-11,128300,92407,214450,파마리서치,0.024760383386581486
2023-07-12,130100,73190,214450,파마리서치,0.014029618082618933
2023-07-13,132300,92960,214450,파마리서치,0.016910069177555664
2023-07-14,130500,63818,214450,파마리서치,-0.013605442176870763
2023-07-17,124900,137939,214450,파마리서치,-0.04291187739463598
2023-07-18,124700,84153,214450,파마리서치,-0.0016012810248198228
2023-07-19,124400,119148,214450,파마리서치,-0.002405773857257376
2023-07-20,126800,128464,214450,파마리서치,0.019292604501607746
2023-07-21,124500,85553,214450,파마리서치,-0.01813880126182965
2023-07-24,131300,189323,214450,파마리서치,0.05461847389558239
2023-07-25,128300,90697,214450,파마리서치,-0.022848438690022843
2023-07-26,118000,188636,214450,파마리서치,-0.08028059236165241
2023-07-27,124200,136208,214450,파마리서치,0.05254237288135588
2023-07-28,126900,77686,214450,파마리서치,0.021739130434782705
2023-07-31,133200,180994,214450,파마리서치,0.049645390070921946
2023-08-01,134000,135875,214450,파마리서치,0.006006006006006093
2023-08-02,133200,204204,214450,파마리서치,-0.005970149253731294
2023-08-03,134000,162414,214450,파마리서치,0.006006006006006093
2023-08-04,140100,351463,214450,파마리서치,0.045522388059701546
2023-08-07,138700,179804,214450,파마리서치,-0.009992862241256284
2023-08-08,142300,200456,214450,파마리서치,0.02595529920692141
2023-08-09,140500,140131,214450,파마리서치,-0.012649332396345803
2023-08-10,154400,331054,214450,파마리서치,0.09893238434163698
2023-08-11,149000,272191,214450,파마리서치,-0.03497409326424872
2023-08-14,146900,284983,214450,파마리서치,-0.014093959731543593
2023-08-16,142800,210194,214450,파마리서치,-0.02791014295439076
2023-08-17,138800,181696,214450,파마리서치,-0.02801120448179273
2023-08-18,136900,193099,214450,파마리서치,-0.013688760806916389
2023-08-21,140400,161662,214450,파마리서치,0.025566106647187725
2023-08-22,139900,119830,214450,파마리서치,-0.0035612535612535856
2023-08-23,139200,95033,214450,파마리서치,-0.005003573981415266
2023-08-24,143500,133293,214450,파마리서치,0.030890804597701216
2023-08-25,140800,100745,214450,파마리서치,-0.018815331010452963
2023-08-28,141500,96876,214450,파마리서치,0.004971590909090828
2023-08-29,142900,80517,214450,파마리서치,0.009893992932862083
2023-08-30,140400,114967,214450,파마리서치,-0.017494751574527623
2023-08-31,144900,168132,214450,파마리서치,0.03205128205128216
2023-09-01,132900,474038,214450,파마리서치,-0.082815734989648
2023-09-04,129100,277344,214450,파마리서치,-0.02859292701279159
2023-09-05,126200,210140,214450,파마리서치,-0.022463206816421333
2023-09-06,127700,188753,214450,파마리서치,0.01188589540412055
2023-09-07,125200,146234,214450,파마리서치,-0.019577133907595967
2023-09-08,129500,163182,214450,파마리서치,0.034345047923322714
2023-09-11,129100,115722,214450,파마리서치,-0.003088803088803105
2023-09-12,127000,116354,214450,파마리서치,-0.016266460108443015
2023-09-13,123800,96598,214450,파마리서치,-0.025196850393700787
2023-09-14,125200,111728,214450,파마리서치,0.011308562197092087
2023-09-15,128000,98585,214450,파마리서치,0.022364217252396124
2023-09-18,125200,104599,214450,파마리서치,-0.021874999999999978
2023-09-19,124700,88413,214450,파마리서치,-0.003993610223642197
2023-09-20,121900,101176,214450,파마리서치,-0.02245388933440262
2023-09-21,118400,184657,214450,파마리서치,-0.028712059064807227
2023-09-22,117600,79559,214450,파마리서치,-0.006756756756756799
2023-09-25,119900,76914,214450,파마리서치,0.019557823129251695
2023-09-26,121200,157261,214450,파마리서치,0.010842368640533673
2023-09-27,126500,164849,214450,파마리서치,0.04372937293729362
2023-10-04,119200,139027,214450,파마리서치,-0.057707509881422925
2023-10-05,121200,89561,214450,파마리서치,0.016778523489932917
2023-10-06,125100,105632,214450,파마리서치,0.03217821782178221
2023-10-10,115000,209019,214450,파마리서치,-0.08073541167066345
2023-10-11,114800,94088,214450,파마리서치,-0.0017391304347825765
2023-10-12,120800,82062,214450,파마리서치,0.05226480836236935
2023-10-13,112400,225684,214450,파마리서치,-0.06953642384105962
2023-10-16,113600,79119,214450,파마리서치,0.01067615658362997
2023-10-17,115200,73151,214450,파마리서치,0.014084507042253502
2023-10-18,112600,83477,214450,파마리서치,-0.02256944444444442
2023-10-19,109600,99879,214450,파마리서치,-0.026642984014209614
2023-10-20,106700,165143,214450,파마리서치,-0.026459854014598494
2023-10-23,109200,48844,214450,파마리서치,0.023430178069353325
2023-10-24,113000,90047,214450,파마리서치,0.0347985347985349
2023-10-25,113800,54479,214450,파마리서치,0.0070796460176991705
2023-10-26,110100,71016,214450,파마리서치,-0.032513181019332205
2023-10-27,116600,116174,214450,파마리서치,0.05903723887375123
2023-10-30,119300,80658,214450,파마리서치,0.023156089193824947
2023-10-31,116400,58570,214450,파마리서치,-0.02430846605196979
2023-11-01,119600,54944,214450,파마리서치,0.027491408934707806
2023-11-02,120500,73874,214450,파마리서치,0.007525083612040184
2023-11-03,118500,76548,214450,파마리서치,-0.016597510373444035
2023-11-06,119600,81688,214450,파마리서치,0.009282700421940904
2023-11-07,114000,204817,214450,파마리서치,-0.04682274247491636
2023-11-08,120100,151224,214450,파마리서치,0.05350877192982462
2023-11-09,124200,119488,214450,파마리서치,0.03413821815154039
2023-11-10,121700,73467,214450,파마리서치,-0.020128824476650542
2023-11-13,117100,60909,214450,파마리서치,-0.03779786359901394
2023-11-14,118800,59394,214450,파마리서치,0.014517506404782221
2023-11-15,115900,463718,214450,파마리서치,-0.02441077441077444
2023-11-16,120500,146899,214450,파마리서치,0.039689387402933596
2023-11-17,115500,171189,214450,파마리서치,-0.04149377593360992
2023-11-20,115800,60509,214450,파마리서치,0.0025974025974024872
2023-11-21,112200,142328,214450,파마리서치,-0.031088082901554404
2023-11-22,111200,116013,214450,파마리서치,-0.0089126559714795
2023-11-23,113000,88149,214450,파마리서치,0.01618705035971213
2023-11-24,113000,58016,214450,파마리서치,0.0
2023-11-27,110100,77329,214450,파마리서치,-0.025663716814159243
2023-11-28,111800,33957,214450,파마리서치,0.015440508628519423
2023-11-29,110500,38958,214450,파마리서치,-0.011627906976744207
2023-11-30,108400,122780,214450,파마리서치,-0.01900452488687787
2023-12-01,106300,66304,214450,파마리서치,-0.019372693726937285
2023-12-04,105000,99910,214450,파마리서치,-0.012229539040451542
2023-12-05,105500,87680,214450,파마리서치,0.004761904761904745
2023-12-06,103400,70656,214450,파마리서치,-0.019905213270142164
2023-12-07,101700,68341,214450,파마리서치,-0.01644100580270791
2023-12-08,104500,88957,214450,파마리서치,0.027531956735496577
2023-12-11,106900,103109,214450,파마리서치,0.022966507177033524
2023-12-12,106300,65010,214450,파마리서치,-0.005612722170252549
2023-12-13,104500,75241,214450,파마리서치,-0.016933207902163683
2023-12-14,107700,85338,214450,파마리서치,0.030622009569377884
2023-12-15,105500,79642,214450,파마리서치,-0.02042711234911787
2023-12-18,110100,116695,214450,파마리서치,0.04360189573459716
2023-12-19,111200,83595,214450,파마리서치,0.009990917347865613
2023-12-20,109200,61453,214450,파마리서치,-0.017985611510791366
2023-12-21,109700,53606,214450,파마리서치,0.0045787545787545625
2023-12-22,110000,33716,214450,파마리서치,0.0027347310847767314
2023-12-26,108300,43947,214450,파마리서치,-0.015454545454545499
2023-12-27,107600,74145,214450,파마리서치,-0.006463527239150557
2023-12-28,109500,39627,214450,파마리서치,0.017657992565055736
2024-01-02,110600,51813,214450,파마리서치,0.010045662100456543
2024-01-03,109200,67065,214450,파마리서치,-0.012658227848101222
2024-01-04,109500,42405,214450,파마리서치,0.0027472527472527375
2024-01-05,106200,57493,214450,파마리서치,-0.03013698630136985
2024-01-08,105700,44433,214450,파마리서치,-0.004708097928436961
2024-01-09,113900,151858,214450,파마리서치,0.07757805108798488
2024-01-10,121100,300706,214450,파마리서치,0.06321334503950826
2024-01-11,120800,96378,214450,파마리서치,-0.002477291494632494
2024-01-12,120300,112230,214450,파마리서치,-0.004139072847682113
2024-01-15,119500,76598,214450,파마리서치,-0.006650041562759723
2024-01-16,117500,62033,214450,파마리서치,-0.01673640167364021
2024-01-17,113800,68545,214450,파마리서치,-0.03148936170212768
2024-01-18,117000,93578,214450,파마리서치,0.02811950790861162
2024-01-19,117200,53559,214450,파마리서치,0.0017094017094017033
2024-01-22,112200,120541,214450,파마리서치,-0.0426621160409556
2024-01-23,113800,49671,214450,파마리서치,0.01426024955436711
2024-01-24,113000,44748,214450,파마리서치,-0.007029876977152849
2024-01-25,112600,68657,214450,파마리서치,-0.0035398230088495852
2024-01-26,112400,56929,214450,파마리서치,-0.001776198934280604
2024-01-29,107400,69244,214450,파마리서치,-0.04448398576512458
2024-01-30,108300,85407,214450,파마리서치,0.008379888268156499
2024-01-31,105300,69318,214450,파마리서치,-0.027700831024930705
2024-02-01,103800,100683,214450,파마리서치,-0.014245014245014231
2024-02-02,101300,120114,214450,파마리서치,-0.024084778420038533
2024-02-05,98300,87153,214450,파마리서치,-0.029615004935834133
2024-02-06,101200,117178,214450,파마리서치,0.029501525940996975
2024-02-07,100000,60912,214450,파마리서치,-0.011857707509881465
2024-02-08,103300,53339,214450,파마리서치,0.03299999999999992
2024-02-13,97200,234183,214450,파마리서치,-0.05905130687318494
2024-02-14,95500,98793,214450,파마리서치,-0.017489711934156382
2024-02-15,95800,84816,214450,파마리서치,0.003141361256544517
2024-02-16,96600,56012,214450,파마리서치,0.008350730688935215
2024-02-19,92000,165519,214450,파마리서치,-0.04761904761904767
2024-02-20,91500,90448,214450,파마리서치,-0.005434782608695676
2024-02-21,94600,120226,214450,파마리서치,0.033879781420764976
2024-02-22,92400,54204,214450,파마리서치,-0.023255813953488413
2024-02-23,94700,77730,214450,파마리서치,0.024891774891774965
2024-02-26,95500,89420,214450,파마리서치,0.008447729672650395
2024-02-27,92000,95468,214450,파마리서치,-0.03664921465968585
2024-02-28,95200,64827,214450,파마리서치,0.034782608695652195
2024-02-29,93900,58445,214450,파마리서치,-0.013655462184873901
2024-03-04,92800,82733,214450,파마리서치,-0.011714589989350377
2024-03-05,91800,99355,214450,파마리서치,-0.010775862068965525
2024-03-06,92400,53680,214450,파마리서치,0.006535947712418277
2024-03-07,89700,76659,214450,파마리서치,-0.02922077922077926
2024-03-08,89200,145913,214450,파마리서치,-0.005574136008918651
2024-03-11,89100,79068,214450,파마리서치,-0.0011210762331838042
2024-03-12,90700,59436,214450,파마리서치,0.017957351290684542
2024-03-13,92700,100395,214450,파마리서치,0.022050716648291058
2024-03-14,93400,59241,214450,파마리서치,0.007551240560949246
2024-03-15,91300,54001,214450,파마리서치,-0.0224839400428265
2024-03-18,92600,47094,214450,파마리서치,0.014238773274917849
2024-03-19,93700,55391,214450,파마리서치,0.011879049676025932
2024-03-20,92000,58321,214450,파마리서치,-0.018143009605122717
2024-03-21,91000,63303,214450,파마리서치,-0.010869565217391353
2024-03-22,91000,49333,214450,파마리서치,0.0
2024-03-25,98700,228097,214450,파마리서치,0.08461538461538454
2024-03-26,97900,125420,214450,파마리서치,-0.008105369807497431
2024-03-27,99800,180258,214450,파마리서치,0.019407558733401498
2024-03-28,99200,233284,214450,파마리서치,-0.006012024048096198
2024-03-29,100900,204982,214450,파마리서치,0.017137096774193505
2024-04-01,108000,402504,214450,파마리서치,0.07036669970267595
2024-04-02,103500,259781,214450,파마리서치,-0.04166666666666663
2024-04-03,108400,257853,214450,파마리서치,0.047342995169082025
2024-04-04,109900,252392,214450,파마리서치,0.013837638376383854
2024-04-05,113600,395918,214450,파마리서치,0.033666969972702354
2024-04-08,110700,159288,214450,파마리서치,-0.0255281690140845
2024-04-09,118500,353764,214450,파마리서치,0.07046070460704601
2024-04-11,123800,413153,214450,파마리서치,0.044725738396624415
2024-04-12,127300,350336,214450,파마리서치,0.028271405492730217
2024-04-15,125900,251601,214450,파마리서치,-0.010997643362136711
2024-04-16,124500,198334,214450,파마리서치,-0.011119936457505974
2024-04-17,128000,200666,214450,파마리서치,0.028112449799196693
2024-04-18,126100,246401,214450,파마리서치,-0.014843750000000044
2024-04-19,129500,182898,214450,파마리서치,0.026962727993655733
2024-04-22,124900,204104,214450,파마리서치,-0.03552123552123554
2024-04-23,117700,530580,214450,파마리서치,-0.05764611689351484
2024-04-24,115500,298024,214450,파마리서치,-0.01869158878504673
2024-04-25,113300,247123,214450,파마리서치,-0.01904761904761909
2024-04-26,118800,190974,214450,파마리서치,0.04854368932038833
2024-04-29,128500,370483,214450,파마리서치,0.08164983164983175
2024-04-30,127600,224106,214450,파마리서치,-0.007003891050583633
2024-05-02,128600,158062,214450,파마리서치,0.00783699059561127
2024-05-03,139600,410834,214450,파마리서치,0.0855365474339036
2024-05-07,134900,238377,214450,파마리서치,-0.033667621776504286
2024-05-08,135800,234584,214450,파마리서치,0.006671608598962209
2024-05-09,140800,277072,214450,파마리서치,0.036818851251841034
2024-05-10,143000,537994,214450,파마리서치,0.015625
2024-05-13,140400,320311,214450,파마리서치,-0.018181818181818188
2024-05-14,146400,365741,214450,파마리서치,0.042735042735042805
2024-05-16,137300,546698,214450,파마리서치,-0.06215846994535523
2024-05-17,137700,324957,214450,파마리서치,0.0029133284777858037
2024-05-20,138000,220365,214450,파마리서치,0.002178649237472685
2024-05-21,135900,165649,214450,파마리서치,-0.01521739130434785
2024-05-22,132400,209821,214450,파마리서치,-0.02575423105224428
2024-05-23,135300,186860,214450,파마리서치,0.021903323262839836
2024-05-24,138200,190231,214450,파마리서치,0.02143385070214343
2024-05-27,136400,136795,214450,파마리서치,-0.013024602026049159
2024-05-28,133300,174862,214450,파마리서치,-0.022727272727272707
2024-05-29,134600,138027,214450,파마리서치,0.009752438109527306
2024-05-30,141100,414361,214450,파마리서치,0.048291233283803914
2024-05-31,146100,239099,214450,파마리서치,0.03543586109142449
2024-06-03,130700,642919,214450,파마리서치,-0.10540725530458595
2024-06-04,130300,193968,214450,파마리서치,-0.003060443764345777
2024-06-05,127700,162184,214450,파마리서치,-0.01995395241749809
2024-06-07,130800,85280,214450,파마리서치,0.024275646045418986
2024-06-10,131500,136130,214450,파마리서치,0.005351681957186605
2024-06-11,127500,114697,214450,파마리서치,-0.03041825095057038
2024-06-12,134800,241592,214450,파마리서치,0.05725490196078442
2024-06-13,137700,215972,214450,파마리서치,0.021513353115726996
2024-06-14,131800,166593,214450,파마리서치,-0.042846768336964436
2024-06-17,139300,299169,214450,파마리서치,0.05690440060698032
2024-06-18,137900,135664,214450,파마리서치,-0.01005025125628145
2024-06-19,138800,167695,214450,파마리서치,0.006526468455402501
2024-06-20,143800,201909,214450,파마리서치,0.036023054755043304
2024-06-21,143800,165140,214450,파마리서치,0.0
2024-06-24,153600,725681,214450,파마리서치,0.06815020862308763
2024-06-25,148900,187647,214450,파마리서치,-0.03059895833333337
2024-06-26,151800,273810,214450,파마리서치,0.019476158495634666
2024-06-27,156200,209112,214450,파마리서치,0.02898550724637672
2024-06-28,148800,159319,214450,파마리서치,-0.047375160051216336
2024-07-01,149000,207118,214450,파마리서치,0.0013440860215054862
2024-07-02,143700,189859,214450,파마리서치,-0.035570469798657744
2024-07-03,139700,156360,214450,파마리서치,-0.02783576896311757
2024-07-04,135800,159970,214450,파마리서치,-0.027916964924838972
2024-07-05,139200,158690,214450,파마리서치,0.025036818851251752
2024-07-08,147700,168234,214450,파마리서치,0.06106321839080464
2024-07-09,149100,163010,214450,파마리서치,0.009478672985782088
2024-07-10,150200,93954,214450,파마리서치,0.007377598926894713
2024-07-11,148200,110648,214450,파마리서치,-0.013315579227696439
2024-07-12,147800,113481,214450,파마리서치,-0.0026990553306343035
2024-07-15,150300,116817,214450,파마리서치,0.01691474966170503
2024-07-16,145800,120818,214450,파마리서치,-0.029940119760479056
2024-07-17,143000,126631,214450,파마리서치,-0.019204389574759895
2024-07-18,143700,159791,214450,파마리서치,0.004895104895104918
2024-07-19,141300,58540,214450,파마리서치,-0.01670146137787054
2024-07-22,140400,99953,214450,파마리서치,-0.006369426751592355
2024-07-23,144100,67078,214450,파마리서치,0.026353276353276334
2024-07-24,145000,75283,214450,파마리서치,0.006245662734212454
2024-07-25,139700,106387,214450,파마리서치,-0.03655172413793106
2024-07-26,133000,144336,214450,파마리서치,-0.04795991410164635
2024-07-29,138400,70792,214450,파마리서치,0.04060150375939853
2024-07-30,137000,54632,214450,파마리서치,-0.010115606936416222
2024-07-31,134100,83915,214450,파마리서치,-0.02116788321167884
2024-08-01,148000,300967,214450,파마리서치,0.10365398956002991
2024-08-02,143200,236972,214450,파마리서치,-0.032432432432432434
2024-08-05,129900,318798,214450,파마리서치,-0.09287709497206709
2024-08-06,145200,268647,214450,파마리서치,0.11778290993071594
2024-08-07,166900,1145423,214450,파마리서치,0.1494490358126721
2024-08-08,171700,661936,214450,파마리서치,0.028759736369083244
2024-08-09,172000,334118,214450,파마리서치,0.0017472335468839972
2024-08-12,174600,178764,214450,파마리서치,0.015116279069767424
2024-08-13,172300,265680,214450,파마리서치,-0.013172966781214157
2024-08-14,184400,493254,214450,파마리서치,0.07022634939059769
2024-08-16,188100,203943,214450,파마리서치,0.02006507592190898
2024-08-19,181600,197240,214450,파마리서치,-0.03455608718766612
2024-08-20,184300,185461,214450,파마리서치,0.014867841409691662
2024-08-21,182000,142163,214450,파마리서치,-0.012479652740097658
2024-08-22,178600,199848,214450,파마리서치,-0.018681318681318726
2024-08-23,179000,115022,214450,파마리서치,0.002239641657334923
2024-08-26,172000,251527,214450,파마리서치,-0.03910614525139666
2024-08-27,174100,130643,214450,파마리서치,0.012209302325581373
2024-08-28,173000,164977,214450,파마리서치,-0.00631820792647908
2024-08-29,169500,137556,214450,파마리서치,-0.020231213872832332
2024-08-30,174500,153277,214450,파마리서치,0.029498525073746285
2024-09-02,175400,187838,214450,파마리서치,0.00515759312320907
2024-09-03,176400,156823,214450,파마리서치,0.005701254275940704
2024-09-04,167700,178044,214450,파마리서치,-0.04931972789115646
2024-09-05,178000,421241,214450,파마리서치,0.061419200954084596
2024-09-06,186600,1456259,214450,파마리서치,0.04831460674157295
2024-09-09,182800,310963,214450,파마리서치,-0.020364415862808127
2024-09-10,188300,539121,214450,파마리서치,0.030087527352297583
2024-09-11,184600,629762,214450,파마리서치,-0.01964949548592676
2024-09-12,183500,257045,214450,파마리서치,-0.005958829902491858
2024-09-13,188100,216186,214450,파마리서치,0.0250681198910081
2024-09-19,193500,262568,214450,파마리서치,0.028708133971291794
2024-09-20,201000,290960,214450,파마리서치,0.03875968992248069
2024-09-23,198200,214295,214450,파마리서치,-0.013930348258706426
2024-09-24,199600,175997,214450,파마리서치,0.007063572149344166
2024-09-25,194600,152341,214450,파마리서치,-0.02505010020040077
2024-09-26,196100,155135,214450,파마리서치,0.00770811921891057
2024-09-27,192500,106205,214450,파마리서치,-0.018357980622131564
2024-09-30,192700,142971,214450,파마리서치,0.0010389610389609505
2024-10-02,192600,152794,214450,파마리서치,-0.0005189413596263792
2024-10-04,201000,154327,214450,파마리서치,0.04361370716510904
2024-10-07,214500,260882,214450,파마리서치,0.0671641791044777
2024-10-08,208000,102968,214450,파마리서치,-0.030303030303030276
2024-10-10,212500,118489,214450,파마리서치,0.02163461538461542
2024-10-11,212000,86668,214450,파마리서치,-0.0023529411764705577
2024-10-14,215000,107672,214450,파마리서치,0.014150943396226356
2024-10-15,225000,175688,214450,파마리서치,0.04651162790697683
2024-10-16,224000,150720,214450,파마리서치,-0.004444444444444473
2024-10-17,225000,83004,214450,파마리서치,0.0044642857142858094
2024-10-18,227000,78694,214450,파마리서치,0.008888888888888946
2024-10-21,226500,75820,214450,파마리서치,-0.0022026431718061845
2024-10-22,230500,179817,214450,파마리서치,0.017660044150110465
2024-10-23,226500,218763,214450,파마리서치,-0.017353579175705014
2024-10-24,229500,70384,214450,파마리서치,0.013245033112582849
2024-10-25,233000,128953,214450,파마리서치,0.015250544662309462
2024-10-28,233000,92572,214450,파마리서치,0.0
2024-10-29,234500,98467,214450,파마리서치,0.006437768240343367
2024-10-30,234000,116627,214450,파마리서치,-0.002132196162046962
2024-10-31,225500,169413,214450,파마리서치,-0.03632478632478631
2024-11-01,213000,185480,214450,파마리서치,-0.055432372505543226
2024-11-04,226500,186366,214450,파마리서치,0.06338028169014076
2024-11-05,224500,75350,214450,파마리서치,-0.008830022075055233
2024-11-06,235500,144033,214450,파마리서치,0.04899777282850781
2024-11-07,223000,127563,214450,파마리서치,-0.05307855626326963
2024-11-08,219000,206505,214450,파마리서치,-0.017937219730941756
2024-11-11,221500,108296,214450,파마리서치,0.011415525114155223
2024-11-12,214000,142774,214450,파마리서치,-0.033860045146726914
2024-11-13,219000,279181,214450,파마리서치,0.02336448598130847
2024-11-14,210000,244811,214450,파마리서치,-0.04109589041095896
2024-11-15,219000,122419,214450,파마리서치,0.04285714285714293
2024-11-18,207500,109958,214450,파마리서치,-0.05251141552511418
2024-11-19,195900,261873,214450,파마리서치,-0.05590361445783132
2024-11-20,201000,168541,214450,파마리서치,0.026033690658499253
2024-11-21,200000,115919,214450,파마리서치,-0.00497512437810943
2024-11-22,198400,92768,214450,파마리서치,-0.008000000000000007
2024-11-25,199900,94997,214450,파마리서치,0.007560483870967749
2024-11-26,196200,138786,214450,파마리서치,-0.018509254627313676
2024-11-27,207000,147472,214450,파마리서치,0.05504587155963292
2024-11-28,204500,69802,214450,파마리서치,-0.012077294685990392
2024-11-29,198000,85788,214450,파마리서치,-0.0317848410757946
2024-12-02,213500,138937,214450,파마리서치,0.07828282828282829
2024-12-03,219500,113364,214450,파마리서치,0.02810304449648715
2024-12-04,217000,135497,214450,파마리서치,-0.011389521640091105
2024-12-05,219500,150610,214450,파마리서치,0.011520737327188835
2024-12-06,213500,245389,214450,파마리서치,-0.02733485193621865
2024-12-09,211500,140068,214450,파마리서치,-0.00936768149882905
2024-12-10,240000,235243,214450,파마리서치,0.13475177304964547
2024-12-11,232000,127898,214450,파마리서치,-0.033333333333333326
2024-12-12,231500,144449,214450,파마리서치,-0.0021551724137931494
2024-12-13,245000,188884,214450,파마리서치,0.05831533477321815
2024-12-16,256000,266046,214450,파마리서치,0.044897959183673564
2024-12-17,259500,110189,214450,파마리서치,0.013671875
2024-12-18,252500,118081,214450,파마리서치,-0.026974951830443183
2024-12-19,258500,157276,214450,파마리서치,0.023762376237623783
2024-12-20,253500,88393,214450,파마리서치,-0.01934235976789167
2024-12-23,256500,76157,214450,파마리서치,0.01183431952662728
2024-12-24,266500,127616,214450,파마리서치,0.03898635477582846
2024-12-26,262500,134001,214450,파마리서치,-0.015009380863039379
2024-12-27,255500,112048,214450,파마리서치,-0.026666666666666616
2024-12-30,262500,98520,214450,파마리서치,0.027397260273972712
2025-01-02,260500,124127,214450,파마리서치,-0.007619047619047636
2025-01-03,260500,151304,214450,파마리서치,0.0
2025-01-06,252500,190650,214450,파마리서치,-0.030710172744721653
2025-01-07,257500,89596,214450,파마리서치,0.01980198019801982
2025-01-08,251500,89941,214450,파마리서치,-0.023300970873786353
2025-01-09,251500,115581,214450,파마리서치,0.0
2025-01-10,251000,130383,214450,파마리서치,-0.001988071570576566
2025-01-13,247500,100299,214450,파마리서치,-0.013944223107569709
2025-01-14,252000,96446,214450,파마리서치,0.018181818181818077
2025-01-15,250500,139071,214450,파마리서치,-0.005952380952380931
2025-01-16,258000,137442,214450,파마리서치,0.029940119760478945
2025-01-17,263500,149801,214450,파마리서치,0.02131782945736438
2025-01-20,245000,273917,214450,파마리서치,-0.0702087286527514
2025-01-21,247000,105389,214450,파마리서치,0.008163265306122547
2025-01-22,246000,97518,214450,파마리서치,-0.004048582995951455
2025-01-23,241000,107386,214450,파마리서치,-0.020325203252032575
2025-01-24,243500,68842,214450,파마리서치,0.010373443983402453
2025-01-31,241500,104368,214450,파마리서치,-0.008213552361396315
2025-02-03,243500,70076,214450,파마리서치,0.008281573498964745
2025-02-04,250000,100713,214450,파마리서치,0.026694045174537884
2025-02-05,253000,80403,214450,파마리서치,0.01200000000000001
2025-02-06,270500,180092,214450,파마리서치,0.06916996047430835
2025-02-07,266000,100403,214450,파마리서치,-0.01663585951940849
2025-02-10,273500,181742,214450,파마리서치,0.02819548872180455
2025-02-11,284500,247170,214450,파마리서치,0.040219378427788
2025-02-12,282500,67299,214450,파마리서치,-0.007029876977152849
2025-02-13,272500,122735,214450,파마리서치,-0.03539823008849563
2025-02-14,286500,114667,214450,파마리서치,0.05137614678899083
2025-02-17,287000,54210,214450,파마리서치,0.0017452006980802626
2025-02-18,294500,80635,214450,파마리서치,0.026132404181184565
2025-02-19,283500,222171,214450,파마리서치,-0.0373514431239389
2025-02-20,276000,105013,214450,파마리서치,-0.02645502645502651
2025-02-21,288000,105756,214450,파마리서치,0.04347826086956519
2025-02-24,283000,76566,214450,파마리서치,-0.01736111111111116
2025-02-25,286500,92425,214450,파마리서치,0.012367491166077826
2025-02-26,294000,93392,214450,파마리서치,0.02617801047120416
2025-02-27,301000,78100,214450,파마리서치,0.023809523809523725
2025-02-28,291000,76486,214450,파마리서치,-0.03322259136212624
2025-03-04,313000,208896,214450,파마리서치,0.07560137457044669
2025-03-05,316500,139702,214450,파마리서치,0.011182108626198062
2025-03-06,325000,81834,214450,파마리서치,0.026856240126382325
2025-03-07,305000,126663,214450,파마리서치,-0.06153846153846154
2025-03-10,316500,96656,214450,파마리서치,0.03770491803278686
2025-03-11,318500,71091,214450,파마리서치,0.006319115323854652
2025-03-12,328000,88296,214450,파마리서치,0.02982731554160134
2025-03-13,324500,112471,214450,파마리서치,-0.010670731707317027
2025-03-14,335500,69054,214450,파마리서치,0.03389830508474567
2025-03-17,326000,95057,214450,파마리서치,-0.028315946348733245
2025-03-18,328500,52504,214450,파마리서치,0.0076687116564417845
2025-03-19,315000,76298,214450,파마리서치,-0.04109589041095896
2025-03-20,319500,75286,214450,파마리서치,0.014285714285714235
2025-03-21,327000,49220,214450,파마리서치,0.023474178403755763
2025-03-24,327000,51249,214450,파마리서치,0.0
2025-03-25,319500,78596,214450,파마리서치,-0.022935779816513735
2025-03-26,337500,79936,214450,파마리서치,0.05633802816901401
2025-03-27,332000,48675,214450,파마리서치,-0.016296296296296253
2025-03-28,337500,43550,214450,파마리서치,0.016566265060240948
2025-03-31,332000,78685,214450,파마리서치,-0.016296296296296253
2025-04-01,350000,162472,214450,파마리서치,0.054216867469879526
2025-04-02,349500,60997,214450,파마리서치,-0.0014285714285714457
2025-04-03,339500,71749,214450,파마리서치,-0.028612303290414864
2025-04-04,335500,82647,214450,파마리서치,-0.01178203240058906
2025-04-07,312000,126780,214450,파마리서치,-0.07004470938897167
2025-04-08,320000,70693,214450,파마리서치,0.02564102564102555
2025-04-09,321000,91826,214450,파마리서치,0.0031250000000000444
2025-04-10,348500,164728,214450,파마리서치,0.08566978193146424
2025-04-11,366000,74403,214450,파마리서치,0.050215208034433356
2025-04-14,366000,48582,214450,파마리서치,0.0
2025-04-15,366500,61350,214450,파마리서치,0.001366120218579292
2025-04-16,359500,63646,214450,파마리서치,-0.019099590723055893
2025-04-17,362500,45526,214450,파마리서치,0.008344923504867818
2025-04-18,367500,37940,214450,파마리서치,0.01379310344827589
2025-04-21,362000,62857,214450,파마리서치,-0.014965986394557818
2025-04-22,358500,96781,214450,파마리서치,-0.00966850828729282
2025-04-23,358000,45347,214450,파마리서치,-0.001394700139469962
2025-04-24,375500,91011,214450,파마리서치,0.0488826815642458
2025-04-25,375500,47395,214450,파마리서치,0.0
2025-04-28,376000,54453,214450,파마리서치,0.0013315579227697327
2025-04-29,390000,48835,214450,파마리서치,0.037234042553191404
2025-04-30,376500,44360,214450,파마리서치,-0.0346153846153846
2025-05-02,389500,58867,214450,파마리서치,0.03452855245683928
2025-05-07,380000,39590,214450,파마리서치,-0.024390243902439046
2025-05-08,393500,93483,214450,파마리서치,0.03552631578947363
2025-05-09,401500,55368,214450,파마리서치,0.020330368487928796
2025-05-12,398000,124343,214450,파마리서치,-0.008717310087173136
2025-05-13,398000,146727,214450,파마리서치,0.0
2025-05-14,423500,85473,214450,파마리서치,0.06407035175879394
2025-05-15,410000,75461,214450,파마리서치,-0.031877213695395534
2025-05-16,416000,74416,214450,파마리서치,0.014634146341463428
2025-05-19,422500,66300,214450,파마리서치,0.015625
2025-05-20,440000,113766,214450,파마리서치,0.041420118343195256
2025-05-21,439500,55044,214450,파마리서치,-0.001136363636363602
2025-05-22,440500,49413,214450,파마리서치,0.0022753128555177415
2025-05-23,450000,52701,214450,파마리서치,0.02156640181611813
2025-05-26,446000,74653,214450,파마리서치,-0.008888888888888835
2025-05-27,449000,56143,214450,파마리서치,0.006726457399103047
2025-05-28,436000,85441,214450,파마리서치,-0.028953229398663738
2025-05-29,443000,53341,214450,파마리서치,0.016055045871559592
2025-05-30,451000,59668,214450,파마리서치,0.018058690744920947
2025-06-02,473500,90541,214450,파마리서치,0.04988913525498884
2025-06-04,480000,93024,214450,파마리서치,0.01372756071805692
2025-06-05,479000,58050,214450,파마리서치,-0.002083333333333326
2025-06-09,501000,77816,214450,파마리서치,0.04592901878914413
2025-06-10,520000,84979,214450,파마리서치,0.03792415169660668
2025-06-11,521000,88444,214450,파마리서치,0.0019230769230769162
2025-06-12,523000,96596,214450,파마리서치,0.0038387715930903177
2025-06-13,433500,897628,214450,파마리서치,-0.17112810707456982
2025-06-16,458000,502787,214450,파마리서치,0.056516724336793445
2025-06-17,420000,308638,214450,파마리서치,-0.08296943231441045
2025-06-18,432000,201504,214450,파마리서치,0.02857142857142847
2025-06-19,452000,192303,214450,파마리서치,0.04629629629629628
2025-06-20,457000,153577,214450,파마리서치,0.01106194690265494
2025-06-23,490000,173610,214450,파마리서치,0.07221006564551424
2025-06-24,475000,159456,214450,파마리서치,-0.030612244897959218
2025-06-25,480500,100104,214450,파마리서치,0.011578947368421133
2025-06-26,499500,133749,214450,파마리서치,0.03954214360041619
2025-06-27,485500,79272,214450,파마리서치,-0.028028028028028062
2025-06-30,493500,91390,214450,파마리서치,0.016477857878475888
2025-07-01,477000,192590,214450,파마리서치,-0.033434650455927084
2025-07-02,470000,109710,214450,파마리서치,-0.014675052410901501
2025-07-03,499500,133484,214450,파마리서치,0.06276595744680846
2025-07-04,492500,110155,214450,파마리서치,-0.014014014014014031
2025-07-07,517000,123205,214450,파마리서치,0.0497461928934011
2025-07-08,588000,529438,214450,파마리서치,0.13733075435203101
2025-07-09,594000,102419,214450,파마리서치,0.010204081632652962
2025-07-10,561000,165748,214450,파마리서치,-0.05555555555555558
2025-07-11,561000,101558,214450,파마리서치,0.0
2025-07-14,566000,51639,214450,파마리서치,0.00891265597147961
2025-07-15,592000,90992,214450,파마리서치,0.04593639575971742
2025-07-16,574000,108624,214450,파마리서치,-0.030405405405405372
2025-07-17,578000,57712,214450,파마리서치,0.006968641114982521
2025-07-18,567000,77154,214450,파마리서치,-0.01903114186851207
2025-07-21,574000,52646,214450,파마리서치,0.012345679012345734
2025-07-22,572000,88270,214450,파마리서치,-0.0034843205574912606
2025-07-23,583000,65370,214450,파마리서치,0.019230769230769162
2025-07-24,579000,69986,214450,파마리서치,-0.006861063464837058
2025-07-25,558000,69035,214450,파마리서치,-0.03626943005181349
2025-07-28,547000,84621,214450,파마리서치,-0.01971326164874554
2025-07-29,567000,70608,214450,파마리서치,0.03656307129798897
2025-07-30,550000,46744,214450,파마리서치,-0.029982363315696703
2025-07-31,557000,66084,214450,파마리서치,0.012727272727272698
2025-08-01,551000,124027,214450,파마리서치,-0.010771992818671472
2025-08-04,555000,49025,214450,파마리서치,0.007259528130671544
2025-08-05,564000,68103,214450,파마리서치,0.016216216216216273
2025-08-06,598000,131949,214450,파마리서치,0.06028368794326244
2025-08-07,608000,75173,214450,파마리서치,0.01672240802675584
2025-08-08,664000,315371,214450,파마리서치,0.09210526315789469
2025-08-11,680000,118688,214450,파마리서치,0.024096385542168752
2025-08-12,669000,79137,214450,파마리서치,-0.016176470588235348
2025-08-13,665000,110349,214450,파마리서치,-0.005979073243647215
2025-08-14,684000,88405,214450,파마리서치,0.02857142857142847
2025-08-18,668000,49284,214450,파마리서치,-0.023391812865497075
2025-08-19,675000,66565,214450,파마리서치,0.010479041916167775
2025-08-20,653000,102424,214450,파마리서치,-0.03259259259259262
2025-08-21,680000,66205,214450,파마리서치,0.04134762633996947
2025-08-22,700000,63748,214450,파마리서치,0.02941176470588225
2025-08-25,694000,52439,214450,파마리서치,-0.008571428571428563
2025-08-26,711000,66012,214450,파마리서치,0.02449567723342949
2025-08-27,704000,56118,214450,파마리서치,-0.009845288326300938
2025-08-28,684000,39430,214450,파마리서치,-0.02840909090909094
2025-08-29,680000,96577,214450,파마리서치,-0.005847953216374324
2025-09-01,659000,73201,214450,파마리서치,-0.030882352941176472
2025-09-02,655000,62985,214450,파마리서치,-0.006069802731411222
2025-09-03,622000,93206,214450,파마리서치,-0.05038167938931293
2025-09-04,622000,69129,214450,파마리서치,0.0
2025-09-05,630000,50281,214450,파마리서치,0.012861736334405238
2025-09-08,675000,78524,214450,파마리서치,0.0714285714285714
2025-09-09,672000,91028,214450,파마리서치,-0.004444444444444473
2025-09-10,641000,247182,214450,파마리서치,-0.04613095238095233
2025-09-11,653000,153215,214450,파마리서치,0.018720748829953227
2025-09-12,644000,87219,214450,파마리서치,-0.013782542113323082
2025-09-15,626000,142521,214450,파마리서치,-0.02795031055900621
2025-09-16,628000,74614,214450,파마리서치,0.0031948881789136685
2025-09-17,619000,83144,214450,파마리서치,-0.014331210191082855
2025-09-18,608000,106741,214450,파마리서치,-0.017770597738287597
2025-09-19,597000,127092,214450,파마리서치,-0.018092105263157854
2025-09-22,609000,134741,214450,파마리서치,0.0201005025125629
2025-09-23,580000,160643,214450,파마리서치,-0.04761904761904767
2025-09-24,570000,123018,214450,파마리서치,-0.017241379310344862
2025-09-25,547000,200378,214450,파마리서치,-0.04035087719298247
2025-09-26,578000,217880,214450,파마리서치,0.05667276051188308
2025-09-29,580000,93476,214450,파마리서치,0.0034602076124568004
2025-09-30,601000,116506,214450,파마리서치,0.036206896551724155
2025-10-01,567000,207851,214450,파마리서치,-0.056572379367720416
2025-10-02,550000,168266,214450,파마리서치,-0.029982363315696703
2025-10-10,542000,126578,214450,파마리서치,-0.014545454545454528
2025-10-13,559000,86113,214450,파마리서치,0.03136531365313644
2025-10-14,534000,84955,214450,파마리서치,-0.04472271914132375
2025-10-15,549000,129051,214450,파마리서치,0.028089887640449396
2025-10-16,563000,105548,214450,파마리서치,0.02550091074681249
2025-10-17,552000,92203,214450,파마리서치,-0.019538188277087087
2025-10-20,602000,163146,214450,파마리서치,0.0905797101449275
2025-10-21,567000,134207,214450,파마리서치,-0.05813953488372092
2025-10-22,563000,82225,214450,파마리서치,-0.007054673721340388
2025-10-23,564000,63402,214450,파마리서치,0.001776198934280604
2025-10-24,548000,104702,214450,파마리서치,-0.028368794326241176
2025-10-27,534000,139064,214450,파마리서치,-0.025547445255474477
2025-10-28,536000,71931,214450,파마리서치,0.0037453183520599342
2025-10-29,516000,182513,214450,파마리서치,-0.03731343283582089
2025-10-30,544000,156391,214450,파마리서치,0.054263565891472965
2025-10-31,541000,79929,214450,파마리서치,-0.005514705882352922
2025-11-03,540000,78913,214450,파마리서치,-0.001848428835489857
2025-11-04,534000,88023,214450,파마리서치,-0.011111111111111072
2025-11-05,508000,101962,214450,파마리서치,-0.048689138576779034
2025-11-06,494000,139487,214450,파마리서치,-0.027559055118110187
2025-11-07,488500,77417,214450,파마리서치,-0.011133603238866363
2025-11-10,495500,149139,214450,파마리서치,0.014329580348004134
2025-11-11,440000,389128,214450,파마리서치,-0.11200807265388502
2025-11-12,434500,404982,214450,파마리서치,-0.012499999999999956
2025-11-13,448000,243303,214450,파마리서치,0.031070195627157737
2025-11-14,452000,168789,214450,파마리서치,0.008928571428571397
2025-11-17,460000,157908,214450,파마리서치,0.017699115044247815
2025-11-18,450500,144278,214450,파마리서치,-0.020652173913043526
2025-11-19,447000,59705,214450,파마리서치,-0.007769145394006638
2025-11-20,477000,186090,214450,파마리서치,0.06711409395973145
2025-11-21,461000,78320,214450,파마리서치,-0.033542976939203384
2025-11-24,418000,198214,214450,파마리서치,-0.09327548806941433
2025-11-25,407500,164743,214450,파마리서치,-0.02511961722488043
2025-11-26,420000,108155,214450,파마리서치,0.030674846625766916
2025-11-27,442500,98607,214450,파마리서치,0.0535714285714286
2025-11-28,470000,222055,214450,파마리서치,0.062146892655367214
2025-12-01,398500,578672,214450,파마리서치,-0.15212765957446805
2025-12-02,421000,209439,214450,파마리서치,0.05646173149309908
2025-12-03,412500,98914,214450,파마리서치,-0.020190023752969077
2025-12-04,411000,186676,214450,파마리서치,-0.0036363636363636598
2025-12-05,401500,104024,214450,파마리서치,-0.02311435523114358
2025-12-08,392500,129223,214450,파마리서치,-0.02241594022415938
2025-12-09,389000,106754,214450,파마리서치,-0.008917197452229297
2025-12-10,386000,104807,214450,파마리서치,-0.007712082262210762
2025-12-11,384500,164106,214450,파마리서치,-0.0038860103626943143
2025-12-12,394000,94621,214450,파마리서치,0.024707412223667014
2025-12-15,380500,90153,214450,파마리서치,-0.03426395939086291
2025-12-16,376500,127555,214450,파마리서치,-0.010512483574244391
2025-12-17,374500,69364,214450,파마리서치,-0.005312084993359889
2025-12-18,373000,57417,214450,파마리서치,-0.004005340453938633
2025-12-19,381500,119361,214450,파마리서치,0.02278820375335111
2025-12-22,395500,123253,214450,파마리서치,0.03669724770642202
2025-12-23,398000,80043,214450,파마리서치,0.006321112515802696
2025-12-24,396000,76348,214450,파마리서치,-0.005025125628140725
2025-12-26,378500,109420,214450,파마리서치,-0.04419191919191923
2025-12-29,400500,117302,214450,파마리서치,0.05812417437252315
2025-12-30,403000,73118,214450,파마리서치,0.006242197253433224
2026-01-02,434000,268671,214450,파마리서치,0.07692307692307687
2026-01-05,419500,147363,214450,파마리서치,-0.033410138248847976
2026-01-06,433000,187988,214450,파마리서치,0.03218116805721105
2026-01-07,432500,139141,214450,파마리서치,-0.0011547344110854896
2026-01-08,462500,298665,214450,파마리서치,0.06936416184971095
2026-01-09,486500,258235,214450,파마리서치,0.051891891891891806
2026-01-12,451500,249287,214450,파마리서치,-0.07194244604316546
2026-01-13,430000,194532,214450,파마리서치,-0.04761904761904767
2026-01-14,441000,111807,214450,파마리서치,0.0255813953488373
2026-01-15,425500,143393,214450,파마리서치,-0.035147392290249435
2026-01-16,420500,125887,214450,파마리서치,-0.011750881316098694
2026-01-19,419000,78687,214450,파마리서치,-0.003567181926278251
2026-01-20,424500,143527,214450,파마리서치,0.013126491646778149
2026-01-21,428000,224015,214450,파마리서치,0.008244994110718551
2026-01-22,456000,362900,214450,파마리서치,0.06542056074766345
2026-01-23,473500,203176,214450,파마리서치,0.03837719298245612
2026-01-26,501000,372037,214450,파마리서치,0.05807814149947199
2026-01-27,491000,246370,214450,파마리서치,-0.019960079840319334
2026-01-28,515000,240928,214450,파마리서치,0.048879837067209886
2026-01-29,534000,327298,214450,파마리서치,0.03689320388349504
2026-01-30,473500,489054,214450,파마리서치,-0.11329588014981273
2026-02-02,422500,350457,214450,파마리서치,-0.10770855332629359
2026-02-03,450000,219474,214450,파마리서치,0.06508875739644981
2026-02-04,439500,146710,214450,파마리서치,-0.023333333333333317
2026-02-05,336500,1126731,214450,파마리서치,-0.23435722411831628
2026-02-06,340000,382187,214450,파마리서치,0.010401188707280795
2026-02-09,337000,257324,214450,파마리서치,-0.008823529411764675
2026-02-10,336500,189924,214450,파마리서치,-0.0014836795252225476
2026-02-11,343500,128643,214450,파마리서치,0.02080237741456159
2026-02-12,348500,135670,214450,파마리서치,0.01455604075691408
2026-02-13,345000,89388,214450,파마리서치,-0.010043041606886627
2026-02-19,353000,152083,214450,파마리서치,0.023188405797101463
2026-02-20,349000,93728,214450,파마리서치,-0.011331444759206777
2026-02-23,355500,128646,214450,파마리서치,0.018624641833810962
2026-02-24,356500,89750,214450,파마리서치,0.002812939521800173
2026-02-25,347500,142357,214450,파마리서치,-0.02524544179523147
2026-02-26,349500,80313,214450,파마리서치,0.0057553956834532904
2026-02-27,349500,94428,214450,파마리서치,0.0
2026-03-03,328500,137061,214450,파마리서치,-0.06008583690987124
2026-03-04,288000,180874,214450,파마리서치,-0.12328767123287676
2026-03-05,317000,149265,214450,파마리서치,0.10069444444444442
2026-03-06,333000,108841,214450,파마리서치,0.050473186119873725
2026-03-09,315500,74929,214450,파마리서치,-0.052552552552552534
2026-03-10,320500,79870,214450,파마리서치,0.015847860538827252
2026-03-11,317500,69188,214450,파마리서치,-0.009360374414976613
2026-03-12,313500,103521,214450,파마리서치,-0.012598425196850394
2026-03-13,318000,50229,214450,파마리서치,0.014354066985645897
2026-03-16,308000,61059,214450,파마리서치,-0.03144654088050314
2026-03-17,320000,66718,214450,파마리서치,0.03896103896103886
2026-03-18,321000,55303,214450,파마리서치,0.0031250000000000444
2026-03-19,320500,48831,214450,파마리서치,-0.0015576323987538387
2026-03-20,325000,88917,214450,파마리서치,0.014040561622464809
2026-03-23,307500,46311,214450,파마리서치,-0.05384615384615388
2026-03-24,312500,61682,214450,파마리서치,0.016260162601626105
2026-03-25,322500,53515,214450,파마리서치,0.03200000000000003
2026-03-26,309500,77788,214450,파마리서치,-0.04031007751937987
2026-03-27,313500,52822,214450,파마리서치,0.01292407108239102
2026-03-30,303500,44482,214450,파마리서치,-0.03189792663476876
2026-03-31,299000,76905,214450,파마리서치,-0.014827018121911006
2026-04-01,313000,66722,214450,파마리서치,0.04682274247491636
2026-04-02,292500,88274,214450,파마리서치,-0.06549520766773165
2026-04-03,290500,63164,214450,파마리서치,-0.006837606837606813
2026-04-06,285500,47415,214450,파마리서치,-0.01721170395869187
2026-04-07,282500,59135,214450,파마리서치,-0.010507880910682998
2026-04-08,294500,61685,214450,파마리서치,0.0424778761061948
2026-04-09,297000,97678,214450,파마리서치,0.008488964346349714
2026-04-10,302000,42372,214450,파마리서치,0.01683501683501687
2026-04-13,296000,44445,214450,파마리서치,-0.019867549668874163
2026-04-14,298500,39495,214450,파마리서치,0.008445945945946054
2026-04-15,298500,52147,214450,파마리서치,0.0
2026-04-16,310000,73654,214450,파마리서치,0.038525963149078635
2026-04-17,312500,75050,214450,파마리서치,0.008064516129032251
2026-04-20,306000,42138,214450,파마리서치,-0.02080000000000004
2026-04-21,302500,54709,214450,파마리서치,-0.011437908496731986
2026-04-22,303500,56867,214450,파마리서치,0.0033057851239668423
2026-04-23,310000,73475,214450,파마리서치,0.021416803953871577
2026-04-24,323000,146721,214450,파마리서치,0.041935483870967794
2026-04-27,332000,99965,214450,파마리서치,0.02786377708978338
2026-04-28,325000,86131,214450,파마리서치,-0.02108433734939763
2026-04-29,322000,64458,214450,파마리서치,-0.009230769230769265
2026-04-30,313500,86878,214450,파마리서치,-0.026397515527950333
2026-05-04,339000,254668,214450,파마리서치,0.08133971291866038
2026-05-06,336000,109671,214450,파마리서치,-0.008849557522123908
2026-05-07,332500,110761,214450,파마리서치,-0.01041666666666663
2026-05-08,341000,358837,214450,파마리서치,0.02556390977443601
2026-05-11,328000,143881,214450,파마리서치,-0.038123167155425186
2026-05-12,309500,164295,214450,파마리서치,-0.05640243902439024
2026-05-13,314000,132645,214450,파마리서치,0.01453957996768973
2026-05-14,351000,218429,214450,파마리서치,0.11783439490445868
2026-05-15,328000,140167,214450,파마리서치,-0.06552706552706555
2026-05-18,311500,102864,214450,파마리서치,-0.05030487804878048
2026-05-19,305000,75945,214450,파마리서치,-0.020866773675762396
2026-05-20,295000,103378,214450,파마리서치,-0.032786885245901676
2026-05-21,293500,91312,214450,파마리서치,-0.005084745762711895
2026-05-22,305000,78885,214450,파마리서치,0.03918228279386704
2026-05-26,312000,78534,214450,파마리서치,0.022950819672131084
2026-05-27,299000,107968,214450,파마리서치,-0.04166666666666663
2026-05-28,297000,80157,214450,파마리서치,-0.006688963210702337
2026-05-29,295000,60262,214450,파마리서치,-0.006734006734006703
2026-06-01,298000,84943,214450,파마리서치,0.01016949152542379
2026-06-02,290500,86690,214450,파마리서치,-0.025167785234899376
2026-06-04,296500,69859,214450,파마리서치,0.0206540447504302
2026-06-05,286500,57099,214450,파마리서치,-0.033726812816188834
2026-06-08,259000,114539,214450,파마리서치,-0.09598603839441533
2026-06-09,276000,94460,214450,파마리서치,0.06563706563706573
2026-06-10,281500,67064,214450,파마리서치,0.019927536231884035
2026-06-11,288500,162212,214450,파마리서치,0.0248667850799289
2026-06-12,289000,71785,214450,파마리서치,0.0017331022530329143
2026-06-15,303500,67672,214450,파마리서치,0.05017301038062283
2026-06-16,295000,53958,214450,파마리서치,-0.028006589785831926
2026-06-17,302000,44176,214450,파마리서치,0.023728813559322104
2026-06-18,298000,34276,214450,파마리서치,-0.013245033112582738
2026-06-19,294000,79980,214450,파마리서치,-0.01342281879194629
2026-06-22,293500,48786,214450,파마리서치,-0.00170068027210879
2026-06-23,280000,59022,214450,파마리서치,-0.04599659284497448
2026-06-24,304500,139561,214450,파마리서치,0.08749999999999991
2026-06-25,322500,198880,214450,파마리서치,0.059113300492610765
2026-06-26,324000,333487,214450,파마리서치,0.0046511627906977715
2026-06-29,349000,424006,214450,파마리서치,0.07716049382716039
2026-06-30,363000,309350,214450,파마리서치,0.04011461318051568
2026-07-01,366500,288120,214450,파마리서치,0.009641873278236845
2026-07-02,360500,235734,214450,파마리서치,-0.016371077762619368
2026-07-03,341000,218049,214450,파마리서치,-0.05409153952843271
2026-07-06,314000,179875,214450,파마리서치,-0.07917888563049857
2026-07-07,340500,298787,214450,파마리서치,0.08439490445859876
2026-07-08,327000,159155,214450,파마리서치,-0.03964757709251099
2026-07-09,309000,140461,214450,파마리서치,-0.05504587155963303
2026-07-10,319500,101159,214450,파마리서치,0.03398058252427183
2026-07-13,330500,145435,214450,파마리서치,0.03442879499217533
2026-07-14,318500,152546,214450,파마리서치,-0.036308623298033305
2026-07-15,327500,172958,214450,파마리서치,0.028257456828885363
2026-07-16,336500,208403,214450,파마리서치,0.027480916030534264
2026-07-20,327000,98348,214450,파마리서치,-0.02823179791976227
2026-07-21,341500,148062,214450,파마리서치,0.04434250764525993
2026-07-22,322500,108367,214450,파마리서치,-0.05563689604685207
2026-07-23,360000,182266,214450,파마리서치,0.11627906976744184
2026-07-24,357000,142760,214450,파마리서치,-0.008333333333333304
2026-07-27,370000,172776,214450,파마리서치,0.036414565826330625
2026-07-28,375500,369146,214450,파마리서치,0.014864864864864824
2026-07-29,391000,452461,214450,파마리서치,0.04127829560585883
2026-07-30,348000,353707,214450,파마리서치,-0.10997442455242967
2026-07-31,338500,257179,214450,파마리서치,-0.027298850574712596
2026-08-03,372000,238665,214450,파마리서치,0.09896602658788778
2026-08-04,384500,172659,214450,파마리서치,0.03360215053763449
2026-08-05,378000,200641,214450,파마리서치,-0.016905071521456483
2026-08-06,394500,221014,214450,파마리서치,0.04365079365079372
2026-08-07,378500,644780,214450,파마리서치,-0.040557667934093766
2026-08-10,410000,243489,214450,파마리서치,0.08322324966974892
2026-08-11,417000,226741,214450,파마리서치,0.017073170731707332
2026-08-12,408000,191600,214450,파마리서치,-0.021582733812949617
2026-08-13,425500,257095,214450,파마리서치,0.04289215686274517
2026-08-14,398000,197721,214450,파마리서치,-0.06462984723854293
2026-08-18,393000,156451,214450,파마리서치,-0.012562814070351758
2026-08-19,391000,94435,214450,파마리서치,-0.0050890585241730735
2026-08-20,413500,156013,214450,파마리서치,0.05754475703324813
2026-08-21,399000,50957,214450,파마리서치,-0.035066505441354257
